accident_id,city,state,latitude,longitude,date,time,hour,day_of_week,is_weekend,road_type,lanes,traffic_signal,weather,visibility,temperature,traffic_density,cause,accident_severity,vehicles_involved,casualties,is_peak_hour,festival,risk_score
6,Bangalore,Karnataka,13.064327,77.530941,2025-03-24,6:00,6,Monday,0,highway,3,0,clear,high,33,high,drunk driving,minor,4,4,0,None,0.3
9,Bangalore,Karnataka,12.939033,77.498966,2024-03-31,4:00,4,Sunday,1,rural,3,1,clear,high,23,low,weather,minor,1,0,0,None,0.1
11,Bangalore,Karnataka,12.936802,77.469957,2022-01-27,2:00,2,Thursday,0,urban,5,1,rain,medium,33,low,drunk driving,minor,2,0,0,None,0.25
22,Bangalore,Karnataka,12.911401,77.624696,2024-08-06,3:00,3,Tuesday,0,urban,1,0,rain,low,26,medium,distraction,major,3,1,0,None,0.45
30,Bangalore,Karnataka,13.181455,77.704682,2023-05-21,17:00,17,Sunday,1,rural,3,1,clear,high,36,high,distraction,minor,1,1,1,None,0.45
33,Bangalore,Karnataka,13.007483,77.745779,2023-10-09,3:00,3,Monday,0,highway,1,0,rain,medium,23,medium,drunk driving,minor,4,4,0,None,0.25
45,Bangalore,Karnataka,13.032625,77.614829,2024-06-21,9:00,9,Friday,0,urban,2,1,rain,medium,21,high,distraction,minor,1,1,1,None,0.6
52,Bangalore,Karnataka,12.863932,77.797043,2024-07-21,2:00,2,Sunday,1,urban,4,0,fog,low,15,low,drunk driving,major,1,0,0,None,0.45
73,Bangalore,Karnataka,12.984625,77.767823,2022-09-21,6:00,6,Wednesday,0,rural,1,1,rain,low,19,low,distraction,fatal,1,1,0,None,0.65
74,Bangalore,Karnataka,12.954595,77.488507,2024-02-25,13:00,13,Sunday,1,highway,1,1,fog,low,29,medium,overspeeding,major,2,0,0,None,0.45
92,Bangalore,Karnataka,12.941515,77.674347,2024-11-14,5:00,5,Thursday,0,rural,6,0,fog,low,35,high,overspeeding,minor,3,1,0,None,0.65
102,Bangalore,Karnataka,13.045999,77.520041,2023-04-24,12:00,12,Monday,0,urban,4,1,rain,medium,26,low,distraction,fatal,1,1,0,None,0.45
103,Bangalore,Karnataka,12.848361,77.433807,2022-10-26,7:00,7,Wednesday,0,rural,2,0,clear,high,25,medium,drunk driving,major,1,0,0,None,0.1
104,Bangalore,Karnataka,13.057964,77.590444,2023-12-10,20:00,20,Sunday,1,highway,2,0,clear,high,40,medium,drunk driving,minor,4,0,0,None,0.1
110,Bangalore,Karnataka,12.94701,77.785423,2024-11-19,16:00,16,Tuesday,0,rural,1,0,clear,high,34,low,distraction,minor,5,5,0,None,0.1
120,Bangalore,Karnataka,12.863873,77.573049,2023-06-23,14:00,14,Friday,0,rural,3,0,clear,high,20,high,drunk driving,major,4,0,0,None,0.3
129,Bangalore,Karnataka,12.810804,77.644324,2023-04-12,15:00,15,Wednesday,0,highway,3,0,fog,low,31,low,weather,minor,1,1,0,None,0.45
134,Bangalore,Karnataka,12.913562,77.619006,2023-10-30,19:00,19,Monday,0,highway,3,0,rain,medium,34,medium,poor road,major,4,3,1,None,0.4
142,Bangalore,Karnataka,12.851488,77.589232,2024-10-22,21:00,21,Tuesday,0,urban,2,1,fog,low,36,high,drunk driving,minor,1,0,0,None,0.65
148,Bangalore,Karnataka,13.055067,77.418018,2023-10-19,11:00,11,Thursday,0,rural,4,1,rain,low,30,low,distraction,minor,3,2,0,None,0.45
150,Bangalore,Karnataka,13.174917,77.602348,2023-11-04,21:00,21,Saturday,1,rural,4,1,rain,low,29,medium,drunk driving,major,4,4,0,None,0.45
153,Bangalore,Karnataka,13.052805,77.617588,2024-07-23,14:00,14,Tuesday,0,urban,3,1,rain,medium,26,medium,weather,minor,5,0,0,None,0.25
161,Bangalore,Karnataka,12.828296,77.719866,2025-01-31,1:00,1,Friday,0,rural,3,1,fog,low,35,low,overspeeding,major,2,0,0,None,0.45
167,Bangalore,Karnataka,13.068595,77.762442,2022-12-22,17:00,17,Thursday,0,urban,1,1,clear,high,33,medium,poor road,fatal,5,5,1,None,0.45
172,Bangalore,Karnataka,12.94144,77.549761,2023-12-08,10:00,10,Friday,0,rural,3,0,rain,low,19,high,distraction,minor,2,1,1,None,0.8
173,Bangalore,Karnataka,12.90836,77.563109,2023-08-24,21:00,21,Thursday,0,highway,1,1,rain,low,27,high,weather,minor,5,1,0,None,0.65
174,Bangalore,Karnataka,13.008178,77.683777,2023-05-09,4:00,4,Tuesday,0,highway,5,0,rain,low,27,low,overspeeding,major,4,0,0,None,0.45
178,Bangalore,Karnataka,13.094302,77.576124,2023-04-30,1:00,1,Sunday,1,rural,1,1,clear,high,32,low,weather,minor,1,0,0,None,0.1
183,Bangalore,Karnataka,12.971567,77.689448,2022-07-11,20:00,20,Monday,0,urban,1,1,fog,low,21,medium,drunk driving,minor,1,0,0,None,0.45
195,Bangalore,Karnataka,13.180613,77.573218,2024-01-30,2:00,2,Tuesday,0,urban,4,0,fog,low,17,low,overspeeding,major,2,1,0,None,0.45
205,Bangalore,Karnataka,12.884671,77.570809,2024-04-07,10:00,10,Sunday,1,urban,1,1,rain,medium,37,low,weather,minor,3,3,1,None,0.4
210,Bangalore,Karnataka,12.898651,77.518953,2024-07-11,18:00,18,Thursday,0,urban,2,0,clear,high,22,high,distraction,minor,3,0,1,None,0.45
216,Bangalore,Karnataka,13.09534,77.402311,2024-11-27,2:00,2,Wednesday,0,rural,5,0,clear,high,34,low,weather,major,5,5,0,None,0.1
219,Bangalore,Karnataka,12.888723,77.598691,2023-08-05,23:00,23,Saturday,1,highway,5,0,rain,medium,25,high,weather,fatal,1,1,0,None,0.65
221,Bangalore,Karnataka,12.966,77.42648,2023-10-28,18:00,18,Saturday,1,highway,4,0,fog,low,17,medium,weather,minor,1,1,1,None,0.6
231,Bangalore,Karnataka,13.166458,77.645976,2022-11-08,0:00,0,Tuesday,0,rural,5,0,fog,low,39,low,weather,major,4,0,0,None,0.45
236,Bangalore,Karnataka,13.160679,77.450578,2022-08-14,17:00,17,Sunday,1,urban,2,0,clear,high,30,medium,overspeeding,major,5,4,1,None,0.25
249,Bangalore,Karnataka,12.87812,77.75548,2022-11-22,11:00,11,Tuesday,0,highway,2,0,rain,medium,15,high,poor road,minor,1,1,0,None,0.45
269,Bangalore,Karnataka,12.933538,77.737824,2025-01-04,18:00,18,Saturday,1,rural,5,0,clear,high,16,medium,overspeeding,minor,3,3,1,None,0.25
270,Bangalore,Karnataka,12.934971,77.501295,2024-07-23,3:00,3,Tuesday,0,urban,6,0,rain,low,35,low,overspeeding,fatal,3,3,0,None,0.65
271,Bangalore,Karnataka,13.088481,77.401871,2023-03-17,22:00,22,Friday,0,highway,4,0,rain,low,32,medium,overspeeding,fatal,4,4,0,None,0.65
279,Bangalore,Karnataka,12.906665,77.751883,2024-07-10,5:00,5,Wednesday,0,highway,6,1,fog,low,36,low,overspeeding,minor,2,2,0,None,0.45
280,Bangalore,Karnataka,12.854596,77.734873,2023-04-08,9:00,9,Saturday,1,highway,4,1,fog,low,30,medium,poor road,minor,4,2,1,None,0.6
307,Bangalore,Karnataka,13.070817,77.754253,2024-10-09,2:00,2,Wednesday,0,highway,6,0,fog,low,17,high,overspeeding,major,4,3,0,None,0.65
321,Bangalore,Karnataka,12.852964,77.561684,2022-08-15,18:00,18,Monday,0,rural,5,1,fog,low,27,high,poor road,major,2,2,1,None,0.8
338,Bangalore,Karnataka,13.130325,77.446646,2023-02-06,9:00,9,Monday,0,urban,5,1,fog,low,21,medium,poor road,minor,2,1,1,None,0.6
352,Bangalore,Karnataka,13.071506,77.582699,2023-10-09,19:00,19,Monday,0,rural,3,0,clear,high,30,medium,poor road,fatal,4,4,1,None,0.45
367,Bangalore,Karnataka,13.028376,77.625565,2023-06-19,18:00,18,Monday,0,highway,1,0,fog,low,39,high,drunk driving,major,4,0,1,None,0.8
375,Bangalore,Karnataka,12.947882,77.70417,2023-05-28,20:00,20,Sunday,1,rural,2,0,clear,high,27,high,poor road,minor,5,5,0,None,0.3
388,Bangalore,Karnataka,13.085418,77.731694,2023-03-24,8:00,8,Friday,0,urban,6,0,clear,high,27,high,drunk driving,major,5,5,1,None,0.45
391,Bangalore,Karnataka,13.018995,77.767071,2024-10-30,1:00,1,Wednesday,0,urban,6,0,fog,low,27,low,poor road,minor,5,0,0,None,0.45
395,Bangalore,Karnataka,13.155137,77.476742,2025-03-12,5:00,5,Wednesday,0,highway,6,1,fog,low,37,medium,weather,minor,3,0,0,None,0.45
407,Bangalore,Karnataka,13.168031,77.626681,2022-07-09,19:00,19,Saturday,1,highway,5,0,fog,low,15,low,weather,major,2,1,1,None,0.6
419,Bangalore,Karnataka,12.917963,77.412591,2022-05-30,5:00,5,Monday,0,rural,5,0,fog,low,21,high,distraction,major,5,0,0,None,0.65
435,Bangalore,Karnataka,12.918688,77.421483,2023-11-29,14:00,14,Wednesday,0,highway,3,0,clear,high,22,high,drunk driving,minor,1,1,0,None,0.3
450,Bangalore,Karnataka,13.001226,77.503201,2024-10-26,13:00,13,Saturday,1,rural,1,0,fog,low,32,medium,weather,minor,2,0,0,None,0.45
457,Bangalore,Karnataka,12.893807,77.446713,2024-12-20,0:00,0,Friday,0,rural,6,1,fog,low,38,low,weather,minor,1,1,0,None,0.45
459,Bangalore,Karnataka,13.010762,77.565505,2024-01-24,11:00,11,Wednesday,0,highway,1,0,rain,low,38,medium,distraction,minor,1,0,0,None,0.45
472,Bangalore,Karnataka,12.874319,77.560204,2024-08-22,21:00,21,Thursday,0,highway,5,1,clear,high,18,high,drunk driving,major,5,3,0,None,0.3
487,Bangalore,Karnataka,13.060177,77.527135,2024-03-09,21:00,21,Saturday,1,rural,5,1,fog,low,16,high,overspeeding,minor,4,2,0,None,0.65
494,Bangalore,Karnataka,13.03119,77.439954,2024-08-09,17:00,17,Friday,0,rural,1,1,rain,medium,28,high,drunk driving,major,1,1,1,None,0.6
498,Bangalore,Karnataka,12.940417,77.683922,2022-04-16,17:00,17,Saturday,1,highway,6,0,rain,low,30,high,overspeeding,minor,4,0,1,None,0.8
501,Bangalore,Karnataka,13.038925,77.471671,2024-11-27,17:00,17,Wednesday,0,highway,1,1,fog,low,21,high,weather,minor,3,1,1,None,0.8
504,Bangalore,Karnataka,12.935809,77.79042,2024-07-18,10:00,10,Thursday,0,rural,2,0,fog,low,34,high,distraction,fatal,2,2,1,None,1.0
512,Bangalore,Karnataka,12.938471,77.569677,2024-09-06,23:00,23,Friday,0,urban,3,1,clear,high,16,low,weather,major,2,1,0,None,0.1
526,Bangalore,Karnataka,12.965455,77.503129,2024-04-28,17:00,17,Sunday,1,highway,3,0,fog,low,32,high,poor road,major,3,3,1,None,0.8
536,Bangalore,Karnataka,12.92414,77.756905,2025-04-11,22:00,22,Friday,0,highway,3,1,fog,low,31,low,drunk driving,fatal,2,2,0,None,0.65
541,Bangalore,Karnataka,13.13621,77.482313,2022-09-25,11:00,11,Sunday,1,highway,3,1,clear,high,28,low,weather,minor,1,1,0,None,0.1
542,Bangalore,Karnataka,12.810978,77.534254,2023-06-04,4:00,4,Sunday,1,highway,3,1,rain,medium,15,low,poor road,minor,5,0,0,None,0.25
549,Bangalore,Karnataka,12.819454,77.621806,2025-02-02,11:00,11,Sunday,1,rural,1,0,rain,medium,21,low,distraction,major,3,1,0,None,0.25
618,Bangalore,Karnataka,12.947446,77.639582,2024-12-20,21:00,21,Friday,0,highway,2,1,fog,low,40,low,overspeeding,minor,1,1,0,None,0.45
622,Bangalore,Karnataka,12.827299,77.565062,2024-04-01,2:00,2,Monday,0,rural,6,1,fog,low,21,medium,weather,major,3,1,0,None,0.45
631,Bangalore,Karnataka,13.134811,77.461501,2023-06-06,11:00,11,Tuesday,0,highway,6,0,fog,low,26,low,overspeeding,major,3,3,0,None,0.45
633,Bangalore,Karnataka,12.917923,77.633189,2022-07-08,3:00,3,Friday,0,highway,2,0,fog,low,40,low,distraction,major,1,1,0,None,0.45
641,Bangalore,Karnataka,12.891307,77.647669,2022-02-22,23:00,23,Tuesday,0,highway,4,0,rain,medium,16,low,drunk driving,minor,3,3,0,None,0.25
643,Bangalore,Karnataka,12.90506,77.758076,2022-08-13,11:00,11,Saturday,1,highway,3,0,clear,high,22,low,drunk driving,major,1,0,0,None,0.1
675,Bangalore,Karnataka,12.816265,77.607839,2024-03-17,11:00,11,Sunday,1,urban,4,0,clear,high,16,low,weather,minor,5,2,0,None,0.1
688,Bangalore,Karnataka,13.165875,77.461909,2024-12-05,14:00,14,Thursday,0,rural,1,1,clear,high,31,medium,overspeeding,minor,4,1,0,None,0.1
689,Bangalore,Karnataka,13.190996,77.598571,2023-02-15,4:00,4,Wednesday,0,rural,2,1,rain,low,25,low,weather,minor,2,2,0,None,0.45
694,Bangalore,Karnataka,12.968574,77.645802,2023-01-16,18:00,18,Monday,0,urban,3,0,rain,medium,38,low,overspeeding,major,5,4,1,None,0.4
700,Bangalore,Karnataka,13.069173,77.427836,2022-04-15,20:00,20,Friday,0,rural,4,0,clear,high,19,medium,poor road,fatal,1,1,0,None,0.3
708,Bangalore,Karnataka,13.085083,77.477491,2023-12-28,7:00,7,Thursday,0,highway,6,0,fog,low,34,high,drunk driving,minor,4,0,0,None,0.65
710,Bangalore,Karnataka,12.960497,77.428281,2024-10-10,4:00,4,Thursday,0,urban,3,0,clear,high,22,low,overspeeding,major,4,3,0,None,0.1
711,Bangalore,Karnataka,13.092876,77.438094,2023-07-31,13:00,13,Monday,0,rural,5,1,clear,high,32,low,drunk driving,fatal,4,4,0,None,0.3
715,Bangalore,Karnataka,12.856506,77.413713,2023-05-24,3:00,3,Wednesday,0,rural,5,1,rain,low,21,low,poor road,minor,4,2,0,None,0.45
721,Bangalore,Karnataka,12.845138,77.48325,2023-05-03,11:00,11,Wednesday,0,highway,3,1,rain,low,36,high,weather,minor,1,1,0,None,0.65
726,Bangalore,Karnataka,13.167738,77.78453,2023-05-07,6:00,6,Sunday,1,highway,4,0,clear,high,19,medium,distraction,minor,5,3,0,None,0.1
736,Bangalore,Karnataka,13.069343,77.79128,2023-12-11,12:00,12,Monday,0,rural,3,0,rain,low,32,low,overspeeding,major,2,2,0,None,0.45
737,Bangalore,Karnataka,12.917587,77.670324,2024-02-20,17:00,17,Tuesday,0,urban,5,0,rain,low,28,high,overspeeding,fatal,2,2,1,None,1.0
739,Bangalore,Karnataka,13.179598,77.772582,2023-09-22,21:00,21,Friday,0,highway,6,1,rain,low,35,low,weather,minor,3,2,0,None,0.45
748,Bangalore,Karnataka,12.835792,77.752357,2023-12-28,0:00,0,Thursday,0,highway,1,1,fog,low,39,low,poor road,fatal,4,4,0,None,0.65
760,Bangalore,Karnataka,12.8694,77.65814,2022-01-11,21:00,21,Tuesday,0,highway,5,0,rain,medium,16,low,overspeeding,major,1,0,0,None,0.25
764,Bangalore,Karnataka,12.802377,77.531486,2025-03-28,19:00,19,Friday,0,highway,3,0,fog,low,16,high,poor road,minor,5,1,1,None,0.8
767,Bangalore,Karnataka,13.008603,77.560537,2022-01-18,5:00,5,Tuesday,0,urban,1,1,fog,low,16,high,poor road,minor,4,1,0,None,0.65
768,Bangalore,Karnataka,13.185794,77.530987,2024-03-09,5:00,5,Saturday,1,urban,2,1,clear,high,32,low,weather,major,1,1,0,None,0.1
770,Bangalore,Karnataka,13.0412,77.550866,2023-01-25,2:00,2,Wednesday,0,rural,4,0,rain,medium,37,high,distraction,major,1,0,0,None,0.45
772,Bangalore,Karnataka,13.113624,77.78357,2024-06-12,12:00,12,Wednesday,0,highway,4,0,clear,high,36,low,weather,fatal,2,2,0,None,0.3
773,Bangalore,Karnataka,13.019215,77.504047,2023-10-11,11:00,11,Wednesday,0,highway,4,0,rain,medium,36,high,poor road,major,4,4,0,None,0.45
783,Bangalore,Karnataka,12.817848,77.743694,2023-05-12,2:00,2,Friday,0,rural,1,1,rain,medium,40,low,drunk driving,major,3,3,0,None,0.25
794,Bangalore,Karnataka,12.814243,77.733412,2024-01-05,13:00,13,Friday,0,urban,4,1,rain,low,22,medium,drunk driving,minor,3,3,0,None,0.45
801,Bangalore,Karnataka,12.947573,77.762715,2023-08-23,4:00,4,Wednesday,0,urban,1,1,rain,low,36,low,drunk driving,fatal,5,5,0,None,0.65
805,Bangalore,Karnataka,13.072616,77.571209,2024-02-06,16:00,16,Tuesday,0,urban,2,1,rain,medium,26,high,weather,minor,5,3,0,None,0.45
814,Bangalore,Karnataka,12.967443,77.679003,2022-01-31,19:00,19,Monday,0,highway,2,1,fog,low,34,high,distraction,fatal,4,4,1,None,1.0
822,Bangalore,Karnataka,13.121989,77.500142,2023-05-14,4:00,4,Sunday,1,urban,3,1,clear,high,32,low,poor road,fatal,5,5,0,None,0.3
829,Bangalore,Karnataka,12.952218,77.518738,2023-08-01,18:00,18,Tuesday,0,rural,4,0,clear,high,29,medium,drunk driving,fatal,4,4,1,None,0.45
833,Bangalore,Karnataka,12.82512,77.61553,2023-10-17,21:00,21,Tuesday,0,urban,6,0,clear,high,17,high,drunk driving,major,5,4,0,None,0.3
835,Bangalore,Karnataka,13.018816,77.765548,2022-11-27,14:00,14,Sunday,1,urban,1,0,fog,low,20,medium,distraction,minor,5,3,0,None,0.45
844,Bangalore,Karnataka,12.999744,77.711826,2022-12-18,21:00,21,Sunday,1,rural,1,1,fog,low,18,medium,poor road,minor,1,1,0,None,0.45
888,Bangalore,Karnataka,12.852151,77.42633,2023-07-04,19:00,19,Tuesday,0,rural,4,1,fog,low,19,low,poor road,minor,3,1,1,None,0.6
889,Bangalore,Karnataka,13.040029,77.75551,2022-12-31,14:00,14,Saturday,1,urban,3,1,fog,low,33,medium,poor road,fatal,1,1,0,None,0.65
892,Bangalore,Karnataka,13.081384,77.429306,2025-01-22,12:00,12,Wednesday,0,highway,5,1,clear,high,23,low,overspeeding,major,2,2,0,None,0.1
907,Bangalore,Karnataka,12.912763,77.452611,2023-01-20,0:00,0,Friday,0,highway,2,0,clear,high,19,low,distraction,minor,2,0,0,None,0.1
910,Bangalore,Karnataka,13.053573,77.529796,2023-01-20,11:00,11,Friday,0,highway,1,0,rain,medium,39,high,overspeeding,major,2,1,0,None,0.45
918,Bangalore,Karnataka,13.003003,77.645274,2022-06-20,17:00,17,Monday,0,rural,4,1,clear,high,38,medium,poor road,fatal,5,5,1,None,0.45
937,Bangalore,Karnataka,12.906675,77.640875,2025-01-16,1:00,1,Thursday,0,rural,4,1,clear,high,19,low,poor road,minor,5,5,0,None,0.1
938,Bangalore,Karnataka,13.177183,77.643861,2022-08-05,20:00,20,Friday,0,urban,4,0,clear,high,33,medium,poor road,minor,5,1,0,None,0.1
944,Bangalore,Karnataka,13.083511,77.433007,2024-09-06,21:00,21,Friday,0,highway,2,0,clear,high,21,low,poor road,minor,1,0,0,None,0.1
947,Bangalore,Karnataka,13.001736,77.575432,2023-05-25,9:00,9,Thursday,0,highway,2,0,rain,medium,18,high,distraction,minor,5,0,1,None,0.6
956,Bangalore,Karnataka,13.049316,77.488686,2024-01-21,18:00,18,Sunday,1,rural,5,1,fog,low,26,high,drunk driving,minor,5,5,1,None,0.8
970,Bangalore,Karnataka,13.053242,77.726658,2022-11-07,13:00,13,Monday,0,urban,2,1,clear,high,31,low,drunk driving,fatal,1,1,0,None,0.3
974,Bangalore,Karnataka,12.887308,77.672836,2025-02-04,14:00,14,Tuesday,0,rural,2,1,rain,low,28,high,overspeeding,minor,3,0,0,None,0.65
978,Bangalore,Karnataka,13.005031,77.565602,2023-03-30,18:00,18,Thursday,0,urban,2,1,fog,low,18,medium,distraction,fatal,2,2,1,None,0.8
1017,Bangalore,Karnataka,13.126207,77.791758,2024-01-22,19:00,19,Monday,0,highway,2,0,fog,low,35,high,distraction,major,5,5,1,None,0.8
1030,Bangalore,Karnataka,12.842634,77.513429,2023-09-11,19:00,19,Monday,0,highway,6,0,clear,high,37,medium,distraction,fatal,3,3,1,None,0.45
1031,Bangalore,Karnataka,13.066481,77.566033,2023-12-25,16:00,16,Monday,0,urban,5,0,rain,medium,16,low,drunk driving,minor,3,3,0,None,0.25
1062,Bangalore,Karnataka,12.973634,77.681859,2022-09-30,5:00,5,Friday,0,highway,4,1,fog,low,39,low,drunk driving,fatal,2,2,0,None,0.65
1088,Bangalore,Karnataka,12.840188,77.424246,2022-09-26,12:00,12,Monday,0,rural,6,0,clear,high,15,low,poor road,major,3,1,0,None,0.1
1089,Bangalore,Karnataka,12.942739,77.48557,2022-02-16,19:00,19,Wednesday,0,rural,2,0,clear,high,28,high,poor road,fatal,1,1,1,None,0.65
1092,Bangalore,Karnataka,13.188794,77.584702,2023-11-03,21:00,21,Friday,0,highway,3,1,clear,high,19,medium,drunk driving,fatal,1,1,0,None,0.3
1098,Bangalore,Karnataka,12.805367,77.570926,2023-07-04,6:00,6,Tuesday,0,highway,5,1,fog,low,23,high,overspeeding,minor,4,3,0,None,0.65
1109,Bangalore,Karnataka,12.985755,77.628061,2023-10-31,17:00,17,Tuesday,0,rural,2,0,rain,low,18,high,poor road,major,1,1,1,None,0.8
1110,Bangalore,Karnataka,12.807803,77.444147,2025-04-08,6:00,6,Tuesday,0,highway,2,1,rain,medium,35,high,drunk driving,fatal,4,4,0,None,0.65
1124,Bangalore,Karnataka,13.085629,77.595586,2023-12-23,22:00,22,Saturday,1,rural,2,0,rain,medium,30,high,poor road,major,3,3,0,None,0.45
1139,Bangalore,Karnataka,13.055615,77.505528,2023-09-27,9:00,9,Wednesday,0,highway,2,1,fog,low,36,high,poor road,minor,4,0,1,None,0.8
1143,Bangalore,Karnataka,13.076719,77.790458,2022-03-09,16:00,16,Wednesday,0,highway,5,0,clear,high,39,medium,poor road,minor,2,2,0,None,0.1
1151,Bangalore,Karnataka,13.015842,77.468103,2025-01-16,18:00,18,Thursday,0,highway,1,0,rain,medium,36,medium,weather,fatal,1,1,1,None,0.6
1159,Bangalore,Karnataka,12.842803,77.75041,2023-04-15,7:00,7,Saturday,1,highway,3,1,fog,low,21,low,drunk driving,minor,2,2,0,None,0.45
1160,Bangalore,Karnataka,13.012282,77.797013,2023-03-28,20:00,20,Tuesday,0,rural,4,0,clear,high,27,low,weather,minor,1,1,0,None,0.1
1175,Bangalore,Karnataka,12.904959,77.572763,2022-05-11,3:00,3,Wednesday,0,urban,4,1,clear,high,24,low,distraction,fatal,1,1,0,None,0.3
1181,Bangalore,Karnataka,12.817483,77.495538,2024-09-08,17:00,17,Sunday,1,urban,4,1,rain,medium,23,high,distraction,major,3,1,1,None,0.6
1192,Bangalore,Karnataka,12.94777,77.799432,2024-06-26,23:00,23,Wednesday,0,rural,5,1,fog,low,36,low,poor road,major,3,2,0,None,0.45
1206,Bangalore,Karnataka,12.809608,77.627387,2022-01-01,15:00,15,Saturday,1,rural,5,1,fog,low,30,high,weather,minor,5,5,0,None,0.65
1212,Bangalore,Karnataka,13.017352,77.796523,2023-03-15,20:00,20,Wednesday,0,rural,4,0,rain,medium,38,high,distraction,minor,5,3,0,None,0.45
1227,Bangalore,Karnataka,12.839165,77.520881,2023-04-20,17:00,17,Thursday,0,urban,6,0,rain,low,34,high,distraction,minor,2,0,1,None,0.8
1228,Bangalore,Karnataka,13.189709,77.406133,2025-01-10,23:00,23,Friday,0,urban,4,0,rain,medium,18,high,drunk driving,minor,1,1,0,None,0.45
1230,Bangalore,Karnataka,12.952636,77.591347,2022-12-24,8:00,8,Saturday,1,urban,1,1,rain,low,31,high,poor road,major,5,0,1,None,0.8
1250,Bangalore,Karnataka,13.034066,77.680384,2022-01-05,15:00,15,Wednesday,0,urban,1,0,clear,high,39,low,overspeeding,minor,5,3,0,None,0.1
1254,Bangalore,Karnataka,12.803683,77.796433,2024-08-07,1:00,1,Wednesday,0,highway,3,1,fog,low,30,medium,overspeeding,minor,3,2,0,None,0.45
1257,Bangalore,Karnataka,13.123688,77.585259,2023-12-19,9:00,9,Tuesday,0,urban,1,1,fog,low,37,high,poor road,major,1,1,1,None,0.8
1259,Bangalore,Karnataka,12.815939,77.674259,2023-05-14,22:00,22,Sunday,1,rural,4,1,rain,medium,37,high,weather,minor,3,2,0,None,0.45
1274,Bangalore,Karnataka,12.955431,77.591543,2022-04-30,16:00,16,Saturday,1,highway,3,1,clear,high,34,low,drunk driving,minor,4,1,0,None,0.1
1288,Bangalore,Karnataka,12.83566,77.727016,2022-02-10,7:00,7,Thursday,0,rural,1,0,rain,low,18,medium,overspeeding,fatal,1,1,0,None,0.65
1316,Bangalore,Karnataka,13.089078,77.766357,2024-04-06,16:00,16,Saturday,1,urban,3,0,clear,high,16,low,overspeeding,major,3,0,0,None,0.1
1320,Bangalore,Karnataka,13.051916,77.518816,2022-05-21,11:00,11,Saturday,1,highway,3,0,rain,low,24,high,poor road,minor,1,1,0,None,0.65
1328,Bangalore,Karnataka,12.880096,77.491795,2023-05-15,21:00,21,Monday,0,rural,3,0,rain,medium,34,low,poor road,major,4,4,0,None,0.25
1333,Bangalore,Karnataka,13.156659,77.460686,2022-05-31,0:00,0,Tuesday,0,rural,4,1,fog,low,32,low,weather,major,1,0,0,None,0.45
1337,Bangalore,Karnataka,13.184077,77.742654,2022-07-24,22:00,22,Sunday,1,urban,4,0,fog,low,26,high,overspeeding,minor,2,1,0,None,0.65
1347,Bangalore,Karnataka,12.975474,77.625742,2023-03-17,6:00,6,Friday,0,rural,4,0,fog,low,25,high,drunk driving,major,4,3,0,None,0.65
1362,Bangalore,Karnataka,12.99251,77.436452,2025-02-02,13:00,13,Sunday,1,rural,2,0,clear,high,18,medium,drunk driving,major,5,4,0,None,0.1
1369,Bangalore,Karnataka,12.909747,77.549129,2022-03-16,17:00,17,Wednesday,0,rural,3,1,fog,low,37,high,distraction,minor,1,1,1,None,0.8
1372,Bangalore,Karnataka,12.907141,77.774351,2025-03-06,1:00,1,Thursday,0,rural,6,1,fog,low,23,medium,overspeeding,minor,4,2,0,None,0.45
1386,Bangalore,Karnataka,12.983837,77.456972,2023-07-07,16:00,16,Friday,0,urban,6,1,clear,high,37,low,drunk driving,minor,4,4,0,None,0.1
1390,Bangalore,Karnataka,13.153862,77.708747,2024-02-13,11:00,11,Tuesday,0,highway,2,1,clear,high,34,low,poor road,major,3,1,0,None,0.1
1395,Bangalore,Karnataka,13.003229,77.520425,2024-10-23,12:00,12,Wednesday,0,rural,1,0,rain,low,30,high,weather,fatal,1,1,0,None,0.85
1396,Bangalore,Karnataka,12.894495,77.658501,2024-07-06,13:00,13,Saturday,1,rural,3,0,rain,medium,37,medium,weather,minor,2,2,0,None,0.25
1397,Bangalore,Karnataka,13.156098,77.795454,2024-05-09,16:00,16,Thursday,0,rural,4,1,rain,medium,29,medium,poor road,fatal,2,2,0,None,0.45
1398,Bangalore,Karnataka,12.946704,77.52274,2022-09-30,16:00,16,Friday,0,rural,1,1,fog,low,36,medium,poor road,minor,4,1,0,None,0.45
1404,Bangalore,Karnataka,12.925519,77.691571,2024-11-13,6:00,6,Wednesday,0,rural,2,1,fog,low,27,low,overspeeding,major,2,1,0,None,0.45
1414,Bangalore,Karnataka,13.159109,77.497704,2024-04-28,14:00,14,Sunday,1,urban,1,0,rain,medium,20,low,overspeeding,minor,1,1,0,None,0.25
1415,Bangalore,Karnataka,12.846784,77.432473,2022-01-06,3:00,3,Thursday,0,rural,4,0,clear,high,32,low,poor road,minor,5,3,0,None,0.1
1421,Bangalore,Karnataka,13.113659,77.553507,2023-02-13,13:00,13,Monday,0,urban,1,0,fog,low,17,low,distraction,minor,4,0,0,None,0.45
1426,Bangalore,Karnataka,12.820049,77.50684,2024-08-05,16:00,16,Monday,0,highway,4,1,fog,low,37,high,drunk driving,major,1,0,0,None,0.65
1428,Bangalore,Karnataka,13.00445,77.553172,2022-04-21,12:00,12,Thursday,0,urban,4,1,fog,low,23,high,drunk driving,minor,3,0,0,None,0.65
1447,Bangalore,Karnataka,12.94654,77.432722,2025-02-23,4:00,4,Sunday,1,highway,1,0,fog,low,38,low,drunk driving,minor,4,0,0,None,0.45
1456,Bangalore,Karnataka,13.026312,77.549313,2024-11-29,19:00,19,Friday,0,urban,6,0,fog,low,25,high,poor road,fatal,1,1,1,None,1.0
1475,Bangalore,Karnataka,12.858383,77.598182,2022-06-17,13:00,13,Friday,0,rural,2,1,clear,high,22,low,poor road,major,3,1,0,None,0.1
1503,Bangalore,Karnataka,12.858552,77.591868,2023-12-10,2:00,2,Sunday,1,rural,3,1,fog,low,19,low,overspeeding,minor,4,2,0,None,0.45
1518,Bangalore,Karnataka,12.906289,77.720545,2024-01-10,17:00,17,Wednesday,0,rural,6,0,rain,low,26,medium,poor road,major,2,2,1,None,0.6
1531,Bangalore,Karnataka,12.940118,77.64964,2024-10-20,12:00,12,Sunday,1,highway,6,0,clear,high,28,low,distraction,major,3,3,0,None,0.1
1533,Bangalore,Karnataka,12.949439,77.690555,2022-11-01,10:00,10,Tuesday,0,highway,1,1,clear,high,36,high,overspeeding,minor,5,3,1,None,0.45
1534,Bangalore,Karnataka,12.840671,77.523402,2024-05-04,3:00,3,Saturday,1,urban,4,0,fog,low,25,low,overspeeding,fatal,2,2,0,None,0.65
1537,Bangalore,Karnataka,12.88852,77.77881,2023-12-13,6:00,6,Wednesday,0,rural,5,1,clear,high,16,medium,poor road,minor,4,0,0,None,0.1
1539,Bangalore,Karnataka,12.862248,77.71708,2023-12-14,12:00,12,Thursday,0,highway,3,1,rain,medium,37,low,poor road,minor,3,0,0,None,0.25
1547,Bangalore,Karnataka,13.162858,77.759488,2024-07-07,15:00,15,Sunday,1,highway,6,1,rain,medium,38,medium,drunk driving,minor,4,2,0,None,0.25
1559,Bangalore,Karnataka,12.964513,77.438903,2022-04-12,21:00,21,Tuesday,0,rural,1,0,fog,low,31,high,overspeeding,fatal,3,3,0,None,0.85
1563,Bangalore,Karnataka,12.894677,77.634391,2022-09-15,12:00,12,Thursday,0,urban,4,1,clear,high,26,medium,overspeeding,fatal,4,4,0,None,0.3
1574,Bangalore,Karnataka,13.137044,77.70214,2023-04-26,21:00,21,Wednesday,0,rural,4,0,fog,low,39,low,overspeeding,major,2,0,0,None,0.45
1581,Bangalore,Karnataka,12.935164,77.575086,2024-03-16,5:00,5,Saturday,1,highway,6,1,rain,medium,39,low,overspeeding,minor,3,3,0,None,0.25
1590,Bangalore,Karnataka,12.949564,77.636597,2024-08-05,9:00,9,Monday,0,rural,5,1,rain,low,38,high,distraction,major,3,0,1,None,0.8
1602,Bangalore,Karnataka,12.913244,77.774022,2025-03-13,3:00,3,Thursday,0,highway,6,1,fog,low,15,low,weather,fatal,5,5,0,None,0.65
1622,Bangalore,Karnataka,13.156868,77.684167,2023-07-11,22:00,22,Tuesday,0,highway,4,0,fog,low,33,medium,drunk driving,minor,4,2,0,None,0.45
1624,Bangalore,Karnataka,12.822297,77.781457,2023-10-06,23:00,23,Friday,0,highway,2,0,rain,low,21,high,overspeeding,minor,2,0,0,None,0.65
1634,Bangalore,Karnataka,13.157362,77.40641,2022-04-11,16:00,16,Monday,0,rural,4,1,rain,medium,40,medium,distraction,minor,5,1,0,None,0.25
1639,Bangalore,Karnataka,12.821997,77.685033,2024-08-27,22:00,22,Tuesday,0,urban,3,0,rain,low,29,low,drunk driving,minor,5,0,0,None,0.45
1653,Bangalore,Karnataka,12.810337,77.634336,2024-05-07,15:00,15,Tuesday,0,highway,3,1,clear,high,29,medium,overspeeding,major,4,1,0,None,0.1
1659,Bangalore,Karnataka,12.901645,77.781522,2022-11-01,23:00,23,Tuesday,0,highway,6,1,fog,low,18,medium,drunk driving,minor,2,1,0,None,0.45
1666,Bangalore,Karnataka,12.958536,77.439465,2023-06-10,22:00,22,Saturday,1,highway,1,1,clear,high,17,medium,overspeeding,minor,2,1,0,None,0.1
1678,Bangalore,Karnataka,12.979655,77.401502,2023-06-05,21:00,21,Monday,0,highway,3,0,fog,low,29,medium,weather,minor,1,1,0,None,0.45
1685,Bangalore,Karnataka,12.892489,77.747904,2022-01-26,7:00,7,Wednesday,0,urban,5,1,clear,high,16,low,weather,fatal,4,4,0,None,0.3
1691,Bangalore,Karnataka,12.960186,77.615439,2023-02-25,19:00,19,Saturday,1,highway,4,1,clear,high,21,high,poor road,minor,3,2,1,None,0.45
1692,Bangalore,Karnataka,13.188976,77.784255,2024-09-11,5:00,5,Wednesday,0,urban,2,1,rain,low,33,low,weather,fatal,5,5,0,None,0.65
1696,Bangalore,Karnataka,12.900012,77.652917,2024-12-02,15:00,15,Monday,0,rural,3,0,clear,high,17,high,weather,fatal,4,4,0,None,0.5
1701,Bangalore,Karnataka,13.065401,77.594858,2022-08-02,8:00,8,Tuesday,0,rural,6,0,fog,low,28,high,weather,minor,5,1,1,None,0.8
1722,Bangalore,Karnataka,13.069503,77.76346,2022-04-09,15:00,15,Saturday,1,rural,2,1,fog,low,35,low,overspeeding,minor,5,1,0,None,0.45
1730,Bangalore,Karnataka,13.015905,77.672318,2024-09-18,0:00,0,Wednesday,0,urban,3,1,clear,high,24,low,overspeeding,minor,2,1,0,None,0.1
1740,Bangalore,Karnataka,12.828241,77.742766,2024-12-24,14:00,14,Tuesday,0,highway,1,0,rain,low,21,medium,drunk driving,minor,4,2,0,None,0.45
1743,Bangalore,Karnataka,13.145792,77.577918,2023-03-30,13:00,13,Thursday,0,urban,2,1,clear,high,40,high,poor road,fatal,3,3,0,None,0.5
1752,Bangalore,Karnataka,12.990773,77.567592,2025-03-29,17:00,17,Saturday,1,highway,3,1,clear,high,16,high,distraction,minor,3,2,1,None,0.45
1758,Bangalore,Karnataka,13.003207,77.452938,2025-01-14,20:00,20,Tuesday,0,rural,5,0,fog,low,32,low,drunk driving,major,2,2,0,None,0.45
1765,Bangalore,Karnataka,13.177389,77.691824,2023-10-11,2:00,2,Wednesday,0,urban,5,0,clear,high,17,low,drunk driving,major,5,2,0,None,0.1
1769,Bangalore,Karnataka,12.872204,77.622179,2025-02-02,2:00,2,Sunday,1,urban,2,1,rain,low,16,low,drunk driving,major,2,0,0,None,0.45
1770,Bangalore,Karnataka,12.861562,77.46636,2023-06-20,4:00,4,Tuesday,0,highway,5,1,clear,high,37,high,drunk driving,minor,1,0,0,None,0.3
1774,Bangalore,Karnataka,12.941383,77.415798,2022-03-31,3:00,3,Thursday,0,rural,1,0,rain,medium,17,low,poor road,minor,3,3,0,None,0.25
1780,Bangalore,Karnataka,13.023377,77.65737,2024-07-25,19:00,19,Thursday,0,urban,2,0,fog,low,17,high,weather,minor,5,4,1,None,0.8
1796,Bangalore,Karnataka,13.10672,77.779038,2023-07-14,6:00,6,Friday,0,rural,3,1,clear,high,35,medium,drunk driving,minor,3,2,0,None,0.1
1804,Bangalore,Karnataka,13.154641,77.483143,2023-03-06,6:00,6,Monday,0,rural,3,0,fog,low,23,high,overspeeding,minor,4,2,0,None,0.65
1816,Bangalore,Karnataka,12.853215,77.79157,2024-03-04,13:00,13,Monday,0,rural,5,1,clear,high,26,medium,weather,major,1,1,0,None,0.1
1828,Bangalore,Karnataka,12.845921,77.432519,2022-09-06,18:00,18,Tuesday,0,rural,4,0,rain,low,40,low,poor road,minor,4,1,1,None,0.6
1855,Bangalore,Karnataka,13.066777,77.684146,2024-02-11,1:00,1,Sunday,1,urban,3,1,fog,low,23,high,weather,minor,4,4,0,None,0.65
1862,Bangalore,Karnataka,13.122319,77.407799,2024-04-05,10:00,10,Friday,0,urban,4,1,rain,medium,24,high,overspeeding,minor,5,0,1,None,0.6
1882,Bangalore,Karnataka,12.900394,77.778303,2023-07-15,4:00,4,Saturday,1,highway,2,0,rain,medium,33,low,distraction,fatal,5,5,0,None,0.45
1892,Bangalore,Karnataka,12.900053,77.599742,2024-10-01,1:00,1,Tuesday,0,rural,1,0,rain,low,33,low,drunk driving,minor,3,2,0,None,0.45
1896,Bangalore,Karnataka,12.971636,77.601315,2023-05-12,13:00,13,Friday,0,urban,5,0,rain,low,18,high,poor road,major,2,0,0,None,0.65
1910,Bangalore,Karnataka,13.1208,77.797364,2022-04-27,14:00,14,Wednesday,0,highway,4,1,rain,low,24,low,distraction,major,3,0,0,None,0.45
1915,Bangalore,Karnataka,12.906799,77.78078,2024-06-25,22:00,22,Tuesday,0,highway,4,0,fog,low,21,high,weather,minor,1,1,0,None,0.65
1927,Bangalore,Karnataka,13.030381,77.781378,2024-01-09,19:00,19,Tuesday,0,urban,5,1,clear,high,31,high,distraction,minor,5,2,1,None,0.45
1935,Bangalore,Karnataka,13.013782,77.421844,2022-05-21,23:00,23,Saturday,1,highway,2,1,rain,medium,15,medium,weather,minor,1,1,0,None,0.25
1939,Bangalore,Karnataka,13.040467,77.75418,2023-11-14,9:00,9,Tuesday,0,highway,4,1,rain,medium,23,high,weather,fatal,3,3,1,None,0.8
1940,Bangalore,Karnataka,12.999764,77.539969,2023-10-25,6:00,6,Wednesday,0,rural,2,1,clear,high,40,low,weather,major,5,1,0,None,0.1
1942,Bangalore,Karnataka,13.035152,77.669351,2025-02-15,1:00,1,Saturday,1,rural,6,0,rain,medium,28,low,distraction,minor,2,0,0,None,0.25
1943,Bangalore,Karnataka,13.068411,77.74073,2023-11-14,10:00,10,Tuesday,0,highway,4,0,rain,medium,21,high,distraction,minor,5,0,1,None,0.6
1952,Bangalore,Karnataka,13.172311,77.683283,2022-12-02,22:00,22,Friday,0,rural,3,1,rain,low,35,low,overspeeding,minor,4,2,0,None,0.45
1953,Bangalore,Karnataka,12.849759,77.572227,2022-03-27,19:00,19,Sunday,1,rural,4,1,fog,low,25,high,distraction,fatal,4,4,1,None,1.0
1960,Bangalore,Karnataka,13.086749,77.593973,2023-08-23,5:00,5,Wednesday,0,rural,2,0,fog,low,15,medium,drunk driving,minor,2,2,0,None,0.45
1961,Bangalore,Karnataka,12.96331,77.507137,2025-03-22,18:00,18,Saturday,1,urban,5,1,rain,medium,32,high,poor road,minor,3,1,1,None,0.6
1972,Bangalore,Karnataka,12.842907,77.560136,2025-01-30,21:00,21,Thursday,0,highway,6,0,fog,low,22,low,drunk driving,major,4,2,0,None,0.45
1978,Bangalore,Karnataka,13.069855,77.535862,2023-02-23,2:00,2,Thursday,0,rural,2,0,clear,high,21,low,weather,major,1,0,0,None,0.1
1991,Bangalore,Karnataka,13.168869,77.633779,2022-09-29,22:00,22,Thursday,0,urban,1,1,fog,low,24,low,drunk driving,minor,3,2,0,None,0.45
1995,Bangalore,Karnataka,13.164022,77.723928,2024-05-03,15:00,15,Friday,0,urban,2,0,fog,low,19,low,overspeeding,minor,2,1,0,None,0.45
2004,Bangalore,Karnataka,13.099926,77.602399,2023-03-29,5:00,5,Wednesday,0,urban,3,1,clear,high,22,high,distraction,minor,3,2,0,None,0.3
2005,Bangalore,Karnataka,13.154509,77.592087,2024-05-08,9:00,9,Wednesday,0,highway,5,1,fog,low,36,medium,distraction,minor,5,5,1,None,0.6
2026,Bangalore,Karnataka,12.832645,77.723142,2025-02-02,9:00,9,Sunday,1,rural,2,0,fog,low,21,high,drunk driving,major,4,1,1,None,0.8
2027,Bangalore,Karnataka,13.069278,77.653961,2024-03-15,0:00,0,Friday,0,rural,5,1,rain,low,34,low,overspeeding,major,4,1,0,None,0.45
2037,Bangalore,Karnataka,13.020686,77.707288,2024-08-01,4:00,4,Thursday,0,urban,6,0,fog,low,28,low,weather,minor,5,1,0,None,0.45
2045,Bangalore,Karnataka,13.186306,77.539179,2022-02-18,10:00,10,Friday,0,highway,3,1,rain,low,23,high,distraction,fatal,4,4,1,None,1.0
2047,Bangalore,Karnataka,13.036055,77.480139,2023-05-09,20:00,20,Tuesday,0,highway,5,0,rain,medium,18,high,drunk driving,fatal,5,5,0,None,0.65
2054,Bangalore,Karnataka,13.029015,77.407659,2023-12-25,19:00,19,Monday,0,urban,1,0,rain,medium,22,high,weather,major,2,2,1,None,0.6
2057,Bangalore,Karnataka,12.803076,77.672808,2024-05-30,2:00,2,Thursday,0,highway,4,0,rain,low,33,low,distraction,minor,2,1,0,None,0.45
2077,Bangalore,Karnataka,12.974341,77.405414,2023-06-23,21:00,21,Friday,0,rural,4,1,clear,high,40,high,drunk driving,major,4,1,0,None,0.3
2090,Bangalore,Karnataka,12.870847,77.659353,2022-04-25,8:00,8,Monday,0,rural,2,1,clear,high,16,high,overspeeding,minor,5,2,1,None,0.45
2093,Bangalore,Karnataka,13.097608,77.424176,2025-02-26,4:00,4,Wednesday,0,urban,5,0,clear,high,22,low,distraction,minor,3,3,0,None,0.1
2099,Bangalore,Karnataka,13.161421,77.75838,2024-02-13,11:00,11,Tuesday,0,urban,5,0,clear,high,40,high,distraction,major,4,0,0,None,0.3
2101,Bangalore,Karnataka,12.989108,77.76023,2023-10-14,5:00,5,Saturday,1,highway,5,0,rain,low,36,medium,distraction,minor,5,0,0,None,0.45
2102,Bangalore,Karnataka,12.873397,77.529987,2022-04-23,6:00,6,Saturday,1,urban,3,1,rain,medium,17,low,poor road,minor,3,1,0,None,0.25
2110,Bangalore,Karnataka,12.876181,77.630019,2023-07-12,20:00,20,Wednesday,0,highway,2,1,rain,low,39,medium,weather,minor,2,0,0,None,0.45
2128,Bangalore,Karnataka,12.80584,77.427827,2023-05-30,3:00,3,Tuesday,0,urban,5,0,fog,low,37,medium,overspeeding,minor,5,3,0,None,0.45
2130,Bangalore,Karnataka,13.145469,77.495018,2023-05-07,14:00,14,Sunday,1,highway,2,1,rain,low,26,low,poor road,minor,4,1,0,None,0.45
2140,Bangalore,Karnataka,12.824488,77.537974,2023-12-11,10:00,10,Monday,0,rural,5,0,fog,low,31,high,overspeeding,fatal,1,1,1,None,1.0
2161,Bangalore,Karnataka,12.968015,77.70466,2022-09-28,4:00,4,Wednesday,0,rural,1,0,clear,high,29,low,poor road,major,4,3,0,None,0.1
2162,Bangalore,Karnataka,13.114712,77.571573,2022-08-06,22:00,22,Saturday,1,highway,2,0,rain,low,28,medium,distraction,minor,2,2,0,None,0.45
2164,Bangalore,Karnataka,12.801902,77.645813,2025-01-12,12:00,12,Sunday,1,rural,2,1,clear,high,22,medium,drunk driving,minor,5,5,0,None,0.1
2176,Bangalore,Karnataka,13.036642,77.510312,2023-05-02,23:00,23,Tuesday,0,urban,4,0,fog,low,34,low,drunk driving,minor,1,0,0,None,0.45
2180,Bangalore,Karnataka,12.901146,77.750203,2022-03-01,10:00,10,Tuesday,0,rural,3,1,clear,high,15,high,poor road,minor,4,3,1,None,0.45
2190,Bangalore,Karnataka,13.126624,77.780993,2023-04-25,7:00,7,Tuesday,0,rural,6,0,clear,high,37,medium,drunk driving,major,2,2,0,None,0.1
2191,Bangalore,Karnataka,12.817746,77.702156,2023-01-27,2:00,2,Friday,0,rural,6,0,rain,low,17,low,distraction,major,2,1,0,None,0.45
2214,Bangalore,Karnataka,13.159114,77.661456,2025-02-19,6:00,6,Wednesday,0,urban,2,0,rain,medium,36,medium,poor road,minor,5,5,0,None,0.25
2219,Bangalore,Karnataka,13.184863,77.565746,2022-04-28,7:00,7,Thursday,0,rural,2,1,clear,high,40,high,weather,minor,3,3,0,None,0.3
2224,Bangalore,Karnataka,12.831631,77.751714,2022-07-16,6:00,6,Saturday,1,urban,5,1,fog,low,30,low,distraction,minor,4,0,0,None,0.45
2241,Bangalore,Karnataka,13.199088,77.67186,2024-11-18,23:00,23,Monday,0,rural,4,0,rain,low,18,high,poor road,minor,4,2,0,None,0.65
2243,Bangalore,Karnataka,12.974136,77.680693,2024-05-18,12:00,12,Saturday,1,rural,5,1,clear,high,21,high,weather,fatal,5,5,0,None,0.5
2250,Bangalore,Karnataka,13.060812,77.651937,2022-05-03,9:00,9,Tuesday,0,rural,1,1,rain,low,24,high,weather,minor,2,0,1,None,0.8
2257,Bangalore,Karnataka,13.114075,77.414884,2023-08-17,15:00,15,Thursday,0,urban,1,0,clear,high,36,high,weather,minor,1,0,0,None,0.3
2273,Bangalore,Karnataka,13.061509,77.693775,2024-07-04,17:00,17,Thursday,0,urban,4,1,clear,high,37,high,poor road,minor,2,0,1,None,0.45
2275,Bangalore,Karnataka,12.949276,77.418962,2022-04-29,7:00,7,Friday,0,urban,4,0,fog,low,33,low,weather,major,1,0,0,None,0.45
2282,Bangalore,Karnataka,12.805032,77.532585,2023-03-17,19:00,19,Friday,0,urban,4,1,fog,low,39,high,overspeeding,major,1,0,1,None,0.8
2291,Bangalore,Karnataka,13.069008,77.473434,2023-08-21,15:00,15,Monday,0,rural,4,1,fog,low,32,high,drunk driving,major,1,0,0,None,0.65
2293,Bangalore,Karnataka,13.195697,77.793434,2022-11-19,9:00,9,Saturday,1,highway,3,0,rain,medium,20,medium,poor road,minor,3,3,1,None,0.4
2298,Bangalore,Karnataka,13.089661,77.763524,2023-08-16,21:00,21,Wednesday,0,highway,2,1,fog,low,22,medium,weather,minor,2,1,0,None,0.45
2303,Bangalore,Karnataka,13.019302,77.724445,2022-01-16,6:00,6,Sunday,1,highway,3,1,fog,low,28,high,weather,minor,2,1,0,None,0.65
2318,Bangalore,Karnataka,13.104443,77.545311,2023-02-28,12:00,12,Tuesday,0,highway,3,0,clear,high,26,low,overspeeding,minor,5,5,0,None,0.1
2330,Bangalore,Karnataka,13.166227,77.529833,2024-03-28,14:00,14,Thursday,0,urban,6,1,fog,low,30,low,drunk driving,minor,1,1,0,None,0.45
2331,Bangalore,Karnataka,13.186541,77.438832,2025-03-14,1:00,1,Friday,0,highway,3,0,clear,high,18,low,poor road,minor,1,1,0,None,0.1
2337,Bangalore,Karnataka,13.073582,77.529451,2024-02-05,22:00,22,Monday,0,rural,6,0,fog,low,19,medium,overspeeding,minor,1,0,0,None,0.45
2344,Bangalore,Karnataka,13.053498,77.672485,2024-11-10,5:00,5,Sunday,1,rural,2,0,fog,low,26,low,weather,major,4,1,0,None,0.45
2351,Bangalore,Karnataka,13.090796,77.691677,2023-09-26,2:00,2,Tuesday,0,highway,3,1,fog,low,39,low,drunk driving,fatal,5,5,0,None,0.65
2355,Bangalore,Karnataka,13.114118,77.601727,2024-09-13,22:00,22,Friday,0,rural,2,1,fog,low,33,low,weather,minor,4,3,0,None,0.45
2356,Bangalore,Karnataka,13.129211,77.410106,2023-02-26,10:00,10,Sunday,1,rural,3,0,clear,high,15,high,drunk driving,fatal,2,2,1,None,0.65
2360,Bangalore,Karnataka,13.116634,77.543059,2024-01-02,7:00,7,Tuesday,0,highway,1,1,fog,low,31,medium,distraction,fatal,3,3,0,None,0.65
2361,Bangalore,Karnataka,12.963067,77.578796,2022-04-28,19:00,19,Thursday,0,urban,3,0,fog,low,23,medium,weather,minor,3,0,1,None,0.6
2363,Bangalore,Karnataka,13.090045,77.742523,2024-07-22,3:00,3,Monday,0,urban,3,1,rain,low,20,low,weather,fatal,2,2,0,None,0.65
2376,Bangalore,Karnataka,13.002036,77.450967,2022-12-26,3:00,3,Monday,0,urban,6,0,fog,low,22,low,distraction,major,3,0,0,None,0.45
2377,Bangalore,Karnataka,12.812412,77.553111,2024-04-15,9:00,9,Monday,0,highway,4,1,rain,low,17,medium,poor road,minor,5,5,1,None,0.6
2385,Bangalore,Karnataka,13.080389,77.508998,2022-02-25,20:00,20,Friday,0,urban,4,0,fog,low,33,low,overspeeding,major,1,1,0,None,0.45
2390,Bangalore,Karnataka,13.041238,77.705486,2025-01-07,0:00,0,Tuesday,0,rural,6,1,fog,low,30,low,drunk driving,minor,5,2,0,None,0.45
2420,Bangalore,Karnataka,12.95065,77.742767,2024-09-23,9:00,9,Monday,0,urban,3,1,fog,low,27,high,distraction,minor,3,2,1,None,0.8
2429,Bangalore,Karnataka,12.822812,77.628806,2023-09-18,18:00,18,Monday,0,urban,6,1,fog,low,22,medium,drunk driving,major,3,1,1,None,0.6
2439,Bangalore,Karnataka,13.027955,77.799311,2023-12-23,14:00,14,Saturday,1,highway,5,1,fog,low,18,low,poor road,major,2,1,0,None,0.45
2441,Bangalore,Karnataka,13.140256,77.705993,2022-11-30,11:00,11,Wednesday,0,rural,3,1,fog,low,18,low,poor road,major,3,0,0,None,0.45
2442,Bangalore,Karnataka,12.926629,77.669992,2023-01-31,3:00,3,Tuesday,0,rural,2,0,clear,high,19,low,overspeeding,minor,3,3,0,None,0.1
2455,Bangalore,Karnataka,12.857811,77.522025,2022-03-31,8:00,8,Thursday,0,rural,4,0,fog,low,33,medium,poor road,minor,2,1,1,None,0.6
2465,Bangalore,Karnataka,13.194213,77.587702,2022-12-01,14:00,14,Thursday,0,rural,6,1,fog,low,18,medium,weather,major,3,1,0,None,0.45
2469,Bangalore,Karnataka,13.167021,77.585145,2022-06-12,12:00,12,Sunday,1,highway,5,1,fog,low,15,high,weather,fatal,4,4,0,None,0.85
2472,Bangalore,Karnataka,13.161883,77.567184,2024-08-02,14:00,14,Friday,0,highway,3,0,rain,medium,20,high,overspeeding,minor,3,0,0,None,0.45
2478,Bangalore,Karnataka,12.980551,77.406455,2024-12-11,2:00,2,Wednesday,0,rural,2,0,fog,low,15,low,poor road,minor,1,1,0,None,0.45
2512,Bangalore,Karnataka,12.953362,77.718687,2022-05-03,12:00,12,Tuesday,0,urban,3,1,fog,low,19,low,overspeeding,major,3,3,0,None,0.45
2514,Bangalore,Karnataka,13.123873,77.774475,2022-09-19,16:00,16,Monday,0,highway,2,1,fog,low,21,medium,poor road,minor,4,1,0,None,0.45
2518,Bangalore,Karnataka,12.851183,77.626694,2022-11-02,13:00,13,Wednesday,0,urban,6,0,clear,high,21,low,drunk driving,major,3,3,0,None,0.1
2527,Bangalore,Karnataka,13.174605,77.527079,2023-06-15,10:00,10,Thursday,0,highway,4,1,fog,low,27,high,poor road,fatal,2,2,1,None,1.0
2540,Bangalore,Karnataka,13.104676,77.798323,2022-03-31,14:00,14,Thursday,0,urban,5,1,clear,high,38,low,overspeeding,major,2,1,0,None,0.1
2545,Bangalore,Karnataka,13.015335,77.772731,2023-04-15,15:00,15,Saturday,1,rural,4,1,clear,high,18,low,drunk driving,minor,4,1,0,None,0.1
2557,Bangalore,Karnataka,13.047973,77.607737,2023-12-19,23:00,23,Tuesday,0,highway,6,1,clear,high,29,low,poor road,minor,3,2,0,None,0.1
2558,Bangalore,Karnataka,12.873847,77.670829,2023-02-23,13:00,13,Thursday,0,rural,2,1,rain,medium,29,high,drunk driving,major,3,2,0,None,0.45
2568,Bangalore,Karnataka,13.093945,77.661652,2025-02-09,2:00,2,Sunday,1,highway,6,1,rain,low,15,low,overspeeding,minor,1,0,0,None,0.45
2573,Bangalore,Karnataka,12.838498,77.601657,2023-05-06,11:00,11,Saturday,1,rural,2,1,clear,high,23,low,overspeeding,minor,4,4,0,None,0.1
2574,Bangalore,Karnataka,12.858371,77.745473,2024-09-08,8:00,8,Sunday,1,rural,3,1,clear,high,17,low,distraction,minor,2,0,1,None,0.25
2578,Bangalore,Karnataka,13.146777,77.771412,2023-09-19,13:00,13,Tuesday,0,rural,1,0,fog,low,21,high,overspeeding,major,1,0,0,None,0.65
2579,Bangalore,Karnataka,12.838911,77.780719,2024-02-25,4:00,4,Sunday,1,urban,6,0,rain,low,22,medium,poor road,fatal,4,4,0,None,0.65
2590,Bangalore,Karnataka,12.953016,77.611851,2024-01-23,23:00,23,Tuesday,0,rural,2,1,rain,medium,22,low,distraction,minor,4,3,0,None,0.25
2592,Bangalore,Karnataka,12.931818,77.484815,2024-05-01,18:00,18,Wednesday,0,rural,1,1,fog,low,35,high,drunk driving,major,1,0,1,None,0.8
2601,Bangalore,Karnataka,13.133702,77.480667,2024-02-04,20:00,20,Sunday,1,rural,4,0,rain,medium,22,high,weather,fatal,5,5,0,None,0.65
2608,Bangalore,Karnataka,13.089761,77.73514,2023-05-07,11:00,11,Sunday,1,highway,6,0,clear,high,18,medium,drunk driving,minor,2,0,0,None,0.1
2609,Bangalore,Karnataka,12.866162,77.650932,2022-03-31,10:00,10,Thursday,0,urban,2,0,rain,medium,33,high,poor road,major,1,0,1,None,0.6
2611,Bangalore,Karnataka,13.150254,77.793809,2022-05-14,17:00,17,Saturday,1,urban,1,1,rain,medium,25,medium,weather,major,5,2,1,None,0.4
2618,Bangalore,Karnataka,12.819785,77.611732,2022-05-07,14:00,14,Saturday,1,highway,2,0,rain,low,32,low,poor road,fatal,5,5,0,None,0.65
2630,Bangalore,Karnataka,12.948275,77.418699,2024-04-07,21:00,21,Sunday,1,rural,3,0,fog,low,29,low,weather,minor,3,0,0,None,0.45
2634,Bangalore,Karnataka,13.093335,77.58998,2022-11-16,16:00,16,Wednesday,0,rural,6,0,fog,low,24,medium,distraction,minor,1,0,0,None,0.45
2638,Bangalore,Karnataka,13.020245,77.544172,2023-03-31,16:00,16,Friday,0,highway,1,0,fog,low,36,low,poor road,major,1,0,0,None,0.45
2639,Bangalore,Karnataka,12.997932,77.7381,2023-10-05,1:00,1,Thursday,0,rural,6,0,clear,high,39,high,overspeeding,minor,5,3,0,None,0.3
2645,Bangalore,Karnataka,13.156199,77.539567,2023-05-28,8:00,8,Sunday,1,urban,3,0,fog,low,28,high,drunk driving,major,1,0,1,None,0.8
2669,Bangalore,Karnataka,13.181856,77.476207,2024-10-15,18:00,18,Tuesday,0,urban,4,0,clear,high,36,high,drunk driving,major,1,0,1,None,0.45
2681,Bangalore,Karnataka,12.872735,77.616982,2023-09-23,11:00,11,Saturday,1,rural,5,0,rain,low,28,low,drunk driving,fatal,4,4,0,None,0.65
2684,Bangalore,Karnataka,13.180731,77.504113,2023-12-07,18:00,18,Thursday,0,highway,5,0,fog,low,23,high,overspeeding,major,3,3,1,None,0.8
2687,Bangalore,Karnataka,13.038095,77.67171,2024-08-14,13:00,13,Wednesday,0,urban,2,1,rain,low,29,high,weather,fatal,5,5,0,None,0.85
2688,Bangalore,Karnataka,13.120203,77.621873,2025-03-25,5:00,5,Tuesday,0,highway,5,1,fog,low,23,medium,drunk driving,minor,2,1,0,None,0.45
2713,Bangalore,Karnataka,13.118217,77.782662,2023-09-22,0:00,0,Friday,0,highway,2,0,rain,low,25,medium,poor road,major,2,1,0,None,0.45
2714,Bangalore,Karnataka,12.888956,77.686957,2024-03-25,22:00,22,Monday,0,highway,5,1,rain,low,28,low,overspeeding,minor,3,2,0,Holi,0.55
2720,Bangalore,Karnataka,12.833579,77.666255,2023-05-23,1:00,1,Tuesday,0,highway,5,1,fog,low,34,low,poor road,minor,1,1,0,None,0.45
2721,Bangalore,Karnataka,12.837619,77.428006,2023-03-31,12:00,12,Friday,0,urban,6,1,rain,medium,39,medium,drunk driving,minor,1,1,0,None,0.25
2725,Bangalore,Karnataka,13.025851,77.542018,2024-11-11,5:00,5,Monday,0,rural,4,0,fog,low,31,high,drunk driving,minor,3,1,0,None,0.65
2734,Bangalore,Karnataka,13.179544,77.476332,2024-04-20,12:00,12,Saturday,1,highway,4,1,rain,medium,15,medium,distraction,fatal,3,3,0,None,0.45
2747,Bangalore,Karnataka,13.009148,77.519913,2022-09-08,20:00,20,Thursday,0,urban,5,0,fog,low,38,medium,overspeeding,minor,2,2,0,None,0.45
2749,Bangalore,Karnataka,13.164274,77.429975,2022-03-12,14:00,14,Saturday,1,rural,1,1,clear,high,15,high,drunk driving,minor,1,0,0,None,0.3
2751,Bangalore,Karnataka,12.917532,77.650544,2024-04-12,14:00,14,Friday,0,rural,6,0,rain,medium,20,low,poor road,minor,5,1,0,None,0.25
2757,Bangalore,Karnataka,12.887514,77.469903,2022-06-20,8:00,8,Monday,0,rural,2,0,clear,high,28,high,distraction,minor,4,1,1,None,0.45
2786,Bangalore,Karnataka,12.985632,77.668377,2024-01-29,6:00,6,Monday,0,urban,5,0,rain,medium,18,low,overspeeding,minor,3,0,0,None,0.25
2793,Bangalore,Karnataka,13.177532,77.505945,2023-04-08,23:00,23,Saturday,1,rural,2,1,fog,low,39,high,overspeeding,major,4,0,0,None,0.65
2800,Bangalore,Karnataka,13.006586,77.643877,2024-12-05,18:00,18,Thursday,0,highway,1,0,fog,low,18,high,weather,major,3,1,1,None,0.8
2811,Bangalore,Karnataka,13.104755,77.535871,2023-12-28,22:00,22,Thursday,0,highway,1,0,clear,high,23,high,drunk driving,minor,1,1,0,None,0.3
2822,Bangalore,Karnataka,13.029543,77.560731,2023-01-31,19:00,19,Tuesday,0,urban,4,1,fog,low,26,medium,overspeeding,major,1,1,1,None,0.6
2828,Bangalore,Karnataka,12.912543,77.526785,2024-06-01,10:00,10,Saturday,1,rural,4,1,fog,low,40,medium,drunk driving,fatal,1,1,1,None,0.8
2839,Bangalore,Karnataka,13.024444,77.479201,2023-08-13,1:00,1,Sunday,1,highway,3,1,clear,high,24,low,drunk driving,major,5,1,0,None,0.1
2861,Bangalore,Karnataka,12.951656,77.647214,2022-08-09,12:00,12,Tuesday,0,rural,1,1,rain,low,28,high,overspeeding,minor,1,1,0,None,0.65
2868,Bangalore,Karnataka,12.863925,77.585484,2023-01-10,13:00,13,Tuesday,0,urban,1,1,rain,low,33,medium,overspeeding,fatal,1,1,0,None,0.65
2877,Bangalore,Karnataka,12.834844,77.469618,2022-08-22,14:00,14,Monday,0,urban,2,1,fog,low,20,high,drunk driving,major,3,2,0,None,0.65
2884,Bangalore,Karnataka,12.832445,77.46294,2022-07-21,8:00,8,Thursday,0,highway,4,1,clear,high,16,high,weather,minor,1,0,1,None,0.45
2896,Bangalore,Karnataka,13.082146,77.46921,2022-12-02,14:00,14,Friday,0,rural,2,0,rain,low,31,low,weather,minor,1,0,0,None,0.45
2904,Bangalore,Karnataka,13.011583,77.697214,2023-09-14,8:00,8,Thursday,0,highway,6,1,fog,low,17,high,distraction,fatal,2,2,1,None,1.0
2905,Bangalore,Karnataka,12.81393,77.694509,2022-10-08,5:00,5,Saturday,1,rural,5,1,rain,medium,27,high,weather,minor,1,1,0,None,0.45
2909,Bangalore,Karnataka,12.907776,77.580212,2023-04-23,7:00,7,Sunday,1,highway,1,1,fog,low,17,high,weather,major,4,1,0,None,0.65
2913,Bangalore,Karnataka,13.094458,77.796865,2024-11-14,17:00,17,Thursday,0,highway,2,0,rain,low,20,high,drunk driving,minor,4,3,1,None,0.8
2922,Bangalore,Karnataka,12.82047,77.77503,2025-01-28,6:00,6,Tuesday,0,highway,1,0,fog,low,18,high,weather,minor,5,5,0,None,0.65
2923,Bangalore,Karnataka,12.857324,77.431104,2024-01-09,2:00,2,Tuesday,0,highway,2,0,rain,medium,30,low,drunk driving,minor,3,0,0,None,0.25
2928,Bangalore,Karnataka,12.964277,77.514178,2023-12-09,7:00,7,Saturday,1,rural,4,1,clear,high,26,medium,drunk driving,minor,1,0,0,None,0.1
2943,Bangalore,Karnataka,13.122535,77.604189,2025-01-03,11:00,11,Friday,0,highway,6,0,fog,low,40,low,distraction,minor,5,3,0,None,0.45
2962,Bangalore,Karnataka,13.18984,77.704103,2023-03-01,13:00,13,Wednesday,0,highway,3,1,clear,high,26,medium,drunk driving,minor,2,0,0,None,0.1
2964,Bangalore,Karnataka,12.989132,77.455627,2024-10-16,13:00,13,Wednesday,0,highway,1,0,rain,medium,30,low,overspeeding,major,2,2,0,None,0.25
2970,Bangalore,Karnataka,12.888774,77.720236,2022-04-12,10:00,10,Tuesday,0,urban,1,0,rain,low,22,low,drunk driving,major,2,1,1,None,0.6
2971,Bangalore,Karnataka,13.173383,77.775176,2022-07-31,19:00,19,Sunday,1,rural,3,0,fog,low,38,high,drunk driving,minor,5,4,1,None,0.8
2976,Bangalore,Karnataka,13.159843,77.483461,2024-09-26,10:00,10,Thursday,0,rural,4,0,clear,high,16,high,drunk driving,fatal,2,2,1,None,0.65
2980,Bangalore,Karnataka,13.002694,77.49771,2022-07-12,17:00,17,Tuesday,0,highway,6,0,clear,high,30,high,distraction,minor,2,2,1,None,0.45
2986,Bangalore,Karnataka,12.916385,77.748148,2022-06-08,3:00,3,Wednesday,0,rural,2,0,clear,high,34,medium,drunk driving,fatal,2,2,0,None,0.3
2987,Bangalore,Karnataka,13.048724,77.759955,2022-12-02,8:00,8,Friday,0,highway,3,1,clear,high,30,high,poor road,minor,2,2,1,None,0.45
2990,Bangalore,Karnataka,13.166219,77.560329,2022-01-15,23:00,23,Saturday,1,highway,4,1,rain,low,33,low,overspeeding,major,5,0,0,None,0.45
2998,Bangalore,Karnataka,13.188251,77.583773,2024-05-19,17:00,17,Sunday,1,urban,3,0,fog,low,21,high,overspeeding,minor,2,0,1,None,0.8
3051,Bangalore,Karnataka,12.887348,77.544988,2022-09-16,9:00,9,Friday,0,urban,2,0,rain,low,40,high,drunk driving,major,4,4,1,None,0.8
3067,Bangalore,Karnataka,13.154492,77.756393,2022-09-18,14:00,14,Sunday,1,urban,6,0,clear,high,31,medium,overspeeding,major,2,1,0,None,0.1
3069,Bangalore,Karnataka,13.154371,77.73599,2022-05-10,7:00,7,Tuesday,0,urban,5,1,clear,high,34,low,weather,minor,2,1,0,None,0.1
3083,Bangalore,Karnataka,12.878681,77.696621,2022-03-04,11:00,11,Friday,0,urban,6,1,rain,medium,24,high,poor road,minor,4,0,0,None,0.45
3112,Bangalore,Karnataka,12.988706,77.780322,2023-12-22,18:00,18,Friday,0,rural,1,0,clear,high,32,high,weather,minor,2,0,1,None,0.45
3113,Bangalore,Karnataka,12.96194,77.686928,2024-07-26,11:00,11,Friday,0,highway,2,0,rain,low,37,high,weather,major,3,0,0,None,0.65
3118,Bangalore,Karnataka,12.986075,77.758543,2024-08-08,12:00,12,Thursday,0,highway,1,0,rain,medium,16,low,distraction,major,2,1,0,None,0.25
3124,Bangalore,Karnataka,12.806006,77.662003,2024-12-24,0:00,0,Tuesday,0,highway,5,1,clear,high,36,low,overspeeding,minor,3,1,0,None,0.1
3138,Bangalore,Karnataka,13.079309,77.733594,2025-01-18,8:00,8,Saturday,1,rural,1,0,rain,medium,31,high,overspeeding,fatal,4,4,1,None,0.8
3141,Bangalore,Karnataka,12.977465,77.511227,2024-11-22,17:00,17,Friday,0,highway,2,1,fog,low,32,high,poor road,minor,4,4,1,None,0.8
3148,Bangalore,Karnataka,13.069327,77.758296,2022-09-27,21:00,21,Tuesday,0,rural,6,1,fog,low,15,low,weather,major,1,0,0,None,0.45
3151,Bangalore,Karnataka,12.852003,77.703251,2022-07-17,1:00,1,Sunday,1,urban,4,0,fog,low,18,high,poor road,minor,1,0,0,None,0.65
3154,Bangalore,Karnataka,13.043448,77.598491,2022-02-01,0:00,0,Tuesday,0,highway,3,1,rain,low,31,medium,overspeeding,minor,1,1,0,None,0.45
3157,Bangalore,Karnataka,12.989259,77.705989,2023-08-13,13:00,13,Sunday,1,rural,2,1,rain,low,24,medium,overspeeding,minor,3,0,0,None,0.45
3169,Bangalore,Karnataka,12.811396,77.450782,2022-01-22,21:00,21,Saturday,1,urban,3,1,rain,low,19,high,poor road,major,3,2,0,None,0.65
3170,Bangalore,Karnataka,13.156461,77.516425,2023-07-07,0:00,0,Friday,0,urban,1,1,fog,low,31,low,overspeeding,minor,3,3,0,None,0.45
3173,Bangalore,Karnataka,12.861402,77.603012,2023-07-02,3:00,3,Sunday,1,urban,3,1,rain,medium,23,low,overspeeding,minor,4,2,0,None,0.25
3179,Bangalore,Karnataka,12.913456,77.409455,2023-05-08,21:00,21,Monday,0,rural,6,1,clear,high,36,medium,drunk driving,major,5,3,0,None,0.1
3185,Bangalore,Karnataka,12.924225,77.771686,2024-01-06,18:00,18,Saturday,1,urban,5,0,rain,low,18,high,weather,minor,3,3,1,None,0.8
3188,Bangalore,Karnataka,12.814287,77.544664,2023-06-09,0:00,0,Friday,0,highway,4,1,clear,high,29,low,distraction,minor,5,1,0,None,0.1
3217,Bangalore,Karnataka,13.121074,77.473174,2024-11-05,1:00,1,Tuesday,0,highway,3,0,fog,low,40,low,poor road,major,2,0,0,None,0.45
3227,Bangalore,Karnataka,12.949818,77.561848,2025-04-12,14:00,14,Saturday,1,highway,4,0,fog,low,15,high,distraction,minor,3,3,0,None,0.65
3244,Bangalore,Karnataka,12.864885,77.695577,2022-04-12,12:00,12,Tuesday,0,highway,3,0,fog,low,40,medium,distraction,minor,4,2,0,None,0.45
3250,Bangalore,Karnataka,12.889032,77.441603,2023-07-10,19:00,19,Monday,0,urban,5,1,fog,low,36,high,weather,minor,3,3,1,None,0.8
3253,Bangalore,Karnataka,13.167266,77.776418,2024-05-23,23:00,23,Thursday,0,urban,5,0,fog,low,38,low,weather,minor,2,2,0,None,0.45
3259,Bangalore,Karnataka,12.875089,77.633295,2022-12-15,13:00,13,Thursday,0,rural,1,1,clear,high,21,low,distraction,minor,2,2,0,None,0.1
3287,Bangalore,Karnataka,12.929596,77.637442,2023-02-16,15:00,15,Thursday,0,rural,4,1,fog,low,24,medium,distraction,major,3,1,0,None,0.45
3294,Bangalore,Karnataka,12.826527,77.515745,2025-01-01,20:00,20,Wednesday,0,rural,1,1,rain,low,28,medium,drunk driving,minor,2,0,0,None,0.45
3301,Bangalore,Karnataka,13.133573,77.525838,2024-04-08,4:00,4,Monday,0,rural,5,0,fog,low,25,low,drunk driving,major,1,1,0,None,0.45
3310,Bangalore,Karnataka,12.863346,77.499329,2022-04-19,12:00,12,Tuesday,0,rural,1,1,clear,high,15,high,distraction,minor,3,0,0,None,0.3
3312,Bangalore,Karnataka,12.843779,77.653463,2024-08-09,6:00,6,Friday,0,highway,4,0,fog,low,19,medium,weather,minor,2,2,0,None,0.45
3313,Bangalore,Karnataka,13.104501,77.577712,2025-01-28,20:00,20,Tuesday,0,highway,2,1,fog,low,20,medium,poor road,minor,5,3,0,None,0.45
3314,Bangalore,Karnataka,12.85431,77.488232,2024-02-19,16:00,16,Monday,0,highway,1,0,clear,high,38,low,poor road,fatal,1,1,0,None,0.3
3332,Bangalore,Karnataka,13.059092,77.79082,2022-03-14,9:00,9,Monday,0,urban,5,1,clear,high,27,high,overspeeding,fatal,1,1,1,None,0.65
3344,Bangalore,Karnataka,13.013073,77.567754,2022-01-22,9:00,9,Saturday,1,urban,5,0,rain,low,25,high,distraction,minor,5,2,1,None,0.8
3345,Bangalore,Karnataka,13.09289,77.535743,2023-10-02,16:00,16,Monday,0,rural,2,0,rain,medium,18,high,overspeeding,minor,3,1,0,None,0.45
3353,Bangalore,Karnataka,13.186582,77.633915,2024-05-06,3:00,3,Monday,0,urban,5,1,fog,low,18,low,overspeeding,minor,3,2,0,None,0.45
3365,Bangalore,Karnataka,12.955528,77.480208,2024-11-09,10:00,10,Saturday,1,highway,5,1,fog,low,20,high,distraction,major,3,3,1,None,0.8
3371,Bangalore,Karnataka,13.128472,77.654054,2023-10-11,3:00,3,Wednesday,0,highway,3,0,rain,low,19,low,overspeeding,major,5,1,0,None,0.45
3373,Bangalore,Karnataka,13.017625,77.515931,2022-04-15,6:00,6,Friday,0,rural,6,0,fog,low,19,low,overspeeding,major,4,0,0,None,0.45
3386,Bangalore,Karnataka,12.888533,77.683604,2024-05-11,10:00,10,Saturday,1,highway,3,1,rain,low,20,high,overspeeding,minor,2,0,1,None,0.8
3392,Bangalore,Karnataka,13.021896,77.680202,2022-07-28,2:00,2,Thursday,0,urban,5,1,clear,high,33,low,drunk driving,minor,3,2,0,None,0.1
3396,Bangalore,Karnataka,12.892443,77.587677,2023-07-10,20:00,20,Monday,0,rural,5,0,clear,high,22,medium,distraction,major,4,0,0,None,0.1
3409,Bangalore,Karnataka,12.912586,77.649574,2024-09-29,2:00,2,Sunday,1,rural,5,1,rain,medium,25,low,overspeeding,minor,5,4,0,None,0.25
3414,Bangalore,Karnataka,12.86128,77.5568,2025-04-05,14:00,14,Saturday,1,urban,2,1,clear,high,17,low,overspeeding,minor,3,3,0,None,0.1
3425,Bangalore,Karnataka,13.135562,77.56805,2024-05-30,21:00,21,Thursday,0,urban,3,0,fog,low,15,high,weather,minor,4,4,0,None,0.65
3426,Bangalore,Karnataka,13.052401,77.468404,2022-01-07,20:00,20,Friday,0,urban,6,1,fog,low,18,high,drunk driving,minor,5,0,0,None,0.65
3449,Bangalore,Karnataka,12.955284,77.621451,2024-09-08,12:00,12,Sunday,1,rural,6,1,rain,medium,19,low,poor road,major,1,0,0,None,0.25
3453,Bangalore,Karnataka,13.106114,77.596808,2023-06-04,9:00,9,Sunday,1,highway,1,1,fog,low,37,medium,drunk driving,minor,5,3,1,None,0.6
3456,Bangalore,Karnataka,13.025197,77.730068,2022-12-24,3:00,3,Saturday,1,urban,2,0,rain,low,24,low,distraction,minor,1,1,0,None,0.45
3458,Bangalore,Karnataka,12.825379,77.61281,2025-03-26,6:00,6,Wednesday,0,highway,2,1,clear,high,32,high,drunk driving,major,5,0,0,None,0.3
3461,Bangalore,Karnataka,12.811377,77.47692,2025-03-02,19:00,19,Sunday,1,highway,6,0,fog,low,19,high,drunk driving,major,1,0,1,None,0.8
3466,Bangalore,Karnataka,13.136474,77.661874,2023-08-10,19:00,19,Thursday,0,urban,4,1,rain,medium,22,high,drunk driving,minor,2,0,1,None,0.6
3476,Bangalore,Karnataka,12.901609,77.504983,2024-08-16,2:00,2,Friday,0,highway,3,1,rain,medium,19,high,poor road,major,4,3,0,None,0.45
3481,Bangalore,Karnataka,12.89608,77.497843,2022-05-16,4:00,4,Monday,0,rural,4,0,fog,low,33,low,weather,minor,1,0,0,None,0.45
3496,Bangalore,Karnataka,13.111759,77.450284,2022-02-21,13:00,13,Monday,0,highway,5,1,fog,low,40,high,drunk driving,major,1,0,0,None,0.65
3502,Bangalore,Karnataka,13.057123,77.589751,2022-06-11,23:00,23,Saturday,1,highway,5,1,clear,high,29,high,drunk driving,minor,2,0,0,None,0.3
3515,Bangalore,Karnataka,12.972249,77.543783,2023-08-16,11:00,11,Wednesday,0,urban,6,0,fog,low,21,high,distraction,minor,1,1,0,None,0.65
3517,Bangalore,Karnataka,13.065782,77.630149,2023-07-26,2:00,2,Wednesday,0,urban,6,0,rain,medium,36,low,poor road,minor,2,2,0,None,0.25
3523,Bangalore,Karnataka,13.1747,77.704685,2023-09-29,23:00,23,Friday,0,urban,1,1,fog,low,25,low,poor road,major,5,4,0,None,0.45
3539,Bangalore,Karnataka,12.988395,77.729465,2022-07-08,9:00,9,Friday,0,rural,1,0,rain,low,23,medium,drunk driving,minor,5,2,1,None,0.6
3547,Bangalore,Karnataka,13.012997,77.408111,2024-10-22,2:00,2,Tuesday,0,urban,6,0,fog,low,17,medium,poor road,major,1,0,0,None,0.45
3563,Bangalore,Karnataka,13.178213,77.40463,2024-04-25,2:00,2,Thursday,0,highway,4,1,clear,high,33,low,overspeeding,minor,2,1,0,None,0.1
3570,Bangalore,Karnataka,12.986972,77.591864,2023-06-12,3:00,3,Monday,0,rural,3,0,fog,low,34,low,overspeeding,major,3,3,0,None,0.45
3571,Bangalore,Karnataka,13.195649,77.505738,2023-09-02,8:00,8,Saturday,1,rural,4,0,rain,medium,23,high,overspeeding,minor,5,4,1,None,0.6
3575,Bangalore,Karnataka,12.88488,77.784192,2022-11-06,2:00,2,Sunday,1,rural,5,0,rain,medium,36,low,distraction,major,5,4,0,None,0.25
3582,Bangalore,Karnataka,12.989396,77.49451,2024-05-25,9:00,9,Saturday,1,urban,4,1,fog,low,32,low,weather,major,1,1,1,None,0.6
3583,Bangalore,Karnataka,13.152672,77.622802,2023-02-11,6:00,6,Saturday,1,highway,3,0,clear,high,34,high,weather,fatal,1,1,0,None,0.5
3594,Bangalore,Karnataka,12.904258,77.595217,2022-10-16,5:00,5,Sunday,1,urban,5,0,clear,high,24,low,drunk driving,fatal,3,3,0,None,0.3
3604,Bangalore,Karnataka,13.0631,77.41101,2023-09-01,2:00,2,Friday,0,urban,1,1,fog,low,26,low,poor road,fatal,1,1,0,None,0.65
3606,Bangalore,Karnataka,12.917482,77.438098,2022-12-17,13:00,13,Saturday,1,highway,6,0,fog,low,26,high,distraction,minor,5,3,0,None,0.65
3609,Bangalore,Karnataka,13.054895,77.628923,2024-10-11,1:00,1,Friday,0,urban,3,0,rain,low,24,low,overspeeding,fatal,5,5,0,None,0.65
3616,Bangalore,Karnataka,13.01008,77.716395,2022-08-10,12:00,12,Wednesday,0,urban,2,1,rain,low,40,high,drunk driving,minor,5,2,0,None,0.65
3619,Bangalore,Karnataka,13.056786,77.435989,2022-10-29,19:00,19,Saturday,1,urban,5,1,rain,low,26,high,distraction,major,4,1,1,None,0.8
3631,Bangalore,Karnataka,13.158228,77.799736,2024-03-23,19:00,19,Saturday,1,urban,6,0,fog,low,16,high,overspeeding,major,4,4,1,None,0.8
3639,Bangalore,Karnataka,13.179234,77.460962,2023-10-19,2:00,2,Thursday,0,highway,5,1,fog,low,19,low,drunk driving,major,3,2,0,None,0.45
3651,Bangalore,Karnataka,12.839212,77.746195,2022-08-17,17:00,17,Wednesday,0,urban,2,1,fog,low,18,high,poor road,major,5,2,1,None,0.8
3658,Bangalore,Karnataka,12.829884,77.712651,2024-02-29,18:00,18,Thursday,0,highway,2,1,fog,low,21,high,poor road,fatal,5,5,1,None,1.0
3676,Bangalore,Karnataka,13.112826,77.672729,2024-01-23,14:00,14,Tuesday,0,highway,6,0,rain,low,19,low,overspeeding,major,1,0,0,None,0.45
3681,Bangalore,Karnataka,12.902187,77.593134,2024-09-10,19:00,19,Tuesday,0,highway,3,1,rain,low,17,high,overspeeding,minor,3,3,1,None,0.8
3688,Bangalore,Karnataka,13.021055,77.55637,2024-10-13,10:00,10,Sunday,1,urban,1,0,fog,low,34,high,weather,minor,2,2,1,None,0.8
3695,Bangalore,Karnataka,12.888658,77.734575,2023-06-04,22:00,22,Sunday,1,rural,1,0,clear,high,30,high,poor road,fatal,1,1,0,None,0.5
3715,Bangalore,Karnataka,13.139228,77.585697,2023-10-24,18:00,18,Tuesday,0,rural,1,0,fog,low,22,high,poor road,minor,4,4,1,None,0.8
3717,Bangalore,Karnataka,13.02409,77.738914,2024-11-17,12:00,12,Sunday,1,rural,2,1,clear,high,34,medium,drunk driving,major,1,1,0,None,0.1
3721,Bangalore,Karnataka,12.834054,77.733132,2023-10-09,11:00,11,Monday,0,rural,4,1,rain,medium,25,low,weather,fatal,1,1,0,None,0.45
3724,Bangalore,Karnataka,12.90726,77.555242,2024-12-31,15:00,15,Tuesday,0,highway,6,1,clear,high,25,high,overspeeding,major,2,1,0,None,0.3
3726,Bangalore,Karnataka,13.09835,77.471233,2023-02-10,17:00,17,Friday,0,rural,5,0,rain,low,38,medium,distraction,minor,2,2,1,None,0.6
3727,Bangalore,Karnataka,13.071223,77.465925,2024-09-05,21:00,21,Thursday,0,highway,4,0,fog,low,32,low,distraction,major,2,1,0,None,0.45
3733,Bangalore,Karnataka,13.024004,77.792097,2022-03-31,21:00,21,Thursday,0,rural,2,1,clear,high,36,low,weather,fatal,1,1,0,None,0.3
3737,Bangalore,Karnataka,12.801386,77.483172,2024-02-14,16:00,16,Wednesday,0,rural,1,1,clear,high,18,high,weather,minor,3,2,0,None,0.3
3738,Bangalore,Karnataka,12.80358,77.598057,2024-11-25,19:00,19,Monday,0,urban,5,1,fog,low,17,low,poor road,major,1,0,1,None,0.6
3749,Bangalore,Karnataka,13.024066,77.543063,2024-03-01,18:00,18,Friday,0,rural,5,1,clear,high,18,high,overspeeding,minor,3,2,1,None,0.45
3751,Bangalore,Karnataka,12.832972,77.501387,2023-08-02,15:00,15,Wednesday,0,highway,3,0,clear,high,35,high,poor road,minor,2,1,0,None,0.3
3753,Bangalore,Karnataka,13.047791,77.419172,2023-08-18,7:00,7,Friday,0,urban,6,0,clear,high,20,medium,overspeeding,minor,5,3,0,None,0.1
3760,Bangalore,Karnataka,12.930755,77.611858,2023-03-30,2:00,2,Thursday,0,urban,2,0,fog,low,32,low,poor road,minor,4,0,0,None,0.45
3769,Bangalore,Karnataka,13.107473,77.535155,2023-04-09,19:00,19,Sunday,1,urban,3,0,rain,low,35,high,weather,minor,4,1,1,None,0.8
3772,Bangalore,Karnataka,12.967385,77.464856,2022-10-25,8:00,8,Tuesday,0,rural,3,0,rain,low,18,high,distraction,minor,4,0,1,None,0.8
3774,Bangalore,Karnataka,12.824156,77.66368,2022-01-04,11:00,11,Tuesday,0,urban,6,0,rain,low,24,low,weather,minor,5,3,0,None,0.45
3782,Bangalore,Karnataka,12.922233,77.485574,2024-08-19,17:00,17,Monday,0,rural,1,1,fog,low,16,high,distraction,major,4,2,1,None,0.8
3799,Bangalore,Karnataka,13.176167,77.710272,2023-05-09,12:00,12,Tuesday,0,highway,4,1,clear,high,20,medium,drunk driving,fatal,2,2,0,None,0.3
3803,Bangalore,Karnataka,12.843008,77.519849,2024-03-01,4:00,4,Friday,0,highway,5,0,rain,low,25,low,drunk driving,major,1,1,0,None,0.45
3821,Bangalore,Karnataka,13.099059,77.752894,2024-09-18,21:00,21,Wednesday,0,highway,3,0,rain,medium,27,low,weather,minor,1,0,0,None,0.25
3822,Bangalore,Karnataka,13.099482,77.624285,2022-05-30,19:00,19,Monday,0,highway,2,1,rain,medium,16,high,weather,minor,1,1,1,None,0.6
3825,Bangalore,Karnataka,12.982943,77.463497,2023-06-24,6:00,6,Saturday,1,highway,3,0,fog,low,19,high,poor road,minor,3,2,0,None,0.65
3828,Bangalore,Karnataka,12.885183,77.61839,2022-07-11,20:00,20,Monday,0,rural,5,0,clear,high,16,high,poor road,minor,3,3,0,None,0.3
3841,Bangalore,Karnataka,12.86393,77.715936,2023-08-18,7:00,7,Friday,0,rural,1,1,clear,high,38,high,poor road,minor,2,1,0,None,0.3
3842,Bangalore,Karnataka,12.994201,77.546749,2022-02-01,14:00,14,Tuesday,0,urban,5,1,rain,low,24,medium,overspeeding,minor,1,0,0,None,0.45
3848,Bangalore,Karnataka,12.987691,77.579067,2024-01-21,17:00,17,Sunday,1,urban,4,0,fog,low,22,high,weather,minor,1,1,1,None,0.8
3855,Bangalore,Karnataka,13.055783,77.508103,2025-01-04,22:00,22,Saturday,1,highway,1,0,fog,low,32,high,poor road,minor,5,5,0,None,0.65
3872,Bangalore,Karnataka,12.872713,77.500159,2024-09-24,19:00,19,Tuesday,0,rural,6,1,clear,high,29,high,drunk driving,minor,3,3,1,None,0.45
3886,Bangalore,Karnataka,12.922209,77.689,2024-05-05,11:00,11,Sunday,1,rural,4,1,rain,medium,17,high,distraction,major,2,0,0,None,0.45
3893,Bangalore,Karnataka,12.909255,77.540351,2023-11-04,5:00,5,Saturday,1,rural,1,1,fog,low,19,low,distraction,minor,1,0,0,None,0.45
3898,Bangalore,Karnataka,12.980118,77.726143,2023-02-25,21:00,21,Saturday,1,urban,2,0,clear,high,36,low,poor road,minor,4,4,0,None,0.1
3914,Bangalore,Karnataka,13.161598,77.557489,2024-11-30,21:00,21,Saturday,1,urban,6,0,rain,medium,17,low,distraction,minor,1,0,0,None,0.25
3918,Bangalore,Karnataka,13.155814,77.4664,2022-10-10,19:00,19,Monday,0,rural,6,1,fog,low,28,high,weather,fatal,4,4,1,None,1.0
3922,Bangalore,Karnataka,13.119834,77.733185,2022-05-27,21:00,21,Friday,0,highway,3,1,rain,low,40,low,overspeeding,major,4,3,0,None,0.45
3928,Bangalore,Karnataka,13.057192,77.556229,2022-01-23,21:00,21,Sunday,1,urban,5,0,rain,medium,32,medium,overspeeding,fatal,3,3,0,None,0.45
3936,Bangalore,Karnataka,12.8935,77.728409,2025-01-25,11:00,11,Saturday,1,urban,1,0,clear,high,31,medium,drunk driving,major,5,1,0,None,0.1
3940,Bangalore,Karnataka,13.077174,77.429072,2024-12-01,12:00,12,Sunday,1,highway,6,0,fog,low,36,low,distraction,major,3,2,0,None,0.45
3956,Bangalore,Karnataka,12.837855,77.412654,2023-01-10,23:00,23,Tuesday,0,rural,1,1,fog,low,17,low,drunk driving,minor,3,0,0,None,0.45
3957,Bangalore,Karnataka,13.061887,77.501812,2022-03-19,8:00,8,Saturday,1,highway,6,1,fog,low,38,low,weather,minor,3,0,1,None,0.6
3961,Bangalore,Karnataka,13.06031,77.62521,2022-02-03,11:00,11,Thursday,0,urban,6,1,fog,low,39,low,poor road,minor,5,4,0,None,0.45
3978,Bangalore,Karnataka,12.91882,77.429459,2022-09-29,1:00,1,Thursday,0,rural,6,1,clear,high,21,medium,overspeeding,major,1,1,0,None,0.1
3979,Bangalore,Karnataka,13.116656,77.773627,2023-01-08,3:00,3,Sunday,1,highway,1,1,rain,medium,24,high,distraction,minor,3,1,0,None,0.45
4000,Bangalore,Karnataka,12.819232,77.618215,2022-06-03,14:00,14,Friday,0,rural,3,0,fog,low,36,medium,overspeeding,minor,4,0,0,None,0.45
4007,Bangalore,Karnataka,13.164826,77.455463,2022-05-03,14:00,14,Tuesday,0,rural,6,1,rain,medium,17,medium,poor road,minor,4,1,0,None,0.25
4016,Bangalore,Karnataka,12.946262,77.622751,2022-06-21,4:00,4,Tuesday,0,highway,1,1,rain,medium,30,low,weather,major,1,0,0,None,0.25
4017,Bangalore,Karnataka,13.062567,77.672049,2024-05-13,9:00,9,Monday,0,highway,5,0,fog,low,38,medium,drunk driving,minor,5,5,1,None,0.6
4023,Bangalore,Karnataka,13.108526,77.779253,2024-07-30,22:00,22,Tuesday,0,highway,6,1,fog,low,15,low,distraction,major,2,0,0,None,0.45
4026,Bangalore,Karnataka,13.068836,77.481172,2022-10-02,22:00,22,Sunday,1,urban,3,0,fog,low,38,low,distraction,major,1,0,0,None,0.45
4027,Bangalore,Karnataka,13.14404,77.675406,2024-07-17,16:00,16,Wednesday,0,urban,5,1,fog,low,29,low,weather,major,2,1,0,None,0.45
4034,Bangalore,Karnataka,13.136369,77.464418,2024-10-02,11:00,11,Wednesday,0,rural,5,0,rain,medium,25,low,drunk driving,major,2,2,0,None,0.25
4056,Bangalore,Karnataka,13.118141,77.431979,2024-09-04,8:00,8,Wednesday,0,highway,3,1,rain,low,15,high,overspeeding,fatal,1,1,1,None,1.0
4075,Bangalore,Karnataka,13.118318,77.751512,2023-12-30,11:00,11,Saturday,1,highway,5,1,fog,low,18,low,drunk driving,minor,5,5,0,None,0.45
4076,Bangalore,Karnataka,12.986593,77.791179,2025-03-03,11:00,11,Monday,0,rural,4,0,fog,low,26,low,poor road,major,4,0,0,None,0.45
4079,Bangalore,Karnataka,13.158346,77.60957,2025-02-17,6:00,6,Monday,0,rural,5,1,clear,high,16,medium,overspeeding,minor,3,2,0,None,0.1
4094,Bangalore,Karnataka,12.835482,77.472148,2024-06-30,0:00,0,Sunday,1,urban,1,1,fog,low,40,low,distraction,minor,5,4,0,None,0.45
4098,Bangalore,Karnataka,13.114393,77.587953,2022-03-31,22:00,22,Thursday,0,highway,1,1,clear,high,32,high,drunk driving,major,3,1,0,None,0.3
4100,Bangalore,Karnataka,13.182508,77.610842,2023-02-09,2:00,2,Thursday,0,urban,1,1,fog,low,15,low,distraction,minor,3,1,0,None,0.45
4105,Bangalore,Karnataka,13.194317,77.454567,2022-03-05,20:00,20,Saturday,1,highway,4,0,clear,high,35,high,drunk driving,minor,3,3,0,None,0.3
4118,Bangalore,Karnataka,12.882867,77.435413,2022-05-14,11:00,11,Saturday,1,urban,2,1,rain,medium,25,high,weather,minor,5,0,0,None,0.45
4138,Bangalore,Karnataka,13.107929,77.665112,2024-10-29,3:00,3,Tuesday,0,rural,3,1,fog,low,23,high,overspeeding,fatal,1,1,0,None,0.85
4142,Bangalore,Karnataka,13.127905,77.725524,2024-12-08,1:00,1,Sunday,1,urban,1,0,clear,high,17,low,weather,minor,1,0,0,None,0.1
4148,Bangalore,Karnataka,12.895131,77.58409,2023-01-26,11:00,11,Thursday,0,rural,2,0,fog,low,30,low,drunk driving,minor,5,2,0,None,0.45
4155,Bangalore,Karnataka,13.108395,77.760638,2023-10-13,20:00,20,Friday,0,urban,3,0,fog,low,37,low,overspeeding,major,1,0,0,None,0.45
4156,Bangalore,Karnataka,12.925778,77.638724,2024-12-30,15:00,15,Monday,0,rural,1,0,rain,low,35,high,drunk driving,minor,3,3,0,None,0.65
4161,Bangalore,Karnataka,13.137262,77.448768,2023-01-28,18:00,18,Saturday,1,urban,5,0,fog,low,22,medium,weather,fatal,2,2,1,None,0.8
4173,Bangalore,Karnataka,12.944028,77.497324,2023-10-19,8:00,8,Thursday,0,highway,5,0,clear,high,26,high,drunk driving,minor,2,0,1,None,0.45
4175,Bangalore,Karnataka,13.191269,77.427408,2022-08-21,23:00,23,Sunday,1,urban,2,1,rain,medium,18,high,weather,minor,1,0,0,None,0.45
4184,Bangalore,Karnataka,13.086823,77.768466,2024-01-31,1:00,1,Wednesday,0,highway,6,1,clear,high,35,high,overspeeding,minor,1,1,0,None,0.3
4191,Bangalore,Karnataka,12.877234,77.736841,2024-05-08,6:00,6,Wednesday,0,rural,5,0,rain,low,34,medium,overspeeding,major,5,0,0,None,0.45
4210,Bangalore,Karnataka,12.895744,77.439146,2022-11-17,18:00,18,Thursday,0,rural,4,0,fog,low,24,high,weather,minor,4,1,1,None,0.8
4211,Bangalore,Karnataka,13.16898,77.757674,2024-09-09,15:00,15,Monday,0,rural,4,1,rain,medium,26,high,drunk driving,minor,2,1,0,None,0.45
4218,Bangalore,Karnataka,13.015447,77.784262,2024-12-26,6:00,6,Thursday,0,rural,5,1,rain,low,18,low,weather,minor,3,2,0,None,0.45
4223,Bangalore,Karnataka,12.89502,77.655452,2024-08-20,7:00,7,Tuesday,0,highway,5,1,fog,low,31,high,weather,minor,4,4,0,None,0.65
4232,Bangalore,Karnataka,12.95697,77.755831,2022-09-27,7:00,7,Tuesday,0,rural,5,1,clear,high,22,medium,poor road,major,2,2,0,None,0.1
4252,Bangalore,Karnataka,12.82372,77.711447,2025-04-04,12:00,12,Friday,0,rural,2,1,clear,high,29,low,overspeeding,major,1,0,0,None,0.1
4273,Bangalore,Karnataka,13.056817,77.563276,2025-01-01,7:00,7,Wednesday,0,highway,4,0,rain,medium,21,low,weather,minor,5,0,0,None,0.25
4274,Bangalore,Karnataka,13.126274,77.499643,2023-07-22,10:00,10,Saturday,1,urban,5,1,rain,low,40,high,drunk driving,major,1,1,1,None,0.8
4280,Bangalore,Karnataka,13.03026,77.667271,2024-09-01,12:00,12,Sunday,1,highway,3,0,fog,low,30,medium,weather,minor,1,0,0,None,0.45
4281,Bangalore,Karnataka,12.973412,77.525972,2022-12-19,21:00,21,Monday,0,rural,1,0,clear,high,31,high,drunk driving,major,3,0,0,None,0.3
4288,Bangalore,Karnataka,12.985477,77.432026,2023-11-14,17:00,17,Tuesday,0,rural,6,1,fog,low,38,high,overspeeding,minor,4,0,1,None,0.8
4303,Bangalore,Karnataka,12.900468,77.526788,2024-12-03,15:00,15,Tuesday,0,highway,5,1,fog,low,24,low,weather,minor,3,3,0,None,0.45
4316,Bangalore,Karnataka,12.869943,77.600851,2023-03-14,21:00,21,Tuesday,0,urban,2,1,clear,high,18,high,distraction,minor,1,1,0,None,0.3
4317,Bangalore,Karnataka,12.815708,77.633405,2022-03-15,13:00,13,Tuesday,0,highway,1,0,clear,high,22,low,weather,minor,4,1,0,None,0.1
4329,Bangalore,Karnataka,12.811196,77.454796,2025-03-18,12:00,12,Tuesday,0,highway,5,0,rain,low,17,medium,poor road,minor,1,0,0,None,0.45
4364,Bangalore,Karnataka,12.842971,77.665853,2022-07-07,18:00,18,Thursday,0,highway,3,1,rain,low,32,high,poor road,minor,2,0,1,None,0.8
4368,Bangalore,Karnataka,13.018457,77.601028,2024-03-13,17:00,17,Wednesday,0,urban,6,1,rain,low,25,medium,weather,minor,5,4,1,None,0.6
4391,Bangalore,Karnataka,13.16441,77.576572,2024-02-21,18:00,18,Wednesday,0,rural,5,1,clear,high,27,medium,weather,major,2,2,1,None,0.25
4394,Bangalore,Karnataka,13.191143,77.422327,2022-01-30,8:00,8,Sunday,1,urban,2,0,rain,low,31,medium,weather,minor,5,3,1,None,0.6
4398,Bangalore,Karnataka,12.920105,77.488158,2022-08-03,5:00,5,Wednesday,0,highway,1,0,rain,medium,15,low,overspeeding,minor,5,1,0,None,0.25
4400,Bangalore,Karnataka,12.846872,77.418063,2023-01-04,21:00,21,Wednesday,0,highway,6,1,fog,low,18,medium,distraction,minor,3,3,0,None,0.45
4401,Bangalore,Karnataka,13.197594,77.414857,2024-05-14,2:00,2,Tuesday,0,urban,2,0,rain,medium,39,low,distraction,major,1,1,0,None,0.25
4408,Bangalore,Karnataka,12.840712,77.495561,2022-06-02,0:00,0,Thursday,0,rural,1,0,fog,low,22,low,poor road,major,5,0,0,None,0.45
4414,Bangalore,Karnataka,13.057693,77.666042,2023-07-12,16:00,16,Wednesday,0,rural,4,1,rain,low,31,high,distraction,major,2,1,0,None,0.65
4429,Bangalore,Karnataka,12.824412,77.417701,2023-08-11,18:00,18,Friday,0,urban,3,0,clear,high,18,high,overspeeding,fatal,3,3,1,None,0.65
4431,Bangalore,Karnataka,12.886711,77.75142,2024-07-25,4:00,4,Thursday,0,rural,6,0,clear,high,22,low,overspeeding,fatal,2,2,0,None,0.3
4432,Bangalore,Karnataka,12.854932,77.750222,2022-06-09,9:00,9,Thursday,0,rural,4,0,fog,low,22,medium,distraction,major,4,3,1,None,0.6
4436,Bangalore,Karnataka,13.016517,77.739209,2024-04-17,5:00,5,Wednesday,0,urban,3,1,fog,low,26,medium,weather,fatal,5,5,0,None,0.65
4450,Bangalore,Karnataka,13.038331,77.511204,2022-12-19,6:00,6,Monday,0,highway,2,1,fog,low,18,medium,weather,major,4,1,0,None,0.45
4451,Bangalore,Karnataka,12.81696,77.408426,2024-08-09,7:00,7,Friday,0,urban,3,0,clear,high,29,high,distraction,minor,2,2,0,None,0.3
4459,Bangalore,Karnataka,12.971297,77.70542,2025-04-01,14:00,14,Tuesday,0,highway,3,1,rain,low,39,medium,drunk driving,major,2,0,0,None,0.45
4465,Bangalore,Karnataka,12.915872,77.698697,2024-05-20,11:00,11,Monday,0,highway,6,0,clear,high,40,medium,distraction,minor,2,1,0,None,0.1
4481,Bangalore,Karnataka,12.887183,77.577349,2024-01-09,17:00,17,Tuesday,0,rural,4,0,clear,high,30,high,poor road,major,5,0,1,None,0.45
4482,Bangalore,Karnataka,13.116671,77.408746,2022-12-29,17:00,17,Thursday,0,rural,6,0,fog,low,20,medium,distraction,minor,5,5,1,None,0.6
4483,Bangalore,Karnataka,12.975463,77.635875,2023-04-25,22:00,22,Tuesday,0,rural,2,1,fog,low,39,low,overspeeding,major,3,3,0,None,0.45
4485,Bangalore,Karnataka,13.106398,77.444296,2023-10-26,17:00,17,Thursday,0,rural,5,1,rain,low,34,medium,weather,minor,2,2,1,None,0.6
4493,Bangalore,Karnataka,13.175794,77.439957,2023-10-07,10:00,10,Saturday,1,highway,2,1,clear,high,27,medium,distraction,minor,1,0,1,None,0.25
4498,Bangalore,Karnataka,12.922392,77.676692,2023-07-15,17:00,17,Saturday,1,rural,1,1,fog,low,38,high,distraction,minor,2,0,1,None,0.8
4525,Bangalore,Karnataka,12.887295,77.783862,2023-03-02,22:00,22,Thursday,0,rural,6,0,rain,medium,17,low,weather,minor,1,1,0,None,0.25
4538,Bangalore,Karnataka,13.090394,77.422889,2022-12-05,19:00,19,Monday,0,highway,1,1,clear,high,26,high,overspeeding,minor,3,1,1,None,0.45
4539,Bangalore,Karnataka,12.908127,77.450024,2022-07-08,8:00,8,Friday,0,highway,1,0,clear,high,37,medium,weather,minor,3,1,1,None,0.25
4541,Bangalore,Karnataka,13.127335,77.785988,2023-11-15,16:00,16,Wednesday,0,urban,6,1,fog,low,35,low,drunk driving,major,4,4,0,None,0.45
4555,Bangalore,Karnataka,12.977253,77.758415,2025-03-15,20:00,20,Saturday,1,highway,2,1,fog,low,30,medium,overspeeding,minor,3,0,0,None,0.45
4557,Bangalore,Karnataka,13.064217,77.526702,2024-10-15,4:00,4,Tuesday,0,rural,5,0,clear,high,31,low,distraction,minor,3,0,0,None,0.1
4559,Bangalore,Karnataka,13.115477,77.517144,2023-01-28,18:00,18,Saturday,1,highway,4,1,rain,medium,27,high,drunk driving,minor,1,0,1,None,0.6
4566,Bangalore,Karnataka,12.908242,77.668848,2022-03-22,6:00,6,Tuesday,0,highway,4,1,fog,low,20,high,drunk driving,minor,1,0,0,None,0.65
4567,Bangalore,Karnataka,12.811652,77.589909,2024-07-05,17:00,17,Friday,0,urban,3,0,fog,low,31,medium,overspeeding,major,3,0,1,None,0.6
4573,Bangalore,Karnataka,13.134989,77.544483,2024-09-03,11:00,11,Tuesday,0,highway,3,1,fog,low,34,high,overspeeding,minor,1,0,0,None,0.65
4579,Bangalore,Karnataka,13.194312,77.657375,2025-03-02,9:00,9,Sunday,1,rural,3,1,rain,medium,15,high,poor road,major,5,1,1,None,0.6
4580,Bangalore,Karnataka,13.043583,77.571333,2023-06-26,21:00,21,Monday,0,rural,2,0,fog,low,28,medium,overspeeding,minor,1,1,0,None,0.45
4582,Bangalore,Karnataka,13.017843,77.513665,2022-11-15,13:00,13,Tuesday,0,highway,5,0,rain,medium,40,low,poor road,minor,2,1,0,None,0.25
4583,Bangalore,Karnataka,13.191782,77.628754,2024-11-07,6:00,6,Thursday,0,rural,2,0,clear,high,38,high,overspeeding,fatal,2,2,0,None,0.5
4593,Bangalore,Karnataka,12.8568,77.461629,2024-03-13,7:00,7,Wednesday,0,rural,3,1,clear,high,34,medium,distraction,minor,3,3,0,None,0.1
4595,Bangalore,Karnataka,12.883479,77.536136,2022-01-07,18:00,18,Friday,0,urban,3,0,rain,medium,34,medium,poor road,minor,1,0,1,None,0.4
4598,Bangalore,Karnataka,13.173384,77.46621,2022-08-12,0:00,0,Friday,0,urban,2,0,clear,high,29,low,drunk driving,minor,3,0,0,None,0.1
4605,Bangalore,Karnataka,13.00219,77.62198,2022-01-02,2:00,2,Sunday,1,rural,1,0,fog,low,25,low,drunk driving,minor,3,3,0,None,0.45
4614,Bangalore,Karnataka,12.891661,77.400094,2022-11-14,14:00,14,Monday,0,rural,2,1,rain,low,39,medium,drunk driving,minor,3,3,0,None,0.45
4622,Bangalore,Karnataka,12.961014,77.618747,2023-10-29,3:00,3,Sunday,1,highway,4,1,clear,high,22,low,weather,minor,4,4,0,None,0.1
4623,Bangalore,Karnataka,12.96564,77.739822,2025-04-14,3:00,3,Monday,0,urban,3,0,fog,low,18,low,weather,minor,5,0,0,None,0.45
4636,Bangalore,Karnataka,13.066753,77.68255,2023-03-06,1:00,1,Monday,0,highway,1,1,fog,low,28,low,poor road,fatal,1,1,0,None,0.65
4644,Bangalore,Karnataka,13.093034,77.6248,2022-11-05,20:00,20,Saturday,1,rural,4,1,clear,high,20,medium,overspeeding,minor,3,0,0,None,0.1
4654,Bangalore,Karnataka,13.179672,77.641745,2022-05-09,8:00,8,Monday,0,highway,4,0,fog,low,27,medium,overspeeding,minor,4,1,1,None,0.6
4659,Bangalore,Karnataka,13.077749,77.601899,2022-10-02,4:00,4,Sunday,1,rural,6,0,rain,low,17,medium,drunk driving,major,5,0,0,None,0.45
4664,Bangalore,Karnataka,13.108772,77.563927,2022-02-24,13:00,13,Thursday,0,urban,4,1,rain,medium,22,low,drunk driving,minor,3,1,0,None,0.25
4667,Bangalore,Karnataka,13.130779,77.740699,2024-05-04,6:00,6,Saturday,1,highway,5,1,clear,high,31,high,distraction,minor,5,2,0,None,0.3
4668,Bangalore,Karnataka,13.058861,77.502467,2023-07-20,1:00,1,Thursday,0,urban,5,0,clear,high,33,low,distraction,minor,3,1,0,None,0.1
4669,Bangalore,Karnataka,13.113303,77.573173,2025-03-08,1:00,1,Saturday,1,highway,5,1,fog,low,19,medium,distraction,major,4,1,0,None,0.45
4670,Bangalore,Karnataka,12.868616,77.766105,2022-10-30,13:00,13,Sunday,1,urban,6,1,rain,low,26,medium,overspeeding,minor,3,2,0,None,0.45
4688,Bangalore,Karnataka,12.905325,77.732749,2022-05-06,11:00,11,Friday,0,rural,5,1,fog,low,40,low,drunk driving,minor,1,0,0,None,0.45
4700,Bangalore,Karnataka,13.075285,77.436062,2024-05-28,9:00,9,Tuesday,0,highway,3,0,rain,medium,36,high,weather,fatal,2,2,1,None,0.8
4701,Bangalore,Karnataka,12.94624,77.77365,2024-07-06,17:00,17,Saturday,1,highway,4,1,rain,low,28,medium,distraction,minor,2,1,1,None,0.6
4720,Bangalore,Karnataka,13.199342,77.514039,2022-06-07,9:00,9,Tuesday,0,rural,2,0,clear,high,27,high,drunk driving,major,3,1,1,None,0.45
4725,Bangalore,Karnataka,13.095077,77.424618,2022-05-17,17:00,17,Tuesday,0,highway,1,1,fog,low,20,medium,weather,minor,3,3,1,None,0.6
4737,Bangalore,Karnataka,13.117358,77.520356,2024-08-13,6:00,6,Tuesday,0,rural,6,0,rain,medium,23,high,weather,minor,3,0,0,None,0.45
4738,Bangalore,Karnataka,12.910546,77.59822,2023-08-29,13:00,13,Tuesday,0,urban,1,1,rain,low,23,high,poor road,major,4,1,0,None,0.65
4769,Bangalore,Karnataka,13.019906,77.58544,2022-01-22,2:00,2,Saturday,1,highway,5,0,clear,high,39,high,weather,minor,2,0,0,None,0.3
4771,Bangalore,Karnataka,13.095604,77.717354,2023-03-28,12:00,12,Tuesday,0,rural,3,1,rain,medium,24,low,drunk driving,minor,3,1,0,None,0.25
4773,Bangalore,Karnataka,13.037715,77.623766,2025-02-14,12:00,12,Friday,0,rural,3,0,rain,medium,26,high,overspeeding,fatal,2,2,0,None,0.65
4775,Bangalore,Karnataka,12.851045,77.570959,2023-05-06,0:00,0,Saturday,1,rural,4,0,clear,high,30,low,drunk driving,major,1,0,0,None,0.1
4778,Bangalore,Karnataka,12.81992,77.506097,2023-06-25,15:00,15,Sunday,1,highway,5,0,rain,low,37,low,weather,major,2,0,0,None,0.45
4780,Bangalore,Karnataka,13.001472,77.791231,2023-11-23,18:00,18,Thursday,0,urban,6,1,fog,low,16,medium,weather,fatal,3,3,1,None,0.8
4788,Bangalore,Karnataka,12.962622,77.704811,2022-11-27,0:00,0,Sunday,1,highway,1,0,clear,high,40,low,distraction,minor,3,0,0,None,0.1
4789,Bangalore,Karnataka,13.064747,77.683651,2024-08-04,8:00,8,Sunday,1,rural,4,0,clear,high,29,high,distraction,major,5,4,1,None,0.45
4799,Bangalore,Karnataka,12.891285,77.6304,2022-01-06,14:00,14,Thursday,0,highway,5,1,clear,high,39,high,distraction,minor,3,2,0,None,0.3
4804,Bangalore,Karnataka,12.83,77.405422,2024-11-01,16:00,16,Friday,0,rural,5,1,fog,low,22,medium,weather,minor,1,0,0,Diwali,0.55
4807,Bangalore,Karnataka,13.112808,77.587029,2022-12-06,9:00,9,Tuesday,0,highway,1,1,rain,medium,26,medium,weather,minor,5,0,1,None,0.4
4808,Bangalore,Karnataka,13.196232,77.471353,2022-02-09,22:00,22,Wednesday,0,urban,5,0,fog,low,35,high,poor road,major,2,0,0,None,0.65
4810,Bangalore,Karnataka,12.92459,77.559611,2022-07-04,10:00,10,Monday,0,urban,6,1,fog,low,23,medium,distraction,minor,5,5,1,None,0.6
4823,Bangalore,Karnataka,13.017407,77.55289,2024-08-14,21:00,21,Wednesday,0,highway,4,0,clear,high,39,medium,overspeeding,minor,1,0,0,None,0.1
4834,Bangalore,Karnataka,13.126766,77.701536,2022-11-05,23:00,23,Saturday,1,rural,5,0,rain,low,17,low,poor road,major,5,5,0,None,0.45
4854,Bangalore,Karnataka,12.894378,77.507603,2023-09-08,20:00,20,Friday,0,rural,6,1,rain,medium,21,low,poor road,major,4,4,0,None,0.25
4855,Bangalore,Karnataka,13.143529,77.567728,2022-04-16,9:00,9,Saturday,1,highway,6,0,fog,low,23,high,poor road,major,1,0,1,None,0.8
4860,Bangalore,Karnataka,13.037475,77.768028,2024-05-28,21:00,21,Tuesday,0,highway,1,0,rain,medium,31,medium,weather,minor,4,2,0,None,0.25
4867,Bangalore,Karnataka,12.953335,77.795444,2024-01-04,20:00,20,Thursday,0,rural,5,1,rain,low,38,low,weather,major,4,3,0,None,0.45
4868,Bangalore,Karnataka,13.128269,77.535248,2024-12-09,5:00,5,Monday,0,highway,1,0,clear,high,36,high,drunk driving,minor,2,0,0,None,0.3
4871,Bangalore,Karnataka,12.917477,77.627653,2023-02-10,12:00,12,Friday,0,rural,3,0,rain,medium,21,high,poor road,minor,2,0,0,None,0.45
4880,Bangalore,Karnataka,13.131996,77.578178,2022-01-19,13:00,13,Wednesday,0,urban,6,1,clear,high,39,medium,poor road,major,5,0,0,None,0.1
4885,Bangalore,Karnataka,12.912651,77.433626,2022-03-09,20:00,20,Wednesday,0,highway,1,0,rain,low,17,high,distraction,fatal,2,2,0,None,0.85
4887,Bangalore,Karnataka,12.893412,77.752412,2024-08-20,18:00,18,Tuesday,0,urban,4,1,clear,high,24,high,weather,minor,5,3,1,None,0.45
4894,Bangalore,Karnataka,12.967193,77.639202,2022-09-16,2:00,2,Friday,0,highway,1,0,rain,medium,15,medium,weather,major,4,2,0,None,0.25
4898,Bangalore,Karnataka,12.961094,77.449493,2023-09-30,10:00,10,Saturday,1,highway,3,0,rain,low,19,high,distraction,major,5,2,1,None,0.8
4900,Bangalore,Karnataka,13.080576,77.77971,2024-03-17,23:00,23,Sunday,1,rural,2,1,fog,low,36,high,weather,minor,3,1,0,None,0.65
4905,Bangalore,Karnataka,12.982812,77.78809,2023-01-20,3:00,3,Friday,0,urban,4,1,fog,low,38,low,weather,major,1,0,0,None,0.45
4920,Bangalore,Karnataka,12.991702,77.564895,2023-10-26,4:00,4,Thursday,0,urban,2,0,clear,high,26,medium,poor road,minor,2,0,0,None,0.1
4923,Bangalore,Karnataka,12.997239,77.726836,2024-10-26,10:00,10,Saturday,1,rural,5,0,fog,low,22,medium,distraction,minor,5,3,1,None,0.6
4928,Bangalore,Karnataka,12.842901,77.574622,2023-11-10,17:00,17,Friday,0,rural,6,0,rain,low,35,high,distraction,minor,3,0,1,None,0.8
4945,Bangalore,Karnataka,13.09085,77.696524,2022-05-16,10:00,10,Monday,0,highway,2,0,clear,high,27,medium,distraction,minor,4,3,1,None,0.25
4947,Bangalore,Karnataka,13.167532,77.62849,2024-12-13,23:00,23,Friday,0,rural,4,1,rain,medium,15,high,overspeeding,minor,1,0,0,None,0.45
4948,Bangalore,Karnataka,13.073611,77.756236,2022-08-27,5:00,5,Saturday,1,highway,1,0,clear,high,35,medium,weather,minor,3,3,0,None,0.1
4953,Bangalore,Karnataka,12.898668,77.595409,2022-12-04,5:00,5,Sunday,1,rural,5,0,fog,low,34,medium,poor road,major,2,0,0,None,0.45
4972,Bangalore,Karnataka,12.994752,77.762217,2023-11-08,8:00,8,Wednesday,0,rural,6,0,rain,low,24,medium,distraction,major,1,0,1,None,0.6
4979,Bangalore,Karnataka,13.053339,77.504172,2025-01-20,8:00,8,Monday,0,urban,3,0,fog,low,26,high,drunk driving,major,3,3,1,None,0.8
4980,Bangalore,Karnataka,12.982858,77.434607,2023-01-01,6:00,6,Sunday,1,rural,2,1,rain,low,20,high,poor road,minor,5,2,0,New Year,0.75
4997,Bangalore,Karnataka,12.807442,77.454932,2022-04-26,19:00,19,Tuesday,0,highway,1,0,fog,low,18,low,drunk driving,major,5,0,1,None,0.6
5008,Bangalore,Karnataka,13.189108,77.465783,2024-06-13,5:00,5,Thursday,0,urban,6,0,rain,medium,22,high,drunk driving,minor,5,1,0,None,0.45
5023,Bangalore,Karnataka,13.143186,77.531499,2022-05-06,16:00,16,Friday,0,urban,6,1,fog,low,40,high,overspeeding,fatal,4,4,0,None,0.85
5027,Bangalore,Karnataka,12.989707,77.449087,2023-10-21,8:00,8,Saturday,1,urban,1,1,rain,medium,39,high,overspeeding,major,5,1,1,None,0.6
5033,Bangalore,Karnataka,12.872679,77.442766,2022-09-14,18:00,18,Wednesday,0,highway,2,1,fog,low,18,medium,distraction,major,4,3,1,None,0.6
5044,Bangalore,Karnataka,12.802817,77.472978,2023-10-24,21:00,21,Tuesday,0,urban,1,1,fog,low,36,high,weather,minor,3,2,0,None,0.65
5069,Bangalore,Karnataka,12.890276,77.69833,2022-08-21,8:00,8,Sunday,1,urban,2,0,fog,low,40,high,distraction,minor,2,1,1,None,0.8
5096,Bangalore,Karnataka,12.890989,77.443506,2023-06-28,5:00,5,Wednesday,0,urban,1,1,rain,medium,34,low,overspeeding,minor,4,0,0,None,0.25
5101,Bangalore,Karnataka,12.852779,77.597372,2022-06-06,14:00,14,Monday,0,rural,6,0,rain,medium,16,low,overspeeding,minor,4,4,0,None,0.25
5106,Bangalore,Karnataka,13.034208,77.520438,2024-01-25,21:00,21,Thursday,0,highway,3,1,fog,low,39,medium,weather,major,3,2,0,None,0.45
5107,Bangalore,Karnataka,12.944026,77.418823,2023-04-05,13:00,13,Wednesday,0,highway,6,0,rain,low,19,medium,distraction,major,3,1,0,None,0.45
5108,Bangalore,Karnataka,13.11136,77.563966,2022-07-16,10:00,10,Saturday,1,urban,1,1,rain,low,25,high,poor road,major,3,2,1,None,0.8
5124,Bangalore,Karnataka,13.055809,77.606913,2024-03-29,16:00,16,Friday,0,urban,5,0,clear,high,35,medium,drunk driving,major,4,0,0,None,0.1
5126,Bangalore,Karnataka,13.091983,77.713195,2023-04-12,16:00,16,Wednesday,0,highway,5,0,rain,low,17,low,weather,minor,5,5,0,None,0.45
5129,Bangalore,Karnataka,13.097794,77.577795,2022-09-12,21:00,21,Monday,0,highway,6,1,clear,high,32,low,poor road,fatal,3,3,0,None,0.3
5133,Bangalore,Karnataka,13.056762,77.491461,2024-01-04,21:00,21,Thursday,0,rural,6,0,fog,low,30,low,poor road,major,1,1,0,None,0.45
5140,Bangalore,Karnataka,13.00604,77.717864,2025-01-31,1:00,1,Friday,0,rural,6,0,fog,low,32,low,poor road,fatal,1,1,0,None,0.65
5146,Bangalore,Karnataka,12.912287,77.779228,2022-06-27,11:00,11,Monday,0,urban,1,1,fog,low,30,high,overspeeding,major,3,2,0,None,0.65
5157,Bangalore,Karnataka,12.94066,77.794878,2023-09-05,15:00,15,Tuesday,0,urban,5,0,fog,low,37,low,overspeeding,minor,1,0,0,None,0.45
5181,Bangalore,Karnataka,12.973737,77.609044,2023-06-10,16:00,16,Saturday,1,highway,6,0,fog,low,38,medium,overspeeding,minor,3,0,0,None,0.45
5182,Bangalore,Karnataka,12.990476,77.552686,2022-04-02,13:00,13,Saturday,1,highway,2,0,fog,low,39,medium,weather,minor,5,5,0,None,0.45
5202,Bangalore,Karnataka,13.022967,77.451662,2022-08-13,17:00,17,Saturday,1,rural,5,1,fog,low,32,high,weather,major,1,1,1,None,0.8
5223,Bangalore,Karnataka,12.801797,77.427985,2023-05-20,3:00,3,Saturday,1,rural,4,1,fog,low,34,low,drunk driving,minor,4,4,0,None,0.45
5225,Bangalore,Karnataka,12.987178,77.573292,2024-09-11,6:00,6,Wednesday,0,highway,2,1,clear,high,30,medium,weather,minor,3,0,0,None,0.1
5233,Bangalore,Karnataka,12.957344,77.497573,2024-06-25,21:00,21,Tuesday,0,urban,6,1,clear,high,24,high,distraction,minor,5,2,0,None,0.3
5234,Bangalore,Karnataka,12.970866,77.727784,2022-07-03,3:00,3,Sunday,1,highway,1,1,rain,low,16,medium,distraction,major,3,0,0,None,0.45
5243,Bangalore,Karnataka,13.091095,77.682125,2024-02-27,3:00,3,Tuesday,0,rural,2,1,rain,low,38,low,drunk driving,major,5,4,0,None,0.45
5247,Bangalore,Karnataka,13.104214,77.48054,2023-05-15,23:00,23,Monday,0,highway,2,1,clear,high,19,low,weather,minor,1,0,0,None,0.1
5268,Bangalore,Karnataka,13.117755,77.616941,2022-06-08,14:00,14,Wednesday,0,urban,4,1,fog,low,25,medium,poor road,minor,4,1,0,None,0.45
5281,Bangalore,Karnataka,12.881647,77.486966,2024-01-31,19:00,19,Wednesday,0,highway,5,1,fog,low,15,medium,overspeeding,minor,1,1,1,None,0.6
5284,Bangalore,Karnataka,12.873421,77.68583,2023-09-12,5:00,5,Tuesday,0,urban,2,1,rain,low,22,low,weather,minor,4,2,0,None,0.45
5292,Bangalore,Karnataka,13.072683,77.656376,2023-08-15,9:00,9,Tuesday,0,highway,1,1,fog,low,24,low,weather,minor,2,2,1,None,0.6
5296,Bangalore,Karnataka,13.05414,77.471889,2024-02-13,1:00,1,Tuesday,0,urban,2,1,fog,low,38,low,poor road,minor,5,0,0,None,0.45
5301,Bangalore,Karnataka,12.805664,77.462955,2024-08-15,23:00,23,Thursday,0,rural,2,1,clear,high,34,medium,overspeeding,minor,1,1,0,None,0.1
5321,Bangalore,Karnataka,13.115534,77.582504,2022-05-13,4:00,4,Friday,0,highway,1,0,rain,medium,34,low,weather,major,5,4,0,None,0.25
5324,Bangalore,Karnataka,12.946062,77.558661,2022-01-15,23:00,23,Saturday,1,rural,6,0,rain,medium,31,low,poor road,fatal,4,4,0,None,0.45
5329,Bangalore,Karnataka,12.970376,77.780008,2022-12-07,20:00,20,Wednesday,0,rural,3,1,rain,medium,35,high,overspeeding,minor,3,2,0,None,0.45
5330,Bangalore,Karnataka,12.850867,77.537287,2024-06-02,18:00,18,Sunday,1,rural,4,1,rain,low,33,medium,poor road,minor,3,2,1,None,0.6
5334,Bangalore,Karnataka,12.883751,77.476178,2024-02-03,17:00,17,Saturday,1,highway,2,1,fog,low,18,medium,weather,minor,3,1,1,None,0.6
5356,Bangalore,Karnataka,13.157419,77.665727,2025-03-10,9:00,9,Monday,0,urban,2,1,fog,low,34,low,distraction,fatal,2,2,1,None,0.8
5364,Bangalore,Karnataka,12.986457,77.594578,2022-06-03,4:00,4,Friday,0,rural,6,0,clear,high,28,medium,weather,minor,4,4,0,None,0.1
5366,Bangalore,Karnataka,13.085925,77.532018,2022-03-19,12:00,12,Saturday,1,urban,3,1,fog,low,36,low,poor road,minor,4,4,0,None,0.45
5368,Bangalore,Karnataka,12.912812,77.409798,2023-03-20,19:00,19,Monday,0,highway,4,0,clear,high,19,medium,weather,fatal,1,1,1,None,0.45
5373,Bangalore,Karnataka,12.95798,77.617629,2023-06-02,1:00,1,Friday,0,urban,6,1,clear,high,37,low,drunk driving,minor,5,0,0,None,0.1
5379,Bangalore,Karnataka,13.020077,77.674051,2025-01-29,19:00,19,Wednesday,0,rural,5,1,fog,low,28,medium,drunk driving,fatal,5,5,1,None,0.8
5385,Bangalore,Karnataka,13.097851,77.488468,2023-08-09,23:00,23,Wednesday,0,highway,6,0,rain,low,32,medium,poor road,minor,5,3,0,None,0.45
5392,Bangalore,Karnataka,12.984658,77.625371,2022-01-20,9:00,9,Thursday,0,rural,6,0,rain,medium,16,high,overspeeding,major,5,0,1,None,0.6
5397,Bangalore,Karnataka,12.941736,77.413468,2022-09-18,6:00,6,Sunday,1,urban,5,1,fog,low,26,low,distraction,minor,5,4,0,None,0.45
5399,Bangalore,Karnataka,13.179397,77.71416,2024-04-02,19:00,19,Tuesday,0,urban,5,0,fog,low,26,low,weather,minor,1,0,1,None,0.6
5408,Bangalore,Karnataka,13.122625,77.533743,2022-04-28,22:00,22,Thursday,0,rural,5,1,fog,low,20,low,overspeeding,minor,4,1,0,None,0.45
5410,Bangalore,Karnataka,12.862682,77.794834,2024-06-05,17:00,17,Wednesday,0,rural,6,0,fog,low,18,high,weather,fatal,5,5,1,None,1.0
5428,Bangalore,Karnataka,12.964773,77.780326,2023-05-22,19:00,19,Monday,0,urban,4,0,clear,high,23,high,overspeeding,minor,4,1,1,None,0.45
5437,Bangalore,Karnataka,12.838725,77.478459,2023-01-20,5:00,5,Friday,0,highway,3,0,fog,low,26,low,weather,fatal,3,3,0,None,0.65
5438,Bangalore,Karnataka,12.853135,77.670614,2022-10-26,7:00,7,Wednesday,0,rural,3,1,rain,low,17,medium,weather,minor,2,1,0,None,0.45
5440,Bangalore,Karnataka,12.918455,77.580499,2022-11-23,3:00,3,Wednesday,0,highway,6,1,rain,medium,23,medium,weather,fatal,2,2,0,None,0.45
5447,Bangalore,Karnataka,12.922072,77.681511,2025-03-27,10:00,10,Thursday,0,urban,3,0,fog,low,25,medium,weather,minor,1,0,1,None,0.6
5457,Bangalore,Karnataka,13.19161,77.693712,2024-04-29,1:00,1,Monday,0,rural,6,1,clear,high,32,medium,overspeeding,minor,3,3,0,None,0.1
5460,Bangalore,Karnataka,12.811641,77.405098,2022-11-17,20:00,20,Thursday,0,rural,1,1,fog,low,27,high,poor road,minor,5,4,0,None,0.65
5488,Bangalore,Karnataka,13.018429,77.600969,2022-09-30,1:00,1,Friday,0,urban,6,0,rain,medium,25,low,poor road,minor,3,1,0,None,0.25
5491,Bangalore,Karnataka,13.187209,77.508319,2023-11-25,18:00,18,Saturday,1,highway,3,1,clear,high,37,medium,distraction,minor,3,1,1,None,0.25
5493,Bangalore,Karnataka,13.176114,77.454759,2024-05-29,8:00,8,Wednesday,0,highway,5,0,rain,low,17,high,poor road,major,5,3,1,None,0.8
5501,Bangalore,Karnataka,12.922691,77.403011,2023-04-24,15:00,15,Monday,0,urban,5,0,fog,low,25,high,drunk driving,major,5,0,0,None,0.65
5506,Bangalore,Karnataka,12.816405,77.528906,2023-06-21,9:00,9,Wednesday,0,rural,5,0,fog,low,30,medium,overspeeding,minor,1,0,1,None,0.6
5511,Bangalore,Karnataka,13.079926,77.693856,2022-05-14,0:00,0,Saturday,1,urban,2,1,fog,low,21,medium,poor road,major,1,0,0,None,0.45
5523,Bangalore,Karnataka,13.166211,77.536635,2023-03-05,1:00,1,Sunday,1,rural,4,0,rain,low,33,low,overspeeding,fatal,5,5,0,None,0.65
5530,Bangalore,Karnataka,13.071398,77.74644,2022-12-08,17:00,17,Thursday,0,urban,2,1,clear,high,22,medium,poor road,fatal,2,2,1,None,0.45
5543,Bangalore,Karnataka,13.118736,77.704231,2023-07-11,17:00,17,Tuesday,0,highway,2,0,clear,high,18,high,overspeeding,fatal,1,1,1,None,0.65
5545,Bangalore,Karnataka,13.169323,77.51386,2022-11-01,1:00,1,Tuesday,0,rural,4,0,rain,low,39,low,distraction,minor,5,0,0,None,0.45
5549,Bangalore,Karnataka,13.07194,77.75631,2022-01-06,10:00,10,Thursday,0,rural,6,0,rain,low,23,high,overspeeding,fatal,2,2,1,None,1.0
5552,Bangalore,Karnataka,12.834896,77.565671,2024-06-04,6:00,6,Tuesday,0,highway,3,1,fog,low,31,medium,weather,fatal,2,2,0,None,0.65
5554,Bangalore,Karnataka,12.989946,77.493631,2022-10-12,19:00,19,Wednesday,0,rural,5,0,rain,low,40,high,drunk driving,fatal,2,2,1,None,1.0
5557,Bangalore,Karnataka,12.879575,77.46087,2023-07-08,9:00,9,Saturday,1,urban,4,1,fog,low,27,high,drunk driving,minor,2,0,1,None,0.8
5567,Bangalore,Karnataka,13.012395,77.416751,2022-04-22,8:00,8,Friday,0,highway,4,1,rain,low,39,high,distraction,minor,3,0,1,None,0.8
5592,Bangalore,Karnataka,13.177701,77.706924,2024-08-11,2:00,2,Sunday,1,rural,1,1,clear,high,35,low,poor road,minor,3,2,0,None,0.1
5630,Bangalore,Karnataka,12.888553,77.48314,2024-11-11,6:00,6,Monday,0,rural,5,1,fog,low,24,high,poor road,minor,2,1,0,None,0.65
5634,Bangalore,Karnataka,13.090995,77.417432,2022-02-05,23:00,23,Saturday,1,highway,4,1,fog,low,35,low,drunk driving,minor,2,0,0,None,0.45
5648,Bangalore,Karnataka,13.02973,77.761603,2024-10-12,0:00,0,Saturday,1,highway,4,1,clear,high,22,low,distraction,fatal,5,5,0,None,0.3
5649,Bangalore,Karnataka,12.935187,77.774336,2024-07-01,14:00,14,Monday,0,urban,3,1,rain,medium,18,high,drunk driving,minor,1,0,0,None,0.45
5653,Bangalore,Karnataka,12.84211,77.47652,2023-07-23,23:00,23,Sunday,1,rural,4,0,clear,high,32,high,weather,minor,1,1,0,None,0.3
5658,Bangalore,Karnataka,12.870346,77.601306,2023-09-07,8:00,8,Thursday,0,highway,5,0,clear,high,34,medium,distraction,minor,4,3,1,None,0.25
5659,Bangalore,Karnataka,13.152932,77.570506,2024-07-20,9:00,9,Saturday,1,highway,6,1,clear,high,36,high,distraction,major,4,4,1,None,0.45
5662,Bangalore,Karnataka,12.897983,77.756634,2023-10-01,13:00,13,Sunday,1,highway,4,0,fog,low,36,medium,poor road,fatal,1,1,0,None,0.65
5669,Bangalore,Karnataka,13.000155,77.67906,2022-01-07,9:00,9,Friday,0,urban,6,0,fog,low,40,high,overspeeding,minor,4,0,1,None,0.8
5682,Bangalore,Karnataka,12.859836,77.469,2023-10-04,11:00,11,Wednesday,0,rural,1,1,clear,high,32,high,distraction,major,4,3,0,None,0.3
5696,Bangalore,Karnataka,12.914993,77.78864,2023-06-21,11:00,11,Wednesday,0,urban,1,0,clear,high,19,low,overspeeding,major,5,2,0,None,0.1
5716,Bangalore,Karnataka,13.026288,77.488893,2024-11-07,22:00,22,Thursday,0,rural,2,1,fog,low,20,medium,overspeeding,major,5,1,0,None,0.45
5735,Bangalore,Karnataka,12.82073,77.526734,2024-11-02,6:00,6,Saturday,1,urban,4,1,fog,low,38,high,poor road,minor,4,0,0,None,0.65
5738,Bangalore,Karnataka,12.94686,77.690505,2023-11-07,17:00,17,Tuesday,0,urban,5,0,fog,low,20,high,distraction,minor,2,1,1,None,0.8
5754,Bangalore,Karnataka,13.13489,77.719472,2025-01-22,2:00,2,Wednesday,0,urban,5,1,clear,high,36,high,drunk driving,minor,5,0,0,None,0.3
5755,Bangalore,Karnataka,13.046781,77.606587,2024-08-21,15:00,15,Wednesday,0,highway,3,1,clear,high,30,high,weather,minor,2,0,0,None,0.3
5759,Bangalore,Karnataka,12.991124,77.722051,2024-02-13,2:00,2,Tuesday,0,highway,4,1,fog,low,30,low,weather,major,1,0,0,None,0.45
5761,Bangalore,Karnataka,12.821344,77.760962,2023-01-31,16:00,16,Tuesday,0,urban,6,0,clear,high,19,high,distraction,minor,1,1,0,None,0.3
5763,Bangalore,Karnataka,13.19628,77.78321,2024-11-13,2:00,2,Wednesday,0,urban,6,1,rain,low,17,low,weather,minor,5,5,0,None,0.45
5767,Bangalore,Karnataka,12.955954,77.653501,2023-02-16,18:00,18,Thursday,0,highway,3,0,rain,medium,33,high,poor road,minor,5,3,1,None,0.6
5784,Bangalore,Karnataka,12.8004,77.432491,2023-06-17,23:00,23,Saturday,1,rural,2,0,fog,low,30,low,overspeeding,minor,5,5,0,None,0.45
5794,Bangalore,Karnataka,13.170551,77.678952,2024-07-18,19:00,19,Thursday,0,rural,5,1,clear,high,23,low,weather,minor,5,3,1,None,0.25
5802,Bangalore,Karnataka,12.93578,77.653656,2023-10-06,3:00,3,Friday,0,highway,1,0,fog,low,33,low,weather,major,4,0,0,None,0.45
5803,Bangalore,Karnataka,13.196995,77.782766,2023-05-29,17:00,17,Monday,0,rural,4,0,rain,low,25,low,poor road,fatal,3,3,1,None,0.8
5804,Bangalore,Karnataka,13.151087,77.477214,2023-07-28,21:00,21,Friday,0,rural,3,0,rain,low,39,low,distraction,minor,2,1,0,None,0.45
5813,Bangalore,Karnataka,13.140769,77.657971,2022-12-23,5:00,5,Friday,0,highway,5,0,rain,medium,33,medium,drunk driving,minor,3,1,0,None,0.25
5816,Bangalore,Karnataka,12.86159,77.508676,2023-06-14,3:00,3,Wednesday,0,urban,5,1,rain,medium,36,low,poor road,minor,5,4,0,None,0.25
5817,Bangalore,Karnataka,12.873692,77.686089,2025-02-08,9:00,9,Saturday,1,urban,6,0,rain,low,38,high,distraction,minor,2,1,1,None,0.8
5819,Bangalore,Karnataka,12.932887,77.651599,2024-10-23,6:00,6,Wednesday,0,rural,1,1,rain,medium,16,low,drunk driving,major,2,0,0,None,0.25
5835,Bangalore,Karnataka,12.952134,77.534496,2022-04-01,12:00,12,Friday,0,highway,2,1,rain,medium,33,high,drunk driving,minor,5,0,0,None,0.45
5838,Bangalore,Karnataka,13.012304,77.797837,2024-02-08,13:00,13,Thursday,0,rural,3,1,clear,high,29,low,drunk driving,minor,1,1,0,None,0.1
5851,Bangalore,Karnataka,13.009695,77.592094,2023-01-12,16:00,16,Thursday,0,highway,1,0,clear,high,19,low,drunk driving,minor,1,1,0,None,0.1
5852,Bangalore,Karnataka,13.095173,77.538106,2022-02-22,18:00,18,Tuesday,0,urban,4,1,rain,low,20,medium,drunk driving,minor,4,4,1,None,0.6
5853,Bangalore,Karnataka,12.830566,77.407416,2022-06-20,14:00,14,Monday,0,rural,3,1,rain,low,15,medium,drunk driving,minor,2,1,0,None,0.45
5864,Bangalore,Karnataka,13.062233,77.576388,2023-06-11,16:00,16,Sunday,1,highway,6,1,clear,high,29,medium,poor road,minor,1,1,0,None,0.1
5865,Bangalore,Karnataka,12.938908,77.751178,2025-04-12,7:00,7,Saturday,1,rural,3,1,clear,high,28,low,weather,minor,2,0,0,None,0.1
5873,Bangalore,Karnataka,12.895354,77.780402,2024-10-17,14:00,14,Thursday,0,rural,2,1,fog,low,37,high,poor road,minor,5,1,0,None,0.65
5888,Bangalore,Karnataka,12.934179,77.52738,2024-08-18,15:00,15,Sunday,1,rural,3,0,clear,high,25,high,weather,fatal,2,2,0,None,0.5
5889,Bangalore,Karnataka,12.836964,77.583452,2024-10-27,23:00,23,Sunday,1,highway,3,0,rain,medium,34,medium,weather,major,2,1,0,None,0.25
5895,Bangalore,Karnataka,12.988309,77.735598,2023-06-05,1:00,1,Monday,0,highway,5,0,rain,low,21,low,weather,minor,1,0,0,None,0.45
5897,Bangalore,Karnataka,13.13876,77.789232,2022-08-26,1:00,1,Friday,0,rural,5,1,fog,low,23,high,overspeeding,major,5,2,0,None,0.65
5915,Bangalore,Karnataka,13.18108,77.458889,2023-02-06,13:00,13,Monday,0,rural,4,1,clear,high,23,medium,weather,minor,2,1,0,None,0.1
5916,Bangalore,Karnataka,13.126443,77.471182,2022-11-17,6:00,6,Thursday,0,rural,4,0,rain,medium,36,high,overspeeding,minor,3,1,0,None,0.45
5917,Bangalore,Karnataka,12.816895,77.708221,2022-03-11,9:00,9,Friday,0,highway,6,1,clear,high,15,high,weather,fatal,1,1,1,None,0.65
5920,Bangalore,Karnataka,13.03954,77.672959,2022-07-27,0:00,0,Wednesday,0,urban,4,1,clear,high,17,medium,distraction,minor,2,1,0,None,0.1
5922,Bangalore,Karnataka,13.015296,77.759145,2022-07-31,22:00,22,Sunday,1,rural,4,0,fog,low,30,low,distraction,major,1,1,0,None,0.45
5930,Bangalore,Karnataka,12.846306,77.419057,2024-02-26,21:00,21,Monday,0,rural,6,1,fog,low,39,high,weather,minor,2,2,0,None,0.65
5935,Bangalore,Karnataka,12.800915,77.782571,2022-02-01,4:00,4,Tuesday,0,urban,1,0,clear,high,22,low,drunk driving,minor,2,1,0,None,0.1
5937,Bangalore,Karnataka,13.11062,77.621909,2022-01-25,10:00,10,Tuesday,0,urban,6,0,rain,medium,27,medium,distraction,major,5,4,1,None,0.4
5942,Bangalore,Karnataka,12.807774,77.626603,2022-09-04,4:00,4,Sunday,1,highway,6,1,fog,low,38,low,drunk driving,fatal,3,3,0,None,0.65
5950,Bangalore,Karnataka,13.060821,77.604988,2022-12-30,12:00,12,Friday,0,rural,3,0,fog,low,24,medium,distraction,fatal,1,1,0,None,0.65
5965,Bangalore,Karnataka,13.041846,77.648918,2024-02-29,14:00,14,Thursday,0,rural,4,0,clear,high,36,high,weather,fatal,2,2,0,None,0.5
5967,Bangalore,Karnataka,12.863921,77.797546,2022-02-23,1:00,1,Wednesday,0,highway,4,0,clear,high,29,low,overspeeding,major,3,3,0,None,0.1
5968,Bangalore,Karnataka,12.975163,77.758908,2024-05-22,10:00,10,Wednesday,0,urban,3,0,rain,medium,30,medium,weather,major,1,0,1,None,0.4
5974,Bangalore,Karnataka,13.116134,77.626051,2023-06-10,6:00,6,Saturday,1,rural,3,1,fog,low,32,low,poor road,major,2,1,0,None,0.45
5992,Bangalore,Karnataka,13.00867,77.596409,2022-07-23,3:00,3,Saturday,1,rural,4,0,clear,high,40,low,overspeeding,minor,5,4,0,None,0.1
5994,Bangalore,Karnataka,13.143579,77.607942,2024-02-01,9:00,9,Thursday,0,urban,5,0,clear,high,25,high,drunk driving,fatal,3,3,1,None,0.65
5999,Bangalore,Karnataka,13.020476,77.499055,2023-09-19,23:00,23,Tuesday,0,rural,1,1,fog,low,35,medium,weather,major,1,0,0,None,0.45
6001,Bangalore,Karnataka,12.807333,77.620528,2023-10-13,10:00,10,Friday,0,highway,6,0,rain,medium,29,medium,drunk driving,major,5,2,1,None,0.4
6003,Bangalore,Karnataka,12.915815,77.734856,2023-12-21,10:00,10,Thursday,0,urban,5,0,fog,low,34,high,overspeeding,minor,1,0,1,None,0.8
6007,Bangalore,Karnataka,13.054154,77.592143,2023-04-23,22:00,22,Sunday,1,highway,1,1,fog,low,18,low,drunk driving,minor,2,1,0,None,0.45
6021,Bangalore,Karnataka,12.917117,77.799837,2022-05-11,17:00,17,Wednesday,0,highway,2,0,clear,high,34,low,overspeeding,minor,1,0,1,None,0.25
6028,Bangalore,Karnataka,13.143529,77.700402,2024-01-16,14:00,14,Tuesday,0,highway,1,1,clear,high,39,low,overspeeding,minor,1,0,0,None,0.1
6030,Bangalore,Karnataka,13.121578,77.72777,2023-05-14,18:00,18,Sunday,1,rural,2,1,fog,low,38,high,distraction,minor,5,1,1,None,0.8
6033,Bangalore,Karnataka,12.828919,77.632722,2023-03-09,9:00,9,Thursday,0,highway,4,0,fog,low,31,high,weather,minor,4,3,1,None,0.8
6040,Bangalore,Karnataka,12.929908,77.695205,2023-03-12,15:00,15,Sunday,1,highway,5,0,fog,low,19,high,weather,major,3,0,0,None,0.65
6049,Bangalore,Karnataka,12.899562,77.529474,2024-01-13,9:00,9,Saturday,1,highway,1,0,rain,medium,15,high,weather,major,2,0,1,None,0.6
6064,Bangalore,Karnataka,13.143476,77.688938,2023-03-15,13:00,13,Wednesday,0,highway,6,1,clear,high,17,medium,distraction,minor,2,1,0,None,0.1
6074,Bangalore,Karnataka,13.075219,77.708266,2024-02-29,11:00,11,Thursday,0,rural,4,0,clear,high,28,low,weather,major,4,4,0,None,0.1
6076,Bangalore,Karnataka,12.8137,77.472097,2022-07-03,16:00,16,Sunday,1,urban,4,0,clear,high,17,low,drunk driving,minor,5,3,0,None,0.1
6077,Bangalore,Karnataka,13.038074,77.42629,2022-12-26,18:00,18,Monday,0,urban,4,0,clear,high,18,low,overspeeding,major,4,3,1,None,0.25
6108,Bangalore,Karnataka,12.820305,77.481455,2024-08-11,11:00,11,Sunday,1,rural,4,0,rain,medium,32,high,poor road,minor,2,0,0,None,0.45
6114,Bangalore,Karnataka,12.964717,77.466011,2022-06-26,7:00,7,Sunday,1,highway,1,0,fog,low,20,high,distraction,minor,5,2,0,None,0.65
6116,Bangalore,Karnataka,13.130779,77.782859,2024-12-15,16:00,16,Sunday,1,urban,6,1,rain,low,34,high,poor road,fatal,5,5,0,None,0.85
6119,Bangalore,Karnataka,13.133342,77.635636,2023-06-17,9:00,9,Saturday,1,urban,3,1,clear,high,21,high,poor road,major,5,1,1,None,0.45
6127,Bangalore,Karnataka,12.800553,77.605699,2023-11-16,2:00,2,Thursday,0,highway,2,0,clear,high,37,medium,distraction,minor,2,2,0,None,0.1
6129,Bangalore,Karnataka,12.909271,77.765835,2024-03-21,21:00,21,Thursday,0,urban,6,0,rain,low,18,medium,distraction,minor,5,3,0,None,0.45
6150,Bangalore,Karnataka,12.846133,77.408217,2024-03-18,15:00,15,Monday,0,urban,6,0,rain,medium,33,medium,weather,minor,1,0,0,None,0.25
6161,Bangalore,Karnataka,12.862315,77.590348,2025-02-28,4:00,4,Friday,0,rural,4,1,clear,high,31,low,poor road,major,4,1,0,None,0.1
6169,Bangalore,Karnataka,13.00976,77.685389,2025-04-07,18:00,18,Monday,0,rural,6,0,rain,low,25,high,weather,minor,5,3,1,None,0.8
6172,Bangalore,Karnataka,13.045421,77.740521,2022-11-16,3:00,3,Wednesday,0,urban,5,0,rain,low,34,medium,poor road,major,3,1,0,None,0.45
6182,Bangalore,Karnataka,13.187751,77.649136,2022-10-26,22:00,22,Wednesday,0,urban,4,1,rain,low,17,medium,overspeeding,minor,1,1,0,None,0.45
6204,Bangalore,Karnataka,12.976867,77.440831,2022-05-16,12:00,12,Monday,0,urban,1,0,clear,high,36,high,overspeeding,minor,2,0,0,None,0.3
6244,Bangalore,Karnataka,13.112103,77.658336,2022-11-21,5:00,5,Monday,0,highway,4,0,fog,low,32,medium,overspeeding,minor,3,1,0,None,0.45
6247,Bangalore,Karnataka,13.094141,77.608242,2024-02-22,11:00,11,Thursday,0,urban,2,1,clear,high,25,low,overspeeding,minor,4,4,0,None,0.1
6250,Bangalore,Karnataka,13.162367,77.432205,2023-02-27,22:00,22,Monday,0,rural,1,0,rain,medium,37,medium,poor road,fatal,2,2,0,None,0.45
6257,Bangalore,Karnataka,12.849837,77.528508,2023-11-05,9:00,9,Sunday,1,rural,3,0,clear,high,31,high,distraction,major,1,1,1,None,0.45
6260,Bangalore,Karnataka,13.011499,77.51577,2024-06-22,12:00,12,Saturday,1,highway,6,1,rain,low,16,medium,overspeeding,minor,3,2,0,None,0.45
6285,Bangalore,Karnataka,13.150436,77.60047,2024-10-28,20:00,20,Monday,0,highway,4,0,fog,low,19,medium,distraction,minor,2,2,0,None,0.45
6288,Bangalore,Karnataka,12.987433,77.530198,2022-12-22,11:00,11,Thursday,0,urban,4,0,fog,low,15,high,distraction,minor,3,0,0,None,0.65
6294,Bangalore,Karnataka,12.901635,77.481988,2024-09-08,4:00,4,Sunday,1,rural,5,1,clear,high,32,low,distraction,minor,2,0,0,None,0.1
6306,Bangalore,Karnataka,12.811781,77.470324,2023-03-02,8:00,8,Thursday,0,highway,6,0,rain,medium,21,high,poor road,minor,2,1,1,None,0.6
6321,Bangalore,Karnataka,12.900796,77.735705,2022-03-23,2:00,2,Wednesday,0,rural,4,1,rain,low,23,low,weather,minor,1,0,0,None,0.45
6322,Bangalore,Karnataka,13.089409,77.793416,2023-01-12,2:00,2,Thursday,0,highway,3,1,fog,low,40,low,weather,minor,5,5,0,None,0.45
6331,Bangalore,Karnataka,13.088281,77.526137,2023-05-12,3:00,3,Friday,0,rural,5,0,rain,low,28,low,poor road,minor,1,0,0,None,0.45
6342,Bangalore,Karnataka,13.196868,77.526797,2024-11-08,6:00,6,Friday,0,highway,5,1,fog,low,33,low,distraction,minor,1,0,0,None,0.45
6352,Bangalore,Karnataka,13.012932,77.510929,2022-07-18,3:00,3,Monday,0,rural,2,0,clear,high,37,low,poor road,minor,2,2,0,None,0.1
6353,Bangalore,Karnataka,12.910061,77.481705,2022-04-04,4:00,4,Monday,0,highway,4,0,fog,low,32,low,drunk driving,minor,1,0,0,None,0.45
6368,Bangalore,Karnataka,13.129429,77.406239,2022-09-23,23:00,23,Friday,0,rural,4,1,fog,low,35,medium,distraction,fatal,1,1,0,None,0.65
6375,Bangalore,Karnataka,12.994591,77.577117,2022-02-14,0:00,0,Monday,0,urban,5,0,clear,high,38,low,distraction,minor,2,2,0,None,0.1
6382,Bangalore,Karnataka,12.84622,77.483683,2025-02-19,6:00,6,Wednesday,0,rural,5,1,rain,medium,22,low,overspeeding,fatal,3,3,0,None,0.45
6385,Bangalore,Karnataka,13.095394,77.780546,2022-10-10,3:00,3,Monday,0,urban,6,0,fog,low,24,medium,overspeeding,fatal,3,3,0,None,0.65
6389,Bangalore,Karnataka,13.00993,77.70921,2022-09-20,0:00,0,Tuesday,0,urban,2,0,clear,high,16,low,distraction,fatal,5,5,0,None,0.3
6401,Bangalore,Karnataka,12.903411,77.602147,2023-08-13,3:00,3,Sunday,1,rural,6,1,clear,high,33,medium,drunk driving,fatal,5,5,0,None,0.3
6426,Bangalore,Karnataka,13.035746,77.544352,2022-10-09,2:00,2,Sunday,1,highway,4,1,fog,low,23,low,overspeeding,major,4,2,0,None,0.45
6428,Bangalore,Karnataka,12.952296,77.714341,2024-12-28,5:00,5,Saturday,1,highway,4,1,clear,high,15,low,weather,major,1,0,0,None,0.1
6429,Bangalore,Karnataka,13.014651,77.514689,2024-01-16,6:00,6,Tuesday,0,urban,3,1,clear,high,34,high,weather,minor,1,0,0,None,0.3
6437,Bangalore,Karnataka,13.186168,77.600295,2022-11-21,15:00,15,Monday,0,urban,5,0,fog,low,40,low,weather,minor,4,4,0,None,0.45
6445,Bangalore,Karnataka,13.143172,77.635152,2022-09-19,10:00,10,Monday,0,highway,6,1,clear,high,22,high,poor road,minor,1,1,1,None,0.45
6449,Bangalore,Karnataka,13.00538,77.666298,2022-04-09,8:00,8,Saturday,1,urban,5,0,rain,low,38,high,drunk driving,major,2,0,1,None,0.8
6455,Bangalore,Karnataka,13.047294,77.761686,2023-10-09,17:00,17,Monday,0,rural,4,1,rain,low,25,medium,drunk driving,minor,3,2,1,None,0.6
6461,Bangalore,Karnataka,13.150431,77.750192,2023-10-01,10:00,10,Sunday,1,urban,4,1,clear,high,16,high,distraction,major,4,3,1,None,0.45
6471,Bangalore,Karnataka,13.090932,77.766845,2024-08-26,5:00,5,Monday,0,urban,4,0,rain,medium,21,high,poor road,minor,1,0,0,None,0.45
6473,Bangalore,Karnataka,12.822068,77.432819,2023-08-27,11:00,11,Sunday,1,urban,6,1,fog,low,21,medium,poor road,major,5,0,0,None,0.45
6475,Bangalore,Karnataka,12.890563,77.734269,2023-01-06,21:00,21,Friday,0,urban,5,0,clear,high,36,medium,drunk driving,minor,2,0,0,None,0.1
6477,Bangalore,Karnataka,12.975578,77.741398,2022-12-20,15:00,15,Tuesday,0,highway,5,0,fog,low,32,medium,distraction,major,5,4,0,None,0.45
6480,Bangalore,Karnataka,12.891715,77.495886,2025-02-03,9:00,9,Monday,0,rural,4,1,rain,low,23,high,weather,major,3,2,1,None,0.8
6491,Bangalore,Karnataka,12.966465,77.690345,2022-03-02,8:00,8,Wednesday,0,highway,1,1,clear,high,27,high,drunk driving,minor,1,1,1,None,0.45
6494,Bangalore,Karnataka,13.077193,77.541773,2024-11-12,1:00,1,Tuesday,0,rural,4,1,fog,low,20,low,distraction,minor,3,0,0,None,0.45
6497,Bangalore,Karnataka,12.852967,77.489302,2022-04-19,10:00,10,Tuesday,0,rural,5,1,clear,high,40,high,drunk driving,minor,5,1,1,None,0.45
6498,Bangalore,Karnataka,12.886691,77.72224,2023-05-19,6:00,6,Friday,0,rural,2,0,clear,high,31,high,poor road,minor,2,1,0,None,0.3
6505,Bangalore,Karnataka,13.093655,77.439938,2024-10-17,22:00,22,Thursday,0,rural,2,0,clear,high,32,medium,weather,minor,3,2,0,None,0.1
6512,Bangalore,Karnataka,13.050849,77.742913,2025-03-04,8:00,8,Tuesday,0,urban,1,1,rain,low,26,high,weather,major,4,4,1,None,0.8
6535,Bangalore,Karnataka,13.188117,77.465799,2022-12-01,16:00,16,Thursday,0,highway,2,1,clear,high,21,high,distraction,minor,4,4,0,None,0.3
6540,Bangalore,Karnataka,12.896941,77.442995,2023-01-24,21:00,21,Tuesday,0,rural,2,0,rain,medium,36,low,drunk driving,major,1,0,0,None,0.25
6564,Bangalore,Karnataka,12.88679,77.76161,2023-11-07,2:00,2,Tuesday,0,rural,1,0,rain,medium,20,low,drunk driving,minor,5,0,0,None,0.25
6576,Bangalore,Karnataka,13.076281,77.521456,2023-08-05,2:00,2,Saturday,1,rural,5,0,fog,low,37,low,drunk driving,major,3,0,0,None,0.45
6583,Bangalore,Karnataka,12.813278,77.580033,2022-10-17,13:00,13,Monday,0,rural,1,1,fog,low,36,low,weather,major,3,1,0,None,0.45
6590,Bangalore,Karnataka,13.118889,77.528002,2023-07-30,16:00,16,Sunday,1,rural,4,0,clear,high,18,medium,drunk driving,minor,2,1,0,None,0.1
6593,Bangalore,Karnataka,12.958002,77.559219,2022-07-06,19:00,19,Wednesday,0,rural,4,1,clear,high,38,low,overspeeding,major,3,1,1,None,0.25
6595,Bangalore,Karnataka,13.143661,77.638985,2022-06-12,23:00,23,Sunday,1,urban,4,0,clear,high,39,high,distraction,minor,1,1,0,None,0.3
6599,Bangalore,Karnataka,13.114478,77.720124,2022-03-12,2:00,2,Saturday,1,rural,6,0,clear,high,35,low,poor road,fatal,1,1,0,None,0.3
6601,Bangalore,Karnataka,12.91826,77.734578,2024-12-02,16:00,16,Monday,0,rural,5,1,clear,high,34,low,distraction,minor,1,1,0,None,0.1
6606,Bangalore,Karnataka,13.173459,77.580472,2022-04-18,3:00,3,Monday,0,highway,4,1,clear,high,27,low,overspeeding,major,4,4,0,None,0.1
6619,Bangalore,Karnataka,12.80588,77.570293,2023-10-09,3:00,3,Monday,0,urban,2,1,clear,high,29,high,poor road,minor,5,1,0,None,0.3
6620,Bangalore,Karnataka,13.085959,77.546887,2024-05-30,5:00,5,Thursday,0,highway,3,1,fog,low,22,low,weather,minor,4,4,0,None,0.45
6625,Bangalore,Karnataka,12.833012,77.788842,2024-09-16,12:00,12,Monday,0,urban,5,0,fog,low,24,medium,weather,major,3,0,0,None,0.45
6628,Bangalore,Karnataka,13.087644,77.420467,2022-12-01,17:00,17,Thursday,0,rural,2,0,clear,high,37,high,drunk driving,fatal,5,5,1,None,0.65
6634,Bangalore,Karnataka,12.902662,77.619403,2023-07-07,19:00,19,Friday,0,highway,4,0,clear,high,29,high,distraction,major,4,2,1,None,0.45
6654,Bangalore,Karnataka,12.8946,77.506568,2024-03-17,17:00,17,Sunday,1,urban,4,1,rain,medium,39,high,poor road,major,2,0,1,None,0.6
6655,Bangalore,Karnataka,12.966909,77.750854,2022-10-15,9:00,9,Saturday,1,urban,5,1,clear,high,22,high,overspeeding,fatal,1,1,1,None,0.65
6657,Bangalore,Karnataka,12.808581,77.698705,2024-01-27,1:00,1,Saturday,1,highway,3,0,rain,medium,25,low,poor road,major,1,1,0,None,0.25
6660,Bangalore,Karnataka,13.119388,77.664511,2024-08-31,6:00,6,Saturday,1,urban,1,1,rain,medium,22,low,weather,minor,2,2,0,None,0.25
6663,Bangalore,Karnataka,13.085919,77.482418,2022-04-09,6:00,6,Saturday,1,urban,2,1,rain,low,24,low,distraction,minor,5,0,0,None,0.45
6680,Bangalore,Karnataka,13.132889,77.669733,2025-03-31,11:00,11,Monday,0,highway,1,0,fog,low,31,low,overspeeding,fatal,2,2,0,None,0.65
6686,Bangalore,Karnataka,13.031929,77.562602,2023-01-25,14:00,14,Wednesday,0,urban,6,0,clear,high,36,medium,weather,minor,4,2,0,None,0.1
6703,Bangalore,Karnataka,12.844138,77.747121,2022-07-26,3:00,3,Tuesday,0,rural,2,1,rain,low,33,high,distraction,fatal,1,1,0,None,0.85
6709,Bangalore,Karnataka,13.090375,77.785413,2023-05-19,8:00,8,Friday,0,highway,1,0,fog,low,25,medium,distraction,major,3,2,1,None,0.6
6716,Bangalore,Karnataka,13.05636,77.775272,2023-12-24,0:00,0,Sunday,1,urban,1,0,fog,low,37,low,distraction,minor,1,1,0,None,0.45
6719,Bangalore,Karnataka,12.975927,77.636795,2022-12-30,9:00,9,Friday,0,urban,6,1,clear,high,18,medium,overspeeding,major,5,4,1,None,0.25
6724,Bangalore,Karnataka,12.932065,77.72777,2024-07-04,4:00,4,Thursday,0,rural,4,1,rain,low,19,low,weather,major,1,0,0,None,0.45
6725,Bangalore,Karnataka,13.119475,77.536304,2024-07-03,21:00,21,Wednesday,0,rural,2,0,rain,low,22,medium,poor road,minor,1,1,0,None,0.45
6732,Bangalore,Karnataka,12.858131,77.550037,2022-01-27,23:00,23,Thursday,0,urban,2,0,fog,low,19,low,drunk driving,minor,3,1,0,None,0.45
6734,Bangalore,Karnataka,13.049569,77.652986,2022-05-11,10:00,10,Wednesday,0,rural,1,0,rain,low,21,high,overspeeding,minor,1,0,1,None,0.8
6735,Bangalore,Karnataka,12.940778,77.653082,2023-01-14,13:00,13,Saturday,1,highway,5,1,fog,low,21,high,weather,minor,4,2,0,None,0.65
6737,Bangalore,Karnataka,12.964022,77.787829,2022-09-05,21:00,21,Monday,0,urban,5,0,clear,high,34,low,overspeeding,minor,5,2,0,None,0.1
6741,Bangalore,Karnataka,13.033555,77.669491,2022-02-10,2:00,2,Thursday,0,urban,2,0,rain,low,19,low,poor road,major,4,3,0,None,0.45
6754,Bangalore,Karnataka,12.835475,77.623308,2022-09-05,20:00,20,Monday,0,urban,5,1,rain,medium,31,low,weather,minor,2,1,0,None,0.25
6765,Bangalore,Karnataka,12.819297,77.652521,2023-12-07,9:00,9,Thursday,0,highway,1,0,clear,high,39,high,weather,minor,1,0,1,None,0.45
6770,Bangalore,Karnataka,12.893993,77.533842,2022-05-26,21:00,21,Thursday,0,highway,1,0,rain,low,24,high,poor road,minor,3,1,0,None,0.65
6777,Bangalore,Karnataka,12.829561,77.635421,2025-04-13,3:00,3,Sunday,1,highway,2,1,fog,low,26,low,weather,major,2,2,0,None,0.45
6783,Bangalore,Karnataka,12.978938,77.707214,2023-09-11,6:00,6,Monday,0,highway,6,1,rain,medium,25,medium,weather,minor,5,2,0,None,0.25
6784,Bangalore,Karnataka,13.120035,77.711499,2022-03-06,6:00,6,Sunday,1,rural,4,0,fog,low,15,low,poor road,major,3,3,0,None,0.45
6788,Bangalore,Karnataka,13.076612,77.766262,2024-02-14,18:00,18,Wednesday,0,rural,2,0,rain,medium,20,high,poor road,fatal,1,1,1,None,0.8
6806,Bangalore,Karnataka,13.183904,77.482959,2023-09-10,23:00,23,Sunday,1,rural,2,1,rain,medium,31,low,overspeeding,minor,5,3,0,None,0.25
6812,Bangalore,Karnataka,12.99879,77.579129,2025-04-08,6:00,6,Tuesday,0,urban,3,0,clear,high,22,low,weather,minor,3,1,0,None,0.1
6813,Bangalore,Karnataka,12.809936,77.730812,2025-02-08,15:00,15,Saturday,1,urban,3,0,rain,low,20,low,distraction,minor,4,1,0,None,0.45
6814,Bangalore,Karnataka,12.990367,77.498045,2023-02-20,0:00,0,Monday,0,highway,3,1,rain,medium,34,low,overspeeding,major,3,3,0,None,0.25
6827,Bangalore,Karnataka,12.921531,77.509553,2024-02-12,2:00,2,Monday,0,urban,2,1,clear,high,23,low,drunk driving,major,2,1,0,None,0.1
6829,Bangalore,Karnataka,12.868963,77.698686,2022-10-22,8:00,8,Saturday,1,rural,1,0,rain,medium,17,medium,poor road,minor,4,0,1,None,0.4
6835,Bangalore,Karnataka,12.835275,77.611882,2023-08-16,14:00,14,Wednesday,0,rural,2,1,clear,high,29,medium,drunk driving,major,2,1,0,None,0.1
6839,Bangalore,Karnataka,13.132387,77.562052,2024-05-16,2:00,2,Thursday,0,highway,1,1,clear,high,18,medium,overspeeding,major,4,3,0,None,0.1
6843,Bangalore,Karnataka,12.83009,77.583718,2023-11-21,12:00,12,Tuesday,0,rural,6,1,rain,low,16,medium,distraction,fatal,3,3,0,None,0.65
6845,Bangalore,Karnataka,13.043627,77.643548,2024-07-10,16:00,16,Wednesday,0,highway,3,1,rain,low,16,medium,drunk driving,minor,4,0,0,None,0.45
6846,Bangalore,Karnataka,12.96412,77.739616,2025-03-23,10:00,10,Sunday,1,highway,2,1,fog,low,17,high,poor road,minor,3,1,1,None,0.8
6851,Bangalore,Karnataka,13.07618,77.664815,2024-05-22,22:00,22,Wednesday,0,highway,1,1,rain,low,21,low,drunk driving,minor,4,1,0,None,0.45
6852,Bangalore,Karnataka,12.962161,77.553513,2022-10-20,3:00,3,Thursday,0,rural,4,0,rain,medium,39,low,drunk driving,fatal,3,3,0,None,0.45
6860,Bangalore,Karnataka,13.013665,77.482165,2024-07-03,14:00,14,Wednesday,0,urban,2,0,rain,low,27,medium,poor road,fatal,3,3,0,None,0.65
6868,Bangalore,Karnataka,12.841256,77.702805,2024-07-17,19:00,19,Wednesday,0,highway,2,1,clear,high,27,medium,overspeeding,minor,5,4,1,None,0.25
6874,Bangalore,Karnataka,13.132975,77.559549,2025-02-14,0:00,0,Friday,0,urban,4,1,rain,low,21,low,distraction,minor,4,0,0,None,0.45
6875,Bangalore,Karnataka,13.020021,77.60037,2024-02-03,16:00,16,Saturday,1,urban,2,0,fog,low,34,medium,overspeeding,major,2,1,0,None,0.45
6882,Bangalore,Karnataka,13.198297,77.619739,2023-10-29,5:00,5,Sunday,1,highway,6,1,clear,high,33,medium,poor road,minor,5,0,0,None,0.1
6886,Bangalore,Karnataka,13.079244,77.714695,2024-11-20,2:00,2,Wednesday,0,rural,4,1,clear,high,31,low,weather,major,5,4,0,None,0.1
6910,Bangalore,Karnataka,12.869448,77.668809,2024-02-12,5:00,5,Monday,0,highway,5,1,clear,high,17,low,overspeeding,major,2,1,0,None,0.1
6921,Bangalore,Karnataka,13.137182,77.614587,2023-06-01,9:00,9,Thursday,0,highway,6,1,rain,medium,19,high,poor road,minor,1,1,1,None,0.6
6930,Bangalore,Karnataka,13.069009,77.721144,2024-09-14,9:00,9,Saturday,1,highway,1,1,fog,low,18,high,weather,minor,5,3,1,None,0.8
6935,Bangalore,Karnataka,13.142821,77.565931,2023-11-17,8:00,8,Friday,0,highway,2,0,rain,medium,19,medium,distraction,major,3,0,1,None,0.4
6939,Bangalore,Karnataka,13.008459,77.457304,2022-04-06,14:00,14,Wednesday,0,rural,6,1,rain,medium,30,medium,overspeeding,minor,4,3,0,None,0.25
6940,Bangalore,Karnataka,13.113175,77.777293,2024-09-05,19:00,19,Thursday,0,rural,3,0,fog,low,36,low,weather,minor,3,0,1,None,0.6
6941,Bangalore,Karnataka,12.961601,77.518845,2022-10-15,23:00,23,Saturday,1,highway,1,1,clear,high,17,high,drunk driving,major,1,1,0,None,0.3
6950,Bangalore,Karnataka,13.138699,77.612612,2022-05-26,5:00,5,Thursday,0,urban,5,0,clear,high,40,high,overspeeding,minor,5,5,0,None,0.3
6954,Bangalore,Karnataka,13.039622,77.48179,2022-02-03,17:00,17,Thursday,0,urban,4,1,clear,high,23,medium,distraction,major,5,0,1,None,0.25
6969,Bangalore,Karnataka,13.142791,77.409793,2023-02-22,16:00,16,Wednesday,0,rural,5,0,fog,low,17,low,distraction,fatal,5,5,0,None,0.65
6976,Bangalore,Karnataka,13.152579,77.591621,2024-12-10,18:00,18,Tuesday,0,rural,3,1,rain,medium,37,medium,poor road,minor,4,3,1,None,0.4
6984,Bangalore,Karnataka,13.082609,77.555101,2022-05-08,15:00,15,Sunday,1,urban,1,0,fog,low,19,medium,poor road,major,5,5,0,None,0.45
6988,Bangalore,Karnataka,13.06401,77.610355,2022-05-04,17:00,17,Wednesday,0,urban,5,1,fog,low,18,high,overspeeding,major,4,0,1,None,0.8
6993,Bangalore,Karnataka,12.980903,77.583321,2022-04-27,12:00,12,Wednesday,0,highway,1,0,rain,low,20,low,drunk driving,major,2,1,0,None,0.45
6999,Bangalore,Karnataka,12.839113,77.485607,2024-11-15,7:00,7,Friday,0,rural,5,0,fog,low,34,high,distraction,minor,3,1,0,None,0.65
7000,Bangalore,Karnataka,13.15327,77.789711,2024-06-20,4:00,4,Thursday,0,urban,2,1,rain,low,39,low,distraction,major,2,0,0,None,0.45
7011,Bangalore,Karnataka,13.113053,77.500373,2023-03-19,18:00,18,Sunday,1,rural,3,1,rain,low,19,high,weather,major,2,0,1,None,0.8
7015,Bangalore,Karnataka,13.187822,77.747417,2023-11-01,12:00,12,Wednesday,0,rural,1,0,rain,low,28,low,weather,fatal,1,1,0,None,0.65
7019,Bangalore,Karnataka,12.861075,77.685992,2023-08-21,2:00,2,Monday,0,highway,2,0,fog,low,28,low,drunk driving,minor,2,0,0,None,0.45
7039,Bangalore,Karnataka,13.04635,77.415846,2023-10-20,20:00,20,Friday,0,urban,5,1,fog,low,34,medium,overspeeding,minor,3,3,0,None,0.45
7059,Bangalore,Karnataka,13.064293,77.641857,2022-10-10,3:00,3,Monday,0,urban,4,1,rain,low,25,low,distraction,minor,3,1,0,None,0.45
7074,Bangalore,Karnataka,13.028042,77.653515,2022-08-15,16:00,16,Monday,0,urban,5,1,clear,high,18,high,distraction,minor,3,3,0,None,0.3
7078,Bangalore,Karnataka,12.862,77.795912,2022-07-23,20:00,20,Saturday,1,rural,3,0,clear,high,40,low,overspeeding,minor,3,3,0,None,0.1
7097,Bangalore,Karnataka,13.145762,77.571723,2022-01-09,20:00,20,Sunday,1,rural,5,0,rain,medium,32,low,overspeeding,minor,5,3,0,None,0.25
7112,Bangalore,Karnataka,13.165971,77.561027,2022-06-01,11:00,11,Wednesday,0,urban,4,0,rain,low,30,low,drunk driving,minor,2,2,0,None,0.45
7117,Bangalore,Karnataka,13.156988,77.587453,2023-03-13,17:00,17,Monday,0,rural,1,0,rain,medium,39,high,drunk driving,major,3,0,1,None,0.6
7126,Bangalore,Karnataka,13.115896,77.537712,2024-11-19,11:00,11,Tuesday,0,urban,6,1,clear,high,30,high,drunk driving,major,2,0,0,None,0.3
7132,Bangalore,Karnataka,12.929303,77.592485,2023-11-19,22:00,22,Sunday,1,urban,1,1,rain,medium,35,medium,weather,minor,3,1,0,None,0.25
7136,Bangalore,Karnataka,12.921142,77.4653,2024-08-27,7:00,7,Tuesday,0,rural,3,0,clear,high,18,high,poor road,fatal,2,2,0,None,0.5
7153,Bangalore,Karnataka,12.918181,77.700297,2025-04-08,13:00,13,Tuesday,0,rural,1,1,clear,high,18,low,overspeeding,minor,2,0,0,None,0.1
7161,Bangalore,Karnataka,13.028222,77.42676,2022-12-24,23:00,23,Saturday,1,rural,2,1,fog,low,27,low,poor road,fatal,2,2,0,None,0.65
7185,Bangalore,Karnataka,13.13759,77.640265,2023-01-12,7:00,7,Thursday,0,urban,6,0,rain,low,15,high,poor road,minor,1,1,0,None,0.65
7201,Bangalore,Karnataka,13.00707,77.747229,2023-02-22,21:00,21,Wednesday,0,highway,2,1,rain,medium,25,low,weather,minor,3,3,0,None,0.25
7211,Bangalore,Karnataka,13.02221,77.670633,2022-11-21,21:00,21,Monday,0,highway,6,0,clear,high,37,high,distraction,minor,3,1,0,None,0.3
7215,Bangalore,Karnataka,12.95485,77.482562,2023-02-28,19:00,19,Tuesday,0,rural,1,1,clear,high,20,high,overspeeding,minor,4,0,1,None,0.45
7244,Bangalore,Karnataka,13.123639,77.571077,2024-04-20,7:00,7,Saturday,1,urban,5,1,clear,high,35,high,poor road,fatal,5,5,0,None,0.5
7250,Bangalore,Karnataka,12.805037,77.524615,2023-05-24,16:00,16,Wednesday,0,urban,1,1,fog,low,39,high,overspeeding,minor,1,1,0,None,0.65
7257,Bangalore,Karnataka,13.124259,77.757976,2024-09-20,20:00,20,Friday,0,rural,6,1,fog,low,39,high,drunk driving,major,5,4,0,None,0.65
7267,Bangalore,Karnataka,12.932327,77.744279,2022-02-23,20:00,20,Wednesday,0,highway,4,0,rain,medium,35,low,drunk driving,minor,3,3,0,None,0.25
7298,Bangalore,Karnataka,12.909508,77.719349,2023-11-04,19:00,19,Saturday,1,rural,3,1,rain,medium,25,low,drunk driving,minor,3,3,1,None,0.4
7299,Bangalore,Karnataka,13.010971,77.587137,2025-03-16,2:00,2,Sunday,1,highway,3,1,rain,low,31,low,overspeeding,minor,5,2,0,None,0.45
7301,Bangalore,Karnataka,13.060071,77.520201,2025-02-03,5:00,5,Monday,0,urban,1,0,fog,low,36,low,weather,minor,2,2,0,None,0.45
7317,Bangalore,Karnataka,12.967838,77.604182,2024-09-16,3:00,3,Monday,0,highway,2,0,clear,high,20,medium,poor road,major,2,2,0,None,0.1
7331,Bangalore,Karnataka,12.99382,77.408423,2024-11-25,11:00,11,Monday,0,rural,3,0,fog,low,28,medium,distraction,minor,2,2,0,None,0.45
7332,Bangalore,Karnataka,12.8912,77.60637,2024-03-25,21:00,21,Monday,0,highway,5,0,fog,low,40,low,overspeeding,minor,5,1,0,Holi,0.55
7337,Bangalore,Karnataka,12.832722,77.687373,2023-03-01,23:00,23,Wednesday,0,highway,5,0,fog,low,33,high,weather,major,5,1,0,None,0.65
7348,Bangalore,Karnataka,13.138696,77.469583,2023-05-09,8:00,8,Tuesday,0,urban,2,0,rain,medium,31,medium,distraction,major,4,2,1,None,0.4
7363,Bangalore,Karnataka,12.997064,77.675564,2024-04-27,16:00,16,Saturday,1,rural,3,1,fog,low,36,medium,distraction,minor,5,5,0,None,0.45
7365,Bangalore,Karnataka,13.143857,77.618262,2023-12-02,23:00,23,Saturday,1,urban,5,1,rain,medium,31,high,drunk driving,minor,5,4,0,None,0.45
7367,Bangalore,Karnataka,13.164228,77.740065,2024-04-14,7:00,7,Sunday,1,highway,5,1,clear,high,26,high,overspeeding,fatal,4,4,0,None,0.5
7371,Bangalore,Karnataka,12.811271,77.730073,2024-11-23,7:00,7,Saturday,1,highway,2,0,fog,low,25,medium,weather,minor,4,2,0,None,0.45
7380,Bangalore,Karnataka,12.887512,77.497096,2025-02-26,17:00,17,Wednesday,0,rural,1,0,fog,low,25,low,drunk driving,major,3,1,1,None,0.6
7381,Bangalore,Karnataka,13.051529,77.798576,2024-04-09,4:00,4,Tuesday,0,highway,2,0,clear,high,15,low,overspeeding,minor,5,5,0,None,0.1
7382,Bangalore,Karnataka,12.869391,77.72679,2022-11-17,18:00,18,Thursday,0,rural,3,1,rain,medium,35,medium,distraction,major,2,2,1,None,0.4
7383,Bangalore,Karnataka,13.081062,77.53675,2024-01-25,15:00,15,Thursday,0,rural,1,0,fog,low,15,low,overspeeding,minor,5,1,0,None,0.45
7387,Bangalore,Karnataka,13.061979,77.528977,2025-01-11,14:00,14,Saturday,1,rural,1,0,clear,high,16,medium,overspeeding,minor,2,2,0,None,0.1
7390,Bangalore,Karnataka,12.973252,77.699881,2022-11-06,14:00,14,Sunday,1,urban,2,1,rain,medium,21,medium,drunk driving,minor,1,1,0,None,0.25
7399,Bangalore,Karnataka,12.80405,77.75573,2022-11-14,8:00,8,Monday,0,urban,6,0,clear,high,30,high,weather,major,4,3,1,None,0.45
7414,Bangalore,Karnataka,13.020297,77.427762,2024-06-05,0:00,0,Wednesday,0,urban,5,1,clear,high,22,high,weather,minor,2,1,0,None,0.3
7419,Bangalore,Karnataka,12.967226,77.453532,2024-02-03,22:00,22,Saturday,1,urban,4,0,rain,medium,21,low,drunk driving,major,5,1,0,None,0.25
7421,Bangalore,Karnataka,13.071297,77.674879,2024-10-01,10:00,10,Tuesday,0,rural,3,0,clear,high,32,low,distraction,major,1,1,1,None,0.25
7431,Bangalore,Karnataka,13.141356,77.559355,2025-02-06,12:00,12,Thursday,0,rural,1,1,clear,high,33,medium,weather,minor,5,4,0,None,0.1
7451,Bangalore,Karnataka,12.842432,77.532249,2023-08-10,22:00,22,Thursday,0,highway,3,0,clear,high,26,medium,distraction,minor,1,0,0,None,0.1
7467,Bangalore,Karnataka,13.177256,77.679477,2023-05-18,23:00,23,Thursday,0,highway,3,1,fog,low,15,medium,overspeeding,minor,5,5,0,None,0.45
7469,Bangalore,Karnataka,13.039741,77.684108,2024-11-04,11:00,11,Monday,0,highway,2,0,fog,low,34,medium,weather,minor,2,1,0,None,0.45
7471,Bangalore,Karnataka,13.051653,77.469846,2023-04-21,4:00,4,Friday,0,urban,4,0,fog,low,35,low,weather,minor,5,5,0,None,0.45
7479,Bangalore,Karnataka,12.935947,77.634153,2024-11-18,5:00,5,Monday,0,rural,5,0,fog,low,17,medium,overspeeding,fatal,3,3,0,None,0.65
7494,Bangalore,Karnataka,12.803028,77.735954,2022-03-01,2:00,2,Tuesday,0,rural,4,0,rain,low,31,low,overspeeding,minor,5,3,0,None,0.45
7498,Bangalore,Karnataka,13.16526,77.416901,2023-01-31,6:00,6,Tuesday,0,highway,1,1,clear,high,27,medium,weather,major,3,0,0,None,0.1
7518,Bangalore,Karnataka,13.02565,77.560808,2022-11-13,16:00,16,Sunday,1,highway,1,1,clear,high,38,high,overspeeding,major,4,4,0,None,0.3
7525,Bangalore,Karnataka,12.911831,77.445715,2022-04-09,1:00,1,Saturday,1,rural,5,1,fog,low,26,high,poor road,major,5,0,0,None,0.65
7526,Bangalore,Karnataka,13.122717,77.743378,2024-04-21,21:00,21,Sunday,1,highway,2,0,clear,high,21,medium,drunk driving,minor,3,2,0,None,0.1
7529,Bangalore,Karnataka,12.990932,77.455311,2024-05-16,7:00,7,Thursday,0,urban,4,1,clear,high,23,low,overspeeding,fatal,4,4,0,None,0.3
7538,Bangalore,Karnataka,12.829481,77.572145,2023-09-30,20:00,20,Saturday,1,rural,2,1,rain,medium,23,medium,drunk driving,minor,3,3,0,None,0.25
7549,Bangalore,Karnataka,12.910044,77.54206,2022-01-04,19:00,19,Tuesday,0,urban,2,1,fog,low,24,medium,distraction,fatal,2,2,1,None,0.8
7562,Bangalore,Karnataka,12.935355,77.483652,2024-09-19,7:00,7,Thursday,0,highway,2,0,fog,low,39,high,overspeeding,minor,3,1,0,None,0.65
7570,Bangalore,Karnataka,13.068004,77.781307,2023-01-09,10:00,10,Monday,0,highway,3,0,clear,high,31,high,poor road,fatal,1,1,1,None,0.65
7574,Bangalore,Karnataka,13.190682,77.605363,2024-08-30,9:00,9,Friday,0,highway,4,1,fog,low,16,medium,poor road,minor,2,0,1,None,0.6
7579,Bangalore,Karnataka,12.860313,77.562874,2022-07-14,20:00,20,Thursday,0,rural,4,0,fog,low,35,low,drunk driving,minor,1,1,0,None,0.45
7589,Bangalore,Karnataka,12.929567,77.599919,2023-07-09,9:00,9,Sunday,1,rural,4,1,clear,high,25,medium,distraction,minor,3,0,1,None,0.25
7591,Bangalore,Karnataka,13.120165,77.686544,2025-03-27,7:00,7,Thursday,0,urban,6,0,rain,medium,32,low,poor road,major,5,3,0,None,0.25
7604,Bangalore,Karnataka,13.177289,77.715085,2023-09-06,21:00,21,Wednesday,0,rural,6,0,fog,low,32,medium,weather,fatal,3,3,0,None,0.65
7637,Bangalore,Karnataka,13.169888,77.697046,2024-02-21,21:00,21,Wednesday,0,urban,1,0,rain,medium,18,medium,overspeeding,fatal,4,4,0,None,0.45
7644,Bangalore,Karnataka,13.032628,77.549769,2024-10-19,12:00,12,Saturday,1,urban,6,1,clear,high,23,medium,weather,major,2,0,0,None,0.1
7646,Bangalore,Karnataka,13.106556,77.662783,2024-10-09,16:00,16,Wednesday,0,rural,6,1,fog,low,19,high,drunk driving,major,5,4,0,None,0.65
7662,Bangalore,Karnataka,13.120335,77.542765,2023-01-20,17:00,17,Friday,0,urban,5,0,rain,low,25,medium,distraction,minor,1,0,1,None,0.6
7667,Bangalore,Karnataka,13.108723,77.741626,2023-03-25,14:00,14,Saturday,1,urban,5,0,fog,low,21,low,drunk driving,minor,3,3,0,None,0.45
7671,Bangalore,Karnataka,12.942946,77.634673,2024-01-03,21:00,21,Wednesday,0,urban,1,1,fog,low,37,high,weather,major,3,2,0,None,0.65
7675,Bangalore,Karnataka,12.833881,77.534512,2022-08-27,3:00,3,Saturday,1,rural,1,0,fog,low,19,low,drunk driving,fatal,2,2,0,None,0.65
7690,Bangalore,Karnataka,12.974044,77.639208,2022-01-31,2:00,2,Monday,0,urban,2,1,clear,high,22,high,weather,minor,5,2,0,None,0.3
7709,Bangalore,Karnataka,12.979437,77.584127,2023-08-21,17:00,17,Monday,0,rural,5,0,fog,low,39,medium,weather,major,5,4,1,None,0.6
7712,Bangalore,Karnataka,13.106437,77.452273,2022-12-30,0:00,0,Friday,0,highway,6,0,rain,low,22,low,overspeeding,minor,2,0,0,None,0.45
7713,Bangalore,Karnataka,12.935501,77.776475,2023-09-08,19:00,19,Friday,0,rural,6,1,clear,high,38,medium,weather,minor,5,3,1,None,0.25
7718,Bangalore,Karnataka,13.052163,77.714219,2023-02-20,14:00,14,Monday,0,rural,4,0,fog,low,38,medium,poor road,minor,2,2,0,None,0.45
7733,Bangalore,Karnataka,12.888439,77.439048,2023-10-02,13:00,13,Monday,0,highway,3,0,fog,low,15,low,distraction,major,3,0,0,None,0.45
7744,Bangalore,Karnataka,12.898302,77.615497,2023-10-14,5:00,5,Saturday,1,urban,2,1,fog,low,23,medium,distraction,minor,3,0,0,None,0.45
7747,Bangalore,Karnataka,12.957997,77.450369,2022-07-19,21:00,21,Tuesday,0,rural,2,0,rain,low,29,medium,distraction,minor,2,2,0,None,0.45
7767,Bangalore,Karnataka,13.024228,77.713702,2022-12-05,15:00,15,Monday,0,highway,6,1,fog,low,28,medium,drunk driving,minor,2,2,0,None,0.45
7769,Bangalore,Karnataka,13.139692,77.783499,2024-02-21,7:00,7,Wednesday,0,urban,4,1,clear,high,23,low,poor road,major,2,2,0,None,0.1
7772,Bangalore,Karnataka,13.012907,77.550983,2022-04-28,8:00,8,Thursday,0,urban,3,0,rain,low,24,low,weather,major,4,4,1,None,0.6
7776,Bangalore,Karnataka,12.92425,77.724942,2023-03-01,9:00,9,Wednesday,0,rural,2,0,fog,low,21,low,overspeeding,minor,4,1,1,None,0.6
7784,Bangalore,Karnataka,12.970011,77.404328,2023-06-03,7:00,7,Saturday,1,urban,5,0,rain,low,39,medium,drunk driving,minor,1,1,0,None,0.45
7785,Bangalore,Karnataka,13.079428,77.495625,2024-10-30,10:00,10,Wednesday,0,rural,4,1,clear,high,25,high,distraction,major,5,1,1,None,0.45
7802,Bangalore,Karnataka,13.146052,77.575644,2023-07-24,1:00,1,Monday,0,urban,5,1,rain,low,30,medium,drunk driving,major,5,4,0,None,0.45
7809,Bangalore,Karnataka,12.874342,77.663305,2023-04-01,6:00,6,Saturday,1,rural,3,0,fog,low,27,medium,weather,minor,4,4,0,None,0.45
7810,Bangalore,Karnataka,13.192143,77.674731,2022-08-05,18:00,18,Friday,0,highway,6,0,rain,medium,37,high,weather,fatal,2,2,1,None,0.8
7824,Bangalore,Karnataka,13.036625,77.512179,2023-08-17,6:00,6,Thursday,0,rural,2,0,fog,low,15,high,distraction,minor,3,0,0,None,0.65
7826,Bangalore,Karnataka,12.863376,77.539011,2024-03-09,15:00,15,Saturday,1,urban,5,1,clear,high,24,high,drunk driving,minor,1,0,0,None,0.3
7839,Bangalore,Karnataka,12.929268,77.636578,2023-12-20,16:00,16,Wednesday,0,urban,3,1,rain,medium,33,high,poor road,minor,4,4,0,None,0.45
7840,Bangalore,Karnataka,13.03107,77.668531,2023-06-07,21:00,21,Wednesday,0,urban,5,0,rain,low,15,high,distraction,minor,4,2,0,None,0.65
7841,Bangalore,Karnataka,13.075043,77.510593,2023-07-23,23:00,23,Sunday,1,urban,3,0,clear,high,33,medium,overspeeding,minor,2,1,0,None,0.1
7845,Bangalore,Karnataka,12.911368,77.672486,2024-02-01,19:00,19,Thursday,0,urban,2,0,clear,high,20,high,weather,minor,1,0,1,None,0.45
7861,Bangalore,Karnataka,12.965884,77.596285,2022-03-22,13:00,13,Tuesday,0,highway,1,1,rain,low,32,medium,poor road,fatal,4,4,0,None,0.65
7864,Bangalore,Karnataka,12.808663,77.442338,2023-07-04,19:00,19,Tuesday,0,highway,4,0,rain,medium,21,high,overspeeding,minor,4,2,1,None,0.6
7886,Bangalore,Karnataka,13.103007,77.489773,2022-05-01,21:00,21,Sunday,1,rural,3,0,clear,high,23,low,overspeeding,minor,3,0,0,None,0.1
7902,Bangalore,Karnataka,13.161854,77.451876,2022-10-10,6:00,6,Monday,0,rural,4,1,fog,low,20,low,overspeeding,minor,2,1,0,None,0.45
7928,Bangalore,Karnataka,13.075089,77.712605,2024-05-08,0:00,0,Wednesday,0,rural,1,0,rain,medium,15,medium,distraction,major,3,0,0,None,0.25
7932,Bangalore,Karnataka,12.82141,77.419024,2022-01-04,11:00,11,Tuesday,0,highway,4,0,clear,high,30,low,distraction,minor,1,1,0,None,0.1
7947,Bangalore,Karnataka,12.976971,77.507575,2022-02-23,21:00,21,Wednesday,0,urban,6,1,clear,high,28,high,poor road,minor,2,2,0,None,0.3
7958,Bangalore,Karnataka,12.819686,77.6252,2024-02-10,11:00,11,Saturday,1,highway,6,1,rain,medium,37,medium,weather,minor,1,1,0,None,0.25
7962,Bangalore,Karnataka,12.901246,77.409762,2022-10-26,1:00,1,Wednesday,0,rural,6,0,fog,low,23,low,drunk driving,fatal,1,1,0,None,0.65
7970,Bangalore,Karnataka,13.08528,77.620121,2022-02-24,11:00,11,Thursday,0,urban,4,0,clear,high,21,high,drunk driving,minor,3,3,0,None,0.3
7991,Bangalore,Karnataka,12.928899,77.72634,2023-03-23,16:00,16,Thursday,0,highway,6,0,clear,high,39,low,poor road,minor,5,2,0,None,0.1
8000,Bangalore,Karnataka,13.085618,77.474252,2025-01-24,18:00,18,Friday,0,urban,5,1,fog,low,29,medium,distraction,major,3,2,1,None,0.6
8003,Bangalore,Karnataka,12.806367,77.773761,2024-03-21,8:00,8,Thursday,0,highway,1,1,clear,high,37,medium,poor road,fatal,3,3,1,None,0.45
8005,Bangalore,Karnataka,12.875131,77.650631,2024-11-13,8:00,8,Wednesday,0,highway,6,1,fog,low,16,high,distraction,minor,2,0,1,None,0.8
8013,Bangalore,Karnataka,12.820506,77.44974,2023-03-11,3:00,3,Saturday,1,highway,1,0,rain,low,39,low,poor road,major,2,1,0,None,0.45
8021,Bangalore,Karnataka,12.845366,77.763935,2023-07-15,10:00,10,Saturday,1,highway,6,1,clear,high,31,high,overspeeding,major,2,1,1,None,0.45
8031,Bangalore,Karnataka,13.070787,77.43946,2024-06-30,11:00,11,Sunday,1,urban,3,1,rain,low,24,high,weather,minor,2,1,0,None,0.65
8038,Bangalore,Karnataka,12.809025,77.66907,2024-10-19,19:00,19,Saturday,1,rural,4,0,clear,high,29,high,drunk driving,minor,2,1,1,None,0.45
8040,Bangalore,Karnataka,12.935507,77.668539,2024-08-29,20:00,20,Thursday,0,urban,6,1,clear,high,40,medium,drunk driving,major,1,0,0,None,0.1
8046,Bangalore,Karnataka,12.928794,77.652117,2022-08-15,21:00,21,Monday,0,highway,1,1,clear,high,38,low,distraction,minor,5,2,0,None,0.1
8048,Bangalore,Karnataka,12.865294,77.484135,2022-10-03,0:00,0,Monday,0,urban,2,1,fog,low,16,low,weather,fatal,1,1,0,None,0.65
8058,Bangalore,Karnataka,13.192248,77.440177,2022-11-13,11:00,11,Sunday,1,rural,2,0,clear,high,35,low,weather,minor,2,0,0,None,0.1
8082,Bangalore,Karnataka,12.845701,77.575402,2024-10-05,4:00,4,Saturday,1,highway,5,0,fog,low,15,low,weather,minor,1,1,0,None,0.45
8083,Bangalore,Karnataka,13.045021,77.41957,2022-08-10,5:00,5,Wednesday,0,urban,3,0,rain,low,39,high,overspeeding,minor,5,2,0,None,0.65
8096,Bangalore,Karnataka,12.936368,77.775803,2024-03-04,18:00,18,Monday,0,highway,5,1,fog,low,39,medium,drunk driving,major,1,1,1,None,0.6
8120,Bangalore,Karnataka,13.073553,77.71642,2024-08-13,8:00,8,Tuesday,0,rural,4,0,fog,low,17,low,distraction,major,2,0,1,None,0.6
8124,Bangalore,Karnataka,13.08094,77.568134,2025-02-25,2:00,2,Tuesday,0,highway,1,1,rain,low,30,low,poor road,minor,2,2,0,None,0.45
8132,Bangalore,Karnataka,12.926671,77.564097,2022-01-17,8:00,8,Monday,0,urban,1,1,rain,low,33,high,drunk driving,fatal,2,2,1,None,1.0
8154,Bangalore,Karnataka,13.149159,77.591707,2024-08-21,16:00,16,Wednesday,0,rural,6,0,rain,low,19,high,weather,major,5,1,0,None,0.65
8169,Bangalore,Karnataka,12.918942,77.645157,2022-05-31,5:00,5,Tuesday,0,rural,1,0,rain,medium,38,low,overspeeding,minor,2,0,0,None,0.25
8174,Bangalore,Karnataka,13.11715,77.761138,2022-11-12,3:00,3,Saturday,1,highway,5,1,fog,low,25,low,overspeeding,minor,3,3,0,None,0.45
8176,Bangalore,Karnataka,12.935295,77.718153,2024-01-28,10:00,10,Sunday,1,highway,1,0,clear,high,19,medium,poor road,fatal,4,4,1,None,0.45
8181,Bangalore,Karnataka,13.088075,77.473852,2024-08-24,10:00,10,Saturday,1,rural,3,1,fog,low,29,high,drunk driving,major,5,0,1,None,0.8
8204,Bangalore,Karnataka,12.882537,77.437799,2024-07-16,7:00,7,Tuesday,0,urban,2,0,clear,high,22,high,poor road,minor,4,3,0,None,0.3
8218,Bangalore,Karnataka,13.172995,77.678163,2023-02-04,22:00,22,Saturday,1,highway,1,1,clear,high,35,low,weather,minor,3,2,0,None,0.1
8249,Bangalore,Karnataka,13.179879,77.627544,2024-01-22,8:00,8,Monday,0,highway,6,1,rain,low,17,high,poor road,minor,5,2,1,None,0.8
8268,Bangalore,Karnataka,12.98132,77.573012,2023-01-21,9:00,9,Saturday,1,rural,1,0,clear,high,34,high,drunk driving,major,1,1,1,None,0.45
8279,Bangalore,Karnataka,12.832677,77.597212,2023-12-27,12:00,12,Wednesday,0,highway,1,0,fog,low,21,medium,drunk driving,minor,5,5,0,None,0.45
8280,Bangalore,Karnataka,12.842238,77.728609,2023-06-05,6:00,6,Monday,0,urban,5,1,rain,low,28,low,overspeeding,minor,4,2,0,None,0.45
8282,Bangalore,Karnataka,12.887253,77.730227,2022-04-22,1:00,1,Friday,0,rural,1,0,rain,low,33,low,weather,minor,2,0,0,None,0.45
8296,Bangalore,Karnataka,13.035337,77.663077,2024-06-03,1:00,1,Monday,0,highway,5,1,fog,low,33,low,drunk driving,minor,4,1,0,None,0.45
8301,Bangalore,Karnataka,13.106676,77.654406,2022-05-16,4:00,4,Monday,0,rural,5,1,fog,low,25,low,drunk driving,fatal,3,3,0,None,0.65
8306,Bangalore,Karnataka,12.902491,77.431344,2022-03-23,17:00,17,Wednesday,0,rural,2,0,clear,high,25,high,weather,minor,4,2,1,None,0.45
8314,Bangalore,Karnataka,13.07404,77.431523,2024-07-03,10:00,10,Wednesday,0,rural,1,0,clear,high,16,high,distraction,major,1,0,1,None,0.45
8320,Bangalore,Karnataka,13.085183,77.506834,2024-10-26,14:00,14,Saturday,1,rural,2,0,fog,low,23,medium,poor road,minor,1,0,0,None,0.45
8337,Bangalore,Karnataka,12.988988,77.495043,2024-12-12,13:00,13,Thursday,0,urban,5,1,clear,high,38,low,poor road,major,3,1,0,None,0.1
8343,Bangalore,Karnataka,13.047859,77.45915,2022-12-04,12:00,12,Sunday,1,rural,3,0,rain,low,18,low,poor road,major,3,1,0,None,0.45
8361,Bangalore,Karnataka,13.100934,77.435009,2023-10-08,20:00,20,Sunday,1,urban,3,0,fog,low,28,high,distraction,minor,4,2,0,None,0.65
8362,Bangalore,Karnataka,13.060992,77.636986,2022-06-29,16:00,16,Wednesday,0,highway,5,1,clear,high,17,medium,weather,fatal,1,1,0,None,0.3
8363,Bangalore,Karnataka,12.868139,77.571686,2024-06-16,2:00,2,Sunday,1,highway,5,1,fog,low,33,low,overspeeding,major,5,0,0,None,0.45
8366,Bangalore,Karnataka,13.163964,77.771011,2024-06-19,6:00,6,Wednesday,0,highway,5,1,clear,high,26,medium,overspeeding,fatal,4,4,0,None,0.3
8374,Bangalore,Karnataka,12.99076,77.529491,2022-01-25,13:00,13,Tuesday,0,highway,6,1,fog,low,39,low,drunk driving,minor,4,2,0,None,0.45
8382,Bangalore,Karnataka,13.197162,77.691139,2022-03-30,21:00,21,Wednesday,0,highway,3,0,fog,low,15,medium,poor road,minor,4,4,0,None,0.45
8413,Bangalore,Karnataka,12.989096,77.78506,2024-04-17,20:00,20,Wednesday,0,urban,2,0,rain,medium,38,low,weather,major,2,0,0,None,0.25
8427,Bangalore,Karnataka,12.956179,77.608171,2022-02-20,5:00,5,Sunday,1,rural,3,0,clear,high,39,high,overspeeding,major,5,3,0,None,0.3
8429,Bangalore,Karnataka,13.077355,77.52242,2022-01-07,20:00,20,Friday,0,rural,2,1,clear,high,25,low,overspeeding,major,5,4,0,None,0.1
8435,Bangalore,Karnataka,13.035408,77.591525,2023-06-26,19:00,19,Monday,0,highway,5,1,rain,medium,38,medium,overspeeding,minor,1,0,1,None,0.4
8440,Bangalore,Karnataka,12.83017,77.75669,2022-06-28,18:00,18,Tuesday,0,rural,5,1,rain,medium,15,low,drunk driving,minor,4,1,1,None,0.4
8441,Bangalore,Karnataka,12.856552,77.480502,2025-02-01,5:00,5,Saturday,1,highway,4,0,clear,high,15,medium,weather,minor,4,1,0,None,0.1
8444,Bangalore,Karnataka,13.124931,77.670468,2022-06-05,2:00,2,Sunday,1,urban,4,0,fog,low,34,low,overspeeding,fatal,3,3,0,None,0.65
8467,Bangalore,Karnataka,12.973142,77.601997,2024-05-03,12:00,12,Friday,0,urban,2,0,clear,high,31,medium,weather,minor,1,1,0,None,0.1
8471,Bangalore,Karnataka,13.101549,77.45443,2022-10-14,8:00,8,Friday,0,highway,6,0,clear,high,35,medium,weather,minor,1,1,1,None,0.25
8481,Bangalore,Karnataka,12.924421,77.457347,2022-10-21,2:00,2,Friday,0,highway,6,1,clear,high,40,low,weather,major,5,5,0,None,0.1
8482,Bangalore,Karnataka,12.919345,77.601458,2022-05-06,8:00,8,Friday,0,urban,4,1,rain,medium,34,high,poor road,major,1,0,1,None,0.6
8486,Bangalore,Karnataka,12.865878,77.629612,2022-01-15,7:00,7,Saturday,1,rural,5,0,fog,low,32,low,overspeeding,major,1,0,0,None,0.45
8487,Bangalore,Karnataka,13.008207,77.559252,2022-07-25,22:00,22,Monday,0,rural,3,1,clear,high,25,high,overspeeding,major,1,1,0,None,0.3
8488,Bangalore,Karnataka,13.132611,77.715466,2023-04-11,17:00,17,Tuesday,0,rural,6,1,fog,low,29,high,poor road,major,2,2,1,None,0.8
8489,Bangalore,Karnataka,13.075821,77.651921,2022-12-08,1:00,1,Thursday,0,rural,1,0,fog,low,28,low,distraction,minor,4,4,0,None,0.45
8493,Bangalore,Karnataka,13.187333,77.757887,2023-01-20,9:00,9,Friday,0,rural,6,1,rain,low,37,medium,poor road,major,2,2,1,None,0.6
8500,Bangalore,Karnataka,12.900763,77.711158,2022-01-15,16:00,16,Saturday,1,urban,2,1,clear,high,32,high,poor road,major,1,0,0,None,0.3
8516,Bangalore,Karnataka,12.914535,77.596172,2023-01-15,2:00,2,Sunday,1,rural,6,0,rain,medium,18,medium,drunk driving,minor,4,4,0,None,0.25
8519,Bangalore,Karnataka,13.189789,77.613494,2025-04-15,20:00,20,Tuesday,0,urban,4,0,fog,low,17,low,drunk driving,major,5,0,0,None,0.45
8520,Bangalore,Karnataka,13.088476,77.41665,2022-07-05,15:00,15,Tuesday,0,rural,3,0,rain,low,24,medium,drunk driving,minor,5,3,0,None,0.45
8533,Bangalore,Karnataka,12.859028,77.506492,2023-05-07,5:00,5,Sunday,1,rural,3,1,clear,high,26,low,distraction,minor,2,2,0,None,0.1
8541,Bangalore,Karnataka,12.954594,77.479644,2022-09-23,23:00,23,Friday,0,urban,3,1,fog,low,28,medium,distraction,fatal,4,4,0,None,0.65
8551,Bangalore,Karnataka,12.807686,77.433105,2023-02-12,12:00,12,Sunday,1,urban,1,1,fog,low,17,low,drunk driving,fatal,3,3,0,None,0.65
8553,Bangalore,Karnataka,12.90962,77.503703,2024-09-10,4:00,4,Tuesday,0,rural,2,1,clear,high,19,high,weather,major,3,1,0,None,0.3
8566,Bangalore,Karnataka,13.021366,77.575205,2022-06-05,2:00,2,Sunday,1,urban,1,0,clear,high,32,medium,overspeeding,major,2,1,0,None,0.1
8569,Bangalore,Karnataka,12.901687,77.480524,2023-11-16,0:00,0,Thursday,0,urban,5,0,fog,low,29,low,overspeeding,fatal,4,4,0,None,0.65
8572,Bangalore,Karnataka,12.918246,77.414681,2023-05-07,23:00,23,Sunday,1,highway,3,0,rain,medium,36,high,drunk driving,major,5,5,0,None,0.45
8573,Bangalore,Karnataka,12.941619,77.766566,2024-05-14,1:00,1,Tuesday,0,highway,2,0,clear,high,34,low,drunk driving,minor,5,0,0,None,0.1
8587,Bangalore,Karnataka,12.986098,77.760282,2022-02-02,8:00,8,Wednesday,0,highway,6,1,clear,high,36,high,distraction,major,2,0,1,None,0.45
8589,Bangalore,Karnataka,12.821921,77.566254,2023-12-30,5:00,5,Saturday,1,rural,2,0,fog,low,18,high,drunk driving,major,1,0,0,None,0.65
8591,Bangalore,Karnataka,12.88845,77.691056,2023-08-28,5:00,5,Monday,0,highway,1,1,rain,low,28,high,poor road,minor,4,0,0,None,0.65
8598,Bangalore,Karnataka,12.816824,77.711487,2022-07-15,6:00,6,Friday,0,highway,3,1,clear,high,24,high,drunk driving,minor,2,2,0,None,0.3
8601,Bangalore,Karnataka,13.003555,77.489131,2022-04-26,16:00,16,Tuesday,0,urban,2,1,fog,low,23,medium,weather,fatal,1,1,0,None,0.65
8603,Bangalore,Karnataka,13.005534,77.755176,2024-03-20,11:00,11,Wednesday,0,highway,6,1,rain,low,27,medium,drunk driving,minor,1,1,0,None,0.45
8604,Bangalore,Karnataka,12.928564,77.481238,2024-04-25,4:00,4,Thursday,0,highway,6,1,clear,high,35,low,weather,minor,2,2,0,None,0.1
8611,Bangalore,Karnataka,12.939397,77.764641,2024-04-19,4:00,4,Friday,0,highway,3,1,clear,high,26,low,overspeeding,fatal,2,2,0,None,0.3
8617,Bangalore,Karnataka,13.171831,77.654912,2024-06-30,20:00,20,Sunday,1,urban,1,1,rain,medium,28,medium,drunk driving,fatal,3,3,0,None,0.45
8621,Bangalore,Karnataka,12.952065,77.78529,2024-07-07,1:00,1,Sunday,1,highway,5,1,clear,high,31,high,distraction,major,4,2,0,None,0.3
8622,Bangalore,Karnataka,12.931419,77.784582,2022-02-10,21:00,21,Thursday,0,highway,2,1,clear,high,32,medium,drunk driving,minor,2,1,0,None,0.1
8627,Bangalore,Karnataka,13.144563,77.785312,2025-02-06,5:00,5,Thursday,0,urban,2,0,rain,medium,24,high,weather,fatal,2,2,0,None,0.65
8629,Bangalore,Karnataka,12.851277,77.522573,2024-01-27,2:00,2,Saturday,1,urban,1,1,rain,low,36,medium,overspeeding,minor,3,0,0,None,0.45
8632,Bangalore,Karnataka,12.927826,77.423512,2024-10-07,21:00,21,Monday,0,rural,4,1,fog,low,40,medium,drunk driving,major,4,0,0,None,0.45
8633,Bangalore,Karnataka,12.883111,77.474558,2022-05-08,6:00,6,Sunday,1,highway,3,1,rain,low,40,medium,drunk driving,fatal,3,3,0,None,0.65
8645,Bangalore,Karnataka,13.128744,77.78263,2022-09-29,18:00,18,Thursday,0,highway,2,1,fog,low,28,high,poor road,major,5,3,1,None,0.8
8647,Bangalore,Karnataka,12.840386,77.798134,2023-09-20,10:00,10,Wednesday,0,urban,4,0,rain,medium,28,medium,drunk driving,major,1,0,1,None,0.4
8653,Bangalore,Karnataka,12.898429,77.409238,2024-10-27,16:00,16,Sunday,1,highway,5,1,clear,high,19,low,weather,fatal,5,5,0,None,0.3
8675,Bangalore,Karnataka,12.907891,77.473214,2022-12-23,5:00,5,Friday,0,rural,1,1,clear,high,24,high,weather,minor,2,0,0,None,0.3
8681,Bangalore,Karnataka,13.183245,77.427101,2024-04-18,6:00,6,Thursday,0,highway,3,1,clear,high,23,high,drunk driving,fatal,5,5,0,None,0.5
8684,Bangalore,Karnataka,13.150095,77.63992,2022-02-25,13:00,13,Friday,0,urban,1,0,rain,medium,22,low,overspeeding,minor,3,1,0,None,0.25
8687,Bangalore,Karnataka,13.096911,77.636116,2022-03-22,8:00,8,Tuesday,0,highway,3,0,fog,low,24,high,overspeeding,major,4,0,1,None,0.8
8691,Bangalore,Karnataka,12.814581,77.729707,2023-02-17,4:00,4,Friday,0,rural,4,1,clear,high,20,medium,distraction,minor,5,2,0,None,0.1
8694,Bangalore,Karnataka,13.00933,77.714578,2023-09-21,20:00,20,Thursday,0,rural,1,1,rain,low,33,low,overspeeding,major,1,1,0,None,0.45
8695,Bangalore,Karnataka,12.840389,77.544302,2022-06-21,6:00,6,Tuesday,0,rural,1,0,rain,low,24,low,distraction,minor,2,1,0,None,0.45
8696,Bangalore,Karnataka,13.064126,77.764295,2022-08-13,8:00,8,Saturday,1,rural,4,0,clear,high,32,high,drunk driving,minor,5,0,1,None,0.45
8704,Bangalore,Karnataka,13.18933,77.626171,2023-03-28,10:00,10,Tuesday,0,urban,2,0,clear,high,40,medium,overspeeding,minor,5,0,1,None,0.25
8713,Bangalore,Karnataka,12.990861,77.422137,2023-07-28,18:00,18,Friday,0,rural,2,0,clear,high,16,high,drunk driving,minor,4,1,1,None,0.45
8716,Bangalore,Karnataka,13.007669,77.605577,2023-10-20,14:00,14,Friday,0,highway,6,1,fog,low,28,low,distraction,minor,4,3,0,None,0.45
8736,Bangalore,Karnataka,12.917013,77.727446,2025-04-05,22:00,22,Saturday,1,urban,4,1,rain,medium,15,medium,weather,minor,5,4,0,None,0.25
8754,Bangalore,Karnataka,13.175857,77.573071,2025-03-14,0:00,0,Friday,0,rural,5,0,fog,low,15,medium,weather,minor,2,1,0,None,0.45
8756,Bangalore,Karnataka,13.155693,77.627894,2023-02-28,21:00,21,Tuesday,0,highway,6,1,fog,low,28,medium,poor road,major,1,1,0,None,0.45
8783,Bangalore,Karnataka,13.041409,77.774494,2023-06-25,7:00,7,Sunday,1,rural,6,1,clear,high,34,medium,weather,minor,3,2,0,None,0.1
8795,Bangalore,Karnataka,13.058048,77.70902,2023-02-13,20:00,20,Monday,0,rural,4,0,rain,medium,34,low,poor road,minor,5,0,0,None,0.25
8796,Bangalore,Karnataka,12.924998,77.597269,2022-07-15,20:00,20,Friday,0,rural,1,1,fog,low,20,high,poor road,minor,2,2,0,None,0.65
8797,Bangalore,Karnataka,12.989662,77.782375,2023-04-21,8:00,8,Friday,0,urban,3,1,fog,low,15,high,weather,minor,4,4,1,None,0.8
8801,Bangalore,Karnataka,12.99992,77.785215,2024-06-06,4:00,4,Thursday,0,urban,3,1,clear,high,22,low,poor road,minor,1,0,0,None,0.1
8804,Bangalore,Karnataka,12.855901,77.72384,2024-10-26,6:00,6,Saturday,1,rural,3,1,rain,medium,32,low,overspeeding,minor,1,0,0,None,0.25
8810,Bangalore,Karnataka,13.004407,77.628462,2023-11-22,17:00,17,Wednesday,0,rural,1,1,fog,low,26,medium,drunk driving,minor,4,4,1,None,0.6
8817,Bangalore,Karnataka,12.991376,77.595757,2023-05-27,3:00,3,Saturday,1,highway,1,0,clear,high,38,low,drunk driving,minor,2,2,0,None,0.1
8849,Bangalore,Karnataka,12.852519,77.737103,2025-04-01,1:00,1,Tuesday,0,rural,1,0,rain,medium,36,low,overspeeding,major,4,3,0,None,0.25
8862,Bangalore,Karnataka,13.083976,77.583962,2024-07-03,3:00,3,Wednesday,0,highway,3,1,rain,medium,38,low,poor road,minor,5,4,0,None,0.25
8883,Bangalore,Karnataka,13.152007,77.645683,2023-01-14,21:00,21,Saturday,1,highway,1,0,rain,low,40,medium,overspeeding,fatal,2,2,0,None,0.65
8886,Bangalore,Karnataka,13.011824,77.443777,2024-10-04,0:00,0,Friday,0,rural,4,1,rain,low,35,low,overspeeding,minor,1,1,0,None,0.45
8912,Bangalore,Karnataka,12.80362,77.590053,2024-03-28,4:00,4,Thursday,0,highway,2,0,fog,low,22,medium,drunk driving,fatal,3,3,0,None,0.65
8921,Bangalore,Karnataka,12.814858,77.592372,2024-11-30,8:00,8,Saturday,1,urban,5,1,clear,high,18,low,poor road,major,1,0,1,None,0.25
8925,Bangalore,Karnataka,12.914397,77.46572,2023-04-14,6:00,6,Friday,0,highway,6,1,rain,medium,38,medium,overspeeding,minor,3,1,0,None,0.25
8948,Bangalore,Karnataka,13.177668,77.605894,2023-04-26,1:00,1,Wednesday,0,highway,3,0,rain,low,34,medium,overspeeding,minor,4,0,0,None,0.45
8955,Bangalore,Karnataka,13.176248,77.473861,2023-09-27,23:00,23,Wednesday,0,highway,6,1,clear,high,34,high,weather,minor,4,3,0,None,0.3
8962,Bangalore,Karnataka,12.821991,77.565243,2023-10-16,0:00,0,Monday,0,urban,4,1,rain,low,37,high,drunk driving,major,5,5,0,None,0.65
8972,Bangalore,Karnataka,13.110544,77.667337,2023-04-04,6:00,6,Tuesday,0,rural,3,1,clear,high,22,medium,poor road,major,2,0,0,None,0.1
8986,Bangalore,Karnataka,13.119214,77.418174,2024-03-02,20:00,20,Saturday,1,urban,4,1,clear,high,31,low,weather,minor,4,2,0,None,0.1
8988,Bangalore,Karnataka,12.899642,77.699366,2023-01-10,18:00,18,Tuesday,0,urban,4,1,clear,high,20,high,weather,major,2,0,1,None,0.45
8989,Bangalore,Karnataka,12.909942,77.781636,2024-12-13,19:00,19,Friday,0,highway,2,1,clear,high,32,medium,drunk driving,minor,2,1,1,None,0.25
8998,Bangalore,Karnataka,13.113079,77.689725,2023-04-07,22:00,22,Friday,0,rural,5,1,fog,low,37,medium,drunk driving,fatal,4,4,0,None,0.65
9027,Bangalore,Karnataka,13.169364,77.751943,2023-09-22,4:00,4,Friday,0,rural,1,0,fog,low,27,low,poor road,major,2,0,0,None,0.45
9028,Bangalore,Karnataka,13.003415,77.420096,2023-08-07,22:00,22,Monday,0,urban,4,0,rain,low,15,medium,distraction,major,1,0,0,None,0.45
9038,Bangalore,Karnataka,12.906667,77.674721,2023-04-22,22:00,22,Saturday,1,highway,6,1,fog,low,29,low,weather,minor,5,5,0,Eid,0.55
9040,Bangalore,Karnataka,13.148236,77.732601,2022-05-25,6:00,6,Wednesday,0,rural,3,1,clear,high,23,high,distraction,minor,2,2,0,None,0.3
9049,Bangalore,Karnataka,12.955497,77.781921,2024-11-16,7:00,7,Saturday,1,urban,3,1,rain,low,21,low,weather,minor,3,2,0,None,0.45
9056,Bangalore,Karnataka,13.029292,77.645319,2022-03-03,13:00,13,Thursday,0,rural,5,1,rain,medium,19,medium,weather,major,1,1,0,None,0.25
9069,Bangalore,Karnataka,12.869688,77.44604,2022-03-12,21:00,21,Saturday,1,rural,1,0,rain,medium,28,medium,distraction,minor,3,2,0,None,0.25
9071,Bangalore,Karnataka,13.130041,77.587413,2023-09-19,9:00,9,Tuesday,0,highway,5,1,clear,high,33,high,distraction,major,3,2,1,None,0.45
9072,Bangalore,Karnataka,13.173694,77.738882,2023-01-01,12:00,12,Sunday,1,urban,5,0,fog,low,22,low,distraction,minor,4,3,0,New Year,0.55
9079,Bangalore,Karnataka,12.965013,77.457238,2023-11-02,18:00,18,Thursday,0,highway,6,0,clear,high,35,medium,overspeeding,minor,2,2,1,None,0.25
9085,Bangalore,Karnataka,13.153297,77.503506,2023-04-16,8:00,8,Sunday,1,rural,6,1,fog,low,39,high,poor road,major,2,0,1,None,0.8
9087,Bangalore,Karnataka,13.158808,77.617334,2024-07-01,8:00,8,Monday,0,rural,6,0,rain,medium,35,high,overspeeding,minor,3,1,1,None,0.6
9088,Bangalore,Karnataka,12.871495,77.756202,2023-01-29,3:00,3,Sunday,1,urban,6,1,rain,medium,16,high,weather,major,5,3,0,None,0.45
9095,Bangalore,Karnataka,13.080022,77.619185,2025-03-19,1:00,1,Wednesday,0,urban,2,0,rain,low,30,high,distraction,major,3,2,0,None,0.65
9102,Bangalore,Karnataka,12.832999,77.692467,2023-07-13,4:00,4,Thursday,0,rural,4,1,rain,medium,37,medium,weather,major,2,0,0,None,0.25
9115,Bangalore,Karnataka,12.909371,77.485099,2024-08-10,12:00,12,Saturday,1,highway,5,0,fog,low,27,medium,weather,fatal,3,3,0,None,0.65
9120,Bangalore,Karnataka,13.072398,77.518002,2022-11-12,13:00,13,Saturday,1,rural,3,1,clear,high,16,high,distraction,minor,1,0,0,None,0.3
9128,Bangalore,Karnataka,13.024085,77.746151,2023-07-25,15:00,15,Tuesday,0,rural,4,0,fog,low,26,medium,weather,major,5,4,0,None,0.45
9133,Bangalore,Karnataka,12.871334,77.796184,2024-01-25,6:00,6,Thursday,0,urban,2,0,rain,medium,33,medium,poor road,fatal,2,2,0,None,0.45
9142,Bangalore,Karnataka,13.135508,77.723518,2023-06-18,17:00,17,Sunday,1,highway,2,1,clear,high,21,medium,poor road,major,1,0,1,None,0.25
9153,Bangalore,Karnataka,12.883313,77.62868,2023-04-17,23:00,23,Monday,0,urban,2,0,clear,high,28,low,poor road,major,2,1,0,None,0.1
9166,Bangalore,Karnataka,12.878918,77.584546,2024-03-25,16:00,16,Monday,0,urban,4,1,rain,low,29,high,poor road,fatal,3,3,0,Holi,0.95
9167,Bangalore,Karnataka,13.186507,77.465711,2023-07-14,3:00,3,Friday,0,urban,5,1,clear,high,38,low,drunk driving,major,1,1,0,None,0.1
9172,Bangalore,Karnataka,12.887784,77.442579,2023-02-23,4:00,4,Thursday,0,highway,2,0,fog,low,32,low,drunk driving,minor,1,0,0,None,0.45
9178,Bangalore,Karnataka,13.097063,77.498174,2023-12-05,19:00,19,Tuesday,0,highway,1,0,clear,high,19,medium,overspeeding,minor,3,1,1,None,0.25
9190,Bangalore,Karnataka,13.048938,77.726029,2022-03-09,0:00,0,Wednesday,0,highway,6,0,clear,high,18,medium,drunk driving,major,5,2,0,None,0.1
9193,Bangalore,Karnataka,13.051626,77.761984,2023-01-03,22:00,22,Tuesday,0,urban,3,0,rain,low,35,high,drunk driving,major,2,1,0,None,0.65
9215,Bangalore,Karnataka,13.029079,77.515575,2023-05-09,9:00,9,Tuesday,0,rural,4,1,fog,low,18,high,poor road,minor,4,0,1,None,0.8
9224,Bangalore,Karnataka,13.189798,77.545911,2023-10-16,7:00,7,Monday,0,urban,4,1,rain,medium,28,medium,overspeeding,minor,1,1,0,None,0.25
9225,Bangalore,Karnataka,12.913428,77.450604,2024-02-06,1:00,1,Tuesday,0,urban,6,1,clear,high,26,low,weather,major,5,1,0,None,0.1
9228,Bangalore,Karnataka,12.821393,77.505111,2025-03-04,18:00,18,Tuesday,0,urban,6,1,fog,low,39,high,overspeeding,minor,5,3,1,None,0.8
9246,Bangalore,Karnataka,13.034903,77.760716,2024-12-27,9:00,9,Friday,0,urban,2,1,fog,low,28,medium,drunk driving,fatal,3,3,1,None,0.8
9248,Bangalore,Karnataka,12.829414,77.614669,2024-06-15,9:00,9,Saturday,1,urban,5,0,fog,low,29,high,distraction,major,1,1,1,None,0.8
9260,Bangalore,Karnataka,12.929386,77.481487,2022-09-17,22:00,22,Saturday,1,rural,1,0,clear,high,19,low,distraction,minor,2,1,0,None,0.1
9271,Bangalore,Karnataka,13.159756,77.617301,2023-05-27,2:00,2,Saturday,1,urban,5,1,clear,high,18,low,poor road,minor,4,2,0,None,0.1
9277,Bangalore,Karnataka,13.062777,77.519675,2023-08-20,3:00,3,Sunday,1,rural,3,0,fog,low,35,low,poor road,minor,5,3,0,None,0.45
9288,Bangalore,Karnataka,12.821624,77.643424,2022-09-14,19:00,19,Wednesday,0,rural,2,0,rain,low,33,high,drunk driving,major,3,0,1,None,0.8
9290,Bangalore,Karnataka,12.886513,77.505201,2024-07-13,20:00,20,Saturday,1,highway,3,1,fog,low,16,high,drunk driving,fatal,2,2,0,None,0.85
9294,Bangalore,Karnataka,13.090865,77.590194,2024-08-05,15:00,15,Monday,0,highway,1,0,clear,high,39,high,drunk driving,major,3,3,0,None,0.3
9297,Bangalore,Karnataka,13.131846,77.475549,2022-02-21,15:00,15,Monday,0,rural,1,1,rain,low,28,medium,overspeeding,minor,1,0,0,None,0.45
9305,Bangalore,Karnataka,13.060227,77.660059,2024-02-06,7:00,7,Tuesday,0,rural,5,1,clear,high,34,high,weather,minor,3,1,0,None,0.3
9320,Bangalore,Karnataka,12.86748,77.679274,2022-01-23,18:00,18,Sunday,1,rural,3,0,clear,high,19,high,poor road,minor,2,0,1,None,0.45
9321,Bangalore,Karnataka,12.946751,77.719239,2024-05-09,7:00,7,Thursday,0,urban,6,1,clear,high,32,high,poor road,fatal,4,4,0,None,0.5
9327,Bangalore,Karnataka,13.068061,77.692437,2024-01-25,21:00,21,Thursday,0,urban,6,0,fog,low,38,high,distraction,minor,5,3,0,None,0.65
9333,Bangalore,Karnataka,13.091621,77.512735,2025-02-18,18:00,18,Tuesday,0,rural,6,0,rain,medium,23,high,overspeeding,fatal,5,5,1,None,0.8
9339,Bangalore,Karnataka,13.035848,77.571387,2025-03-05,0:00,0,Wednesday,0,highway,6,1,fog,low,32,low,drunk driving,major,4,0,0,None,0.45
9352,Bangalore,Karnataka,12.819635,77.66143,2024-10-01,15:00,15,Tuesday,0,urban,4,1,rain,low,27,high,weather,minor,4,2,0,None,0.65
9355,Bangalore,Karnataka,13.082911,77.51741,2024-03-25,4:00,4,Monday,0,rural,6,0,fog,low,32,low,weather,major,2,2,0,Holi,0.55
9372,Bangalore,Karnataka,12.908289,77.778186,2023-01-01,20:00,20,Sunday,1,urban,3,0,rain,low,21,medium,drunk driving,minor,4,0,0,New Year,0.55
9393,Bangalore,Karnataka,12.939438,77.791979,2023-11-08,15:00,15,Wednesday,0,highway,2,1,clear,high,18,high,weather,fatal,1,1,0,None,0.5
9406,Bangalore,Karnataka,13.075274,77.538123,2023-09-04,16:00,16,Monday,0,rural,2,1,rain,low,23,high,weather,major,5,5,0,None,0.65
9410,Bangalore,Karnataka,13.112915,77.701922,2022-12-03,6:00,6,Saturday,1,rural,5,0,rain,medium,22,medium,poor road,major,4,0,0,None,0.25
9427,Bangalore,Karnataka,12.853402,77.674523,2024-07-29,21:00,21,Monday,0,highway,6,0,fog,low,25,high,drunk driving,minor,5,3,0,None,0.65
9437,Bangalore,Karnataka,13.042905,77.736602,2022-07-30,23:00,23,Saturday,1,highway,1,1,rain,medium,25,medium,overspeeding,fatal,3,3,0,None,0.45
9441,Bangalore,Karnataka,13.0941,77.46452,2025-03-21,12:00,12,Friday,0,rural,4,0,clear,high,35,medium,weather,minor,5,0,0,None,0.1
9442,Bangalore,Karnataka,13.175168,77.6276,2024-12-06,14:00,14,Friday,0,highway,3,1,clear,high,21,medium,weather,major,4,1,0,None,0.1
9445,Bangalore,Karnataka,13.069332,77.590176,2024-06-03,11:00,11,Monday,0,rural,1,0,rain,low,31,high,weather,minor,4,1,0,None,0.65
9446,Bangalore,Karnataka,13.117379,77.612864,2023-01-27,18:00,18,Friday,0,rural,1,0,rain,low,35,high,drunk driving,major,4,1,1,None,0.8
9454,Bangalore,Karnataka,13.103518,77.598326,2022-08-15,11:00,11,Monday,0,rural,2,1,clear,high,30,high,drunk driving,minor,3,3,0,None,0.3
9459,Bangalore,Karnataka,12.856089,77.703216,2022-09-05,5:00,5,Monday,0,rural,1,1,fog,low,20,low,drunk driving,minor,4,0,0,None,0.45
9473,Bangalore,Karnataka,12.801817,77.631706,2024-04-06,22:00,22,Saturday,1,highway,2,1,fog,low,30,high,poor road,minor,4,4,0,None,0.65
9482,Bangalore,Karnataka,12.886824,77.408141,2025-01-08,16:00,16,Wednesday,0,highway,1,0,clear,high,29,high,poor road,minor,4,0,0,None,0.3
9491,Bangalore,Karnataka,12.933285,77.722253,2023-12-10,3:00,3,Sunday,1,urban,5,1,fog,low,36,high,poor road,minor,3,3,0,None,0.65
9494,Bangalore,Karnataka,12.920303,77.596069,2024-10-09,11:00,11,Wednesday,0,rural,2,1,rain,low,29,medium,weather,fatal,3,3,0,None,0.65
9512,Bangalore,Karnataka,13.056463,77.711849,2024-01-10,2:00,2,Wednesday,0,rural,2,0,fog,low,26,low,drunk driving,fatal,3,3,0,None,0.65
9547,Bangalore,Karnataka,13.109331,77.669539,2024-01-15,17:00,17,Monday,0,highway,3,1,fog,low,34,high,weather,minor,4,1,1,None,0.8
9553,Bangalore,Karnataka,12.999529,77.633314,2024-06-20,13:00,13,Thursday,0,rural,6,0,clear,high,30,high,distraction,fatal,5,5,0,None,0.5
9558,Bangalore,Karnataka,13.051545,77.444715,2024-08-18,6:00,6,Sunday,1,highway,4,0,rain,medium,25,high,distraction,major,2,1,0,None,0.45
9592,Bangalore,Karnataka,12.855595,77.728605,2024-02-05,6:00,6,Monday,0,urban,3,1,rain,medium,32,medium,overspeeding,fatal,2,2,0,None,0.45
9604,Bangalore,Karnataka,13.082222,77.623845,2023-10-03,22:00,22,Tuesday,0,urban,3,1,clear,high,15,low,overspeeding,major,1,1,0,None,0.1
9608,Bangalore,Karnataka,13.154698,77.43953,2024-05-09,22:00,22,Thursday,0,highway,4,0,fog,low,37,high,weather,minor,3,0,0,None,0.65
9609,Bangalore,Karnataka,12.871176,77.555624,2022-11-29,21:00,21,Tuesday,0,urban,2,1,clear,high,28,medium,overspeeding,minor,1,1,0,None,0.1
9615,Bangalore,Karnataka,13.0608,77.425349,2024-05-07,8:00,8,Tuesday,0,urban,5,0,fog,low,22,high,distraction,minor,1,1,1,None,0.8
9616,Bangalore,Karnataka,12.894773,77.66304,2023-11-17,18:00,18,Friday,0,highway,4,0,clear,high,22,low,overspeeding,minor,5,0,1,None,0.25
9622,Bangalore,Karnataka,12.860386,77.750112,2022-12-28,11:00,11,Wednesday,0,urban,6,0,clear,high,31,high,distraction,minor,2,2,0,None,0.3
9635,Bangalore,Karnataka,13.095352,77.69829,2024-01-08,23:00,23,Monday,0,highway,6,1,fog,low,27,high,weather,major,1,0,0,None,0.65
9637,Bangalore,Karnataka,13.037308,77.797759,2023-06-24,15:00,15,Saturday,1,urban,1,1,fog,low,32,medium,weather,minor,2,2,0,None,0.45
9641,Bangalore,Karnataka,12.926176,77.641662,2024-08-11,10:00,10,Sunday,1,urban,6,0,fog,low,22,high,weather,major,4,3,1,None,0.8
9656,Bangalore,Karnataka,13.09487,77.608105,2022-06-05,10:00,10,Sunday,1,urban,5,1,rain,medium,22,high,weather,fatal,2,2,1,None,0.8
9675,Bangalore,Karnataka,12.862954,77.738453,2024-09-01,8:00,8,Sunday,1,highway,1,0,clear,high,27,high,drunk driving,minor,1,0,1,None,0.45
9694,Bangalore,Karnataka,12.927826,77.621534,2024-01-12,23:00,23,Friday,0,urban,2,1,fog,low,28,medium,drunk driving,fatal,4,4,0,None,0.65
9701,Bangalore,Karnataka,13.04358,77.540229,2024-01-19,18:00,18,Friday,0,urban,1,0,rain,low,27,medium,drunk driving,minor,3,3,1,None,0.6
9711,Bangalore,Karnataka,12.932436,77.450262,2024-03-07,7:00,7,Thursday,0,urban,3,0,rain,medium,38,medium,distraction,major,4,4,0,None,0.25
9713,Bangalore,Karnataka,12.958978,77.576523,2025-01-18,23:00,23,Saturday,1,urban,6,0,fog,low,26,medium,drunk driving,minor,5,0,0,None,0.45
9715,Bangalore,Karnataka,12.956368,77.648502,2023-09-24,13:00,13,Sunday,1,urban,4,0,clear,high,37,low,drunk driving,major,4,0,0,None,0.1
9728,Bangalore,Karnataka,13.192921,77.715671,2023-09-20,18:00,18,Wednesday,0,highway,1,0,fog,low,34,low,overspeeding,fatal,2,2,1,None,0.8
9743,Bangalore,Karnataka,12.944716,77.53335,2024-07-29,20:00,20,Monday,0,urban,5,0,clear,high,37,medium,weather,minor,2,2,0,None,0.1
9749,Bangalore,Karnataka,13.195558,77.677839,2023-03-08,16:00,16,Wednesday,0,urban,6,0,rain,medium,33,high,poor road,fatal,4,4,0,Holi,0.75
9756,Bangalore,Karnataka,13.103384,77.639879,2022-03-06,16:00,16,Sunday,1,rural,4,0,clear,high,16,medium,drunk driving,minor,2,1,0,None,0.1
9759,Bangalore,Karnataka,12.971122,77.53861,2023-09-12,2:00,2,Tuesday,0,urban,1,0,fog,low,36,medium,drunk driving,major,3,0,0,None,0.45
9760,Bangalore,Karnataka,12.944193,77.72323,2022-04-03,23:00,23,Sunday,1,urban,2,0,clear,high,17,low,weather,fatal,3,3,0,None,0.3
9763,Bangalore,Karnataka,12.978919,77.55365,2023-04-03,1:00,1,Monday,0,urban,1,1,clear,high,22,low,weather,minor,5,0,0,None,0.1
9769,Bangalore,Karnataka,12.965472,77.58546,2023-11-28,6:00,6,Tuesday,0,urban,2,0,clear,high,36,high,weather,minor,2,1,0,None,0.3
9778,Bangalore,Karnataka,13.192109,77.733344,2022-09-05,12:00,12,Monday,0,highway,3,0,clear,high,37,high,weather,minor,1,0,0,None,0.3
9780,Bangalore,Karnataka,12.884795,77.709553,2025-01-28,20:00,20,Tuesday,0,highway,5,0,fog,low,38,low,overspeeding,major,3,3,0,None,0.45
9787,Bangalore,Karnataka,13.045248,77.585431,2022-05-13,1:00,1,Friday,0,highway,1,0,clear,high,19,low,drunk driving,major,2,2,0,None,0.1
9788,Bangalore,Karnataka,12.858691,77.688866,2023-07-31,0:00,0,Monday,0,urban,3,1,rain,medium,35,low,poor road,minor,3,3,0,None,0.25
9794,Bangalore,Karnataka,12.976083,77.738458,2024-04-12,14:00,14,Friday,0,highway,2,1,rain,low,30,low,distraction,minor,3,2,0,None,0.45
9796,Bangalore,Karnataka,13.179428,77.438302,2023-09-27,8:00,8,Wednesday,0,highway,1,1,fog,low,20,high,weather,minor,3,2,1,None,0.8
9799,Bangalore,Karnataka,12.824089,77.403607,2022-09-19,0:00,0,Monday,0,rural,5,0,fog,low,33,low,poor road,minor,4,1,0,None,0.45
9814,Bangalore,Karnataka,12.858802,77.492788,2022-07-29,19:00,19,Friday,0,urban,5,1,fog,low,19,high,poor road,minor,4,4,1,None,0.8
9819,Bangalore,Karnataka,13.019709,77.635747,2024-04-25,5:00,5,Thursday,0,highway,6,1,rain,low,26,high,poor road,minor,5,0,0,None,0.65
9827,Bangalore,Karnataka,12.884915,77.466665,2024-06-02,8:00,8,Sunday,1,urban,3,1,fog,low,26,high,drunk driving,major,2,2,1,None,0.8
9833,Bangalore,Karnataka,12.965994,77.439383,2022-09-03,14:00,14,Saturday,1,highway,4,0,clear,high,19,low,drunk driving,minor,5,0,0,None,0.1
9834,Bangalore,Karnataka,12.820787,77.531822,2023-11-26,2:00,2,Sunday,1,urban,6,0,fog,low,25,low,distraction,minor,5,0,0,None,0.45
9847,Bangalore,Karnataka,12.953475,77.626975,2024-07-13,5:00,5,Saturday,1,urban,5,0,clear,high,24,medium,distraction,major,3,0,0,None,0.1
9848,Bangalore,Karnataka,12.820525,77.573402,2023-05-23,20:00,20,Tuesday,0,highway,5,1,fog,low,35,low,weather,minor,5,3,0,None,0.45
9850,Bangalore,Karnataka,12.958016,77.478784,2023-10-29,18:00,18,Sunday,1,urban,6,0,rain,medium,26,medium,drunk driving,major,1,1,1,None,0.4
9858,Bangalore,Karnataka,12.898924,77.509896,2023-11-13,17:00,17,Monday,0,urban,6,0,clear,high,30,low,weather,minor,3,1,1,None,0.25
9868,Bangalore,Karnataka,12.909522,77.692355,2022-10-13,3:00,3,Thursday,0,highway,1,1,rain,low,19,medium,poor road,major,5,3,0,None,0.45
9873,Bangalore,Karnataka,13.10237,77.428008,2022-03-09,0:00,0,Wednesday,0,highway,1,0,clear,high,38,low,distraction,minor,3,1,0,None,0.1
9876,Bangalore,Karnataka,12.845496,77.403729,2022-05-19,2:00,2,Thursday,0,urban,4,0,rain,low,22,low,poor road,minor,3,1,0,None,0.45
9880,Bangalore,Karnataka,13.193739,77.525547,2024-12-14,13:00,13,Saturday,1,urban,6,0,fog,low,22,low,weather,major,3,3,0,None,0.45
9888,Bangalore,Karnataka,12.812688,77.56167,2025-04-05,16:00,16,Saturday,1,highway,3,0,clear,high,31,low,weather,minor,2,1,0,None,0.1
9909,Bangalore,Karnataka,13.161987,77.474968,2022-09-30,22:00,22,Friday,0,rural,3,0,fog,low,36,low,distraction,minor,3,1,0,None,0.45
9912,Bangalore,Karnataka,12.95131,77.697858,2022-08-11,17:00,17,Thursday,0,rural,6,0,rain,medium,29,high,poor road,minor,5,3,1,None,0.6
9927,Bangalore,Karnataka,12.937465,77.416687,2022-09-14,5:00,5,Wednesday,0,urban,5,1,fog,low,36,low,drunk driving,major,5,2,0,None,0.45
9941,Bangalore,Karnataka,12.972255,77.69739,2023-09-12,5:00,5,Tuesday,0,urban,5,1,fog,low,35,high,overspeeding,minor,2,1,0,None,0.65
9948,Bangalore,Karnataka,13.07382,77.77058,2023-05-31,22:00,22,Wednesday,0,rural,1,1,fog,low,20,high,drunk driving,minor,3,1,0,None,0.65
9957,Bangalore,Karnataka,13.17891,77.698694,2023-07-03,23:00,23,Monday,0,highway,2,0,fog,low,37,low,weather,minor,5,2,0,None,0.45
9969,Bangalore,Karnataka,12.935848,77.71635,2023-06-19,8:00,8,Monday,0,rural,4,0,rain,medium,30,high,drunk driving,major,3,2,1,None,0.6
9980,Bangalore,Karnataka,13.191314,77.418584,2025-01-11,10:00,10,Saturday,1,highway,5,0,rain,low,16,high,weather,minor,2,2,1,None,0.8
10015,Bangalore,Karnataka,12.987791,77.412663,2023-12-20,21:00,21,Wednesday,0,rural,6,1,clear,high,39,high,weather,minor,3,3,0,None,0.3
10020,Bangalore,Karnataka,13.150167,77.739023,2022-09-25,19:00,19,Sunday,1,urban,2,1,fog,low,33,high,distraction,minor,3,0,1,None,0.8
10022,Bangalore,Karnataka,12.909332,77.700998,2024-11-30,14:00,14,Saturday,1,highway,3,0,rain,medium,23,high,poor road,minor,5,3,0,None,0.45
10042,Bangalore,Karnataka,12.854883,77.772555,2024-05-26,8:00,8,Sunday,1,highway,3,1,clear,high,26,high,overspeeding,fatal,5,5,1,None,0.65
10048,Bangalore,Karnataka,13.073513,77.732751,2022-05-16,5:00,5,Monday,0,urban,3,1,rain,medium,21,medium,weather,minor,4,0,0,None,0.25
10062,Bangalore,Karnataka,13.03036,77.480618,2025-03-23,23:00,23,Sunday,1,highway,4,1,fog,low,32,high,poor road,fatal,2,2,0,None,0.85
10070,Bangalore,Karnataka,13.066582,77.658561,2023-11-15,0:00,0,Wednesday,0,highway,2,1,clear,high,33,low,distraction,fatal,3,3,0,None,0.3
10085,Bangalore,Karnataka,13.054098,77.538688,2023-07-23,5:00,5,Sunday,1,urban,5,1,fog,low,34,high,distraction,minor,3,0,0,None,0.65
10112,Bangalore,Karnataka,12.953836,77.642962,2024-09-07,5:00,5,Saturday,1,rural,4,0,clear,high,18,high,weather,minor,3,1,0,None,0.3
10120,Bangalore,Karnataka,12.830107,77.663696,2025-03-07,2:00,2,Friday,0,rural,2,0,clear,high,28,low,distraction,minor,2,0,0,None,0.1
10122,Bangalore,Karnataka,12.848268,77.574518,2022-10-18,14:00,14,Tuesday,0,rural,6,0,fog,low,34,low,overspeeding,minor,4,4,0,None,0.45
10130,Bangalore,Karnataka,13.051797,77.73607,2023-06-25,13:00,13,Sunday,1,rural,1,1,clear,high,33,low,overspeeding,minor,3,2,0,None,0.1
10133,Bangalore,Karnataka,13.090145,77.404761,2024-07-17,6:00,6,Wednesday,0,rural,6,1,fog,low,16,low,drunk driving,minor,5,2,0,None,0.45
10137,Bangalore,Karnataka,13.174899,77.446245,2022-07-26,11:00,11,Tuesday,0,rural,6,1,rain,low,39,medium,drunk driving,fatal,2,2,0,None,0.65
10142,Bangalore,Karnataka,12.928995,77.737258,2022-07-10,2:00,2,Sunday,1,highway,5,0,clear,high,28,low,drunk driving,minor,4,3,0,None,0.1
10144,Bangalore,Karnataka,12.813546,77.490398,2022-03-30,22:00,22,Wednesday,0,urban,2,1,clear,high,17,high,overspeeding,minor,5,0,0,None,0.3
10147,Bangalore,Karnataka,13.041933,77.433588,2022-01-02,20:00,20,Sunday,1,rural,5,0,clear,high,25,medium,overspeeding,major,4,1,0,None,0.1
10162,Bangalore,Karnataka,13.111555,77.533463,2023-02-17,9:00,9,Friday,0,urban,5,0,fog,low,33,high,distraction,major,1,1,1,None,0.8
10163,Bangalore,Karnataka,13.086309,77.443331,2024-06-26,6:00,6,Wednesday,0,rural,6,0,rain,medium,38,low,drunk driving,fatal,4,4,0,None,0.45
10167,Bangalore,Karnataka,12.925512,77.537836,2023-11-25,17:00,17,Saturday,1,urban,1,0,fog,low,37,medium,poor road,major,5,0,1,None,0.6
10172,Bangalore,Karnataka,13.094752,77.600082,2023-05-22,1:00,1,Monday,0,highway,5,0,rain,low,36,medium,overspeeding,minor,2,2,0,None,0.45
10188,Bangalore,Karnataka,12.840354,77.690818,2025-02-02,10:00,10,Sunday,1,rural,6,0,rain,low,26,high,poor road,minor,2,2,1,None,0.8
10198,Bangalore,Karnataka,13.043798,77.570611,2023-12-11,13:00,13,Monday,0,highway,6,0,rain,medium,26,low,poor road,minor,4,1,0,None,0.25
10205,Bangalore,Karnataka,12.994184,77.53308,2023-08-21,15:00,15,Monday,0,highway,2,1,fog,low,17,high,drunk driving,major,4,3,0,None,0.65
10207,Bangalore,Karnataka,12.935196,77.556473,2023-10-05,10:00,10,Thursday,0,highway,4,0,fog,low,30,high,drunk driving,major,5,5,1,None,0.8
10210,Bangalore,Karnataka,12.968729,77.655706,2023-11-01,4:00,4,Wednesday,0,rural,4,1,fog,low,39,low,weather,major,5,3,0,None,0.45
10211,Bangalore,Karnataka,13.070598,77.519801,2023-03-28,22:00,22,Tuesday,0,urban,6,0,clear,high,29,low,weather,minor,3,3,0,None,0.1
10212,Bangalore,Karnataka,13.183054,77.53588,2025-02-20,14:00,14,Thursday,0,highway,5,0,clear,high,37,high,overspeeding,major,2,1,0,None,0.3
10216,Bangalore,Karnataka,12.860761,77.684908,2022-09-06,0:00,0,Tuesday,0,highway,3,0,rain,medium,30,medium,poor road,fatal,1,1,0,None,0.45
10230,Bangalore,Karnataka,13.156882,77.576339,2024-07-06,2:00,2,Saturday,1,rural,2,0,rain,medium,18,medium,overspeeding,fatal,4,4,0,None,0.45
10235,Bangalore,Karnataka,12.815416,77.739001,2023-11-06,13:00,13,Monday,0,urban,3,0,clear,high,40,low,poor road,minor,1,1,0,None,0.1
10239,Bangalore,Karnataka,12.887308,77.708665,2023-04-16,0:00,0,Sunday,1,highway,1,0,fog,low,37,high,drunk driving,minor,4,2,0,None,0.65
10240,Bangalore,Karnataka,13.025779,77.602384,2025-03-06,6:00,6,Thursday,0,rural,3,1,clear,high,28,high,weather,minor,4,0,0,None,0.3
10248,Bangalore,Karnataka,12.918692,77.480661,2022-03-26,4:00,4,Saturday,1,rural,6,0,rain,low,39,low,distraction,fatal,3,3,0,None,0.65
10268,Bangalore,Karnataka,13.13184,77.543868,2024-06-24,2:00,2,Monday,0,urban,3,1,fog,low,20,low,distraction,minor,2,2,0,None,0.45
10273,Bangalore,Karnataka,12.872047,77.466811,2025-03-14,12:00,12,Friday,0,rural,5,0,clear,high,25,high,overspeeding,major,4,2,0,None,0.3
10278,Bangalore,Karnataka,13.05918,77.64531,2024-08-26,3:00,3,Monday,0,highway,6,1,clear,high,32,low,distraction,minor,1,1,0,None,0.1
10288,Bangalore,Karnataka,12.822518,77.650227,2024-12-19,5:00,5,Thursday,0,urban,5,1,clear,high,15,high,distraction,fatal,5,5,0,None,0.5
10296,Bangalore,Karnataka,13.078407,77.762747,2024-07-22,6:00,6,Monday,0,highway,4,0,clear,high,15,high,distraction,major,3,2,0,None,0.3
10305,Bangalore,Karnataka,13.062445,77.542231,2024-06-23,8:00,8,Sunday,1,urban,3,0,clear,high,28,high,distraction,minor,3,3,1,None,0.45
10312,Bangalore,Karnataka,13.014866,77.586902,2024-01-04,20:00,20,Thursday,0,rural,6,1,clear,high,19,high,distraction,minor,2,0,0,None,0.3
10315,Bangalore,Karnataka,12.995366,77.410859,2022-08-23,7:00,7,Tuesday,0,highway,1,1,rain,low,36,low,weather,minor,1,1,0,None,0.45
10320,Bangalore,Karnataka,12.837164,77.522144,2024-10-27,13:00,13,Sunday,1,rural,6,0,rain,low,22,high,distraction,minor,4,3,0,None,0.65
10334,Bangalore,Karnataka,12.919349,77.533723,2023-11-12,14:00,14,Sunday,1,rural,1,1,clear,high,16,low,weather,fatal,5,5,0,Diwali,0.4
10337,Bangalore,Karnataka,12.956841,77.649234,2023-04-11,9:00,9,Tuesday,0,highway,2,1,fog,low,34,medium,weather,fatal,2,2,1,None,0.8
10342,Bangalore,Karnataka,13.07939,77.670281,2023-04-09,9:00,9,Sunday,1,urban,1,0,clear,high,39,low,drunk driving,major,5,0,1,None,0.25
10345,Bangalore,Karnataka,13.150723,77.598547,2022-05-05,14:00,14,Thursday,0,highway,1,0,fog,low,38,low,overspeeding,major,4,1,0,None,0.45
10359,Bangalore,Karnataka,12.888461,77.489504,2022-06-28,10:00,10,Tuesday,0,urban,4,1,clear,high,29,low,drunk driving,fatal,2,2,1,None,0.45
10377,Bangalore,Karnataka,13.058115,77.451423,2024-04-22,6:00,6,Monday,0,rural,6,0,fog,low,29,low,poor road,minor,4,0,0,None,0.45
10406,Bangalore,Karnataka,12.909876,77.648643,2022-01-21,15:00,15,Friday,0,highway,1,1,clear,high,18,low,drunk driving,minor,3,2,0,None,0.1
10408,Bangalore,Karnataka,13.167237,77.421873,2024-04-07,2:00,2,Sunday,1,urban,5,1,rain,medium,30,low,drunk driving,fatal,2,2,0,None,0.45
10418,Bangalore,Karnataka,12.909628,77.765024,2023-08-25,1:00,1,Friday,0,rural,6,0,clear,high,26,low,weather,minor,5,0,0,None,0.1
10424,Bangalore,Karnataka,13.072632,77.697878,2024-04-17,21:00,21,Wednesday,0,urban,3,1,rain,low,35,medium,distraction,minor,4,1,0,None,0.45
10430,Bangalore,Karnataka,13.07431,77.667197,2024-11-02,0:00,0,Saturday,1,rural,3,0,fog,low,17,high,poor road,minor,4,4,0,None,0.65
10458,Bangalore,Karnataka,12.968249,77.447933,2023-04-26,1:00,1,Wednesday,0,urban,4,0,rain,low,30,high,distraction,major,1,0,0,None,0.65
10460,Bangalore,Karnataka,12.876662,77.45367,2024-01-02,16:00,16,Tuesday,0,rural,5,1,fog,low,36,low,poor road,minor,1,0,0,None,0.45
10465,Bangalore,Karnataka,12.956176,77.690721,2022-02-07,5:00,5,Monday,0,urban,3,1,fog,low,33,high,drunk driving,major,3,1,0,None,0.65
10477,Bangalore,Karnataka,12.852098,77.767224,2023-11-17,21:00,21,Friday,0,rural,4,0,fog,low,34,low,overspeeding,minor,4,1,0,None,0.45
10483,Bangalore,Karnataka,13.193635,77.514426,2023-10-02,4:00,4,Monday,0,urban,1,0,rain,medium,29,medium,drunk driving,minor,5,2,0,None,0.25
10490,Bangalore,Karnataka,13.096262,77.624241,2023-01-20,1:00,1,Friday,0,highway,2,0,clear,high,36,low,distraction,minor,1,0,0,None,0.1
10493,Bangalore,Karnataka,12.812492,77.644432,2023-09-04,20:00,20,Monday,0,highway,2,0,rain,low,32,low,drunk driving,fatal,3,3,0,None,0.65
10505,Bangalore,Karnataka,13.008114,77.725366,2022-08-30,1:00,1,Tuesday,0,urban,4,1,fog,low,30,low,poor road,major,1,1,0,None,0.45
10507,Bangalore,Karnataka,12.938157,77.547109,2023-11-04,11:00,11,Saturday,1,urban,6,0,rain,low,24,high,drunk driving,minor,3,0,0,None,0.65
10515,Bangalore,Karnataka,13.13781,77.598758,2022-01-18,10:00,10,Tuesday,0,highway,5,0,rain,low,36,high,overspeeding,minor,4,0,1,None,0.8
10519,Bangalore,Karnataka,13.078232,77.570996,2023-12-26,13:00,13,Tuesday,0,highway,2,1,rain,low,37,medium,drunk driving,minor,5,1,0,None,0.45
10529,Bangalore,Karnataka,13.16394,77.580945,2023-06-07,9:00,9,Wednesday,0,highway,2,1,clear,high,24,high,overspeeding,major,5,2,1,None,0.45
10547,Bangalore,Karnataka,13.030111,77.74674,2022-01-23,21:00,21,Sunday,1,rural,2,0,rain,medium,18,medium,distraction,fatal,2,2,0,None,0.45
10585,Bangalore,Karnataka,13.199728,77.609077,2022-02-05,16:00,16,Saturday,1,urban,5,0,rain,low,38,low,drunk driving,major,4,2,0,None,0.45
10588,Bangalore,Karnataka,12.95267,77.759124,2023-02-06,7:00,7,Monday,0,highway,1,1,fog,low,16,low,weather,minor,3,3,0,None,0.45
10589,Bangalore,Karnataka,12.920775,77.539949,2024-03-27,4:00,4,Wednesday,0,urban,6,1,fog,low,15,low,weather,fatal,5,5,0,None,0.65
10590,Bangalore,Karnataka,12.912323,77.602946,2024-03-10,12:00,12,Sunday,1,rural,4,0,rain,medium,37,medium,weather,fatal,2,2,0,None,0.45
10597,Bangalore,Karnataka,12.816385,77.517245,2024-09-24,21:00,21,Tuesday,0,rural,6,0,clear,high,31,medium,weather,minor,2,0,0,None,0.1
10606,Bangalore,Karnataka,13.050436,77.500405,2024-10-13,21:00,21,Sunday,1,urban,3,1,fog,low,32,medium,distraction,major,5,4,0,None,0.45
10616,Bangalore,Karnataka,13.153656,77.536116,2023-03-20,12:00,12,Monday,0,rural,4,1,fog,low,22,medium,distraction,minor,3,2,0,None,0.45
10624,Bangalore,Karnataka,12.84345,77.642175,2022-09-29,10:00,10,Thursday,0,urban,4,1,rain,low,32,medium,weather,minor,2,1,1,None,0.6
10625,Bangalore,Karnataka,13.078657,77.629778,2022-03-03,6:00,6,Thursday,0,urban,5,0,rain,medium,31,high,distraction,minor,5,3,0,None,0.45
10633,Bangalore,Karnataka,13.085531,77.561988,2024-01-10,15:00,15,Wednesday,0,highway,4,1,rain,medium,21,high,drunk driving,fatal,3,3,0,None,0.65
10635,Bangalore,Karnataka,13.15621,77.576598,2024-05-01,10:00,10,Wednesday,0,rural,6,0,fog,low,36,medium,drunk driving,fatal,2,2,1,None,0.8
10660,Bangalore,Karnataka,12.843217,77.5432,2025-02-04,16:00,16,Tuesday,0,rural,4,0,rain,medium,34,high,weather,fatal,5,5,0,None,0.65
10662,Bangalore,Karnataka,13.092382,77.441182,2023-06-14,15:00,15,Wednesday,0,rural,3,0,clear,high,23,high,weather,minor,5,4,0,None,0.3
10681,Bangalore,Karnataka,13.028695,77.447039,2023-09-24,2:00,2,Sunday,1,highway,1,0,rain,medium,32,low,weather,minor,2,2,0,None,0.25
10691,Bangalore,Karnataka,13.036114,77.589476,2023-10-11,5:00,5,Wednesday,0,rural,4,0,fog,low,24,high,poor road,minor,2,1,0,None,0.65
10696,Bangalore,Karnataka,13.044968,77.784402,2022-05-21,12:00,12,Saturday,1,rural,4,0,clear,high,34,high,drunk driving,major,2,2,0,None,0.3
10711,Bangalore,Karnataka,13.113516,77.482396,2022-01-10,3:00,3,Monday,0,urban,2,1,rain,low,40,low,drunk driving,major,1,0,0,None,0.45
10723,Bangalore,Karnataka,13.133715,77.614249,2024-06-17,12:00,12,Monday,0,rural,1,1,fog,low,37,medium,overspeeding,minor,4,2,0,None,0.45
10740,Bangalore,Karnataka,13.090369,77.791678,2024-09-04,14:00,14,Wednesday,0,urban,3,0,clear,high,17,medium,weather,fatal,3,3,0,None,0.3
10743,Bangalore,Karnataka,12.969332,77.414518,2024-11-25,11:00,11,Monday,0,urban,1,1,rain,low,16,low,weather,minor,2,2,0,None,0.45
10749,Bangalore,Karnataka,13.071597,77.46611,2022-05-24,11:00,11,Tuesday,0,urban,2,0,clear,high,23,low,distraction,major,5,4,0,None,0.1
10759,Bangalore,Karnataka,12.872034,77.678038,2022-10-15,12:00,12,Saturday,1,rural,3,0,fog,low,26,medium,weather,minor,1,0,0,None,0.45
10794,Bangalore,Karnataka,12.872042,77.775247,2022-12-13,19:00,19,Tuesday,0,urban,1,1,fog,low,33,high,distraction,minor,1,1,1,None,0.8
10796,Bangalore,Karnataka,13.149966,77.77601,2024-01-23,8:00,8,Tuesday,0,rural,1,1,clear,high,21,high,poor road,major,4,0,1,None,0.45
10797,Bangalore,Karnataka,13.153134,77.738437,2024-06-13,18:00,18,Thursday,0,urban,6,0,fog,low,17,medium,poor road,minor,3,1,1,None,0.6
10801,Bangalore,Karnataka,12.812493,77.652539,2022-08-06,22:00,22,Saturday,1,urban,4,0,fog,low,25,low,drunk driving,major,1,1,0,None,0.45
10805,Bangalore,Karnataka,12.846541,77.780645,2025-03-16,17:00,17,Sunday,1,highway,5,1,rain,low,27,high,drunk driving,fatal,3,3,1,None,1.0
10811,Bangalore,Karnataka,13.060536,77.400412,2023-02-09,9:00,9,Thursday,0,urban,6,1,clear,high,20,high,weather,minor,3,2,1,None,0.45
10823,Bangalore,Karnataka,12.937771,77.563806,2022-11-11,4:00,4,Friday,0,rural,5,1,fog,low,18,low,drunk driving,fatal,5,5,0,None,0.65
10825,Bangalore,Karnataka,13.170464,77.62585,2025-04-01,23:00,23,Tuesday,0,rural,6,1,clear,high,38,medium,overspeeding,major,4,0,0,None,0.1
10831,Bangalore,Karnataka,12.812504,77.638069,2022-01-23,11:00,11,Sunday,1,rural,3,1,fog,low,37,high,weather,minor,4,3,0,None,0.65
10833,Bangalore,Karnataka,12.98782,77.784841,2023-02-14,8:00,8,Tuesday,0,highway,4,1,rain,low,36,high,weather,minor,4,4,1,None,0.8
10850,Bangalore,Karnataka,13.136734,77.781388,2024-07-30,9:00,9,Tuesday,0,urban,2,1,fog,low,34,low,distraction,major,2,1,1,None,0.6
10852,Bangalore,Karnataka,13.130849,77.516003,2022-09-24,6:00,6,Saturday,1,rural,5,1,fog,low,28,high,poor road,major,5,3,0,None,0.65
10857,Bangalore,Karnataka,12.962122,77.506358,2023-04-14,2:00,2,Friday,0,rural,5,1,clear,high,23,low,overspeeding,fatal,3,3,0,None,0.3
10861,Bangalore,Karnataka,12.962168,77.77362,2022-05-22,12:00,12,Sunday,1,highway,2,0,fog,low,32,low,drunk driving,minor,1,1,0,None,0.45
10862,Bangalore,Karnataka,13.062457,77.406148,2022-09-19,17:00,17,Monday,0,highway,1,1,rain,medium,19,medium,distraction,major,2,1,1,None,0.4
10895,Bangalore,Karnataka,13.046488,77.592768,2024-10-09,18:00,18,Wednesday,0,highway,5,1,clear,high,25,high,distraction,major,3,2,1,None,0.45
10907,Bangalore,Karnataka,12.842734,77.697265,2024-01-10,7:00,7,Wednesday,0,urban,6,1,clear,high,30,medium,weather,major,2,2,0,None,0.1
10911,Bangalore,Karnataka,12.921622,77.676556,2023-09-13,18:00,18,Wednesday,0,urban,1,0,clear,high,34,medium,drunk driving,fatal,2,2,1,None,0.45
10916,Bangalore,Karnataka,13.153506,77.791443,2023-11-07,12:00,12,Tuesday,0,urban,1,1,clear,high,29,low,weather,minor,5,4,0,None,0.1
10928,Bangalore,Karnataka,13.016978,77.534714,2024-09-30,1:00,1,Monday,0,highway,1,0,rain,low,28,high,distraction,minor,1,0,0,None,0.65
10931,Bangalore,Karnataka,13.189652,77.442958,2023-12-20,12:00,12,Wednesday,0,highway,4,1,clear,high,28,high,distraction,minor,3,0,0,None,0.3
10935,Bangalore,Karnataka,13.102638,77.519915,2022-07-24,3:00,3,Sunday,1,urban,6,1,fog,low,32,low,drunk driving,minor,4,4,0,None,0.45
10941,Bangalore,Karnataka,13.192689,77.589401,2024-01-05,7:00,7,Friday,0,urban,2,1,fog,low,34,high,poor road,major,5,1,0,None,0.65
10964,Bangalore,Karnataka,12.874408,77.640218,2024-07-29,19:00,19,Monday,0,highway,1,0,fog,low,22,high,distraction,minor,4,4,1,None,0.8
10972,Bangalore,Karnataka,12.87799,77.8,2023-11-09,3:00,3,Thursday,0,rural,1,0,fog,low,37,high,weather,minor,1,0,0,None,0.65
10978,Bangalore,Karnataka,13.147517,77.415279,2023-08-10,5:00,5,Thursday,0,urban,5,1,fog,low,20,low,distraction,minor,1,0,0,None,0.45
10983,Bangalore,Karnataka,13.170675,77.704781,2022-02-28,21:00,21,Monday,0,highway,2,0,rain,medium,39,low,poor road,minor,4,0,0,None,0.25
10984,Bangalore,Karnataka,13.027492,77.506537,2022-01-18,12:00,12,Tuesday,0,highway,1,1,clear,high,19,high,drunk driving,major,4,0,0,None,0.3
10994,Bangalore,Karnataka,12.855194,77.73627,2022-10-26,1:00,1,Wednesday,0,urban,3,0,fog,low,30,low,poor road,major,1,0,0,None,0.45
11020,Bangalore,Karnataka,12.801966,77.727736,2023-04-02,1:00,1,Sunday,1,highway,4,1,fog,low,15,low,drunk driving,fatal,1,1,0,None,0.65
11024,Bangalore,Karnataka,12.807775,77.444908,2024-09-19,20:00,20,Thursday,0,rural,2,1,clear,high,38,high,drunk driving,major,3,0,0,None,0.3
11026,Bangalore,Karnataka,12.968856,77.616502,2024-03-17,0:00,0,Sunday,1,urban,5,0,clear,high,20,low,weather,fatal,2,2,0,None,0.3
11028,Bangalore,Karnataka,13.087188,77.510524,2022-06-14,10:00,10,Tuesday,0,urban,2,1,clear,high,23,high,weather,minor,4,4,1,None,0.45
11031,Bangalore,Karnataka,13.144841,77.66891,2022-11-04,16:00,16,Friday,0,highway,6,1,clear,high,21,high,drunk driving,minor,3,0,0,None,0.3
11034,Bangalore,Karnataka,13.114131,77.763828,2024-03-05,15:00,15,Tuesday,0,urban,4,0,fog,low,37,medium,weather,minor,2,2,0,None,0.45
11037,Bangalore,Karnataka,13.170061,77.445621,2025-03-23,13:00,13,Sunday,1,urban,6,1,fog,low,15,medium,distraction,major,3,1,0,None,0.45
11042,Bangalore,Karnataka,13.164358,77.642299,2022-08-02,22:00,22,Tuesday,0,urban,3,1,fog,low,17,low,distraction,minor,1,0,0,None,0.45
11046,Bangalore,Karnataka,12.959178,77.73664,2024-07-03,2:00,2,Wednesday,0,rural,6,0,clear,high,32,low,weather,minor,3,1,0,None,0.1
11063,Bangalore,Karnataka,13.143139,77.449939,2023-11-04,2:00,2,Saturday,1,urban,4,0,clear,high,31,low,overspeeding,minor,5,5,0,None,0.1
11079,Bangalore,Karnataka,13.060743,77.413312,2022-05-06,21:00,21,Friday,0,highway,6,1,fog,low,25,medium,poor road,minor,3,0,0,None,0.45
11081,Bangalore,Karnataka,13.121161,77.576041,2022-05-21,10:00,10,Saturday,1,rural,1,1,rain,low,29,medium,drunk driving,major,1,0,1,None,0.6
11083,Bangalore,Karnataka,12.97265,77.480421,2022-03-01,23:00,23,Tuesday,0,urban,5,1,clear,high,22,high,distraction,fatal,1,1,0,None,0.5
11087,Bangalore,Karnataka,12.872337,77.727245,2024-10-22,4:00,4,Tuesday,0,rural,6,1,rain,medium,27,low,drunk driving,minor,3,0,0,None,0.25
11091,Bangalore,Karnataka,13.054888,77.716418,2023-01-07,12:00,12,Saturday,1,highway,5,0,rain,low,22,medium,overspeeding,minor,4,1,0,None,0.45
11122,Bangalore,Karnataka,12.890487,77.762825,2023-04-27,12:00,12,Thursday,0,urban,3,0,rain,medium,35,medium,weather,minor,3,3,0,None,0.25
11124,Bangalore,Karnataka,12.82014,77.52042,2024-06-16,17:00,17,Sunday,1,urban,6,1,clear,high,23,low,overspeeding,minor,2,1,1,None,0.25
11131,Bangalore,Karnataka,13.050504,77.479738,2023-03-24,3:00,3,Friday,0,rural,5,0,fog,low,35,medium,drunk driving,fatal,5,5,0,None,0.65
11138,Bangalore,Karnataka,13.101554,77.728924,2025-02-05,20:00,20,Wednesday,0,rural,1,1,clear,high,31,low,drunk driving,minor,1,1,0,None,0.1
11152,Bangalore,Karnataka,13.152421,77.783151,2022-02-08,1:00,1,Tuesday,0,rural,1,1,fog,low,18,medium,overspeeding,major,3,2,0,None,0.45
11160,Bangalore,Karnataka,13.08571,77.777404,2022-10-31,12:00,12,Monday,0,urban,5,0,clear,high,24,low,overspeeding,minor,2,1,0,None,0.1
11167,Bangalore,Karnataka,12.991867,77.416178,2024-06-17,14:00,14,Monday,0,highway,1,1,fog,low,34,medium,poor road,minor,4,2,0,None,0.45
11174,Bangalore,Karnataka,12.934193,77.675724,2023-10-10,6:00,6,Tuesday,0,highway,3,1,clear,high,40,high,drunk driving,fatal,1,1,0,None,0.5
11184,Bangalore,Karnataka,13.185983,77.429903,2022-08-27,1:00,1,Saturday,1,rural,3,1,clear,high,40,low,distraction,minor,1,1,0,None,0.1
11204,Bangalore,Karnataka,13.156723,77.499469,2024-06-18,6:00,6,Tuesday,0,rural,4,0,rain,low,34,medium,drunk driving,minor,5,1,0,None,0.45
11206,Bangalore,Karnataka,12.850785,77.650413,2023-07-02,3:00,3,Sunday,1,rural,1,0,rain,low,22,low,poor road,major,2,0,0,None,0.45
11220,Bangalore,Karnataka,12.845962,77.695585,2023-08-07,1:00,1,Monday,0,urban,1,1,clear,high,40,medium,overspeeding,minor,1,0,0,None,0.1
11229,Bangalore,Karnataka,12.908794,77.525715,2023-04-05,13:00,13,Wednesday,0,highway,1,1,rain,medium,15,medium,overspeeding,minor,2,1,0,None,0.25
11241,Bangalore,Karnataka,13.044295,77.692298,2023-07-24,23:00,23,Monday,0,rural,1,1,clear,high,22,low,overspeeding,minor,5,0,0,None,0.1
11245,Bangalore,Karnataka,13.161982,77.543346,2024-07-25,23:00,23,Thursday,0,highway,1,0,clear,high,28,medium,weather,minor,5,2,0,None,0.1
11246,Bangalore,Karnataka,13.115723,77.494263,2024-01-17,5:00,5,Wednesday,0,rural,4,0,clear,high,16,high,overspeeding,major,3,2,0,None,0.3
11251,Bangalore,Karnataka,12.974276,77.57598,2024-10-20,11:00,11,Sunday,1,rural,1,0,rain,medium,28,medium,weather,major,1,0,0,None,0.25
11288,Bangalore,Karnataka,13.192452,77.582886,2025-01-16,1:00,1,Thursday,0,rural,1,0,clear,high,31,low,drunk driving,minor,2,1,0,None,0.1
11296,Bangalore,Karnataka,13.012019,77.60945,2022-04-23,21:00,21,Saturday,1,rural,5,0,clear,high,34,high,weather,major,3,0,0,None,0.3
11302,Bangalore,Karnataka,13.056562,77.709523,2023-08-22,4:00,4,Tuesday,0,urban,6,0,clear,high,23,high,distraction,minor,4,2,0,None,0.3
11306,Bangalore,Karnataka,12.989393,77.53902,2022-10-30,13:00,13,Sunday,1,urban,4,0,rain,low,33,low,overspeeding,minor,3,0,0,None,0.45
11318,Bangalore,Karnataka,13.115651,77.783752,2024-06-29,9:00,9,Saturday,1,urban,4,0,clear,high,26,high,distraction,fatal,5,5,1,None,0.65
11348,Bangalore,Karnataka,13.024746,77.670789,2024-12-19,12:00,12,Thursday,0,highway,5,0,rain,low,20,low,overspeeding,fatal,5,5,0,None,0.65
11352,Bangalore,Karnataka,13.085591,77.757694,2024-07-04,10:00,10,Thursday,0,highway,1,0,rain,medium,20,medium,poor road,fatal,3,3,1,None,0.6
11368,Bangalore,Karnataka,12.858838,77.587101,2022-03-25,13:00,13,Friday,0,rural,5,1,rain,medium,26,high,poor road,fatal,2,2,0,None,0.65
11369,Bangalore,Karnataka,13.151937,77.478643,2023-11-12,7:00,7,Sunday,1,highway,1,0,fog,low,16,medium,weather,major,5,0,0,Diwali,0.55
11381,Bangalore,Karnataka,13.037162,77.468262,2022-03-05,0:00,0,Saturday,1,rural,3,1,rain,low,28,medium,distraction,minor,5,0,0,None,0.45
11398,Bangalore,Karnataka,12.890305,77.496031,2022-03-23,13:00,13,Wednesday,0,urban,5,1,rain,low,20,low,weather,minor,5,1,0,None,0.45
11405,Bangalore,Karnataka,12.931874,77.543289,2023-06-01,9:00,9,Thursday,0,urban,6,0,clear,high,17,high,overspeeding,minor,1,1,1,None,0.45
11414,Bangalore,Karnataka,12.858738,77.795387,2025-03-11,4:00,4,Tuesday,0,rural,2,0,rain,medium,23,low,drunk driving,minor,2,1,0,None,0.25
11419,Bangalore,Karnataka,13.135339,77.544338,2022-12-09,21:00,21,Friday,0,highway,2,0,clear,high,30,medium,poor road,fatal,1,1,0,None,0.3
11433,Bangalore,Karnataka,12.813244,77.5825,2022-06-04,16:00,16,Saturday,1,highway,6,1,clear,high,21,medium,poor road,major,1,1,0,None,0.1
11435,Bangalore,Karnataka,12.980398,77.675387,2022-01-12,2:00,2,Wednesday,0,urban,1,1,rain,low,20,medium,weather,minor,3,0,0,None,0.45
11441,Bangalore,Karnataka,12.861905,77.615031,2022-12-26,6:00,6,Monday,0,urban,5,0,rain,medium,18,low,drunk driving,minor,1,0,0,None,0.25
11461,Bangalore,Karnataka,12.849179,77.454932,2023-08-23,22:00,22,Wednesday,0,rural,6,0,rain,low,31,medium,distraction,major,3,2,0,None,0.45
11469,Bangalore,Karnataka,13.025411,77.62508,2022-12-16,4:00,4,Friday,0,urban,4,0,fog,low,19,low,poor road,major,1,1,0,None,0.45
11484,Bangalore,Karnataka,12.96072,77.60946,2023-12-26,8:00,8,Tuesday,0,urban,2,0,clear,high,31,low,overspeeding,minor,2,0,1,None,0.25
11487,Bangalore,Karnataka,13.053105,77.487053,2025-04-04,9:00,9,Friday,0,highway,6,1,rain,low,15,high,overspeeding,minor,1,0,1,None,0.8
11492,Bangalore,Karnataka,12.866072,77.681233,2023-02-26,10:00,10,Sunday,1,rural,5,1,clear,high,36,low,overspeeding,major,2,1,1,None,0.25
11510,Bangalore,Karnataka,13.083988,77.683742,2022-04-15,3:00,3,Friday,0,urban,5,1,rain,medium,37,low,distraction,minor,5,0,0,None,0.25
11513,Bangalore,Karnataka,12.815229,77.571229,2022-06-28,0:00,0,Tuesday,0,highway,3,0,clear,high,33,low,weather,fatal,2,2,0,None,0.3
11521,Bangalore,Karnataka,12.928989,77.736573,2024-08-25,23:00,23,Sunday,1,highway,3,0,fog,low,21,low,poor road,minor,2,0,0,None,0.45
11540,Bangalore,Karnataka,13.191683,77.450408,2023-08-03,12:00,12,Thursday,0,urban,2,1,clear,high,31,medium,overspeeding,minor,1,1,0,None,0.1
11541,Bangalore,Karnataka,13.19303,77.442198,2022-02-07,22:00,22,Monday,0,highway,2,1,fog,low,17,medium,overspeeding,major,4,2,0,None,0.45
11556,Bangalore,Karnataka,13.051507,77.665795,2022-05-06,0:00,0,Friday,0,urban,1,0,fog,low,40,high,distraction,minor,2,1,0,None,0.65
11560,Bangalore,Karnataka,13.095184,77.526374,2023-07-15,5:00,5,Saturday,1,highway,4,1,rain,medium,40,medium,weather,major,1,0,0,None,0.25
11569,Bangalore,Karnataka,12.867055,77.729428,2023-04-11,10:00,10,Tuesday,0,rural,6,1,clear,high,32,high,poor road,minor,3,3,1,None,0.45
11571,Bangalore,Karnataka,12.840812,77.413912,2024-03-09,19:00,19,Saturday,1,highway,1,1,clear,high,28,low,poor road,minor,5,5,1,None,0.25
11575,Bangalore,Karnataka,13.053653,77.696085,2022-02-11,14:00,14,Friday,0,rural,4,1,fog,low,26,low,poor road,major,1,1,0,None,0.45
11576,Bangalore,Karnataka,12.935429,77.429006,2024-07-12,16:00,16,Friday,0,urban,4,1,clear,high,37,medium,poor road,fatal,2,2,0,None,0.3
11585,Bangalore,Karnataka,13.147233,77.541206,2024-09-15,11:00,11,Sunday,1,highway,2,0,rain,low,21,medium,weather,fatal,2,2,0,None,0.65
11601,Bangalore,Karnataka,12.802909,77.724445,2023-11-05,17:00,17,Sunday,1,urban,5,0,rain,low,27,high,overspeeding,major,4,4,1,None,0.8
11629,Bangalore,Karnataka,13.02136,77.56602,2024-04-01,19:00,19,Monday,0,rural,1,0,rain,low,32,medium,poor road,minor,5,2,1,None,0.6
11632,Bangalore,Karnataka,12.95576,77.697078,2023-09-22,17:00,17,Friday,0,highway,5,0,clear,high,23,low,poor road,minor,3,2,1,None,0.25
11640,Bangalore,Karnataka,12.877025,77.414744,2024-12-02,21:00,21,Monday,0,rural,6,0,fog,low,21,medium,poor road,major,2,1,0,None,0.45
11648,Bangalore,Karnataka,13.143119,77.406099,2023-12-09,2:00,2,Saturday,1,rural,6,0,fog,low,40,medium,drunk driving,major,2,1,0,None,0.45
11662,Bangalore,Karnataka,13.011824,77.453997,2022-12-17,2:00,2,Saturday,1,highway,2,0,rain,low,31,low,weather,minor,2,0,0,None,0.45
11669,Bangalore,Karnataka,12.931612,77.57096,2023-08-14,19:00,19,Monday,0,rural,4,0,rain,low,22,medium,poor road,minor,4,0,1,None,0.6
11694,Bangalore,Karnataka,13.11885,77.574426,2025-03-20,20:00,20,Thursday,0,highway,6,1,clear,high,25,low,drunk driving,minor,5,3,0,None,0.1
11704,Bangalore,Karnataka,13.076811,77.746183,2025-02-01,10:00,10,Saturday,1,rural,2,0,clear,high,29,medium,poor road,minor,3,3,1,None,0.25
11713,Bangalore,Karnataka,12.974907,77.475993,2025-01-23,13:00,13,Thursday,0,rural,2,0,clear,high,20,low,drunk driving,minor,1,0,0,None,0.1
11714,Bangalore,Karnataka,13.048501,77.741877,2022-10-25,15:00,15,Tuesday,0,urban,4,1,rain,medium,29,low,overspeeding,minor,4,1,0,None,0.25
11719,Bangalore,Karnataka,13.052472,77.520586,2023-07-06,17:00,17,Thursday,0,highway,5,0,rain,medium,37,high,poor road,major,3,1,1,None,0.6
11721,Bangalore,Karnataka,13.15298,77.642051,2024-10-05,18:00,18,Saturday,1,highway,4,1,rain,low,37,low,overspeeding,minor,2,0,1,None,0.6
11723,Bangalore,Karnataka,12.9517,77.429999,2024-09-19,8:00,8,Thursday,0,urban,5,1,rain,medium,18,high,overspeeding,minor,2,2,1,None,0.6
11726,Bangalore,Karnataka,12.868042,77.596814,2024-11-19,0:00,0,Tuesday,0,urban,2,1,rain,low,30,low,weather,major,2,2,0,None,0.45
11736,Bangalore,Karnataka,13.156346,77.560654,2022-09-06,21:00,21,Tuesday,0,urban,4,0,fog,low,26,high,distraction,major,1,1,0,None,0.65
11749,Bangalore,Karnataka,12.801219,77.650838,2023-09-20,20:00,20,Wednesday,0,highway,6,1,clear,high,29,low,drunk driving,major,5,3,0,None,0.1
11758,Bangalore,Karnataka,13.125759,77.673273,2023-03-02,17:00,17,Thursday,0,highway,1,1,fog,low,39,medium,overspeeding,fatal,2,2,1,None,0.8
11759,Bangalore,Karnataka,13.086025,77.706152,2022-11-23,7:00,7,Wednesday,0,highway,5,1,clear,high,17,medium,overspeeding,minor,5,0,0,None,0.1
11763,Bangalore,Karnataka,12.997912,77.659385,2022-05-27,16:00,16,Friday,0,highway,2,1,rain,medium,40,medium,distraction,fatal,5,5,0,None,0.45
11764,Bangalore,Karnataka,12.83213,77.451302,2023-09-11,2:00,2,Monday,0,urban,6,1,fog,low,35,low,poor road,minor,4,2,0,None,0.45
11772,Bangalore,Karnataka,13.167075,77.66637,2024-11-24,1:00,1,Sunday,1,urban,2,0,clear,high,27,low,drunk driving,fatal,3,3,0,None,0.3
11794,Bangalore,Karnataka,12.870429,77.489551,2023-09-12,8:00,8,Tuesday,0,highway,2,1,fog,low,24,high,distraction,minor,1,1,1,None,0.8
11815,Bangalore,Karnataka,12.896303,77.626524,2024-10-13,21:00,21,Sunday,1,urban,6,0,fog,low,16,low,poor road,minor,4,3,0,None,0.45
11819,Bangalore,Karnataka,12.8611,77.413981,2023-05-16,18:00,18,Tuesday,0,urban,1,1,clear,high,19,high,drunk driving,minor,4,4,1,None,0.45
11836,Bangalore,Karnataka,13.108464,77.691673,2022-07-11,12:00,12,Monday,0,rural,1,1,rain,low,36,high,distraction,minor,1,1,0,None,0.65
11839,Bangalore,Karnataka,12.858764,77.62981,2022-12-31,10:00,10,Saturday,1,urban,4,1,clear,high,23,medium,overspeeding,minor,2,2,1,None,0.25
11842,Bangalore,Karnataka,13.120451,77.65613,2024-06-05,15:00,15,Wednesday,0,urban,4,0,clear,high,22,medium,drunk driving,minor,3,2,0,None,0.1
11846,Bangalore,Karnataka,13.188579,77.640048,2025-01-16,1:00,1,Thursday,0,highway,2,1,clear,high,29,low,poor road,minor,5,2,0,None,0.1
11847,Bangalore,Karnataka,12.946606,77.733823,2023-03-20,21:00,21,Monday,0,urban,1,0,clear,high,34,low,poor road,minor,1,1,0,None,0.1
11864,Bangalore,Karnataka,13.094121,77.579092,2024-01-01,10:00,10,Monday,0,urban,1,0,fog,low,17,low,drunk driving,fatal,5,5,1,None,0.8
11892,Bangalore,Karnataka,13.083002,77.630692,2023-03-06,16:00,16,Monday,0,highway,5,0,rain,medium,28,medium,overspeeding,major,5,1,0,None,0.25
11911,Bangalore,Karnataka,13.038327,77.40184,2022-03-31,14:00,14,Thursday,0,highway,6,1,fog,low,27,low,overspeeding,minor,1,1,0,None,0.45
11917,Bangalore,Karnataka,12.960116,77.492029,2022-09-21,16:00,16,Wednesday,0,highway,2,0,clear,high,23,medium,overspeeding,major,5,5,0,None,0.1
11918,Bangalore,Karnataka,12.91328,77.622252,2024-03-19,12:00,12,Tuesday,0,urban,4,1,rain,medium,18,high,drunk driving,fatal,2,2,0,None,0.65
11933,Bangalore,Karnataka,12.983584,77.409232,2022-07-22,19:00,19,Friday,0,rural,1,0,fog,low,28,low,poor road,major,2,1,1,None,0.6
11937,Bangalore,Karnataka,13.190834,77.701221,2023-10-20,13:00,13,Friday,0,rural,5,1,rain,medium,31,low,poor road,fatal,1,1,0,None,0.45
11949,Bangalore,Karnataka,12.815839,77.581689,2022-02-12,22:00,22,Saturday,1,urban,4,0,fog,low,22,low,distraction,major,5,0,0,None,0.45
11961,Bangalore,Karnataka,13.091702,77.446204,2024-09-27,14:00,14,Friday,0,rural,5,0,rain,low,27,low,overspeeding,minor,4,2,0,None,0.45
11967,Bangalore,Karnataka,13.042361,77.68389,2022-08-30,22:00,22,Tuesday,0,highway,6,1,rain,low,29,medium,weather,minor,5,2,0,None,0.45
11972,Bangalore,Karnataka,13.199639,77.670299,2024-08-15,21:00,21,Thursday,0,urban,2,0,fog,low,21,medium,drunk driving,fatal,3,3,0,None,0.65
11978,Bangalore,Karnataka,13.057744,77.641117,2022-08-19,8:00,8,Friday,0,urban,3,0,fog,low,33,high,distraction,minor,5,2,1,None,0.8
11982,Bangalore,Karnataka,12.801127,77.486225,2024-03-08,20:00,20,Friday,0,urban,1,0,clear,high,33,low,overspeeding,minor,5,2,0,None,0.1
11988,Bangalore,Karnataka,13.18294,77.458165,2022-12-21,20:00,20,Wednesday,0,urban,6,1,rain,low,19,medium,weather,minor,5,1,0,None,0.45
11997,Bangalore,Karnataka,13.087182,77.525891,2025-01-09,1:00,1,Thursday,0,rural,2,1,fog,low,33,low,drunk driving,minor,5,5,0,None,0.45
12004,Bangalore,Karnataka,12.850234,77.706976,2024-03-31,23:00,23,Sunday,1,highway,3,0,clear,high,15,high,poor road,fatal,3,3,0,None,0.5
12010,Bangalore,Karnataka,12.85089,77.473786,2023-02-26,7:00,7,Sunday,1,highway,1,1,rain,low,24,medium,poor road,minor,1,1,0,None,0.45
12019,Bangalore,Karnataka,13.079258,77.639081,2024-09-30,16:00,16,Monday,0,highway,2,1,clear,high,23,medium,poor road,minor,2,2,0,None,0.1
12036,Bangalore,Karnataka,13.111772,77.466081,2023-03-02,9:00,9,Thursday,0,rural,3,0,fog,low,40,low,overspeeding,minor,2,1,1,None,0.6
12037,Bangalore,Karnataka,12.910984,77.565888,2024-07-24,14:00,14,Wednesday,0,urban,6,1,rain,medium,38,medium,overspeeding,minor,4,4,0,None,0.25
12039,Bangalore,Karnataka,12.991136,77.414051,2022-09-03,13:00,13,Saturday,1,highway,3,1,rain,low,36,high,drunk driving,minor,4,0,0,None,0.65
12044,Bangalore,Karnataka,12.983303,77.593883,2023-03-21,23:00,23,Tuesday,0,rural,5,0,clear,high,16,high,weather,minor,2,2,0,None,0.3
12050,Bangalore,Karnataka,13.15741,77.785702,2023-02-24,11:00,11,Friday,0,rural,6,0,fog,low,30,medium,poor road,fatal,4,4,0,None,0.65
12062,Bangalore,Karnataka,12.979858,77.778002,2025-01-10,18:00,18,Friday,0,urban,5,1,clear,high,26,high,weather,major,2,2,1,None,0.45
12066,Bangalore,Karnataka,12.915278,77.762998,2024-03-22,11:00,11,Friday,0,urban,6,1,rain,low,21,low,drunk driving,major,3,2,0,None,0.45
12082,Bangalore,Karnataka,13.150589,77.589493,2023-05-15,11:00,11,Monday,0,highway,1,1,rain,medium,22,high,distraction,major,2,0,0,None,0.45
12084,Bangalore,Karnataka,13.181784,77.519103,2023-04-20,10:00,10,Thursday,0,highway,2,1,rain,low,24,medium,overspeeding,minor,1,0,1,None,0.6
12091,Bangalore,Karnataka,12.809633,77.667295,2024-05-28,20:00,20,Tuesday,0,urban,3,1,fog,low,33,medium,overspeeding,minor,3,0,0,None,0.45
12096,Bangalore,Karnataka,12.848145,77.645732,2022-04-19,13:00,13,Tuesday,0,urban,3,0,fog,low,25,medium,weather,minor,1,0,0,None,0.45
12119,Bangalore,Karnataka,12.933967,77.47617,2023-08-12,21:00,21,Saturday,1,rural,4,0,clear,high,38,high,drunk driving,major,4,0,0,None,0.3
12122,Bangalore,Karnataka,12.802683,77.528514,2025-01-11,2:00,2,Saturday,1,urban,2,1,fog,low,25,medium,drunk driving,minor,2,1,0,None,0.45
12129,Bangalore,Karnataka,12.895156,77.790563,2022-02-11,6:00,6,Friday,0,urban,4,1,fog,low,39,low,poor road,minor,5,5,0,None,0.45
12135,Bangalore,Karnataka,12.999339,77.58376,2024-11-10,10:00,10,Sunday,1,rural,2,1,rain,low,21,medium,drunk driving,fatal,2,2,1,None,0.8
12139,Bangalore,Karnataka,12.988067,77.496614,2023-11-24,13:00,13,Friday,0,urban,4,1,rain,medium,27,medium,drunk driving,major,3,0,0,None,0.25
12141,Bangalore,Karnataka,12.98049,77.400358,2022-06-13,1:00,1,Monday,0,rural,2,1,rain,low,23,low,distraction,fatal,4,4,0,None,0.65
12143,Bangalore,Karnataka,13.163403,77.47946,2023-09-13,5:00,5,Wednesday,0,urban,3,0,clear,high,32,high,distraction,major,5,5,0,None,0.3
12146,Bangalore,Karnataka,13.093049,77.796727,2024-10-17,18:00,18,Thursday,0,highway,2,0,rain,low,25,medium,distraction,major,4,2,1,None,0.6
12147,Bangalore,Karnataka,12.976847,77.670169,2024-09-11,1:00,1,Wednesday,0,urban,3,0,clear,high,31,medium,drunk driving,minor,4,1,0,None,0.1
12170,Bangalore,Karnataka,13.048168,77.623274,2022-01-02,11:00,11,Sunday,1,urban,3,1,clear,high,16,medium,distraction,fatal,2,2,0,None,0.3
12175,Bangalore,Karnataka,12.93007,77.734581,2024-05-25,20:00,20,Saturday,1,urban,4,1,rain,low,21,medium,weather,minor,2,0,0,None,0.45
12178,Bangalore,Karnataka,13.064294,77.470715,2024-11-13,8:00,8,Wednesday,0,urban,1,0,fog,low,33,medium,overspeeding,minor,4,4,1,None,0.6
12179,Bangalore,Karnataka,12.863622,77.679411,2022-01-03,18:00,18,Monday,0,urban,4,0,rain,medium,34,high,weather,major,5,5,1,None,0.6
12188,Bangalore,Karnataka,12.980175,77.577002,2024-06-27,10:00,10,Thursday,0,rural,2,1,clear,high,17,high,overspeeding,minor,5,2,1,None,0.45
12191,Bangalore,Karnataka,12.972087,77.541116,2023-07-19,2:00,2,Wednesday,0,highway,1,0,fog,low,20,low,poor road,minor,3,0,0,None,0.45
12204,Bangalore,Karnataka,12.851074,77.410118,2024-05-05,2:00,2,Sunday,1,rural,3,1,clear,high,36,low,overspeeding,minor,2,0,0,None,0.1
12211,Bangalore,Karnataka,12.945883,77.701474,2024-12-22,22:00,22,Sunday,1,urban,6,0,clear,high,23,low,drunk driving,minor,5,2,0,None,0.1
12227,Bangalore,Karnataka,12.848938,77.764774,2022-03-23,6:00,6,Wednesday,0,rural,6,1,rain,medium,33,low,overspeeding,minor,1,1,0,None,0.25
12230,Bangalore,Karnataka,13.166357,77.642667,2023-06-15,19:00,19,Thursday,0,urban,1,1,clear,high,16,medium,poor road,minor,3,0,1,None,0.25
12253,Bangalore,Karnataka,12.805636,77.749625,2024-01-22,3:00,3,Monday,0,urban,5,1,rain,low,32,low,weather,major,3,1,0,None,0.45
12271,Bangalore,Karnataka,12.862528,77.475726,2023-02-03,8:00,8,Friday,0,rural,5,0,fog,low,23,high,overspeeding,minor,2,1,1,None,0.8
12275,Bangalore,Karnataka,12.827161,77.782325,2024-07-06,22:00,22,Saturday,1,rural,4,1,fog,low,23,high,poor road,minor,3,2,0,None,0.65
12279,Bangalore,Karnataka,13.048118,77.551752,2023-07-12,1:00,1,Wednesday,0,rural,2,0,rain,low,27,low,overspeeding,minor,1,0,0,None,0.45
12281,Bangalore,Karnataka,13.029934,77.626395,2023-05-07,16:00,16,Sunday,1,highway,1,0,clear,high,39,low,weather,minor,1,0,0,None,0.1
12298,Bangalore,Karnataka,12.847203,77.541176,2022-03-27,11:00,11,Sunday,1,rural,1,1,clear,high,29,high,drunk driving,minor,3,2,0,None,0.3
12311,Bangalore,Karnataka,13.021175,77.644514,2023-03-20,0:00,0,Monday,0,urban,2,1,clear,high,25,medium,overspeeding,minor,1,0,0,None,0.1
12313,Bangalore,Karnataka,12.907839,77.473613,2022-05-05,21:00,21,Thursday,0,urban,2,1,clear,high,24,high,poor road,minor,1,0,0,None,0.3
12319,Bangalore,Karnataka,12.890875,77.486442,2024-08-30,6:00,6,Friday,0,rural,6,0,clear,high,24,medium,overspeeding,fatal,4,4,0,None,0.3
12321,Bangalore,Karnataka,13.172283,77.650597,2024-02-27,20:00,20,Tuesday,0,urban,6,1,fog,low,15,low,drunk driving,major,5,2,0,None,0.45
12337,Bangalore,Karnataka,13.052641,77.769984,2025-03-19,2:00,2,Wednesday,0,highway,6,1,rain,low,22,low,poor road,minor,4,2,0,None,0.45
12343,Bangalore,Karnataka,12.817914,77.476257,2024-05-11,19:00,19,Saturday,1,rural,6,1,rain,medium,18,high,overspeeding,major,2,1,1,None,0.6
12344,Bangalore,Karnataka,12.819234,77.436969,2024-10-22,4:00,4,Tuesday,0,rural,5,0,rain,low,23,low,distraction,minor,4,3,0,None,0.45
12371,Bangalore,Karnataka,12.812669,77.566274,2022-06-15,3:00,3,Wednesday,0,urban,1,1,rain,low,27,low,distraction,minor,1,0,0,None,0.45
12383,Bangalore,Karnataka,13.165699,77.562643,2025-02-27,20:00,20,Thursday,0,rural,5,1,clear,high,39,medium,poor road,minor,5,2,0,None,0.1
12384,Bangalore,Karnataka,13.109479,77.520614,2023-10-29,2:00,2,Sunday,1,highway,2,0,fog,low,36,low,poor road,major,3,1,0,None,0.45
12385,Bangalore,Karnataka,13.150753,77.6505,2022-01-12,20:00,20,Wednesday,0,rural,4,1,clear,high,34,low,distraction,major,2,2,0,None,0.1
12389,Bangalore,Karnataka,12.811622,77.535049,2022-02-01,15:00,15,Tuesday,0,urban,1,1,fog,low,36,high,weather,minor,4,2,0,None,0.65
12397,Bangalore,Karnataka,12.80758,77.414738,2023-01-09,8:00,8,Monday,0,highway,2,1,fog,low,39,medium,overspeeding,major,1,1,1,None,0.6
12412,Bangalore,Karnataka,13.034321,77.613522,2023-09-23,17:00,17,Saturday,1,rural,5,0,clear,high,38,high,distraction,major,5,0,1,None,0.45
12437,Bangalore,Karnataka,13.146077,77.703839,2024-10-30,8:00,8,Wednesday,0,rural,5,1,rain,low,22,medium,overspeeding,major,4,3,1,None,0.6
12442,Bangalore,Karnataka,12.829954,77.482215,2024-06-27,0:00,0,Thursday,0,highway,3,1,fog,low,39,low,overspeeding,minor,5,5,0,None,0.45
12446,Bangalore,Karnataka,13.105319,77.504374,2023-10-09,11:00,11,Monday,0,highway,2,0,rain,low,21,high,poor road,minor,5,5,0,None,0.65
12449,Bangalore,Karnataka,13.108437,77.462015,2024-12-24,20:00,20,Tuesday,0,rural,5,0,clear,high,30,low,overspeeding,major,2,0,0,None,0.1
12450,Bangalore,Karnataka,13.149891,77.560157,2022-07-27,4:00,4,Wednesday,0,highway,1,1,rain,medium,38,low,weather,major,3,3,0,None,0.25
12451,Bangalore,Karnataka,13.137667,77.629076,2023-12-05,2:00,2,Tuesday,0,urban,5,0,fog,low,37,medium,overspeeding,major,2,2,0,None,0.45
12456,Bangalore,Karnataka,13.036948,77.547049,2025-01-12,11:00,11,Sunday,1,urban,3,1,rain,medium,29,low,poor road,fatal,1,1,0,None,0.45
12468,Bangalore,Karnataka,12.997136,77.412387,2022-10-15,21:00,21,Saturday,1,highway,6,0,clear,high,24,medium,drunk driving,minor,1,1,0,None,0.1
12475,Bangalore,Karnataka,12.80806,77.712715,2024-06-28,12:00,12,Friday,0,highway,2,0,rain,medium,15,medium,poor road,fatal,1,1,0,None,0.45
12485,Bangalore,Karnataka,12.812291,77.526206,2023-04-10,2:00,2,Monday,0,urban,1,1,clear,high,35,low,weather,fatal,5,5,0,None,0.3
12488,Bangalore,Karnataka,13.153895,77.543186,2024-12-12,4:00,4,Thursday,0,rural,6,0,rain,medium,17,low,poor road,major,4,2,0,None,0.25
12498,Bangalore,Karnataka,13.087828,77.448783,2022-10-04,13:00,13,Tuesday,0,urban,3,0,rain,medium,30,low,poor road,fatal,2,2,0,None,0.45
12503,Bangalore,Karnataka,12.929706,77.484489,2022-11-10,3:00,3,Thursday,0,highway,3,0,clear,high,36,low,distraction,minor,3,2,0,None,0.1
12507,Bangalore,Karnataka,12.839604,77.402284,2023-05-22,22:00,22,Monday,0,urban,5,0,fog,low,30,high,overspeeding,major,5,4,0,None,0.65
12513,Bangalore,Karnataka,12.989152,77.608686,2023-04-09,19:00,19,Sunday,1,rural,2,1,clear,high,21,high,distraction,minor,3,0,1,None,0.45
12515,Bangalore,Karnataka,12.82415,77.491614,2025-01-26,2:00,2,Sunday,1,highway,4,0,clear,high,39,low,overspeeding,fatal,4,4,0,None,0.3
12520,Bangalore,Karnataka,12.946766,77.708848,2022-10-22,5:00,5,Saturday,1,rural,5,1,clear,high,29,medium,overspeeding,major,2,1,0,None,0.1
12524,Bangalore,Karnataka,13.141145,77.429744,2023-02-07,0:00,0,Tuesday,0,rural,6,0,clear,high,26,low,overspeeding,major,4,3,0,None,0.1
12555,Bangalore,Karnataka,12.843064,77.646489,2024-07-24,17:00,17,Wednesday,0,rural,2,0,fog,low,29,medium,distraction,minor,2,1,1,None,0.6
12563,Bangalore,Karnataka,13.019416,77.491801,2024-08-10,2:00,2,Saturday,1,highway,2,0,clear,high,15,low,overspeeding,minor,5,1,0,None,0.1
12570,Bangalore,Karnataka,13.090824,77.592296,2023-09-11,22:00,22,Monday,0,rural,4,1,clear,high,26,high,poor road,fatal,5,5,0,None,0.5
12583,Bangalore,Karnataka,12.967851,77.461778,2022-02-04,9:00,9,Friday,0,urban,6,1,rain,medium,21,low,overspeeding,minor,4,2,1,None,0.4
12585,Bangalore,Karnataka,13.042577,77.611198,2023-05-26,1:00,1,Friday,0,highway,3,1,rain,low,16,low,distraction,fatal,1,1,0,None,0.65
12606,Bangalore,Karnataka,13.096346,77.716219,2023-08-25,5:00,5,Friday,0,urban,2,1,fog,low,34,medium,drunk driving,minor,5,5,0,None,0.45
12609,Bangalore,Karnataka,13.154635,77.561425,2024-02-15,19:00,19,Thursday,0,highway,1,1,rain,low,17,high,overspeeding,minor,2,2,1,None,0.8
12612,Bangalore,Karnataka,13.188642,77.728129,2024-04-21,5:00,5,Sunday,1,rural,5,0,rain,medium,33,low,poor road,minor,3,3,0,None,0.25
12644,Bangalore,Karnataka,13.153603,77.613692,2022-07-16,9:00,9,Saturday,1,urban,4,1,clear,high,30,high,distraction,minor,4,0,1,None,0.45
12656,Bangalore,Karnataka,12.922741,77.585112,2023-06-21,13:00,13,Wednesday,0,urban,2,1,fog,low,26,high,overspeeding,fatal,5,5,0,None,0.85
12676,Bangalore,Karnataka,12.924739,77.770405,2024-04-05,15:00,15,Friday,0,highway,3,1,clear,high,38,high,weather,major,4,3,0,None,0.3
12687,Bangalore,Karnataka,12.886265,77.74956,2022-12-15,23:00,23,Thursday,0,highway,2,1,fog,low,25,low,weather,minor,5,2,0,None,0.45
12737,Bangalore,Karnataka,13.126654,77.785331,2024-12-14,13:00,13,Saturday,1,highway,6,1,rain,medium,32,low,poor road,fatal,3,3,0,None,0.45
12739,Bangalore,Karnataka,12.87096,77.744919,2024-04-22,15:00,15,Monday,0,rural,4,0,clear,high,36,high,drunk driving,minor,3,3,0,None,0.3
12740,Bangalore,Karnataka,12.992554,77.427067,2024-09-19,15:00,15,Thursday,0,urban,3,1,clear,high,29,medium,weather,minor,4,3,0,None,0.1
12751,Bangalore,Karnataka,12.887117,77.534983,2024-03-03,0:00,0,Sunday,1,highway,1,0,clear,high,20,low,distraction,minor,1,0,0,None,0.1
12768,Bangalore,Karnataka,12.999471,77.463312,2023-12-10,2:00,2,Sunday,1,rural,3,1,fog,low,18,low,distraction,major,3,2,0,None,0.45
12769,Bangalore,Karnataka,12.822872,77.431518,2022-10-06,5:00,5,Thursday,0,highway,4,0,fog,low,40,high,distraction,minor,5,0,0,None,0.65
12770,Bangalore,Karnataka,12.922955,77.442097,2024-11-09,19:00,19,Saturday,1,urban,3,0,clear,high,20,high,overspeeding,fatal,4,4,1,None,0.65
12771,Bangalore,Karnataka,13.053912,77.565423,2022-08-01,15:00,15,Monday,0,urban,4,0,clear,high,30,high,distraction,minor,2,2,0,None,0.3
12778,Bangalore,Karnataka,12.913097,77.594236,2023-04-26,4:00,4,Wednesday,0,urban,5,0,rain,medium,30,low,poor road,major,3,2,0,None,0.25
12779,Bangalore,Karnataka,13.155527,77.484738,2022-10-14,8:00,8,Friday,0,rural,2,0,fog,low,29,medium,weather,minor,5,1,1,None,0.6
12781,Bangalore,Karnataka,13.148005,77.761042,2024-10-28,21:00,21,Monday,0,highway,3,1,fog,low,15,medium,overspeeding,fatal,4,4,0,None,0.65
12783,Bangalore,Karnataka,13.151806,77.423461,2023-04-18,3:00,3,Tuesday,0,urban,3,0,rain,medium,33,low,overspeeding,major,5,5,0,None,0.25
12794,Bangalore,Karnataka,12.809229,77.525794,2024-03-29,21:00,21,Friday,0,rural,4,0,rain,medium,25,high,drunk driving,minor,5,3,0,None,0.45
12797,Bangalore,Karnataka,13.111618,77.449943,2025-01-27,11:00,11,Monday,0,highway,4,0,fog,low,29,low,overspeeding,major,4,0,0,None,0.45
12799,Bangalore,Karnataka,12.864262,77.431575,2024-03-16,5:00,5,Saturday,1,highway,5,1,clear,high,19,medium,distraction,minor,4,2,0,None,0.1
12805,Bangalore,Karnataka,12.935255,77.651249,2022-11-13,12:00,12,Sunday,1,urban,5,1,clear,high,37,low,distraction,major,1,1,0,None,0.1
12810,Bangalore,Karnataka,13.099561,77.541215,2025-03-16,9:00,9,Sunday,1,rural,2,1,fog,low,32,low,distraction,minor,5,5,1,None,0.6
12812,Bangalore,Karnataka,13.163638,77.450736,2024-08-25,20:00,20,Sunday,1,highway,2,0,fog,low,17,high,drunk driving,minor,3,0,0,None,0.65
12823,Bangalore,Karnataka,13.059822,77.599681,2024-08-10,0:00,0,Saturday,1,urban,6,1,clear,high,29,high,weather,minor,1,0,0,None,0.3
12840,Bangalore,Karnataka,13.137179,77.45203,2024-04-09,16:00,16,Tuesday,0,urban,3,1,rain,low,15,low,overspeeding,minor,2,2,0,None,0.45
12859,Bangalore,Karnataka,12.829885,77.71676,2023-03-06,23:00,23,Monday,0,highway,4,0,rain,low,34,high,weather,minor,1,1,0,None,0.65
12860,Bangalore,Karnataka,13.051862,77.599626,2024-10-15,23:00,23,Tuesday,0,urban,1,1,clear,high,36,low,drunk driving,fatal,3,3,0,None,0.3
12861,Bangalore,Karnataka,13.185886,77.578518,2023-02-04,7:00,7,Saturday,1,highway,1,1,clear,high,31,low,poor road,minor,2,0,0,None,0.1
12885,Bangalore,Karnataka,13.066502,77.545766,2022-05-15,18:00,18,Sunday,1,highway,1,0,clear,high,15,medium,distraction,fatal,2,2,1,None,0.45
12886,Bangalore,Karnataka,12.869095,77.600945,2022-06-23,13:00,13,Thursday,0,urban,3,1,clear,high,24,low,poor road,major,5,2,0,None,0.1
12904,Bangalore,Karnataka,13.098364,77.637328,2022-04-30,13:00,13,Saturday,1,urban,5,1,clear,high,31,low,overspeeding,minor,2,1,0,None,0.1
12911,Bangalore,Karnataka,13.197771,77.570322,2022-07-06,13:00,13,Wednesday,0,highway,1,1,rain,low,27,medium,weather,minor,2,0,0,None,0.45
12914,Bangalore,Karnataka,13.06621,77.579585,2023-01-08,8:00,8,Sunday,1,urban,6,1,fog,low,26,medium,distraction,fatal,1,1,1,None,0.8
12941,Bangalore,Karnataka,12.93884,77.656524,2023-12-29,11:00,11,Friday,0,urban,2,0,fog,low,28,medium,poor road,major,4,3,0,None,0.45
12958,Bangalore,Karnataka,12.984491,77.538793,2022-07-18,1:00,1,Monday,0,highway,5,1,fog,low,17,medium,poor road,minor,5,5,0,None,0.45
12961,Bangalore,Karnataka,13.115999,77.468418,2023-03-18,2:00,2,Saturday,1,highway,6,1,rain,medium,25,high,distraction,minor,2,2,0,None,0.45
12963,Bangalore,Karnataka,13.052576,77.526938,2023-09-11,13:00,13,Monday,0,urban,5,1,clear,high,35,low,overspeeding,minor,2,0,0,None,0.1
12969,Bangalore,Karnataka,13.187138,77.636746,2024-02-20,19:00,19,Tuesday,0,highway,2,0,fog,low,20,medium,overspeeding,fatal,4,4,1,None,0.8
12972,Bangalore,Karnataka,13.078765,77.594779,2022-08-23,9:00,9,Tuesday,0,urban,5,1,rain,low,36,high,poor road,fatal,1,1,1,None,1.0
12976,Bangalore,Karnataka,13.122314,77.55007,2024-04-10,6:00,6,Wednesday,0,highway,3,0,clear,high,16,low,distraction,minor,5,2,0,Eid,0.2
12981,Bangalore,Karnataka,13.065835,77.658084,2022-11-04,0:00,0,Friday,0,highway,3,0,rain,medium,26,low,weather,minor,2,0,0,None,0.25
12982,Bangalore,Karnataka,13.013201,77.513944,2023-09-28,7:00,7,Thursday,0,urban,1,0,rain,medium,36,low,drunk driving,major,2,0,0,None,0.25
12988,Bangalore,Karnataka,13.103744,77.577705,2022-08-14,16:00,16,Sunday,1,highway,1,1,rain,medium,27,medium,drunk driving,major,1,0,0,None,0.25
12991,Bangalore,Karnataka,12.901222,77.418033,2024-01-25,14:00,14,Thursday,0,rural,1,0,fog,low,21,medium,poor road,minor,4,3,0,None,0.45
12999,Bangalore,Karnataka,13.118788,77.512307,2025-02-03,22:00,22,Monday,0,highway,1,0,clear,high,36,low,weather,minor,3,2,0,None,0.1
13013,Bangalore,Karnataka,12.943912,77.539667,2024-03-17,18:00,18,Sunday,1,rural,6,0,clear,high,31,low,distraction,minor,2,1,1,None,0.25
13016,Bangalore,Karnataka,13.095385,77.519533,2023-10-13,18:00,18,Friday,0,rural,4,1,clear,high,38,low,drunk driving,fatal,2,2,1,None,0.45
13025,Bangalore,Karnataka,13.105758,77.730753,2022-03-12,6:00,6,Saturday,1,urban,4,0,rain,low,26,low,weather,minor,3,2,0,None,0.45
13041,Bangalore,Karnataka,12.839324,77.446395,2023-05-24,19:00,19,Wednesday,0,urban,2,0,clear,high,21,medium,overspeeding,minor,3,3,1,None,0.25
13060,Bangalore,Karnataka,12.909141,77.632641,2022-09-23,4:00,4,Friday,0,urban,6,0,clear,high,24,low,overspeeding,minor,4,0,0,None,0.1
13078,Bangalore,Karnataka,12.946063,77.608696,2023-01-28,7:00,7,Saturday,1,urban,3,0,clear,high,38,medium,poor road,major,4,0,0,None,0.1
13080,Bangalore,Karnataka,13.032868,77.776472,2025-04-04,10:00,10,Friday,0,highway,3,1,clear,high,27,medium,overspeeding,major,1,1,1,None,0.25
13099,Bangalore,Karnataka,13.193545,77.624219,2024-02-11,14:00,14,Sunday,1,rural,4,1,clear,high,21,high,poor road,minor,3,1,0,None,0.3
13115,Bangalore,Karnataka,13.108007,77.795669,2024-03-04,2:00,2,Monday,0,urban,5,0,rain,low,24,low,weather,minor,3,0,0,None,0.45
13136,Bangalore,Karnataka,12.980824,77.504584,2025-01-17,9:00,9,Friday,0,urban,2,0,fog,low,20,medium,drunk driving,minor,4,0,1,None,0.6
13143,Bangalore,Karnataka,13.167449,77.673734,2022-11-15,23:00,23,Tuesday,0,rural,3,1,rain,low,15,medium,overspeeding,major,1,0,0,None,0.45
13156,Bangalore,Karnataka,13.156897,77.578142,2023-04-08,2:00,2,Saturday,1,urban,2,1,fog,low,26,low,poor road,major,5,0,0,None,0.45
13160,Bangalore,Karnataka,13.169894,77.702837,2024-06-28,6:00,6,Friday,0,rural,6,1,fog,low,16,medium,distraction,minor,3,1,0,None,0.45
13161,Bangalore,Karnataka,13.144181,77.767079,2024-09-15,20:00,20,Sunday,1,urban,5,1,rain,low,26,low,distraction,major,1,1,0,None,0.45
13169,Bangalore,Karnataka,13.012602,77.522256,2024-02-05,20:00,20,Monday,0,rural,3,0,rain,medium,32,high,weather,minor,5,1,0,None,0.45
13171,Bangalore,Karnataka,12.838218,77.62693,2025-03-08,12:00,12,Saturday,1,urban,1,1,fog,low,15,low,distraction,major,3,2,0,None,0.45
13180,Bangalore,Karnataka,13.048139,77.693705,2025-04-14,14:00,14,Monday,0,highway,6,1,clear,high,20,medium,poor road,fatal,4,4,0,None,0.3
13194,Bangalore,Karnataka,12.997551,77.474428,2024-02-29,18:00,18,Thursday,0,urban,3,1,clear,high,15,medium,distraction,minor,3,1,1,None,0.25
13226,Bangalore,Karnataka,13.13167,77.472918,2024-09-14,18:00,18,Saturday,1,rural,2,0,fog,low,24,high,distraction,major,2,2,1,None,0.8
13238,Bangalore,Karnataka,12.908615,77.70081,2023-02-28,8:00,8,Tuesday,0,rural,6,1,rain,low,34,high,distraction,minor,2,2,1,None,0.8
13256,Bangalore,Karnataka,13.194431,77.555248,2025-02-15,7:00,7,Saturday,1,highway,5,1,clear,high,33,high,weather,minor,3,1,0,None,0.3
13263,Bangalore,Karnataka,13.07062,77.523517,2024-10-27,11:00,11,Sunday,1,highway,1,0,clear,high,40,medium,weather,major,2,0,0,None,0.1
13275,Bangalore,Karnataka,12.957805,77.64889,2022-12-11,6:00,6,Sunday,1,rural,4,0,fog,low,26,high,overspeeding,major,1,0,0,None,0.65
13283,Bangalore,Karnataka,12.810826,77.49631,2022-02-09,19:00,19,Wednesday,0,rural,6,1,fog,low,23,high,distraction,minor,2,0,1,None,0.8
13285,Bangalore,Karnataka,13.173412,77.49216,2024-08-07,21:00,21,Wednesday,0,highway,1,1,fog,low,37,low,overspeeding,minor,1,1,0,None,0.45
13292,Bangalore,Karnataka,13.089771,77.648717,2023-12-04,21:00,21,Monday,0,rural,5,0,fog,low,21,low,poor road,major,1,0,0,None,0.45
13296,Bangalore,Karnataka,13.00288,77.544973,2023-07-07,14:00,14,Friday,0,rural,4,1,rain,low,35,low,distraction,minor,5,4,0,None,0.45
13303,Bangalore,Karnataka,12.863862,77.626477,2024-03-03,23:00,23,Sunday,1,rural,4,1,rain,low,26,medium,weather,fatal,4,4,0,None,0.65
13305,Bangalore,Karnataka,13.151848,77.780533,2022-07-23,10:00,10,Saturday,1,rural,6,0,fog,low,26,high,drunk driving,major,5,5,1,None,0.8
13331,Bangalore,Karnataka,12.862421,77.644979,2023-11-10,0:00,0,Friday,0,urban,3,1,rain,medium,33,low,distraction,minor,2,0,0,None,0.25
13368,Bangalore,Karnataka,13.136322,77.444518,2022-10-18,12:00,12,Tuesday,0,urban,2,0,clear,high,24,high,distraction,minor,2,2,0,None,0.3
13378,Bangalore,Karnataka,13.141237,77.713419,2022-01-13,0:00,0,Thursday,0,rural,1,1,fog,low,31,low,distraction,minor,5,2,0,None,0.45
13399,Bangalore,Karnataka,13.026304,77.659842,2022-06-30,14:00,14,Thursday,0,highway,4,1,clear,high,15,medium,distraction,minor,4,1,0,None,0.1
13400,Bangalore,Karnataka,12.943438,77.431845,2022-12-14,6:00,6,Wednesday,0,highway,1,1,fog,low,34,medium,distraction,major,3,0,0,None,0.45
13401,Bangalore,Karnataka,13.03688,77.631109,2023-09-29,9:00,9,Friday,0,highway,4,0,rain,low,17,medium,weather,minor,4,1,1,None,0.6
13402,Bangalore,Karnataka,12.992622,77.709977,2024-07-07,5:00,5,Sunday,1,highway,5,1,rain,low,18,high,weather,major,5,3,0,None,0.65
13409,Bangalore,Karnataka,12.926381,77.632913,2023-11-15,22:00,22,Wednesday,0,highway,1,1,rain,medium,28,high,poor road,minor,5,3,0,None,0.45
13412,Bangalore,Karnataka,13.110416,77.41294,2023-01-18,13:00,13,Wednesday,0,highway,2,1,clear,high,32,medium,distraction,major,2,0,0,None,0.1
13417,Bangalore,Karnataka,12.906321,77.653206,2022-08-29,5:00,5,Monday,0,urban,6,0,rain,low,37,high,drunk driving,minor,2,1,0,None,0.65
13423,Bangalore,Karnataka,12.931699,77.495292,2022-10-15,5:00,5,Saturday,1,rural,5,0,rain,low,20,low,drunk driving,minor,5,5,0,None,0.45
13424,Bangalore,Karnataka,12.898054,77.642979,2022-11-15,18:00,18,Tuesday,0,highway,2,1,clear,high,39,medium,poor road,minor,5,5,1,None,0.25
13434,Bangalore,Karnataka,12.874755,77.570848,2023-06-17,10:00,10,Saturday,1,rural,2,1,clear,high,40,high,distraction,minor,4,2,1,None,0.45
13435,Bangalore,Karnataka,12.885745,77.567188,2024-10-31,17:00,17,Thursday,0,urban,4,0,fog,low,18,medium,weather,major,2,0,1,None,0.6
13445,Bangalore,Karnataka,12.989523,77.429285,2024-12-14,23:00,23,Saturday,1,urban,6,0,clear,high,19,high,overspeeding,minor,5,5,0,None,0.3
13454,Bangalore,Karnataka,12.837521,77.759402,2024-03-06,21:00,21,Wednesday,0,rural,5,0,rain,low,26,low,weather,major,3,3,0,None,0.45
13455,Bangalore,Karnataka,13.069027,77.765905,2024-06-15,2:00,2,Saturday,1,highway,2,1,clear,high,21,low,overspeeding,minor,1,0,0,None,0.1
13458,Bangalore,Karnataka,12.91891,77.407012,2022-10-17,9:00,9,Monday,0,rural,3,1,fog,low,34,high,distraction,minor,5,5,1,None,0.8
13463,Bangalore,Karnataka,12.92839,77.603263,2023-03-21,10:00,10,Tuesday,0,rural,4,1,fog,low,18,medium,drunk driving,minor,4,1,1,None,0.6
13491,Bangalore,Karnataka,13.063233,77.424841,2025-04-06,9:00,9,Sunday,1,rural,1,0,fog,low,26,medium,drunk driving,major,5,2,1,None,0.6
13496,Bangalore,Karnataka,13.124434,77.614586,2024-04-06,10:00,10,Saturday,1,urban,6,0,rain,medium,25,medium,overspeeding,major,2,2,1,None,0.4
13500,Bangalore,Karnataka,12.826593,77.620201,2024-09-23,6:00,6,Monday,0,urban,4,0,clear,high,16,high,overspeeding,fatal,1,1,0,None,0.5
13503,Bangalore,Karnataka,12.935467,77.49713,2024-07-01,18:00,18,Monday,0,rural,5,1,rain,medium,36,medium,poor road,fatal,5,5,1,None,0.6
13506,Bangalore,Karnataka,12.805736,77.433599,2022-02-07,3:00,3,Monday,0,highway,5,0,clear,high,37,low,distraction,minor,3,2,0,None,0.1
13508,Bangalore,Karnataka,12.868235,77.547162,2024-04-25,16:00,16,Thursday,0,highway,6,0,rain,medium,19,medium,poor road,minor,3,3,0,None,0.25
13518,Bangalore,Karnataka,12.875861,77.623428,2024-11-14,23:00,23,Thursday,0,highway,2,1,fog,low,22,high,distraction,major,2,0,0,None,0.65
13527,Bangalore,Karnataka,12.879119,77.463991,2022-12-17,2:00,2,Saturday,1,rural,1,0,rain,low,20,low,drunk driving,minor,5,4,0,None,0.45
13540,Bangalore,Karnataka,12.857835,77.705254,2024-01-23,17:00,17,Tuesday,0,urban,2,0,clear,high,18,high,drunk driving,minor,2,0,1,None,0.45
13549,Bangalore,Karnataka,12.942112,77.514012,2023-04-01,5:00,5,Saturday,1,highway,1,0,rain,low,37,medium,weather,minor,2,0,0,None,0.45
13551,Bangalore,Karnataka,12.918241,77.721023,2024-09-17,11:00,11,Tuesday,0,urban,3,1,fog,low,26,low,poor road,major,5,5,0,None,0.45
13569,Bangalore,Karnataka,12.888839,77.619991,2024-07-13,23:00,23,Saturday,1,urban,1,0,rain,low,22,medium,distraction,minor,4,0,0,None,0.45
13581,Bangalore,Karnataka,12.987208,77.660368,2022-06-04,20:00,20,Saturday,1,urban,2,0,clear,high,21,medium,weather,fatal,1,1,0,None,0.3
13599,Bangalore,Karnataka,13.189923,77.492324,2025-01-29,16:00,16,Wednesday,0,highway,2,1,rain,low,37,low,drunk driving,fatal,5,5,0,None,0.65
13607,Bangalore,Karnataka,13.095384,77.634413,2023-08-12,6:00,6,Saturday,1,urban,5,0,fog,low,39,medium,overspeeding,minor,1,0,0,None,0.45
13637,Bangalore,Karnataka,12.828261,77.674329,2022-05-06,17:00,17,Friday,0,highway,2,0,fog,low,15,high,weather,major,4,3,1,None,0.8
13640,Bangalore,Karnataka,13.029182,77.543895,2024-11-21,18:00,18,Thursday,0,rural,1,1,rain,low,20,medium,poor road,minor,3,0,1,None,0.6
13652,Bangalore,Karnataka,12.99436,77.61466,2022-04-18,23:00,23,Monday,0,highway,3,1,rain,medium,32,medium,distraction,minor,4,1,0,None,0.25
13655,Bangalore,Karnataka,13.060665,77.543559,2022-01-18,16:00,16,Tuesday,0,highway,2,1,clear,high,19,low,distraction,major,4,1,0,None,0.1
13671,Bangalore,Karnataka,13.108542,77.780704,2023-02-05,13:00,13,Sunday,1,rural,6,1,fog,low,23,high,poor road,minor,2,0,0,None,0.65
13674,Bangalore,Karnataka,12.843016,77.789528,2024-09-22,16:00,16,Sunday,1,urban,5,0,clear,high,27,low,overspeeding,major,3,0,0,None,0.1
13676,Bangalore,Karnataka,12.920071,77.501943,2024-11-11,12:00,12,Monday,0,rural,1,0,clear,high,16,high,distraction,fatal,2,2,0,None,0.5
13678,Bangalore,Karnataka,13.179377,77.669696,2024-03-29,22:00,22,Friday,0,highway,5,1,rain,low,27,medium,poor road,minor,5,5,0,None,0.45
13689,Bangalore,Karnataka,13.190671,77.480202,2023-10-14,18:00,18,Saturday,1,rural,1,1,clear,high,34,high,distraction,minor,2,0,1,None,0.45
13694,Bangalore,Karnataka,13.030888,77.5094,2023-09-28,13:00,13,Thursday,0,rural,4,0,clear,high,25,high,overspeeding,minor,1,0,0,None,0.3
13696,Bangalore,Karnataka,13.01484,77.523395,2022-01-14,23:00,23,Friday,0,rural,3,0,rain,medium,20,low,drunk driving,major,1,1,0,None,0.25
13698,Bangalore,Karnataka,13.122987,77.778466,2022-01-28,22:00,22,Friday,0,highway,5,0,rain,medium,35,low,poor road,minor,5,2,0,None,0.25
13710,Bangalore,Karnataka,12.825179,77.778071,2024-01-07,0:00,0,Sunday,1,urban,4,1,clear,high,20,low,overspeeding,major,3,1,0,None,0.1
13728,Bangalore,Karnataka,12.906171,77.738767,2024-01-02,22:00,22,Tuesday,0,rural,3,0,clear,high,26,high,overspeeding,minor,3,2,0,None,0.3
13729,Bangalore,Karnataka,12.878386,77.575762,2024-01-22,10:00,10,Monday,0,highway,1,0,rain,medium,25,high,weather,fatal,3,3,1,None,0.8
13760,Bangalore,Karnataka,13.087364,77.642808,2024-12-30,20:00,20,Monday,0,urban,2,0,clear,high,30,medium,distraction,minor,2,2,0,None,0.1
13762,Bangalore,Karnataka,13.158395,77.74821,2022-05-15,15:00,15,Sunday,1,rural,6,0,clear,high,25,high,poor road,minor,2,0,0,None,0.3
13777,Bangalore,Karnataka,12.83492,77.483731,2023-10-18,8:00,8,Wednesday,0,highway,6,0,rain,low,36,high,overspeeding,minor,3,1,1,None,0.8
13790,Bangalore,Karnataka,12.813049,77.56018,2022-05-25,3:00,3,Wednesday,0,highway,1,1,fog,low,17,low,drunk driving,fatal,2,2,0,None,0.65
13796,Bangalore,Karnataka,12.989555,77.78424,2023-07-19,14:00,14,Wednesday,0,highway,6,0,rain,medium,33,high,poor road,fatal,1,1,0,None,0.65
13799,Bangalore,Karnataka,13.122803,77.410695,2024-03-11,8:00,8,Monday,0,highway,3,0,rain,medium,18,high,poor road,minor,4,0,1,None,0.6
13808,Bangalore,Karnataka,12.974383,77.630367,2022-09-26,1:00,1,Monday,0,rural,5,1,rain,medium,21,medium,drunk driving,major,2,1,0,None,0.25
13811,Bangalore,Karnataka,13.131645,77.677939,2022-01-16,13:00,13,Sunday,1,urban,3,1,rain,low,39,low,drunk driving,major,5,2,0,None,0.45
13813,Bangalore,Karnataka,12.846974,77.518766,2023-05-09,6:00,6,Tuesday,0,highway,6,0,rain,medium,30,medium,poor road,major,3,0,0,None,0.25
13829,Bangalore,Karnataka,12.888482,77.45946,2022-01-15,13:00,13,Saturday,1,highway,5,0,fog,low,37,low,drunk driving,minor,3,0,0,None,0.45
13835,Bangalore,Karnataka,12.804049,77.709931,2022-04-03,9:00,9,Sunday,1,highway,2,1,fog,low,24,medium,weather,major,3,1,1,None,0.6
13849,Bangalore,Karnataka,12.956382,77.767425,2023-01-10,12:00,12,Tuesday,0,urban,6,1,clear,high,36,low,distraction,minor,1,1,0,None,0.1
13855,Bangalore,Karnataka,13.010435,77.718566,2024-01-01,3:00,3,Monday,0,highway,4,0,fog,low,33,low,poor road,major,2,0,0,None,0.45
13877,Bangalore,Karnataka,13.016204,77.421135,2023-09-18,12:00,12,Monday,0,rural,5,0,rain,low,16,low,drunk driving,fatal,4,4,0,None,0.65
13878,Bangalore,Karnataka,12.906858,77.598109,2022-07-18,18:00,18,Monday,0,urban,5,0,fog,low,25,high,overspeeding,minor,2,2,1,None,0.8
13896,Bangalore,Karnataka,13.001436,77.753855,2023-08-02,8:00,8,Wednesday,0,urban,1,0,rain,low,33,high,drunk driving,minor,4,1,1,None,0.8
13904,Bangalore,Karnataka,12.92481,77.694164,2024-04-20,15:00,15,Saturday,1,highway,6,0,fog,low,31,medium,drunk driving,fatal,1,1,0,None,0.65
13907,Bangalore,Karnataka,13.074516,77.582034,2023-04-28,0:00,0,Friday,0,rural,2,0,fog,low,30,low,overspeeding,minor,1,0,0,None,0.45
13919,Bangalore,Karnataka,12.952692,77.499104,2023-05-23,14:00,14,Tuesday,0,rural,6,1,rain,low,15,medium,drunk driving,minor,4,4,0,None,0.45
13929,Bangalore,Karnataka,12.898723,77.565263,2022-06-15,8:00,8,Wednesday,0,urban,6,0,clear,high,21,high,poor road,major,1,1,1,None,0.45
13932,Bangalore,Karnataka,13.191086,77.415105,2023-02-12,12:00,12,Sunday,1,urban,2,0,fog,low,26,low,overspeeding,minor,5,4,0,None,0.45
13940,Bangalore,Karnataka,13.159883,77.467015,2024-09-18,22:00,22,Wednesday,0,urban,5,1,rain,low,37,medium,distraction,minor,3,3,0,None,0.45
13944,Bangalore,Karnataka,12.91875,77.76251,2024-10-19,14:00,14,Saturday,1,urban,6,0,rain,medium,22,high,drunk driving,minor,1,1,0,None,0.45
13946,Bangalore,Karnataka,13.151559,77.637295,2023-01-25,5:00,5,Wednesday,0,highway,1,0,rain,medium,21,high,weather,major,2,2,0,None,0.45
13964,Bangalore,Karnataka,13.181641,77.668036,2024-09-26,12:00,12,Thursday,0,highway,1,1,fog,low,20,high,weather,minor,2,0,0,None,0.65
13965,Bangalore,Karnataka,13.175577,77.643027,2022-04-13,5:00,5,Wednesday,0,urban,6,0,rain,medium,36,high,weather,fatal,5,5,0,None,0.65
13996,Bangalore,Karnataka,13.123902,77.483411,2023-11-03,13:00,13,Friday,0,rural,3,0,clear,high,38,low,drunk driving,minor,4,3,0,None,0.1
13999,Bangalore,Karnataka,12.823497,77.401825,2025-01-18,4:00,4,Saturday,1,rural,6,1,clear,high,22,low,poor road,minor,2,2,0,None,0.1
14012,Bangalore,Karnataka,12.908066,77.667429,2022-01-29,11:00,11,Saturday,1,urban,3,1,fog,low,20,low,drunk driving,major,1,0,0,None,0.45
14027,Bangalore,Karnataka,12.992505,77.432509,2022-02-08,7:00,7,Tuesday,0,highway,3,1,fog,low,30,medium,weather,minor,3,1,0,None,0.45
14030,Bangalore,Karnataka,13.147355,77.42695,2024-08-11,1:00,1,Sunday,1,urban,1,1,fog,low,27,medium,poor road,fatal,4,4,0,None,0.65
14036,Bangalore,Karnataka,13.129144,77.472548,2023-02-17,4:00,4,Friday,0,rural,1,1,clear,high,26,low,overspeeding,minor,1,0,0,None,0.1
14043,Bangalore,Karnataka,13.169654,77.415097,2024-05-10,20:00,20,Friday,0,rural,1,0,clear,high,35,low,drunk driving,fatal,2,2,0,None,0.3
14044,Bangalore,Karnataka,13.03487,77.763103,2023-01-06,0:00,0,Friday,0,urban,4,1,rain,low,33,low,overspeeding,major,2,1,0,None,0.45
14057,Bangalore,Karnataka,13.083366,77.724315,2024-11-01,17:00,17,Friday,0,urban,2,1,rain,low,22,medium,poor road,minor,1,0,1,Diwali,0.7
14063,Bangalore,Karnataka,13.056578,77.525225,2024-06-09,4:00,4,Sunday,1,urban,6,0,rain,low,25,low,poor road,minor,4,1,0,None,0.45
14067,Bangalore,Karnataka,12.924475,77.579849,2025-03-13,16:00,16,Thursday,0,rural,6,0,fog,low,31,high,distraction,major,5,0,0,None,0.65
14088,Bangalore,Karnataka,12.874701,77.42106,2022-01-30,1:00,1,Sunday,1,highway,5,0,rain,low,29,medium,overspeeding,minor,4,0,0,None,0.45
14098,Bangalore,Karnataka,12.911998,77.52395,2023-07-15,8:00,8,Saturday,1,rural,4,1,clear,high,40,high,overspeeding,major,4,1,1,None,0.45
14102,Bangalore,Karnataka,12.802129,77.759899,2023-02-17,5:00,5,Friday,0,rural,6,1,rain,low,22,medium,drunk driving,major,5,0,0,None,0.45
14130,Bangalore,Karnataka,12.80129,77.609253,2024-09-04,19:00,19,Wednesday,0,urban,4,1,rain,low,36,medium,poor road,major,4,1,1,None,0.6
14136,Bangalore,Karnataka,12.881339,77.677576,2023-04-17,18:00,18,Monday,0,urban,4,0,rain,medium,18,medium,distraction,minor,3,1,1,None,0.4
14139,Bangalore,Karnataka,12.999404,77.778709,2025-04-08,4:00,4,Tuesday,0,rural,1,0,clear,high,23,high,weather,fatal,1,1,0,None,0.5
14140,Bangalore,Karnataka,12.899256,77.585903,2023-03-25,19:00,19,Saturday,1,rural,4,1,fog,low,16,medium,poor road,minor,5,5,1,None,0.6
14157,Bangalore,Karnataka,13.052119,77.622835,2022-11-27,20:00,20,Sunday,1,rural,5,1,clear,high,15,low,distraction,major,1,0,0,None,0.1
14175,Bangalore,Karnataka,12.904848,77.503844,2023-02-23,0:00,0,Thursday,0,highway,4,0,rain,low,39,low,drunk driving,minor,2,2,0,None,0.45
14190,Bangalore,Karnataka,12.970903,77.529259,2022-11-12,18:00,18,Saturday,1,highway,1,0,rain,low,33,medium,poor road,minor,1,0,1,None,0.6
14214,Bangalore,Karnataka,13.127557,77.570269,2022-10-29,23:00,23,Saturday,1,highway,4,0,clear,high,40,low,overspeeding,minor,1,0,0,None,0.1
14234,Bangalore,Karnataka,12.920792,77.540292,2024-02-05,11:00,11,Monday,0,rural,4,1,rain,low,32,low,overspeeding,major,1,0,0,None,0.45
14243,Bangalore,Karnataka,13.016922,77.416753,2022-08-25,13:00,13,Thursday,0,rural,2,1,clear,high,27,medium,drunk driving,major,1,0,0,None,0.1
14244,Bangalore,Karnataka,13.026826,77.50758,2022-06-17,13:00,13,Friday,0,highway,1,0,clear,high,32,high,weather,minor,2,0,0,None,0.3
14245,Bangalore,Karnataka,13.150853,77.439458,2024-07-07,6:00,6,Sunday,1,highway,4,1,rain,low,38,high,overspeeding,fatal,3,3,0,None,0.85
14260,Bangalore,Karnataka,13.111357,77.589387,2022-04-22,1:00,1,Friday,0,urban,5,1,rain,low,40,low,overspeeding,minor,2,2,0,None,0.45
14262,Bangalore,Karnataka,12.884835,77.729892,2025-02-08,18:00,18,Saturday,1,urban,6,0,rain,medium,27,high,poor road,major,5,0,1,None,0.6
14268,Bangalore,Karnataka,13.070991,77.648504,2022-07-08,13:00,13,Friday,0,highway,5,1,clear,high,40,low,weather,minor,1,0,0,None,0.1
14272,Bangalore,Karnataka,13.116821,77.599677,2023-11-27,22:00,22,Monday,0,highway,3,0,fog,low,17,low,distraction,major,1,1,0,None,0.45
14279,Bangalore,Karnataka,12.852528,77.420628,2022-04-12,18:00,18,Tuesday,0,rural,3,0,clear,high,27,medium,distraction,major,1,0,1,None,0.25
14284,Bangalore,Karnataka,12.982079,77.671068,2023-07-22,5:00,5,Saturday,1,rural,6,1,fog,low,37,high,drunk driving,fatal,5,5,0,None,0.85
14291,Bangalore,Karnataka,12.932998,77.780595,2023-08-17,15:00,15,Thursday,0,urban,5,0,rain,low,28,medium,drunk driving,minor,2,2,0,None,0.45
14319,Bangalore,Karnataka,13.052259,77.604404,2023-07-15,8:00,8,Saturday,1,urban,2,0,rain,low,20,high,distraction,minor,5,3,1,None,0.8
14327,Bangalore,Karnataka,13.074844,77.461935,2023-08-05,5:00,5,Saturday,1,rural,3,1,clear,high,29,low,poor road,fatal,5,5,0,None,0.3
14331,Bangalore,Karnataka,13.007432,77.445143,2022-11-29,16:00,16,Tuesday,0,highway,1,0,rain,low,15,high,distraction,minor,1,0,0,None,0.65
14334,Bangalore,Karnataka,13.071388,77.494571,2022-10-14,14:00,14,Friday,0,highway,3,1,clear,high,37,medium,overspeeding,minor,3,3,0,None,0.1
14347,Bangalore,Karnataka,13.079247,77.719008,2023-02-09,5:00,5,Thursday,0,urban,1,1,rain,low,18,low,poor road,minor,4,1,0,None,0.45
14348,Bangalore,Karnataka,13.103222,77.688115,2024-07-17,17:00,17,Wednesday,0,highway,5,1,rain,low,28,high,drunk driving,minor,1,0,1,None,0.8
14367,Bangalore,Karnataka,13.045214,77.583985,2024-05-10,10:00,10,Friday,0,urban,4,1,fog,low,23,medium,drunk driving,major,3,3,1,None,0.6
14411,Bangalore,Karnataka,13.162507,77.735497,2024-09-17,5:00,5,Tuesday,0,highway,4,0,fog,low,23,medium,weather,minor,5,4,0,None,0.45
14434,Bangalore,Karnataka,12.921157,77.566431,2023-10-12,16:00,16,Thursday,0,rural,3,1,clear,high,32,medium,distraction,major,3,0,0,None,0.1
14479,Bangalore,Karnataka,13.192845,77.563449,2022-07-03,17:00,17,Sunday,1,rural,2,1,fog,low,29,high,weather,minor,1,1,1,None,0.8
14481,Bangalore,Karnataka,12.803721,77.780981,2022-11-10,18:00,18,Thursday,0,highway,6,0,clear,high,27,high,weather,minor,1,0,1,None,0.45
14486,Bangalore,Karnataka,12.971087,77.441407,2022-08-31,16:00,16,Wednesday,0,rural,1,0,fog,low,26,medium,weather,minor,1,1,0,None,0.45
14492,Bangalore,Karnataka,13.19165,77.782694,2023-12-21,2:00,2,Thursday,0,urban,5,1,clear,high,24,low,poor road,major,2,0,0,None,0.1
14496,Bangalore,Karnataka,12.980951,77.535062,2023-06-22,21:00,21,Thursday,0,highway,1,0,fog,low,23,medium,poor road,minor,1,0,0,None,0.45
14515,Bangalore,Karnataka,12.871948,77.439158,2023-06-03,12:00,12,Saturday,1,highway,4,1,clear,high,38,high,poor road,minor,4,2,0,None,0.3
14517,Bangalore,Karnataka,13.040294,77.763065,2024-05-18,0:00,0,Saturday,1,rural,6,1,clear,high,33,high,distraction,minor,1,0,0,None,0.3
14527,Bangalore,Karnataka,13.004484,77.411583,2022-08-13,1:00,1,Saturday,1,rural,1,1,fog,low,25,low,overspeeding,minor,2,2,0,None,0.45
14540,Bangalore,Karnataka,13.12695,77.463232,2024-02-07,0:00,0,Wednesday,0,rural,3,1,clear,high,16,low,overspeeding,minor,1,1,0,None,0.1
14548,Bangalore,Karnataka,12.973718,77.640947,2024-12-26,17:00,17,Thursday,0,rural,6,1,clear,high,27,high,weather,major,3,0,1,None,0.45
14550,Bangalore,Karnataka,12.905709,77.63252,2022-01-17,13:00,13,Monday,0,highway,6,0,fog,low,37,medium,weather,major,1,1,0,None,0.45
14552,Bangalore,Karnataka,12.810527,77.4715,2022-06-22,22:00,22,Wednesday,0,urban,6,0,clear,high,25,medium,distraction,minor,5,1,0,None,0.1
14560,Bangalore,Karnataka,13.062669,77.469342,2023-06-13,8:00,8,Tuesday,0,urban,6,1,clear,high,27,medium,drunk driving,minor,3,2,1,None,0.25
14576,Bangalore,Karnataka,13.088288,77.748977,2023-09-13,8:00,8,Wednesday,0,urban,4,0,fog,low,16,low,overspeeding,minor,5,3,1,None,0.6
14580,Bangalore,Karnataka,13.01241,77.614101,2024-12-27,9:00,9,Friday,0,rural,4,0,clear,high,36,high,poor road,fatal,2,2,1,None,0.65
14612,Bangalore,Karnataka,13.01267,77.502306,2023-05-21,20:00,20,Sunday,1,highway,4,1,clear,high,35,medium,poor road,minor,5,2,0,None,0.1
14619,Bangalore,Karnataka,13.102092,77.552372,2023-02-12,13:00,13,Sunday,1,urban,2,1,rain,low,37,high,overspeeding,fatal,5,5,0,None,0.85
14620,Bangalore,Karnataka,12.990182,77.547177,2022-02-24,11:00,11,Thursday,0,highway,2,1,fog,low,39,medium,drunk driving,minor,1,1,0,None,0.45
14626,Bangalore,Karnataka,13.089109,77.423966,2022-08-19,18:00,18,Friday,0,rural,3,0,rain,medium,16,medium,weather,major,3,2,1,None,0.4
14629,Bangalore,Karnataka,12.892952,77.752823,2024-09-23,0:00,0,Monday,0,highway,5,0,rain,medium,25,low,overspeeding,minor,4,3,0,None,0.25
14634,Bangalore,Karnataka,13.16346,77.439758,2022-06-23,3:00,3,Thursday,0,urban,3,0,fog,low,32,low,overspeeding,fatal,5,5,0,None,0.65
14640,Bangalore,Karnataka,13.069785,77.789527,2024-03-25,12:00,12,Monday,0,urban,2,1,rain,medium,38,medium,distraction,minor,4,3,0,Holi,0.35
14648,Bangalore,Karnataka,12.885706,77.735484,2023-01-10,8:00,8,Tuesday,0,highway,5,1,fog,low,17,high,weather,minor,5,5,1,None,0.8
14660,Bangalore,Karnataka,13.042081,77.728745,2022-07-30,6:00,6,Saturday,1,highway,3,1,fog,low,19,medium,poor road,minor,3,0,0,None,0.45
14661,Bangalore,Karnataka,12.887269,77.791863,2023-12-27,12:00,12,Wednesday,0,rural,4,1,rain,medium,26,low,overspeeding,major,5,3,0,None,0.25
14662,Bangalore,Karnataka,12.973065,77.640358,2024-11-12,22:00,22,Tuesday,0,urban,3,0,fog,low,40,low,drunk driving,minor,4,2,0,None,0.45
14681,Bangalore,Karnataka,12.967881,77.620956,2024-02-13,5:00,5,Tuesday,0,highway,2,0,fog,low,37,high,drunk driving,fatal,1,1,0,None,0.85
14686,Bangalore,Karnataka,12.889176,77.626557,2024-05-23,7:00,7,Thursday,0,rural,2,1,rain,medium,28,high,drunk driving,minor,5,4,0,None,0.45
14705,Bangalore,Karnataka,13.110934,77.640847,2023-02-16,22:00,22,Thursday,0,highway,2,0,fog,low,25,medium,drunk driving,minor,1,1,0,None,0.45
14708,Bangalore,Karnataka,13.068627,77.678826,2024-07-31,5:00,5,Wednesday,0,highway,4,0,rain,low,30,medium,poor road,minor,5,2,0,None,0.45
14710,Bangalore,Karnataka,12.931977,77.722713,2024-03-07,2:00,2,Thursday,0,highway,6,0,clear,high,17,low,weather,fatal,2,2,0,None,0.3
14719,Bangalore,Karnataka,13.152875,77.670312,2022-11-22,9:00,9,Tuesday,0,rural,6,0,rain,medium,33,high,weather,minor,2,2,1,None,0.6
14720,Bangalore,Karnataka,13.154842,77.640183,2023-01-12,13:00,13,Thursday,0,highway,1,0,clear,high,16,low,poor road,major,3,0,0,None,0.1
14730,Bangalore,Karnataka,12.906594,77.676341,2022-11-27,5:00,5,Sunday,1,urban,3,0,rain,medium,39,high,distraction,minor,1,1,0,None,0.45
14732,Bangalore,Karnataka,13.078093,77.44405,2022-05-07,18:00,18,Saturday,1,highway,1,0,fog,low,35,low,poor road,minor,2,0,1,None,0.6
14735,Bangalore,Karnataka,12.920537,77.456367,2024-04-11,11:00,11,Thursday,0,rural,3,0,rain,low,35,medium,weather,major,1,0,0,None,0.45
14750,Bangalore,Karnataka,13.006892,77.786891,2023-07-30,15:00,15,Sunday,1,urban,6,1,fog,low,20,high,distraction,minor,1,0,0,None,0.65
14760,Bangalore,Karnataka,12.963085,77.583676,2022-08-20,14:00,14,Saturday,1,rural,1,0,clear,high,38,high,overspeeding,minor,4,4,0,None,0.3
14778,Bangalore,Karnataka,13.186225,77.79367,2023-08-15,10:00,10,Tuesday,0,rural,5,1,clear,high,37,high,distraction,minor,2,0,1,None,0.45
14780,Bangalore,Karnataka,12.837086,77.678498,2024-05-19,15:00,15,Sunday,1,highway,3,0,clear,high,22,high,poor road,major,4,2,0,None,0.3
14784,Bangalore,Karnataka,12.991625,77.543793,2022-02-04,12:00,12,Friday,0,highway,5,1,fog,low,28,high,weather,minor,3,3,0,None,0.65
14793,Bangalore,Karnataka,13.036752,77.469071,2024-02-10,12:00,12,Saturday,1,rural,1,1,rain,low,39,low,drunk driving,minor,3,3,0,None,0.45
14794,Bangalore,Karnataka,12.959127,77.747033,2024-06-06,7:00,7,Thursday,0,rural,5,1,fog,low,24,high,distraction,minor,5,5,0,None,0.65
14802,Bangalore,Karnataka,12.924367,77.666139,2023-09-11,6:00,6,Monday,0,urban,1,0,fog,low,30,high,distraction,minor,4,2,0,None,0.65
14823,Bangalore,Karnataka,12.974428,77.771213,2025-01-29,6:00,6,Wednesday,0,highway,3,1,clear,high,34,medium,drunk driving,major,3,1,0,None,0.1
14825,Bangalore,Karnataka,13.047408,77.408071,2022-03-21,5:00,5,Monday,0,highway,5,1,fog,low,29,medium,overspeeding,minor,1,1,0,None,0.45
14836,Bangalore,Karnataka,13.110543,77.417387,2024-01-04,23:00,23,Thursday,0,rural,5,0,clear,high,22,low,overspeeding,minor,1,1,0,None,0.1
14839,Bangalore,Karnataka,13.170232,77.77601,2022-12-30,16:00,16,Friday,0,highway,5,0,rain,medium,38,low,overspeeding,minor,1,0,0,None,0.25
14843,Bangalore,Karnataka,12.871464,77.577812,2025-04-08,12:00,12,Tuesday,0,highway,5,0,fog,low,18,high,overspeeding,major,4,4,0,None,0.65
14857,Bangalore,Karnataka,12.964904,77.726534,2025-03-10,14:00,14,Monday,0,highway,3,0,clear,high,32,high,poor road,minor,1,1,0,None,0.3
14861,Bangalore,Karnataka,12.849346,77.556592,2025-01-17,1:00,1,Friday,0,rural,4,1,fog,low,36,low,distraction,minor,5,4,0,None,0.45
14867,Bangalore,Karnataka,13.096027,77.437996,2024-08-07,3:00,3,Wednesday,0,highway,5,1,rain,medium,26,medium,weather,minor,1,0,0,None,0.25
14868,Bangalore,Karnataka,13.013317,77.617879,2023-06-22,10:00,10,Thursday,0,highway,4,0,clear,high,27,low,overspeeding,fatal,5,5,1,None,0.45
14869,Bangalore,Karnataka,13.13568,77.726156,2024-12-03,10:00,10,Tuesday,0,urban,3,1,clear,high,17,high,overspeeding,minor,5,1,1,None,0.45
14887,Bangalore,Karnataka,12.815125,77.541815,2022-02-04,18:00,18,Friday,0,urban,1,1,fog,low,34,high,distraction,fatal,4,4,1,None,1.0
14892,Bangalore,Karnataka,13.088474,77.603386,2022-07-30,2:00,2,Saturday,1,highway,4,0,rain,medium,22,high,distraction,minor,2,2,0,None,0.45
14917,Bangalore,Karnataka,13.086425,77.573286,2025-01-11,3:00,3,Saturday,1,urban,4,0,fog,low,37,low,poor road,minor,3,3,0,None,0.45
14929,Bangalore,Karnataka,13.055659,77.523196,2025-04-05,15:00,15,Saturday,1,urban,5,0,clear,high,21,high,poor road,minor,2,2,0,None,0.3
14932,Bangalore,Karnataka,12.99561,77.420269,2025-03-05,11:00,11,Wednesday,0,highway,4,1,fog,low,21,low,poor road,major,4,0,0,None,0.45
14937,Bangalore,Karnataka,13.185156,77.425328,2024-05-22,7:00,7,Wednesday,0,urban,4,0,clear,high,15,low,distraction,minor,5,3,0,None,0.1
14944,Bangalore,Karnataka,13.014092,77.556785,2024-09-26,3:00,3,Thursday,0,rural,5,0,fog,low,31,low,distraction,minor,4,3,0,None,0.45
14945,Bangalore,Karnataka,13.151228,77.626964,2022-12-23,14:00,14,Friday,0,highway,2,0,clear,high,40,low,distraction,minor,1,1,0,None,0.1
14948,Bangalore,Karnataka,12.818891,77.483768,2023-02-28,15:00,15,Tuesday,0,highway,1,0,fog,low,34,low,drunk driving,major,5,2,0,None,0.45
14951,Bangalore,Karnataka,13.112586,77.772788,2023-09-05,9:00,9,Tuesday,0,urban,4,1,fog,low,34,medium,weather,minor,4,2,1,None,0.6
14984,Bangalore,Karnataka,13.13969,77.449998,2024-02-13,21:00,21,Tuesday,0,rural,6,1,rain,low,20,medium,overspeeding,minor,2,0,0,None,0.45
14996,Bangalore,Karnataka,13.044444,77.728102,2023-03-09,8:00,8,Thursday,0,rural,2,1,rain,medium,38,high,overspeeding,minor,1,0,1,None,0.6
15002,Bangalore,Karnataka,12.948422,77.585939,2022-11-02,10:00,10,Wednesday,0,urban,4,0,fog,low,32,medium,weather,fatal,1,1,1,None,0.8
15030,Bangalore,Karnataka,13.067618,77.787517,2024-02-21,22:00,22,Wednesday,0,urban,5,0,rain,low,36,medium,drunk driving,minor,5,1,0,None,0.45
15035,Bangalore,Karnataka,12.955355,77.404516,2023-09-06,21:00,21,Wednesday,0,highway,6,0,clear,high,37,high,drunk driving,major,2,1,0,None,0.3
15049,Bangalore,Karnataka,13.190992,77.524873,2023-12-01,16:00,16,Friday,0,rural,1,0,clear,high,29,low,distraction,minor,3,0,0,None,0.1
15052,Bangalore,Karnataka,13.094009,77.585187,2023-07-20,17:00,17,Thursday,0,highway,2,1,fog,low,16,high,weather,major,2,0,1,None,0.8
15074,Bangalore,Karnataka,13.038394,77.729574,2025-03-14,9:00,9,Friday,0,urban,5,0,fog,low,31,high,overspeeding,major,5,1,1,None,0.8
15078,Bangalore,Karnataka,12.954551,77.591505,2023-06-21,18:00,18,Wednesday,0,urban,5,0,rain,medium,36,high,poor road,minor,5,0,1,None,0.6
15093,Bangalore,Karnataka,13.13932,77.79325,2023-12-30,21:00,21,Saturday,1,urban,4,0,fog,low,27,medium,drunk driving,minor,2,0,0,None,0.45
15096,Bangalore,Karnataka,12.923112,77.783295,2024-08-24,0:00,0,Saturday,1,urban,6,0,fog,low,15,low,poor road,major,2,1,0,None,0.45
15108,Bangalore,Karnataka,12.939282,77.420405,2022-05-11,22:00,22,Wednesday,0,urban,5,1,clear,high,21,low,distraction,fatal,2,2,0,None,0.3
15120,Bangalore,Karnataka,12.836432,77.535141,2024-11-08,16:00,16,Friday,0,rural,4,1,clear,high,36,low,weather,minor,1,1,0,None,0.1
15123,Bangalore,Karnataka,12.831907,77.743346,2023-10-27,14:00,14,Friday,0,rural,5,1,clear,high,32,high,poor road,minor,2,0,0,None,0.3
15140,Bangalore,Karnataka,13.015083,77.561705,2022-04-20,17:00,17,Wednesday,0,highway,3,1,clear,high,22,low,overspeeding,minor,2,2,1,None,0.25
15145,Bangalore,Karnataka,12.831484,77.514395,2024-12-02,2:00,2,Monday,0,rural,6,0,clear,high,30,low,overspeeding,minor,3,1,0,None,0.1
15150,Bangalore,Karnataka,13.028905,77.552467,2023-01-13,17:00,17,Friday,0,urban,5,1,rain,medium,36,high,distraction,minor,1,1,1,None,0.6
15151,Bangalore,Karnataka,13.001614,77.57962,2023-05-31,17:00,17,Wednesday,0,rural,2,1,fog,low,28,medium,overspeeding,minor,3,0,1,None,0.6
15154,Bangalore,Karnataka,13.009925,77.531961,2022-06-23,19:00,19,Thursday,0,urban,1,1,fog,low,34,medium,distraction,minor,3,1,1,None,0.6
15156,Bangalore,Karnataka,13.103202,77.55281,2022-11-15,22:00,22,Tuesday,0,rural,2,0,rain,low,25,medium,drunk driving,fatal,1,1,0,None,0.65
15160,Bangalore,Karnataka,13.136385,77.669874,2022-05-06,19:00,19,Friday,0,rural,3,0,fog,low,21,medium,poor road,minor,1,0,1,None,0.6
15187,Bangalore,Karnataka,12.921667,77.584114,2025-03-23,16:00,16,Sunday,1,urban,5,0,clear,high,18,low,distraction,minor,4,0,0,None,0.1
15189,Bangalore,Karnataka,12.869251,77.737689,2024-09-30,8:00,8,Monday,0,urban,3,0,clear,high,18,high,overspeeding,minor,4,1,1,None,0.45
15195,Bangalore,Karnataka,12.858767,77.632865,2024-12-15,7:00,7,Sunday,1,urban,5,0,rain,low,18,medium,distraction,minor,5,2,0,None,0.45
15197,Bangalore,Karnataka,12.959944,77.640021,2023-02-08,20:00,20,Wednesday,0,urban,3,0,fog,low,29,high,drunk driving,fatal,3,3,0,None,0.85
15205,Bangalore,Karnataka,13.116133,77.501878,2022-04-04,8:00,8,Monday,0,highway,2,0,clear,high,38,high,overspeeding,minor,1,1,1,None,0.45
15211,Bangalore,Karnataka,13.139237,77.681855,2024-12-19,7:00,7,Thursday,0,rural,3,0,clear,high,17,high,drunk driving,minor,2,2,0,None,0.3
15221,Bangalore,Karnataka,12.811096,77.541858,2022-04-17,4:00,4,Sunday,1,urban,5,1,fog,low,22,low,weather,fatal,1,1,0,None,0.65
15224,Bangalore,Karnataka,12.801276,77.407352,2023-02-16,4:00,4,Thursday,0,rural,5,0,clear,high,19,low,overspeeding,fatal,5,5,0,None,0.3
15228,Bangalore,Karnataka,13.137691,77.701812,2023-06-03,6:00,6,Saturday,1,urban,2,0,rain,low,39,low,distraction,major,2,1,0,None,0.45
15231,Bangalore,Karnataka,13.068504,77.472856,2024-10-04,22:00,22,Friday,0,rural,2,0,rain,medium,28,low,poor road,major,3,3,0,None,0.25
15237,Bangalore,Karnataka,13.025858,77.750052,2024-10-22,10:00,10,Tuesday,0,urban,5,1,clear,high,39,medium,overspeeding,minor,3,3,1,None,0.25
15256,Bangalore,Karnataka,12.946738,77.490154,2023-10-23,7:00,7,Monday,0,rural,3,1,clear,high,26,low,distraction,major,4,1,0,None,0.1
15267,Bangalore,Karnataka,13.074963,77.712186,2022-07-07,23:00,23,Thursday,0,rural,2,0,fog,low,33,low,overspeeding,major,4,2,0,None,0.45
15285,Bangalore,Karnataka,12.836448,77.567884,2024-08-25,18:00,18,Sunday,1,highway,5,1,clear,high,23,medium,drunk driving,fatal,4,4,1,None,0.45
15288,Bangalore,Karnataka,12.893016,77.530219,2022-04-13,14:00,14,Wednesday,0,rural,2,1,rain,medium,24,medium,drunk driving,minor,2,0,0,None,0.25
15297,Bangalore,Karnataka,12.837107,77.759652,2024-09-15,14:00,14,Sunday,1,rural,3,1,clear,high,39,medium,poor road,minor,5,5,0,None,0.1
15321,Bangalore,Karnataka,12.838582,77.78844,2024-11-19,8:00,8,Tuesday,0,rural,5,0,fog,low,36,medium,overspeeding,fatal,1,1,1,None,0.8
15329,Bangalore,Karnataka,12.801997,77.736067,2024-10-05,6:00,6,Saturday,1,urban,4,0,fog,low,17,high,overspeeding,major,2,2,0,None,0.65
15345,Bangalore,Karnataka,13.098791,77.432049,2023-03-25,13:00,13,Saturday,1,rural,1,1,clear,high,15,low,weather,fatal,4,4,0,None,0.3
15368,Bangalore,Karnataka,13.139453,77.672003,2023-12-02,16:00,16,Saturday,1,rural,6,1,clear,high,16,medium,weather,minor,3,3,0,None,0.1
15372,Bangalore,Karnataka,12.940917,77.697942,2023-04-09,10:00,10,Sunday,1,highway,4,0,fog,low,38,high,overspeeding,minor,3,3,1,None,0.8
15379,Bangalore,Karnataka,13.157522,77.686113,2024-04-02,14:00,14,Tuesday,0,highway,5,1,fog,low,19,high,weather,minor,3,2,0,None,0.65
15387,Bangalore,Karnataka,12.964933,77.448797,2022-08-23,17:00,17,Tuesday,0,rural,4,0,fog,low,23,medium,weather,fatal,1,1,1,None,0.8
15388,Bangalore,Karnataka,12.864243,77.682864,2024-07-09,1:00,1,Tuesday,0,rural,6,1,fog,low,19,low,poor road,minor,2,2,0,None,0.45
15393,Bangalore,Karnataka,12.9998,77.709933,2022-05-31,10:00,10,Tuesday,0,rural,1,1,fog,low,35,high,distraction,minor,3,1,1,None,0.8
15397,Bangalore,Karnataka,12.97015,77.580114,2022-04-12,11:00,11,Tuesday,0,rural,6,1,clear,high,18,low,distraction,major,5,1,0,None,0.1
15400,Bangalore,Karnataka,13.073289,77.436364,2024-10-07,10:00,10,Monday,0,highway,3,1,fog,low,23,medium,poor road,fatal,4,4,1,None,0.8
15434,Bangalore,Karnataka,13.092489,77.603166,2022-10-05,10:00,10,Wednesday,0,highway,1,0,fog,low,31,medium,drunk driving,minor,3,2,1,None,0.6
15436,Bangalore,Karnataka,13.108641,77.537569,2024-04-03,12:00,12,Wednesday,0,highway,1,1,fog,low,29,medium,drunk driving,minor,5,2,0,None,0.45
15453,Bangalore,Karnataka,13.147466,77.446952,2024-01-11,3:00,3,Thursday,0,urban,6,0,clear,high,31,low,distraction,major,4,3,0,None,0.1
15461,Bangalore,Karnataka,12.942334,77.479414,2024-03-09,20:00,20,Saturday,1,rural,2,1,rain,low,32,low,poor road,minor,2,2,0,None,0.45
15463,Bangalore,Karnataka,13.026756,77.670417,2023-12-04,21:00,21,Monday,0,urban,5,0,clear,high,37,medium,overspeeding,minor,4,3,0,None,0.1
15513,Bangalore,Karnataka,12.925408,77.567703,2022-07-02,19:00,19,Saturday,1,highway,5,0,fog,low,33,high,overspeeding,major,3,3,1,None,0.8
15521,Bangalore,Karnataka,12.846088,77.685431,2022-09-28,12:00,12,Wednesday,0,urban,6,1,rain,medium,28,low,distraction,minor,5,5,0,None,0.25
15523,Bangalore,Karnataka,13.097659,77.736471,2024-08-05,5:00,5,Monday,0,rural,3,0,clear,high,20,low,weather,minor,2,1,0,None,0.1
15540,Bangalore,Karnataka,13.084803,77.648896,2022-07-06,21:00,21,Wednesday,0,highway,6,1,clear,high,40,medium,weather,minor,2,2,0,None,0.1
15543,Bangalore,Karnataka,12.940998,77.43652,2023-02-28,17:00,17,Tuesday,0,urban,6,0,clear,high,30,high,poor road,fatal,4,4,1,None,0.65
15551,Bangalore,Karnataka,13.1186,77.710566,2023-07-01,8:00,8,Saturday,1,urban,2,1,clear,high,32,high,drunk driving,minor,1,0,1,None,0.45
15554,Bangalore,Karnataka,12.952979,77.770495,2024-09-01,22:00,22,Sunday,1,urban,6,1,rain,low,15,low,overspeeding,minor,3,0,0,None,0.45
15566,Bangalore,Karnataka,12.894982,77.41693,2022-10-05,7:00,7,Wednesday,0,urban,1,1,clear,high,34,high,overspeeding,minor,4,4,0,None,0.3
15569,Bangalore,Karnataka,13.140907,77.579112,2022-06-10,10:00,10,Friday,0,rural,1,0,fog,low,39,high,drunk driving,major,5,2,1,None,0.8
15571,Bangalore,Karnataka,12.823333,77.75305,2023-04-05,0:00,0,Wednesday,0,rural,4,0,rain,medium,29,low,drunk driving,minor,5,2,0,None,0.25
15574,Bangalore,Karnataka,13.18031,77.447624,2022-05-14,20:00,20,Saturday,1,urban,4,0,rain,medium,35,low,drunk driving,minor,3,0,0,None,0.25
15580,Bangalore,Karnataka,13.184814,77.709501,2024-10-28,7:00,7,Monday,0,highway,1,1,rain,low,16,high,overspeeding,minor,4,4,0,None,0.65
15581,Bangalore,Karnataka,13.120411,77.784757,2022-05-13,5:00,5,Friday,0,rural,1,0,clear,high,15,high,overspeeding,major,1,0,0,None,0.3
15585,Bangalore,Karnataka,13.078747,77.657953,2024-06-24,4:00,4,Monday,0,highway,2,1,fog,low,30,medium,weather,major,5,3,0,None,0.45
15586,Bangalore,Karnataka,13.140039,77.5237,2022-07-17,6:00,6,Sunday,1,urban,5,1,clear,high,30,low,poor road,minor,4,1,0,None,0.1
15587,Bangalore,Karnataka,12.837411,77.784742,2023-02-23,20:00,20,Thursday,0,rural,1,0,clear,high,19,high,distraction,minor,5,2,0,None,0.3
15595,Bangalore,Karnataka,13.167705,77.726624,2022-10-16,17:00,17,Sunday,1,highway,4,0,clear,high,23,high,poor road,minor,3,1,1,None,0.45
15597,Bangalore,Karnataka,13.125175,77.795107,2022-08-17,17:00,17,Wednesday,0,highway,6,0,fog,low,22,low,overspeeding,minor,1,0,1,None,0.6
15608,Bangalore,Karnataka,12.88699,77.435867,2022-06-12,16:00,16,Sunday,1,highway,1,1,rain,low,35,low,weather,fatal,5,5,0,None,0.65
15618,Bangalore,Karnataka,12.804753,77.549655,2023-06-03,6:00,6,Saturday,1,rural,2,0,rain,low,37,high,distraction,fatal,4,4,0,None,0.85
15619,Bangalore,Karnataka,13.155076,77.729003,2024-07-05,9:00,9,Friday,0,highway,6,0,clear,high,15,medium,distraction,minor,5,3,1,None,0.25
15621,Bangalore,Karnataka,13.167225,77.475217,2023-01-22,4:00,4,Sunday,1,rural,4,1,fog,low,36,low,overspeeding,minor,5,0,0,None,0.45
15632,Bangalore,Karnataka,12.971581,77.642867,2024-08-16,1:00,1,Friday,0,urban,6,1,clear,high,21,low,weather,minor,5,2,0,None,0.1
15641,Bangalore,Karnataka,13.101663,77.528174,2024-07-31,14:00,14,Wednesday,0,highway,6,0,clear,high,33,medium,weather,fatal,3,3,0,None,0.3
15653,Bangalore,Karnataka,13.125209,77.727626,2022-05-13,12:00,12,Friday,0,highway,6,1,fog,low,21,high,distraction,minor,1,0,0,None,0.65
15660,Bangalore,Karnataka,13.00654,77.51568,2022-12-10,6:00,6,Saturday,1,highway,1,0,rain,low,18,medium,overspeeding,minor,5,2,0,None,0.45
15667,Bangalore,Karnataka,13.053768,77.783203,2022-09-22,8:00,8,Thursday,0,highway,2,1,clear,high,25,high,poor road,major,3,0,1,None,0.45
15671,Bangalore,Karnataka,12.984537,77.466631,2022-08-17,2:00,2,Wednesday,0,urban,4,0,fog,low,16,high,distraction,fatal,2,2,0,None,0.85
15701,Bangalore,Karnataka,12.890409,77.514478,2024-01-21,13:00,13,Sunday,1,rural,3,0,fog,low,23,medium,weather,minor,2,2,0,None,0.45
15703,Bangalore,Karnataka,12.99686,77.431607,2022-03-23,15:00,15,Wednesday,0,highway,3,1,rain,low,24,low,weather,minor,5,1,0,None,0.45
15704,Bangalore,Karnataka,13.14613,77.737377,2023-05-05,7:00,7,Friday,0,rural,2,1,rain,medium,33,low,weather,fatal,5,5,0,None,0.45
15707,Bangalore,Karnataka,13.185574,77.411353,2022-12-21,8:00,8,Wednesday,0,highway,1,0,clear,high,29,high,distraction,minor,5,5,1,None,0.45
15708,Bangalore,Karnataka,13.042773,77.42311,2023-05-12,14:00,14,Friday,0,urban,3,1,fog,low,37,high,distraction,fatal,4,4,0,None,0.85
15713,Bangalore,Karnataka,12.984298,77.738028,2023-04-19,4:00,4,Wednesday,0,highway,2,0,rain,low,26,low,weather,minor,1,1,0,None,0.45
15716,Bangalore,Karnataka,12.994406,77.64124,2022-12-08,20:00,20,Thursday,0,rural,4,0,clear,high,20,medium,drunk driving,minor,2,2,0,None,0.1
15729,Bangalore,Karnataka,13.016701,77.753159,2022-03-15,17:00,17,Tuesday,0,highway,2,0,rain,low,35,high,weather,minor,2,2,1,None,0.8
15730,Bangalore,Karnataka,12.874604,77.497122,2023-06-04,22:00,22,Sunday,1,rural,5,0,clear,high,25,medium,poor road,minor,2,0,0,None,0.1
15744,Bangalore,Karnataka,13.197614,77.582843,2024-02-19,9:00,9,Monday,0,rural,2,0,rain,low,17,medium,distraction,minor,2,1,1,None,0.6
15745,Bangalore,Karnataka,12.926125,77.704194,2024-08-18,2:00,2,Sunday,1,highway,3,1,fog,low,18,medium,poor road,major,1,1,0,None,0.45
15749,Bangalore,Karnataka,13.16262,77.582568,2023-05-10,15:00,15,Wednesday,0,rural,1,0,fog,low,34,medium,distraction,major,4,1,0,None,0.45
15759,Bangalore,Karnataka,12.864556,77.448408,2022-07-08,10:00,10,Friday,0,highway,2,1,fog,low,37,low,drunk driving,major,1,1,1,None,0.6
15770,Bangalore,Karnataka,12.931253,77.427881,2024-08-26,20:00,20,Monday,0,rural,2,1,rain,low,32,high,drunk driving,major,4,4,0,None,0.65
15772,Bangalore,Karnataka,12.949317,77.423045,2024-08-16,18:00,18,Friday,0,urban,4,1,rain,low,17,high,overspeeding,minor,1,0,1,None,0.8
15775,Bangalore,Karnataka,13.012276,77.656942,2023-02-18,1:00,1,Saturday,1,urban,2,1,fog,low,26,low,drunk driving,minor,3,2,0,None,0.45
15795,Bangalore,Karnataka,13.157322,77.594646,2024-08-12,19:00,19,Monday,0,urban,1,0,fog,low,22,medium,weather,major,5,3,1,None,0.6
15805,Bangalore,Karnataka,12.931037,77.44633,2025-04-08,5:00,5,Tuesday,0,highway,4,0,rain,medium,30,high,weather,minor,4,0,0,None,0.45
15825,Bangalore,Karnataka,12.806266,77.742331,2023-10-01,18:00,18,Sunday,1,rural,2,0,clear,high,31,medium,distraction,fatal,3,3,1,None,0.45
15830,Bangalore,Karnataka,12.934767,77.680003,2023-02-17,1:00,1,Friday,0,highway,3,1,fog,low,36,low,weather,fatal,1,1,0,None,0.65
15831,Bangalore,Karnataka,13.035224,77.618716,2023-10-10,13:00,13,Tuesday,0,rural,6,1,clear,high,33,high,drunk driving,minor,5,4,0,None,0.3
15838,Bangalore,Karnataka,13.085545,77.497717,2023-12-19,3:00,3,Tuesday,0,urban,6,0,rain,medium,22,low,poor road,major,2,2,0,None,0.25
15840,Bangalore,Karnataka,13.091125,77.678471,2023-05-10,3:00,3,Wednesday,0,rural,6,1,rain,low,30,medium,weather,major,4,1,0,None,0.45
15850,Bangalore,Karnataka,13.097543,77.634638,2022-02-09,4:00,4,Wednesday,0,rural,2,1,rain,medium,26,high,drunk driving,fatal,4,4,0,None,0.65
15856,Bangalore,Karnataka,12.800763,77.485031,2024-04-04,9:00,9,Thursday,0,highway,5,0,clear,high,25,high,overspeeding,minor,4,4,1,None,0.45
15866,Bangalore,Karnataka,13.039552,77.462638,2025-03-04,5:00,5,Tuesday,0,urban,6,0,clear,high,17,medium,poor road,minor,5,2,0,None,0.1
15881,Bangalore,Karnataka,12.997472,77.699058,2022-01-06,18:00,18,Thursday,0,urban,3,1,fog,low,32,high,poor road,minor,1,0,1,None,0.8
15894,Bangalore,Karnataka,12.840874,77.644349,2022-02-02,5:00,5,Wednesday,0,rural,4,0,clear,high,25,low,weather,major,5,4,0,None,0.1
15895,Bangalore,Karnataka,12.862752,77.745394,2023-04-20,17:00,17,Thursday,0,urban,6,0,rain,medium,33,medium,drunk driving,minor,1,0,1,None,0.4
15899,Bangalore,Karnataka,13.04257,77.629403,2022-05-27,17:00,17,Friday,0,urban,1,1,fog,low,15,high,distraction,minor,1,0,1,None,0.8
15902,Bangalore,Karnataka,12.885831,77.703557,2025-03-31,14:00,14,Monday,0,rural,4,1,fog,low,37,medium,drunk driving,minor,1,1,0,None,0.45
15907,Bangalore,Karnataka,12.875135,77.618585,2024-01-07,21:00,21,Sunday,1,urban,3,0,fog,low,22,medium,overspeeding,minor,1,1,0,None,0.45
15911,Bangalore,Karnataka,13.006424,77.535833,2022-09-15,23:00,23,Thursday,0,urban,3,0,fog,low,39,medium,drunk driving,fatal,3,3,0,None,0.65
15912,Bangalore,Karnataka,13.066312,77.511718,2024-06-21,5:00,5,Friday,0,rural,6,1,rain,medium,32,high,drunk driving,minor,3,3,0,None,0.45
15924,Bangalore,Karnataka,12.926127,77.499684,2025-03-06,20:00,20,Thursday,0,urban,5,1,rain,low,33,medium,overspeeding,minor,4,0,0,None,0.45
15926,Bangalore,Karnataka,13.114554,77.493729,2024-12-04,2:00,2,Wednesday,0,rural,5,1,clear,high,30,medium,drunk driving,minor,4,1,0,None,0.1
15936,Bangalore,Karnataka,13.13356,77.405608,2024-02-12,21:00,21,Monday,0,highway,3,1,clear,high,40,medium,drunk driving,minor,3,1,0,None,0.1
15945,Bangalore,Karnataka,13.102436,77.706009,2024-08-13,18:00,18,Tuesday,0,rural,4,1,fog,low,33,high,poor road,major,1,0,1,None,0.8
15963,Bangalore,Karnataka,12.877315,77.595906,2023-07-23,11:00,11,Sunday,1,highway,2,0,clear,high,30,low,weather,minor,1,0,0,None,0.1
15967,Bangalore,Karnataka,13.178538,77.537564,2022-04-10,1:00,1,Sunday,1,urban,2,1,clear,high,39,medium,distraction,major,1,1,0,None,0.1
15982,Bangalore,Karnataka,13.102567,77.483362,2023-05-22,19:00,19,Monday,0,urban,3,0,fog,low,16,high,overspeeding,major,2,1,1,None,0.8
15984,Bangalore,Karnataka,13.0967,77.429851,2023-10-21,6:00,6,Saturday,1,urban,5,0,clear,high,18,low,weather,minor,3,2,0,None,0.1
15994,Bangalore,Karnataka,13.07832,77.584727,2023-08-22,3:00,3,Tuesday,0,highway,4,0,rain,low,21,low,drunk driving,minor,3,0,0,None,0.45
16018,Bangalore,Karnataka,12.994558,77.610154,2024-01-11,21:00,21,Thursday,0,urban,1,0,rain,low,33,medium,weather,minor,2,1,0,None,0.45
16021,Bangalore,Karnataka,13.185951,77.732742,2024-07-16,10:00,10,Tuesday,0,highway,5,1,clear,high,32,high,overspeeding,minor,2,2,1,None,0.45
16024,Bangalore,Karnataka,13.120083,77.609988,2022-07-10,23:00,23,Sunday,1,rural,1,1,fog,low,30,low,poor road,major,2,1,0,None,0.45
16037,Bangalore,Karnataka,13.119088,77.77565,2022-08-31,10:00,10,Wednesday,0,urban,1,0,clear,high,24,high,poor road,major,1,1,1,None,0.45
16040,Bangalore,Karnataka,13.195403,77.427718,2023-03-07,22:00,22,Tuesday,0,rural,3,0,fog,low,30,medium,drunk driving,major,1,0,0,None,0.45
16043,Bangalore,Karnataka,12.817379,77.575501,2024-02-05,1:00,1,Monday,0,highway,5,0,fog,low,15,low,weather,minor,5,5,0,None,0.45
16052,Bangalore,Karnataka,12.918233,77.492038,2025-03-07,1:00,1,Friday,0,rural,4,1,clear,high,40,low,poor road,minor,3,2,0,None,0.1
16055,Bangalore,Karnataka,12.838143,77.780377,2025-01-11,13:00,13,Saturday,1,highway,3,1,rain,medium,16,high,poor road,major,4,0,0,None,0.45
16063,Bangalore,Karnataka,12.814456,77.450342,2022-03-30,20:00,20,Wednesday,0,urban,4,1,clear,high,20,low,poor road,minor,1,1,0,None,0.1
16073,Bangalore,Karnataka,13.118955,77.722219,2025-01-14,12:00,12,Tuesday,0,highway,5,0,clear,high,19,medium,distraction,minor,4,1,0,None,0.1
16087,Bangalore,Karnataka,13.065345,77.412957,2023-09-20,18:00,18,Wednesday,0,rural,3,0,fog,low,23,medium,weather,minor,3,0,1,None,0.6
16089,Bangalore,Karnataka,12.873482,77.425791,2023-09-16,10:00,10,Saturday,1,rural,3,1,rain,low,38,high,overspeeding,major,5,1,1,None,0.8
16098,Bangalore,Karnataka,12.924966,77.631552,2024-07-19,4:00,4,Friday,0,urban,1,1,fog,low,15,high,distraction,minor,4,3,0,None,0.65
16102,Bangalore,Karnataka,13.161628,77.649715,2024-11-12,20:00,20,Tuesday,0,urban,1,0,clear,high,24,high,overspeeding,minor,2,1,0,None,0.3
16107,Bangalore,Karnataka,13.044806,77.644094,2024-05-11,20:00,20,Saturday,1,rural,1,1,clear,high,18,low,weather,minor,5,3,0,None,0.1
16134,Bangalore,Karnataka,13.060719,77.56656,2023-10-11,19:00,19,Wednesday,0,highway,2,1,fog,low,19,low,drunk driving,minor,5,2,1,None,0.6
16135,Bangalore,Karnataka,12.884432,77.738963,2023-06-05,17:00,17,Monday,0,rural,6,0,fog,low,29,high,poor road,fatal,2,2,1,None,1.0
16136,Bangalore,Karnataka,12.914725,77.719735,2024-11-29,5:00,5,Friday,0,highway,2,1,rain,medium,22,low,distraction,minor,2,2,0,None,0.25
16140,Bangalore,Karnataka,12.891354,77.508901,2025-02-20,20:00,20,Thursday,0,urban,3,0,fog,low,30,high,drunk driving,minor,4,0,0,None,0.65
16149,Bangalore,Karnataka,13.199086,77.724796,2024-12-05,19:00,19,Thursday,0,urban,4,0,fog,low,34,high,poor road,minor,5,3,1,None,0.8
16157,Bangalore,Karnataka,12.803762,77.503709,2024-09-25,0:00,0,Wednesday,0,urban,3,1,clear,high,30,low,weather,major,1,1,0,None,0.1
16181,Bangalore,Karnataka,12.980454,77.77819,2024-06-18,3:00,3,Tuesday,0,urban,1,1,rain,low,19,low,weather,minor,3,1,0,None,0.45
16197,Bangalore,Karnataka,12.881638,77.556382,2024-09-18,1:00,1,Wednesday,0,urban,4,0,clear,high,22,low,poor road,minor,5,1,0,None,0.1
16219,Bangalore,Karnataka,12.878876,77.618381,2024-07-29,4:00,4,Monday,0,highway,2,1,fog,low,40,low,drunk driving,major,5,3,0,None,0.45
16232,Bangalore,Karnataka,13.10937,77.437195,2022-06-14,17:00,17,Tuesday,0,highway,5,1,clear,high,31,high,distraction,minor,5,5,1,None,0.45
16236,Bangalore,Karnataka,12.90326,77.77663,2023-12-06,18:00,18,Wednesday,0,rural,5,1,clear,high,27,high,poor road,fatal,5,5,1,None,0.65
16239,Bangalore,Karnataka,13.001906,77.615218,2024-06-15,10:00,10,Saturday,1,urban,1,1,fog,low,23,high,weather,minor,4,3,1,None,0.8
16242,Bangalore,Karnataka,12.840055,77.784691,2023-10-25,21:00,21,Wednesday,0,highway,2,1,clear,high,15,medium,weather,minor,2,1,0,None,0.1
16262,Bangalore,Karnataka,12.876947,77.73997,2024-03-15,23:00,23,Friday,0,highway,5,1,rain,medium,37,high,weather,major,4,0,0,None,0.45
16264,Bangalore,Karnataka,13.006586,77.443951,2023-03-06,19:00,19,Monday,0,urban,3,0,rain,medium,22,low,drunk driving,fatal,4,4,1,None,0.6
16267,Bangalore,Karnataka,12.847083,77.404548,2023-09-16,1:00,1,Saturday,1,rural,6,0,rain,medium,40,low,overspeeding,major,5,2,0,None,0.25
16268,Bangalore,Karnataka,12.948717,77.600239,2024-09-12,14:00,14,Thursday,0,urban,6,0,clear,high,34,high,distraction,major,4,3,0,None,0.3
16275,Bangalore,Karnataka,13.046766,77.741777,2023-05-20,23:00,23,Saturday,1,urban,4,0,rain,medium,22,low,distraction,major,2,1,0,None,0.25
16283,Bangalore,Karnataka,12.98285,77.417873,2022-06-12,23:00,23,Sunday,1,rural,5,1,fog,low,17,medium,distraction,minor,5,0,0,None,0.45
16284,Bangalore,Karnataka,13.029033,77.702615,2024-06-09,15:00,15,Sunday,1,rural,3,0,clear,high,17,low,distraction,major,1,0,0,None,0.1
16288,Bangalore,Karnataka,13.07731,77.715286,2024-07-13,21:00,21,Saturday,1,highway,6,0,clear,high,27,low,weather,major,1,0,0,None,0.1
16306,Bangalore,Karnataka,12.900211,77.402415,2022-12-31,3:00,3,Saturday,1,rural,4,1,clear,high,33,low,distraction,major,2,2,0,None,0.1
16319,Bangalore,Karnataka,12.813109,77.449978,2025-01-26,7:00,7,Sunday,1,urban,1,1,clear,high,29,medium,overspeeding,minor,3,2,0,None,0.1
16333,Bangalore,Karnataka,13.137273,77.69787,2023-03-04,3:00,3,Saturday,1,urban,3,0,fog,low,31,medium,overspeeding,minor,3,2,0,None,0.45
16341,Bangalore,Karnataka,12.898424,77.698383,2024-12-24,17:00,17,Tuesday,0,highway,2,0,rain,medium,18,high,drunk driving,minor,5,4,1,None,0.6
16346,Bangalore,Karnataka,12.978061,77.624549,2022-09-20,10:00,10,Tuesday,0,rural,4,0,rain,low,27,medium,distraction,minor,2,1,1,None,0.6
16353,Bangalore,Karnataka,12.937541,77.462375,2024-11-10,19:00,19,Sunday,1,rural,2,1,fog,low,20,high,poor road,minor,2,1,1,None,0.8
16362,Bangalore,Karnataka,13.188442,77.708924,2022-10-17,4:00,4,Monday,0,urban,6,0,fog,low,24,low,overspeeding,fatal,1,1,0,None,0.65
16378,Bangalore,Karnataka,13.001955,77.607457,2024-12-06,9:00,9,Friday,0,highway,2,0,clear,high,32,high,overspeeding,minor,3,2,1,None,0.45
16400,Bangalore,Karnataka,12.944214,77.765022,2022-09-25,5:00,5,Sunday,1,rural,2,0,rain,medium,21,high,distraction,major,2,2,0,None,0.45
16404,Bangalore,Karnataka,12.849775,77.517099,2024-12-21,20:00,20,Saturday,1,highway,6,1,fog,low,19,low,weather,minor,2,1,0,None,0.45
16409,Bangalore,Karnataka,12.922605,77.754963,2023-10-06,11:00,11,Friday,0,highway,4,1,rain,medium,34,low,drunk driving,fatal,5,5,0,None,0.45
16412,Bangalore,Karnataka,13.156061,77.421061,2022-10-02,15:00,15,Sunday,1,highway,2,1,clear,high,21,low,poor road,minor,4,0,0,None,0.1
16414,Bangalore,Karnataka,12.835299,77.622878,2024-05-27,4:00,4,Monday,0,rural,4,0,rain,low,33,low,overspeeding,major,1,0,0,None,0.45
16418,Bangalore,Karnataka,12.977625,77.792019,2023-03-13,13:00,13,Monday,0,highway,5,0,rain,medium,32,low,weather,minor,2,1,0,None,0.25
16424,Bangalore,Karnataka,13.106702,77.654709,2022-06-18,1:00,1,Saturday,1,urban,5,0,clear,high,25,medium,distraction,major,4,3,0,None,0.1
16427,Bangalore,Karnataka,13.042701,77.701276,2022-10-07,0:00,0,Friday,0,highway,3,1,clear,high,38,medium,overspeeding,fatal,5,5,0,None,0.3
16428,Bangalore,Karnataka,13.110402,77.661291,2025-02-14,21:00,21,Friday,0,urban,6,1,fog,low,33,medium,overspeeding,minor,5,2,0,None,0.45
16432,Bangalore,Karnataka,13.076163,77.626307,2024-07-09,0:00,0,Tuesday,0,urban,4,1,clear,high,35,low,overspeeding,minor,3,3,0,None,0.1
16441,Bangalore,Karnataka,13.087387,77.533585,2022-03-19,5:00,5,Saturday,1,highway,1,1,rain,medium,31,medium,drunk driving,minor,5,5,0,None,0.25
16443,Bangalore,Karnataka,12.909978,77.665144,2022-07-27,11:00,11,Wednesday,0,urban,3,1,fog,low,15,high,overspeeding,minor,3,1,0,None,0.65
16459,Bangalore,Karnataka,13.015816,77.782712,2023-03-12,0:00,0,Sunday,1,highway,1,0,fog,low,24,high,distraction,fatal,4,4,0,None,0.85
16461,Bangalore,Karnataka,12.948173,77.64228,2022-12-10,0:00,0,Saturday,1,urban,1,0,fog,low,16,low,overspeeding,major,3,1,0,None,0.45
16471,Bangalore,Karnataka,13.123161,77.742956,2023-03-11,7:00,7,Saturday,1,urban,3,1,clear,high,18,medium,overspeeding,major,2,1,0,None,0.1
16479,Bangalore,Karnataka,12.827567,77.515547,2024-06-10,20:00,20,Monday,0,rural,1,1,rain,medium,16,high,distraction,minor,1,1,0,None,0.45
16489,Bangalore,Karnataka,12.824271,77.576659,2023-12-02,21:00,21,Saturday,1,highway,1,0,fog,low,34,low,weather,minor,4,2,0,None,0.45
16516,Bangalore,Karnataka,13.027762,77.406109,2023-05-24,19:00,19,Wednesday,0,highway,6,0,fog,low,23,high,drunk driving,minor,4,2,1,None,0.8
16535,Bangalore,Karnataka,12.993974,77.634936,2023-02-08,23:00,23,Wednesday,0,highway,1,0,clear,high,37,high,weather,fatal,2,2,0,None,0.5
16542,Bangalore,Karnataka,12.887445,77.697749,2023-04-21,9:00,9,Friday,0,rural,2,0,rain,medium,31,medium,distraction,fatal,4,4,1,None,0.6
16544,Bangalore,Karnataka,12.946687,77.730415,2022-03-05,19:00,19,Saturday,1,urban,3,1,rain,low,34,medium,poor road,minor,2,1,1,None,0.6
16569,Bangalore,Karnataka,13.033004,77.782601,2024-03-23,3:00,3,Saturday,1,rural,3,0,clear,high,18,medium,distraction,major,4,2,0,None,0.1
16576,Bangalore,Karnataka,13.107504,77.582679,2024-03-22,1:00,1,Friday,0,highway,3,1,clear,high,18,low,overspeeding,minor,5,2,0,None,0.1
16577,Bangalore,Karnataka,13.189363,77.762133,2025-01-23,5:00,5,Thursday,0,rural,2,0,fog,low,33,low,weather,major,2,2,0,None,0.45
16593,Bangalore,Karnataka,12.82269,77.724561,2024-05-22,12:00,12,Wednesday,0,rural,5,1,fog,low,33,medium,distraction,minor,1,1,0,None,0.45
16596,Bangalore,Karnataka,12.834267,77.780637,2024-03-01,10:00,10,Friday,0,urban,1,1,clear,high,26,high,poor road,major,1,1,1,None,0.45
16598,Bangalore,Karnataka,13.193837,77.752179,2023-01-28,11:00,11,Saturday,1,urban,1,1,fog,low,16,high,distraction,minor,3,1,0,None,0.65
16631,Bangalore,Karnataka,13.088029,77.759237,2022-10-10,12:00,12,Monday,0,rural,6,1,clear,high,21,medium,overspeeding,minor,3,0,0,None,0.1
16638,Bangalore,Karnataka,13.072572,77.424287,2024-02-17,20:00,20,Saturday,1,highway,4,1,fog,low,21,medium,poor road,fatal,2,2,0,None,0.65
16639,Bangalore,Karnataka,13.139932,77.602975,2022-03-18,19:00,19,Friday,0,urban,6,0,fog,low,28,high,drunk driving,minor,1,1,1,None,0.8
16647,Bangalore,Karnataka,13.112416,77.568281,2022-12-09,10:00,10,Friday,0,urban,4,0,clear,high,16,high,poor road,minor,2,0,1,None,0.45
16650,Bangalore,Karnataka,13.123421,77.684279,2022-07-17,1:00,1,Sunday,1,highway,2,0,fog,low,30,medium,distraction,major,1,1,0,None,0.45
16654,Bangalore,Karnataka,13.020501,77.71688,2023-03-22,1:00,1,Wednesday,0,rural,6,1,fog,low,36,low,weather,minor,2,1,0,None,0.45
16666,Bangalore,Karnataka,12.852752,77.525976,2022-03-26,13:00,13,Saturday,1,highway,3,1,rain,medium,17,medium,drunk driving,major,2,2,0,None,0.25
16680,Bangalore,Karnataka,12.817958,77.667285,2023-01-04,10:00,10,Wednesday,0,highway,3,0,fog,low,35,high,poor road,minor,2,2,1,None,0.8
16711,Bangalore,Karnataka,13.192925,77.453029,2022-06-25,0:00,0,Saturday,1,rural,4,0,fog,low,28,high,distraction,major,3,2,0,None,0.65
16725,Bangalore,Karnataka,12.823071,77.421894,2024-12-02,0:00,0,Monday,0,urban,1,0,rain,medium,37,low,drunk driving,minor,5,1,0,None,0.25
16736,Bangalore,Karnataka,13.062839,77.79368,2023-08-29,21:00,21,Tuesday,0,rural,1,1,fog,low,15,medium,distraction,fatal,2,2,0,None,0.65
16759,Bangalore,Karnataka,13.152227,77.558658,2023-10-03,17:00,17,Tuesday,0,highway,6,1,fog,low,32,medium,weather,minor,5,5,1,None,0.6
16770,Bangalore,Karnataka,12.80906,77.738692,2022-05-12,5:00,5,Thursday,0,urban,6,0,fog,low,32,medium,weather,major,2,2,0,None,0.45
16778,Bangalore,Karnataka,12.812701,77.598717,2024-03-30,15:00,15,Saturday,1,highway,1,1,rain,medium,18,high,drunk driving,minor,1,0,0,None,0.45
16781,Bangalore,Karnataka,12.887786,77.626337,2024-04-26,16:00,16,Friday,0,urban,6,1,rain,low,26,medium,overspeeding,major,2,1,0,None,0.45
16782,Bangalore,Karnataka,13.047509,77.41642,2024-02-23,3:00,3,Friday,0,rural,5,0,clear,high,39,medium,weather,minor,2,2,0,None,0.1
16786,Bangalore,Karnataka,12.962501,77.798745,2022-04-03,20:00,20,Sunday,1,rural,3,1,rain,low,28,medium,distraction,major,4,3,0,None,0.45
16787,Bangalore,Karnataka,12.859098,77.469139,2024-07-13,22:00,22,Saturday,1,urban,3,1,rain,medium,38,high,overspeeding,fatal,2,2,0,None,0.65
16798,Bangalore,Karnataka,12.8839,77.797884,2024-08-21,17:00,17,Wednesday,0,highway,1,0,fog,low,22,medium,poor road,minor,5,1,1,None,0.6
16800,Bangalore,Karnataka,13.044104,77.685947,2024-06-07,14:00,14,Friday,0,urban,3,1,clear,high,19,high,overspeeding,fatal,5,5,0,None,0.5
16809,Bangalore,Karnataka,12.89034,77.775542,2024-03-29,1:00,1,Friday,0,highway,6,1,rain,low,27,medium,poor road,major,1,0,0,None,0.45
16810,Bangalore,Karnataka,13.053471,77.774545,2022-01-22,2:00,2,Saturday,1,highway,4,0,clear,high,30,low,distraction,fatal,2,2,0,None,0.3
16816,Bangalore,Karnataka,13.172361,77.732427,2025-02-25,19:00,19,Tuesday,0,rural,2,1,rain,medium,17,high,distraction,major,3,3,1,None,0.6
16817,Bangalore,Karnataka,12.800444,77.715121,2025-03-24,9:00,9,Monday,0,rural,3,1,rain,medium,33,high,overspeeding,major,2,1,1,None,0.6
16829,Bangalore,Karnataka,12.866733,77.656255,2022-04-03,0:00,0,Sunday,1,highway,4,0,rain,low,29,low,poor road,major,5,5,0,None,0.45
16836,Bangalore,Karnataka,12.888266,77.53879,2022-12-29,8:00,8,Thursday,0,rural,3,1,fog,low,23,medium,distraction,fatal,1,1,1,None,0.8
16851,Bangalore,Karnataka,12.883132,77.425751,2024-03-19,8:00,8,Tuesday,0,rural,3,0,fog,low,17,high,drunk driving,fatal,5,5,1,None,1.0
16861,Bangalore,Karnataka,12.925801,77.713155,2024-04-30,7:00,7,Tuesday,0,highway,5,1,fog,low,21,high,weather,minor,4,4,0,None,0.65
16867,Bangalore,Karnataka,12.94006,77.404952,2024-05-24,18:00,18,Friday,0,rural,5,1,clear,high,29,high,drunk driving,minor,1,1,1,None,0.45
16907,Bangalore,Karnataka,13.149633,77.650165,2024-01-09,3:00,3,Tuesday,0,rural,5,0,clear,high,35,low,overspeeding,minor,4,4,0,None,0.1
16908,Bangalore,Karnataka,12.99884,77.719146,2022-04-13,19:00,19,Wednesday,0,urban,6,1,fog,low,27,low,weather,fatal,5,5,1,None,0.8
16919,Bangalore,Karnataka,13.04379,77.708868,2022-06-14,6:00,6,Tuesday,0,rural,5,1,clear,high,26,medium,distraction,major,4,3,0,None,0.1
16922,Bangalore,Karnataka,13.079573,77.743314,2024-09-11,19:00,19,Wednesday,0,rural,3,0,clear,high,28,high,overspeeding,major,5,1,1,None,0.45
16924,Bangalore,Karnataka,12.944758,77.582335,2022-11-05,6:00,6,Saturday,1,urban,5,0,rain,low,37,medium,weather,minor,5,1,0,None,0.45
16931,Bangalore,Karnataka,12.930701,77.46924,2022-12-06,17:00,17,Tuesday,0,rural,4,0,fog,low,20,high,overspeeding,major,1,0,1,None,0.8
16976,Bangalore,Karnataka,13.038957,77.743729,2023-11-21,1:00,1,Tuesday,0,highway,3,1,rain,low,15,low,overspeeding,minor,5,0,0,None,0.45
16978,Bangalore,Karnataka,13.098555,77.566536,2022-07-02,12:00,12,Saturday,1,highway,4,1,clear,high,39,medium,weather,major,2,0,0,None,0.1
16984,Bangalore,Karnataka,12.862798,77.664256,2022-10-05,13:00,13,Wednesday,0,urban,1,1,rain,medium,30,high,distraction,minor,4,3,0,None,0.45
16991,Bangalore,Karnataka,12.859756,77.731032,2022-11-20,11:00,11,Sunday,1,highway,3,1,fog,low,31,low,distraction,fatal,2,2,0,None,0.65
16995,Bangalore,Karnataka,12.995791,77.67038,2023-04-12,2:00,2,Wednesday,0,urban,2,1,clear,high,36,low,overspeeding,major,1,1,0,None,0.1
16996,Bangalore,Karnataka,12.933312,77.613485,2024-12-25,6:00,6,Wednesday,0,rural,5,1,clear,high,28,low,drunk driving,minor,1,0,0,None,0.1
16998,Bangalore,Karnataka,12.819003,77.612496,2023-09-07,5:00,5,Thursday,0,highway,1,1,rain,low,33,high,weather,minor,3,0,0,None,0.65
17001,Bangalore,Karnataka,12.934189,77.553853,2024-04-07,12:00,12,Sunday,1,urban,1,1,clear,high,19,medium,poor road,minor,2,1,0,None,0.1
17005,Bangalore,Karnataka,12.903319,77.565389,2025-01-08,8:00,8,Wednesday,0,urban,3,1,fog,low,28,low,distraction,major,2,0,1,None,0.6
17006,Bangalore,Karnataka,12.994467,77.711714,2022-07-17,21:00,21,Sunday,1,urban,4,1,clear,high,28,high,distraction,minor,4,4,0,None,0.3
17010,Bangalore,Karnataka,13.018171,77.655035,2023-02-10,9:00,9,Friday,0,urban,3,0,fog,low,25,high,drunk driving,major,1,1,1,None,0.8
17020,Bangalore,Karnataka,12.803668,77.439488,2023-12-01,23:00,23,Friday,0,urban,6,1,clear,high,34,low,overspeeding,minor,5,2,0,None,0.1
17027,Bangalore,Karnataka,13.127107,77.435723,2022-07-01,2:00,2,Friday,0,rural,2,0,clear,high,35,medium,drunk driving,minor,2,1,0,None,0.1
17040,Bangalore,Karnataka,12.972791,77.554217,2022-08-24,12:00,12,Wednesday,0,highway,4,1,clear,high,26,low,distraction,major,1,0,0,None,0.1
17041,Bangalore,Karnataka,13.100235,77.696452,2022-11-14,3:00,3,Monday,0,highway,6,1,rain,medium,20,low,weather,minor,3,0,0,None,0.25
17047,Bangalore,Karnataka,12.915992,77.783468,2022-08-24,6:00,6,Wednesday,0,rural,2,0,clear,high,18,low,distraction,major,5,5,0,None,0.1
17048,Bangalore,Karnataka,13.141343,77.591769,2022-02-03,7:00,7,Thursday,0,highway,4,1,rain,medium,37,high,poor road,minor,4,0,0,None,0.45
17085,Bangalore,Karnataka,13.00379,77.783555,2024-05-23,7:00,7,Thursday,0,rural,1,1,fog,low,39,medium,overspeeding,minor,3,2,0,None,0.45
17090,Bangalore,Karnataka,13.025181,77.796196,2023-08-25,8:00,8,Friday,0,rural,4,1,fog,low,26,high,overspeeding,fatal,5,5,1,None,1.0
17091,Bangalore,Karnataka,13.111876,77.754518,2022-07-24,2:00,2,Sunday,1,rural,3,0,fog,low,27,medium,drunk driving,minor,2,0,0,None,0.45
17100,Bangalore,Karnataka,12.827521,77.477895,2023-03-19,20:00,20,Sunday,1,rural,4,0,rain,low,26,medium,drunk driving,minor,4,1,0,None,0.45
17117,Bangalore,Karnataka,13.087104,77.786832,2022-10-15,17:00,17,Saturday,1,urban,3,1,clear,high,15,high,poor road,fatal,4,4,1,None,0.65
17135,Bangalore,Karnataka,12.803742,77.46633,2022-01-21,0:00,0,Friday,0,urban,1,0,clear,high,18,medium,drunk driving,minor,4,2,0,None,0.1
17139,Bangalore,Karnataka,13.071268,77.587528,2024-07-26,22:00,22,Friday,0,urban,3,0,fog,low,28,medium,poor road,minor,2,1,0,None,0.45
17141,Bangalore,Karnataka,13.006132,77.451716,2022-01-31,3:00,3,Monday,0,rural,6,1,clear,high,17,medium,distraction,major,4,4,0,None,0.1
17146,Bangalore,Karnataka,13.052859,77.434049,2025-03-18,3:00,3,Tuesday,0,rural,3,1,fog,low,39,low,poor road,minor,2,1,0,None,0.45
17158,Bangalore,Karnataka,13.086314,77.708988,2023-01-24,5:00,5,Tuesday,0,urban,3,0,fog,low,30,high,overspeeding,minor,3,0,0,None,0.65
17192,Bangalore,Karnataka,13.138215,77.524212,2022-07-10,1:00,1,Sunday,1,urban,3,1,rain,medium,19,low,distraction,minor,2,0,0,None,0.25
17196,Bangalore,Karnataka,13.020418,77.730098,2024-05-23,3:00,3,Thursday,0,urban,6,0,fog,low,23,low,distraction,minor,1,1,0,None,0.45
17199,Bangalore,Karnataka,12.994569,77.411661,2023-11-18,14:00,14,Saturday,1,urban,6,0,fog,low,20,low,distraction,minor,1,1,0,None,0.45
17206,Bangalore,Karnataka,13.186126,77.607118,2024-11-25,6:00,6,Monday,0,urban,1,0,fog,low,16,high,drunk driving,fatal,3,3,0,None,0.85
17212,Bangalore,Karnataka,13.199406,77.608181,2024-03-13,1:00,1,Wednesday,0,highway,6,0,rain,low,20,low,distraction,minor,3,3,0,None,0.45
17214,Bangalore,Karnataka,13.176109,77.427082,2024-04-22,19:00,19,Monday,0,highway,6,1,clear,high,29,high,poor road,major,3,1,1,None,0.45
17218,Bangalore,Karnataka,13.184852,77.756041,2022-04-28,23:00,23,Thursday,0,urban,4,0,fog,low,28,low,poor road,major,2,1,0,None,0.45
17219,Bangalore,Karnataka,13.071237,77.626809,2023-08-29,5:00,5,Tuesday,0,highway,1,0,clear,high,16,high,overspeeding,minor,2,2,0,None,0.3
17226,Bangalore,Karnataka,12.832344,77.510392,2022-01-04,11:00,11,Tuesday,0,urban,6,0,fog,low,19,low,distraction,minor,1,0,0,None,0.45
17230,Bangalore,Karnataka,13.055078,77.718405,2022-02-04,20:00,20,Friday,0,highway,2,1,clear,high,26,low,distraction,major,5,4,0,None,0.1
17240,Bangalore,Karnataka,13.001622,77.703935,2023-02-28,19:00,19,Tuesday,0,highway,1,0,clear,high,38,high,poor road,major,3,1,1,None,0.45
17244,Bangalore,Karnataka,12.87906,77.466909,2023-07-02,13:00,13,Sunday,1,urban,1,0,fog,low,27,medium,overspeeding,minor,2,2,0,None,0.45
17277,Bangalore,Karnataka,13.111572,77.723397,2022-01-23,3:00,3,Sunday,1,rural,4,1,fog,low,19,low,poor road,minor,1,1,0,None,0.45
17278,Bangalore,Karnataka,12.8961,77.433243,2024-04-12,13:00,13,Friday,0,rural,4,0,rain,medium,31,low,distraction,fatal,1,1,0,None,0.45
17298,Bangalore,Karnataka,13.161307,77.501632,2022-05-04,11:00,11,Wednesday,0,highway,2,1,fog,low,33,low,overspeeding,major,2,2,0,None,0.45
17308,Bangalore,Karnataka,13.010024,77.553395,2022-08-18,23:00,23,Thursday,0,rural,3,0,clear,high,30,medium,overspeeding,minor,2,1,0,None,0.1
17311,Bangalore,Karnataka,13.081105,77.473592,2023-09-11,6:00,6,Monday,0,rural,3,1,fog,low,16,high,distraction,major,4,4,0,None,0.65
17325,Bangalore,Karnataka,13.00216,77.660919,2025-02-09,1:00,1,Sunday,1,rural,5,1,fog,low,21,low,weather,minor,2,1,0,None,0.45
17330,Bangalore,Karnataka,13.149071,77.716925,2023-01-12,10:00,10,Thursday,0,highway,4,0,fog,low,29,low,poor road,minor,5,1,1,None,0.6
17331,Bangalore,Karnataka,12.832796,77.545857,2022-03-09,5:00,5,Wednesday,0,urban,3,1,clear,high,25,medium,drunk driving,fatal,1,1,0,None,0.3
17369,Bangalore,Karnataka,13.158181,77.717899,2023-01-04,20:00,20,Wednesday,0,highway,6,1,clear,high,35,high,distraction,minor,2,0,0,None,0.3
17406,Bangalore,Karnataka,12.93689,77.563329,2023-11-13,2:00,2,Monday,0,rural,1,1,clear,high,39,medium,distraction,minor,4,2,0,None,0.1
17411,Bangalore,Karnataka,13.002478,77.536303,2022-11-21,5:00,5,Monday,0,urban,3,1,rain,low,24,high,weather,minor,4,4,0,None,0.65
17416,Bangalore,Karnataka,13.011769,77.592664,2024-04-23,2:00,2,Tuesday,0,urban,1,1,rain,medium,37,medium,poor road,major,2,2,0,None,0.25
17425,Bangalore,Karnataka,12.966195,77.739672,2023-08-30,8:00,8,Wednesday,0,rural,3,1,fog,low,22,medium,distraction,major,5,0,1,None,0.6
17428,Bangalore,Karnataka,12.845316,77.761789,2023-11-25,20:00,20,Saturday,1,urban,1,0,rain,medium,25,low,weather,minor,1,1,0,None,0.25
17450,Bangalore,Karnataka,13.134091,77.573526,2024-06-29,5:00,5,Saturday,1,rural,5,0,clear,high,34,medium,distraction,minor,3,2,0,None,0.1
17457,Bangalore,Karnataka,13.18599,77.420571,2022-03-19,17:00,17,Saturday,1,rural,1,0,fog,low,36,high,poor road,major,5,3,1,None,0.8
17473,Bangalore,Karnataka,13.034933,77.463068,2022-09-06,10:00,10,Tuesday,0,highway,6,0,fog,low,28,medium,overspeeding,major,5,0,1,None,0.6
17479,Bangalore,Karnataka,13.054968,77.402146,2024-05-14,23:00,23,Tuesday,0,rural,3,1,clear,high,30,low,overspeeding,minor,5,4,0,None,0.1
17491,Bangalore,Karnataka,13.112555,77.716873,2023-11-02,10:00,10,Thursday,0,highway,1,1,rain,low,29,medium,overspeeding,major,3,0,1,None,0.6
17499,Bangalore,Karnataka,13.014632,77.449247,2023-12-14,14:00,14,Thursday,0,rural,1,1,rain,low,25,low,distraction,minor,5,5,0,None,0.45
17527,Bangalore,Karnataka,13.189014,77.425151,2023-11-15,2:00,2,Wednesday,0,rural,5,1,rain,medium,38,low,weather,minor,1,1,0,None,0.25
17543,Bangalore,Karnataka,13.073824,77.578904,2025-03-15,14:00,14,Saturday,1,rural,4,1,fog,low,21,low,distraction,major,2,2,0,None,0.45
17546,Bangalore,Karnataka,13.06824,77.636279,2023-10-14,0:00,0,Saturday,1,urban,4,0,rain,low,38,low,drunk driving,major,4,1,0,None,0.45
17547,Bangalore,Karnataka,13.085461,77.430762,2023-03-02,23:00,23,Thursday,0,highway,2,0,clear,high,18,high,drunk driving,minor,3,0,0,None,0.3
17555,Bangalore,Karnataka,12.864884,77.425973,2023-02-20,7:00,7,Monday,0,highway,4,0,rain,medium,40,low,overspeeding,fatal,2,2,0,None,0.45
17557,Bangalore,Karnataka,12.830058,77.601549,2024-04-28,11:00,11,Sunday,1,urban,5,0,rain,low,18,high,poor road,minor,4,2,0,None,0.65
17566,Bangalore,Karnataka,13.174788,77.423843,2025-03-09,1:00,1,Sunday,1,urban,5,0,clear,high,29,high,overspeeding,fatal,3,3,0,None,0.5
17570,Bangalore,Karnataka,13.085193,77.725643,2023-09-06,14:00,14,Wednesday,0,urban,5,1,clear,high,40,low,poor road,fatal,4,4,0,None,0.3
17572,Bangalore,Karnataka,13.040193,77.495753,2023-01-10,11:00,11,Tuesday,0,rural,4,0,rain,medium,22,high,overspeeding,fatal,1,1,0,None,0.65
17574,Bangalore,Karnataka,13.143725,77.615967,2025-02-17,15:00,15,Monday,0,rural,6,1,clear,high,17,high,distraction,fatal,1,1,0,None,0.5
17578,Bangalore,Karnataka,13.051954,77.400338,2023-12-07,3:00,3,Thursday,0,urban,5,1,clear,high,22,low,distraction,minor,2,1,0,None,0.1
17579,Bangalore,Karnataka,13.170198,77.657694,2023-08-31,5:00,5,Thursday,0,urban,1,1,fog,low,40,low,poor road,minor,1,1,0,None,0.45
17580,Bangalore,Karnataka,12.896868,77.519123,2023-09-15,15:00,15,Friday,0,rural,4,0,clear,high,15,low,overspeeding,major,3,2,0,None,0.1
17584,Bangalore,Karnataka,13.069775,77.714248,2023-03-05,8:00,8,Sunday,1,highway,5,1,rain,low,19,high,weather,minor,3,1,1,None,0.8
17589,Bangalore,Karnataka,12.983095,77.585461,2025-03-29,4:00,4,Saturday,1,highway,5,0,clear,high,24,low,weather,minor,3,1,0,None,0.1
17608,Bangalore,Karnataka,13.11812,77.420425,2023-03-21,2:00,2,Tuesday,0,urban,6,0,rain,low,35,high,overspeeding,minor,3,3,0,None,0.65
17626,Bangalore,Karnataka,12.867683,77.703136,2022-09-16,4:00,4,Friday,0,rural,5,0,clear,high,40,medium,drunk driving,minor,1,1,0,None,0.1
17636,Bangalore,Karnataka,12.968878,77.608569,2022-03-15,11:00,11,Tuesday,0,rural,1,1,fog,low,15,medium,distraction,minor,5,2,0,None,0.45
17675,Bangalore,Karnataka,12.981526,77.669766,2023-08-13,10:00,10,Sunday,1,urban,4,1,clear,high,15,medium,drunk driving,minor,1,1,1,None,0.25
17681,Bangalore,Karnataka,12.843682,77.791323,2024-09-24,7:00,7,Tuesday,0,urban,6,0,fog,low,18,low,distraction,major,3,3,0,None,0.45
17689,Bangalore,Karnataka,13.180498,77.71948,2023-09-26,6:00,6,Tuesday,0,rural,6,0,fog,low,22,medium,drunk driving,major,3,1,0,None,0.45
17692,Bangalore,Karnataka,13.089759,77.547267,2022-08-25,10:00,10,Thursday,0,rural,3,1,clear,high,16,medium,overspeeding,minor,5,2,1,None,0.25
17698,Bangalore,Karnataka,13.011922,77.495722,2024-11-09,6:00,6,Saturday,1,urban,2,1,fog,low,22,high,weather,major,1,0,0,None,0.65
17702,Bangalore,Karnataka,13.144404,77.456143,2023-06-21,22:00,22,Wednesday,0,rural,6,0,rain,low,27,high,weather,minor,3,2,0,None,0.65
17730,Bangalore,Karnataka,12.814293,77.494058,2022-03-14,11:00,11,Monday,0,highway,1,1,fog,low,15,low,weather,fatal,3,3,0,None,0.65
17732,Bangalore,Karnataka,12.843517,77.492327,2022-02-20,22:00,22,Sunday,1,urban,1,0,fog,low,21,high,drunk driving,fatal,2,2,0,None,0.85
17733,Bangalore,Karnataka,12.819486,77.657402,2024-10-13,18:00,18,Sunday,1,urban,1,1,fog,low,25,medium,overspeeding,fatal,3,3,1,None,0.8
17734,Bangalore,Karnataka,13.102613,77.420349,2024-09-12,12:00,12,Thursday,0,rural,6,1,fog,low,36,high,poor road,minor,4,0,0,None,0.65
17742,Bangalore,Karnataka,12.992033,77.797617,2022-08-08,8:00,8,Monday,0,highway,3,0,clear,high,36,high,poor road,minor,3,0,1,None,0.45
17773,Bangalore,Karnataka,12.988537,77.50514,2024-08-15,18:00,18,Thursday,0,highway,4,1,clear,high,30,high,weather,major,3,1,1,None,0.45
17774,Bangalore,Karnataka,12.805279,77.646994,2022-12-09,1:00,1,Friday,0,rural,5,0,rain,low,25,low,distraction,minor,1,1,0,None,0.45
17776,Bangalore,Karnataka,13.086318,77.524819,2022-06-13,4:00,4,Monday,0,highway,6,0,rain,low,17,low,overspeeding,fatal,5,5,0,None,0.65
17779,Bangalore,Karnataka,12.884453,77.425355,2024-11-23,13:00,13,Saturday,1,rural,3,1,rain,medium,35,medium,poor road,minor,5,3,0,None,0.25
17786,Bangalore,Karnataka,12.909706,77.742803,2022-03-16,20:00,20,Wednesday,0,urban,3,0,fog,low,19,low,distraction,major,5,2,0,None,0.45
17788,Bangalore,Karnataka,13.122396,77.655227,2025-03-30,8:00,8,Sunday,1,rural,4,0,rain,medium,34,medium,drunk driving,major,1,0,1,None,0.4
17790,Bangalore,Karnataka,13.00359,77.409843,2022-10-16,20:00,20,Sunday,1,highway,4,0,clear,high,35,high,distraction,major,4,3,0,None,0.3
17798,Bangalore,Karnataka,12.945192,77.417419,2023-05-25,2:00,2,Thursday,0,urban,1,1,clear,high,33,low,drunk driving,minor,1,0,0,None,0.1
17805,Bangalore,Karnataka,13.003627,77.772444,2023-06-14,22:00,22,Wednesday,0,rural,5,1,clear,high,39,medium,poor road,fatal,3,3,0,None,0.3
17809,Bangalore,Karnataka,13.037437,77.718504,2024-09-06,20:00,20,Friday,0,rural,4,1,clear,high,34,low,drunk driving,minor,2,0,0,None,0.1
17811,Bangalore,Karnataka,12.863732,77.756044,2023-12-27,15:00,15,Wednesday,0,highway,2,1,rain,medium,31,high,overspeeding,fatal,5,5,0,None,0.65
17819,Bangalore,Karnataka,13.058765,77.782344,2024-08-07,10:00,10,Wednesday,0,urban,2,0,clear,high,33,medium,weather,minor,4,1,1,None,0.25
17831,Bangalore,Karnataka,13.010562,77.48511,2023-12-28,10:00,10,Thursday,0,highway,5,0,fog,low,37,low,distraction,minor,1,0,1,None,0.6
17837,Bangalore,Karnataka,12.92313,77.537207,2022-06-25,21:00,21,Saturday,1,urban,1,1,fog,low,29,low,distraction,major,1,1,0,None,0.45
17839,Bangalore,Karnataka,12.878287,77.423376,2024-03-22,2:00,2,Friday,0,rural,5,1,rain,medium,27,low,overspeeding,major,5,4,0,None,0.25
17840,Bangalore,Karnataka,12.899418,77.512031,2022-08-01,6:00,6,Monday,0,rural,4,1,rain,low,27,low,poor road,major,1,1,0,None,0.45
17841,Bangalore,Karnataka,13.112282,77.712571,2023-03-17,15:00,15,Friday,0,highway,3,0,rain,low,33,medium,distraction,minor,5,2,0,None,0.45
17852,Bangalore,Karnataka,13.095977,77.435188,2023-05-05,20:00,20,Friday,0,highway,6,1,rain,medium,25,high,overspeeding,minor,5,0,0,None,0.45
17855,Bangalore,Karnataka,12.916582,77.454734,2025-03-29,17:00,17,Saturday,1,urban,2,1,rain,medium,31,high,weather,minor,1,1,1,None,0.6
17863,Bangalore,Karnataka,12.843954,77.652384,2022-08-30,0:00,0,Tuesday,0,rural,1,1,rain,low,31,low,weather,minor,2,1,0,None,0.45
17864,Bangalore,Karnataka,12.88566,77.750284,2024-03-01,16:00,16,Friday,0,highway,2,0,fog,low,17,low,drunk driving,minor,5,5,0,None,0.45
17868,Bangalore,Karnataka,12.811604,77.749729,2022-01-13,7:00,7,Thursday,0,urban,5,0,clear,high,35,medium,drunk driving,minor,4,0,0,None,0.1
17878,Bangalore,Karnataka,13.002071,77.729742,2024-03-14,5:00,5,Thursday,0,urban,2,0,fog,low,36,high,poor road,major,1,0,0,None,0.65
17892,Bangalore,Karnataka,12.996187,77.643538,2023-02-21,11:00,11,Tuesday,0,rural,6,1,clear,high,35,high,overspeeding,major,4,3,0,None,0.3
17898,Bangalore,Karnataka,12.938204,77.650483,2023-01-10,23:00,23,Tuesday,0,urban,1,0,fog,low,28,high,overspeeding,minor,1,0,0,None,0.65
17899,Bangalore,Karnataka,13.081517,77.467896,2024-08-14,22:00,22,Wednesday,0,urban,5,1,fog,low,23,high,overspeeding,minor,2,2,0,None,0.65
17900,Bangalore,Karnataka,12.859963,77.619504,2022-02-20,2:00,2,Sunday,1,rural,6,0,rain,medium,26,medium,distraction,major,1,1,0,None,0.25
17904,Bangalore,Karnataka,13.189741,77.576468,2024-03-29,22:00,22,Friday,0,rural,4,0,fog,low,15,high,overspeeding,major,3,1,0,None,0.65
17905,Bangalore,Karnataka,12.88246,77.489093,2023-03-06,11:00,11,Monday,0,urban,6,0,clear,high,27,medium,distraction,minor,5,0,0,None,0.1
17907,Bangalore,Karnataka,13.078133,77.609239,2023-10-24,23:00,23,Tuesday,0,urban,2,0,clear,high,19,high,weather,major,5,3,0,None,0.3
17922,Bangalore,Karnataka,12.802564,77.688558,2022-03-12,22:00,22,Saturday,1,rural,6,1,fog,low,26,high,overspeeding,fatal,2,2,0,None,0.85
17923,Bangalore,Karnataka,12.927943,77.582554,2023-05-18,13:00,13,Thursday,0,highway,3,0,clear,high,28,high,weather,major,3,3,0,None,0.3
17935,Bangalore,Karnataka,13.167183,77.63524,2023-03-25,6:00,6,Saturday,1,rural,4,0,clear,high,34,medium,weather,minor,2,0,0,None,0.1
17946,Bangalore,Karnataka,13.13568,77.651175,2022-04-19,2:00,2,Tuesday,0,rural,4,1,clear,high,29,low,weather,major,2,0,0,None,0.1
17956,Bangalore,Karnataka,12.938764,77.55076,2023-10-15,20:00,20,Sunday,1,urban,5,1,fog,low,37,low,drunk driving,minor,2,0,0,None,0.45
17961,Bangalore,Karnataka,12.814038,77.548305,2023-05-24,0:00,0,Wednesday,0,highway,3,1,fog,low,23,low,poor road,minor,5,4,0,None,0.45
17972,Bangalore,Karnataka,12.917569,77.456231,2022-07-01,19:00,19,Friday,0,highway,6,0,clear,high,36,high,distraction,minor,4,4,1,None,0.45
17973,Bangalore,Karnataka,13.055571,77.507729,2022-12-29,5:00,5,Thursday,0,rural,3,0,rain,medium,18,high,drunk driving,minor,4,1,0,None,0.45
17979,Bangalore,Karnataka,13.149957,77.628009,2024-09-30,23:00,23,Monday,0,rural,2,1,fog,low,37,low,poor road,major,3,1,0,None,0.45
17993,Bangalore,Karnataka,12.990147,77.765618,2024-07-10,16:00,16,Wednesday,0,urban,6,0,clear,high,30,low,drunk driving,minor,3,3,0,None,0.1
18001,Bangalore,Karnataka,13.099154,77.528184,2024-12-10,2:00,2,Tuesday,0,highway,4,1,fog,low,35,low,drunk driving,major,3,1,0,None,0.45
18006,Bangalore,Karnataka,12.969474,77.774694,2024-10-25,7:00,7,Friday,0,highway,6,0,clear,high,20,low,poor road,minor,1,0,0,None,0.1
18027,Bangalore,Karnataka,13.039221,77.757122,2023-06-09,14:00,14,Friday,0,rural,4,0,clear,high,15,medium,distraction,minor,1,0,0,None,0.1
18031,Bangalore,Karnataka,12.905965,77.544567,2022-11-17,8:00,8,Thursday,0,rural,5,1,clear,high,34,high,weather,fatal,4,4,1,None,0.65
18035,Bangalore,Karnataka,13.173694,77.719452,2024-03-15,13:00,13,Friday,0,urban,1,0,fog,low,23,medium,poor road,major,1,1,0,None,0.45
18044,Bangalore,Karnataka,12.906871,77.546267,2024-09-14,4:00,4,Saturday,1,rural,6,0,clear,high,31,medium,poor road,minor,5,1,0,None,0.1
18045,Bangalore,Karnataka,13.013076,77.644076,2024-08-21,20:00,20,Wednesday,0,urban,1,0,clear,high,27,medium,poor road,minor,2,2,0,None,0.1
18048,Bangalore,Karnataka,13.018763,77.569147,2022-10-01,21:00,21,Saturday,1,rural,6,1,rain,low,20,medium,weather,fatal,3,3,0,None,0.65
18049,Bangalore,Karnataka,13.149742,77.550978,2022-04-05,14:00,14,Tuesday,0,highway,4,1,fog,low,28,low,poor road,major,1,1,0,None,0.45
18053,Bangalore,Karnataka,13.023071,77.457527,2022-08-24,23:00,23,Wednesday,0,rural,3,0,rain,low,38,low,overspeeding,major,2,2,0,None,0.45
18062,Bangalore,Karnataka,13.068077,77.418328,2022-09-19,18:00,18,Monday,0,urban,1,0,fog,low,18,high,overspeeding,major,5,3,1,None,0.8
18067,Bangalore,Karnataka,13.138388,77.573814,2024-02-27,4:00,4,Tuesday,0,urban,4,0,fog,low,38,low,weather,minor,1,1,0,None,0.45
18070,Bangalore,Karnataka,12.982883,77.485095,2023-09-14,18:00,18,Thursday,0,highway,5,0,rain,low,18,high,distraction,minor,4,1,1,None,0.8
18072,Bangalore,Karnataka,13.172392,77.427147,2024-07-27,0:00,0,Saturday,1,urban,2,1,clear,high,37,high,poor road,minor,2,1,0,None,0.3
18089,Bangalore,Karnataka,12.838357,77.408916,2023-02-28,19:00,19,Tuesday,0,rural,5,1,rain,medium,26,high,distraction,major,4,3,1,None,0.6
18095,Bangalore,Karnataka,12.963251,77.467824,2023-03-11,6:00,6,Saturday,1,rural,6,1,clear,high,20,low,overspeeding,major,4,1,0,None,0.1
18101,Bangalore,Karnataka,13.045042,77.638342,2024-07-06,22:00,22,Saturday,1,rural,3,0,clear,high,37,medium,weather,minor,4,2,0,None,0.1
18108,Bangalore,Karnataka,12.890346,77.465178,2023-10-18,19:00,19,Wednesday,0,rural,6,0,clear,high,15,medium,drunk driving,minor,1,1,1,None,0.25
18114,Bangalore,Karnataka,12.833715,77.76469,2023-10-22,3:00,3,Sunday,1,highway,3,1,rain,medium,19,low,weather,fatal,3,3,0,None,0.45
18119,Bangalore,Karnataka,13.025654,77.763804,2023-03-05,17:00,17,Sunday,1,highway,5,0,clear,high,18,high,overspeeding,fatal,4,4,1,None,0.65
18129,Bangalore,Karnataka,13.039368,77.400465,2022-11-03,16:00,16,Thursday,0,rural,3,1,fog,low,37,high,drunk driving,fatal,3,3,0,None,0.85
18138,Bangalore,Karnataka,12.854651,77.418006,2022-05-14,12:00,12,Saturday,1,highway,4,1,rain,medium,17,low,poor road,minor,3,0,0,None,0.25
18143,Bangalore,Karnataka,13.182288,77.448402,2024-10-01,23:00,23,Tuesday,0,rural,4,0,fog,low,22,high,overspeeding,major,2,0,0,None,0.65
18146,Bangalore,Karnataka,12.969922,77.4677,2025-02-18,0:00,0,Tuesday,0,urban,1,1,fog,low,22,medium,distraction,fatal,2,2,0,None,0.65
18154,Bangalore,Karnataka,13.011095,77.459923,2024-09-10,10:00,10,Tuesday,0,urban,3,1,clear,high,32,low,poor road,major,3,2,1,None,0.25
18156,Bangalore,Karnataka,12.910218,77.628828,2023-09-11,7:00,7,Monday,0,rural,4,1,rain,medium,33,medium,poor road,major,3,3,0,None,0.25
18162,Bangalore,Karnataka,12.872485,77.71918,2022-03-28,11:00,11,Monday,0,highway,5,0,rain,medium,22,low,weather,minor,4,1,0,None,0.25
18167,Bangalore,Karnataka,12.828516,77.442987,2024-08-14,4:00,4,Wednesday,0,highway,4,0,fog,low,25,low,poor road,minor,1,0,0,None,0.45
18169,Bangalore,Karnataka,13.056383,77.423361,2022-08-28,22:00,22,Sunday,1,urban,4,0,clear,high,39,high,drunk driving,minor,2,1,0,None,0.3
18170,Bangalore,Karnataka,12.834079,77.537094,2023-11-01,23:00,23,Wednesday,0,rural,6,1,rain,medium,23,high,drunk driving,minor,5,2,0,None,0.45
18172,Bangalore,Karnataka,13.079666,77.598278,2022-06-28,16:00,16,Tuesday,0,highway,6,1,clear,high,36,high,drunk driving,major,4,3,0,None,0.3
18179,Bangalore,Karnataka,13.006189,77.672727,2022-07-02,20:00,20,Saturday,1,highway,5,1,clear,high,40,low,overspeeding,fatal,2,2,0,None,0.3
18183,Bangalore,Karnataka,12.969443,77.580881,2022-10-09,12:00,12,Sunday,1,rural,2,1,fog,low,40,high,drunk driving,fatal,5,5,0,None,0.85
18191,Bangalore,Karnataka,13.019044,77.556601,2024-08-20,22:00,22,Tuesday,0,highway,6,1,fog,low,26,high,poor road,fatal,2,2,0,None,0.85
18193,Bangalore,Karnataka,13.033245,77.723003,2024-03-24,23:00,23,Sunday,1,highway,6,1,fog,low,30,high,distraction,minor,2,2,0,None,0.65
18200,Bangalore,Karnataka,13.016299,77.491709,2024-05-12,12:00,12,Sunday,1,urban,2,0,clear,high,35,high,overspeeding,minor,5,2,0,None,0.3
18205,Bangalore,Karnataka,12.920965,77.487384,2023-11-13,6:00,6,Monday,0,urban,5,1,clear,high,24,low,weather,major,3,3,0,None,0.1
18207,Bangalore,Karnataka,13.14406,77.792284,2024-01-25,12:00,12,Thursday,0,urban,5,0,rain,low,22,high,drunk driving,major,3,2,0,None,0.65
18208,Bangalore,Karnataka,12.88323,77.691636,2022-11-04,17:00,17,Friday,0,highway,5,0,rain,low,31,high,weather,fatal,4,4,1,None,1.0
18210,Bangalore,Karnataka,13.127474,77.497172,2025-02-20,20:00,20,Thursday,0,rural,4,1,clear,high,23,high,poor road,minor,3,2,0,None,0.3
18211,Bangalore,Karnataka,12.887607,77.651106,2023-05-25,8:00,8,Thursday,0,rural,1,1,rain,medium,28,medium,drunk driving,minor,5,3,1,None,0.4
18214,Bangalore,Karnataka,12.871003,77.662159,2023-08-17,4:00,4,Thursday,0,urban,6,0,clear,high,16,medium,distraction,minor,1,0,0,None,0.1
18215,Bangalore,Karnataka,13.109362,77.439909,2025-02-21,18:00,18,Friday,0,rural,5,1,fog,low,35,high,drunk driving,minor,1,1,1,None,0.8
18218,Bangalore,Karnataka,12.995322,77.794257,2025-02-09,0:00,0,Sunday,1,highway,4,0,fog,low,26,low,drunk driving,fatal,1,1,0,None,0.65
18219,Bangalore,Karnataka,12.963016,77.635682,2025-01-09,15:00,15,Thursday,0,urban,2,0,rain,medium,27,low,poor road,major,4,4,0,None,0.25
18232,Bangalore,Karnataka,13.053407,77.661459,2022-03-28,5:00,5,Monday,0,highway,4,0,rain,medium,30,medium,drunk driving,minor,5,4,0,None,0.25
18243,Bangalore,Karnataka,13.185483,77.452923,2023-02-25,3:00,3,Saturday,1,urban,1,1,rain,low,34,medium,poor road,fatal,2,2,0,None,0.65
18250,Bangalore,Karnataka,12.934796,77.678261,2023-02-21,2:00,2,Tuesday,0,rural,2,0,fog,low,31,low,overspeeding,major,2,1,0,None,0.45
18251,Bangalore,Karnataka,12.88451,77.647694,2023-09-05,9:00,9,Tuesday,0,rural,3,1,fog,low,31,high,weather,minor,1,0,1,None,0.8
18255,Bangalore,Karnataka,13.058114,77.717358,2022-06-09,17:00,17,Thursday,0,urban,6,1,fog,low,16,high,overspeeding,minor,5,5,1,None,0.8
18259,Bangalore,Karnataka,13.1206,77.538802,2024-12-23,22:00,22,Monday,0,highway,4,0,fog,low,15,low,drunk driving,minor,2,1,0,None,0.45
18268,Bangalore,Karnataka,13.130558,77.539625,2024-12-11,21:00,21,Wednesday,0,rural,1,0,rain,medium,34,low,drunk driving,minor,5,0,0,None,0.25
18287,Bangalore,Karnataka,12.827821,77.750673,2025-02-26,6:00,6,Wednesday,0,highway,1,1,rain,low,17,medium,distraction,minor,3,2,0,None,0.45
18300,Bangalore,Karnataka,13.075142,77.520819,2022-02-20,23:00,23,Sunday,1,urban,6,0,rain,medium,27,low,distraction,minor,2,0,0,None,0.25
18301,Bangalore,Karnataka,13.094843,77.535572,2023-11-10,5:00,5,Friday,0,highway,2,0,rain,low,32,medium,drunk driving,fatal,2,2,0,None,0.65
18333,Bangalore,Karnataka,12.871485,77.627751,2024-02-22,19:00,19,Thursday,0,urban,6,1,clear,high,31,high,poor road,minor,3,3,1,None,0.45
18335,Bangalore,Karnataka,12.940554,77.565581,2023-02-17,5:00,5,Friday,0,urban,4,1,fog,low,24,low,weather,major,3,3,0,None,0.45
18343,Bangalore,Karnataka,13.049441,77.530571,2022-08-15,19:00,19,Monday,0,rural,3,0,clear,high,24,high,overspeeding,minor,4,2,1,None,0.45
18346,Bangalore,Karnataka,13.025825,77.7798,2024-06-10,23:00,23,Monday,0,highway,1,1,rain,low,31,medium,poor road,fatal,2,2,0,None,0.65
18348,Bangalore,Karnataka,12.992256,77.795579,2022-10-23,3:00,3,Sunday,1,rural,2,1,clear,high,36,low,distraction,minor,3,3,0,None,0.1
18355,Bangalore,Karnataka,12.983187,77.468068,2024-02-01,18:00,18,Thursday,0,urban,2,1,fog,low,18,high,distraction,fatal,1,1,1,None,1.0
18357,Bangalore,Karnataka,12.972734,77.629229,2022-06-16,17:00,17,Thursday,0,urban,6,1,clear,high,20,medium,overspeeding,major,2,1,1,None,0.25
18358,Bangalore,Karnataka,12.837493,77.546639,2024-10-30,7:00,7,Wednesday,0,rural,4,1,rain,medium,23,low,overspeeding,major,2,1,0,None,0.25
18369,Bangalore,Karnataka,12.861789,77.624665,2023-04-05,4:00,4,Wednesday,0,urban,5,0,fog,low,27,low,drunk driving,fatal,5,5,0,None,0.65
18378,Bangalore,Karnataka,12.99477,77.62116,2023-06-05,16:00,16,Monday,0,urban,2,0,rain,medium,17,high,overspeeding,minor,1,0,0,None,0.45
18384,Bangalore,Karnataka,12.946359,77.517224,2022-03-28,9:00,9,Monday,0,urban,2,0,clear,high,20,high,drunk driving,fatal,2,2,1,None,0.65
18388,Bangalore,Karnataka,12.825043,77.511859,2023-12-01,2:00,2,Friday,0,urban,4,0,clear,high,16,medium,weather,minor,3,0,0,None,0.1
18393,Bangalore,Karnataka,12.877922,77.600708,2024-09-14,0:00,0,Saturday,1,rural,1,0,rain,medium,26,low,drunk driving,fatal,5,5,0,None,0.45
18402,Bangalore,Karnataka,12.850597,77.467162,2022-01-28,11:00,11,Friday,0,highway,2,0,rain,low,31,high,distraction,fatal,5,5,0,None,0.85
18419,Bangalore,Karnataka,12.880893,77.68177,2024-12-03,3:00,3,Tuesday,0,highway,5,0,fog,low,30,low,drunk driving,minor,3,2,0,None,0.45
18428,Bangalore,Karnataka,13.013916,77.458542,2022-10-04,23:00,23,Tuesday,0,highway,1,1,clear,high,19,high,distraction,minor,3,0,0,None,0.3
18438,Bangalore,Karnataka,13.123983,77.79309,2023-04-01,22:00,22,Saturday,1,rural,2,0,rain,low,37,high,weather,minor,4,4,0,None,0.65
18448,Bangalore,Karnataka,13.094364,77.638122,2023-07-22,7:00,7,Saturday,1,urban,5,0,fog,low,27,low,poor road,minor,4,1,0,None,0.45
18457,Bangalore,Karnataka,12.865987,77.582023,2022-12-18,1:00,1,Sunday,1,highway,6,0,clear,high,38,low,drunk driving,minor,5,3,0,None,0.1
18459,Bangalore,Karnataka,12.845384,77.5897,2022-09-15,16:00,16,Thursday,0,rural,6,0,rain,medium,15,high,drunk driving,minor,5,3,0,None,0.45
18478,Bangalore,Karnataka,13.145682,77.507665,2025-01-09,15:00,15,Thursday,0,highway,6,0,clear,high,32,medium,weather,major,1,1,0,None,0.1
18488,Bangalore,Karnataka,13.11496,77.51761,2022-12-03,4:00,4,Saturday,1,urban,1,0,rain,medium,22,low,distraction,minor,3,1,0,None,0.25
18498,Bangalore,Karnataka,13.004589,77.732474,2024-03-25,14:00,14,Monday,0,rural,5,1,rain,medium,24,medium,distraction,minor,3,0,0,Holi,0.35
18506,Bangalore,Karnataka,13.131214,77.691057,2022-05-24,18:00,18,Tuesday,0,rural,6,1,rain,medium,34,medium,weather,fatal,4,4,1,None,0.6
18507,Bangalore,Karnataka,13.070569,77.712212,2022-12-08,23:00,23,Thursday,0,highway,6,0,fog,low,37,low,poor road,fatal,1,1,0,None,0.65
18527,Bangalore,Karnataka,12.916589,77.611366,2023-04-17,8:00,8,Monday,0,urban,3,1,clear,high,27,high,weather,minor,1,0,1,None,0.45
18537,Bangalore,Karnataka,13.175284,77.44073,2023-11-09,20:00,20,Thursday,0,highway,3,1,fog,low,26,medium,drunk driving,major,4,3,0,None,0.45
18540,Bangalore,Karnataka,13.099063,77.581483,2024-05-07,1:00,1,Tuesday,0,urban,2,1,clear,high,31,medium,drunk driving,major,5,2,0,None,0.1
18543,Bangalore,Karnataka,13.022742,77.439987,2024-05-25,5:00,5,Saturday,1,urban,1,1,rain,low,15,medium,poor road,minor,5,2,0,None,0.45
18547,Bangalore,Karnataka,13.081013,77.691061,2025-03-09,5:00,5,Sunday,1,highway,5,1,rain,low,30,medium,weather,major,4,4,0,None,0.45
18550,Bangalore,Karnataka,12.936977,77.760313,2022-11-24,20:00,20,Thursday,0,urban,1,0,clear,high,25,low,drunk driving,fatal,3,3,0,None,0.3
18579,Bangalore,Karnataka,13.123043,77.405311,2023-10-17,4:00,4,Tuesday,0,highway,5,1,fog,low,19,low,overspeeding,minor,5,2,0,None,0.45
18583,Bangalore,Karnataka,12.966623,77.574153,2023-06-26,18:00,18,Monday,0,highway,4,0,rain,medium,28,high,poor road,fatal,1,1,1,None,0.8
18586,Bangalore,Karnataka,13.132093,77.756809,2025-04-07,17:00,17,Monday,0,rural,2,1,fog,low,22,high,weather,minor,5,4,1,None,0.8
18591,Bangalore,Karnataka,12.973559,77.634704,2024-10-10,21:00,21,Thursday,0,highway,4,0,clear,high,24,low,weather,major,3,2,0,None,0.1
18593,Bangalore,Karnataka,12.907832,77.503517,2024-04-04,22:00,22,Thursday,0,highway,6,0,clear,high,18,high,poor road,fatal,5,5,0,None,0.5
18597,Bangalore,Karnataka,12.804541,77.70231,2023-05-06,11:00,11,Saturday,1,rural,2,1,rain,medium,19,low,distraction,fatal,3,3,0,None,0.45
18606,Bangalore,Karnataka,12.890595,77.619169,2024-09-04,14:00,14,Wednesday,0,highway,6,0,rain,medium,26,medium,overspeeding,minor,2,2,0,None,0.25
18627,Bangalore,Karnataka,13.117092,77.457393,2022-05-10,23:00,23,Tuesday,0,rural,2,0,rain,medium,23,low,distraction,minor,1,0,0,None,0.25
18629,Bangalore,Karnataka,12.851297,77.557067,2022-04-27,6:00,6,Wednesday,0,highway,2,0,rain,medium,38,low,poor road,major,3,3,0,None,0.25
18644,Bangalore,Karnataka,13.14366,77.438288,2024-11-22,15:00,15,Friday,0,rural,5,0,clear,high,33,high,poor road,major,4,0,0,None,0.3
18650,Bangalore,Karnataka,12.937034,77.628371,2025-03-26,22:00,22,Wednesday,0,urban,6,1,clear,high,21,low,poor road,major,3,3,0,None,0.1
18651,Bangalore,Karnataka,13.060539,77.709391,2022-06-03,23:00,23,Friday,0,urban,1,1,clear,high,29,high,overspeeding,minor,2,1,0,None,0.3
18663,Bangalore,Karnataka,13.087236,77.686133,2023-03-23,13:00,13,Thursday,0,rural,3,0,rain,low,33,high,drunk driving,minor,4,2,0,None,0.65
18664,Bangalore,Karnataka,12.810302,77.466628,2024-11-27,0:00,0,Wednesday,0,highway,1,1,clear,high,22,high,distraction,minor,2,0,0,None,0.3
18672,Bangalore,Karnataka,13.187764,77.409338,2024-06-20,13:00,13,Thursday,0,rural,4,1,clear,high,20,high,distraction,major,4,4,0,None,0.3
18674,Bangalore,Karnataka,13.093159,77.4926,2024-05-13,18:00,18,Monday,0,highway,1,1,fog,low,36,high,distraction,minor,2,0,1,None,0.8
18686,Bangalore,Karnataka,12.810895,77.606079,2023-06-15,3:00,3,Thursday,0,highway,6,0,clear,high,30,medium,drunk driving,minor,2,1,0,None,0.1
18687,Bangalore,Karnataka,13.046573,77.676116,2024-06-05,0:00,0,Wednesday,0,rural,3,0,rain,low,37,medium,distraction,minor,3,0,0,None,0.45
18698,Bangalore,Karnataka,13.096361,77.781449,2023-01-13,14:00,14,Friday,0,highway,6,1,clear,high,39,high,distraction,minor,4,3,0,None,0.3
18701,Bangalore,Karnataka,13.121928,77.448417,2023-02-26,11:00,11,Sunday,1,highway,1,0,fog,low,28,low,distraction,minor,1,1,0,None,0.45
18705,Bangalore,Karnataka,13.150298,77.532545,2022-10-12,7:00,7,Wednesday,0,rural,4,0,fog,low,18,high,weather,major,3,0,0,None,0.65
18723,Bangalore,Karnataka,13.094126,77.520518,2023-12-07,7:00,7,Thursday,0,highway,1,0,rain,medium,15,low,distraction,major,3,2,0,None,0.25
18734,Bangalore,Karnataka,13.135184,77.536437,2024-01-05,11:00,11,Friday,0,rural,1,0,rain,medium,21,medium,overspeeding,fatal,2,2,0,None,0.45
18736,Bangalore,Karnataka,12.960661,77.65466,2025-01-09,6:00,6,Thursday,0,urban,6,0,rain,medium,36,high,weather,minor,5,4,0,None,0.45
18737,Bangalore,Karnataka,13.02714,77.417138,2024-05-25,12:00,12,Saturday,1,urban,1,1,clear,high,23,low,distraction,major,1,0,0,None,0.1
18741,Bangalore,Karnataka,12.874519,77.535399,2022-04-06,19:00,19,Wednesday,0,rural,2,1,fog,low,28,low,distraction,minor,1,1,1,None,0.6
18743,Bangalore,Karnataka,13.152339,77.726169,2022-12-17,18:00,18,Saturday,1,rural,3,0,fog,low,15,medium,drunk driving,fatal,2,2,1,None,0.8
18754,Bangalore,Karnataka,13.172009,77.452218,2023-09-29,18:00,18,Friday,0,rural,3,1,clear,high,30,medium,poor road,major,5,5,1,None,0.25
18758,Bangalore,Karnataka,13.036624,77.490656,2022-09-07,21:00,21,Wednesday,0,rural,5,1,fog,low,38,medium,weather,minor,2,2,0,None,0.45
18763,Bangalore,Karnataka,12.873917,77.502332,2024-01-11,12:00,12,Thursday,0,highway,5,1,clear,high,17,high,drunk driving,major,3,3,0,None,0.3
18768,Bangalore,Karnataka,12.95262,77.687773,2022-04-24,14:00,14,Sunday,1,urban,3,1,fog,low,27,low,drunk driving,major,3,2,0,None,0.45
18784,Bangalore,Karnataka,12.974246,77.576387,2024-10-26,23:00,23,Saturday,1,highway,2,0,clear,high,24,high,weather,fatal,1,1,0,None,0.5
18792,Bangalore,Karnataka,13.060604,77.430773,2023-01-01,8:00,8,Sunday,1,rural,1,0,rain,low,28,high,overspeeding,minor,5,0,1,New Year,0.9
18800,Bangalore,Karnataka,12.996804,77.643339,2024-02-10,5:00,5,Saturday,1,rural,4,1,clear,high,24,medium,distraction,minor,1,0,0,None,0.1
18809,Bangalore,Karnataka,13.116263,77.516232,2022-10-22,13:00,13,Saturday,1,urban,5,1,rain,medium,39,high,drunk driving,major,3,3,0,None,0.45
18810,Bangalore,Karnataka,12.950679,77.580101,2022-11-10,8:00,8,Thursday,0,highway,5,1,rain,low,31,high,distraction,minor,4,4,1,None,0.8
18820,Bangalore,Karnataka,12.843798,77.731187,2025-01-14,1:00,1,Tuesday,0,rural,6,1,clear,high,27,high,weather,minor,4,0,0,None,0.3
18834,Bangalore,Karnataka,13.171997,77.57271,2024-07-28,11:00,11,Sunday,1,rural,4,1,clear,high,31,high,weather,minor,3,0,0,None,0.3
18840,Bangalore,Karnataka,12.854305,77.512194,2025-01-10,23:00,23,Friday,0,rural,1,0,fog,low,15,low,poor road,major,3,3,0,None,0.45
18861,Bangalore,Karnataka,13.151067,77.418239,2023-11-24,9:00,9,Friday,0,highway,2,0,rain,medium,36,high,overspeeding,major,3,1,1,None,0.6
18862,Bangalore,Karnataka,13.07048,77.749522,2024-06-15,12:00,12,Saturday,1,urban,1,1,clear,high,21,low,overspeeding,minor,5,0,0,None,0.1
18879,Bangalore,Karnataka,13.078483,77.640065,2022-03-16,7:00,7,Wednesday,0,rural,3,0,clear,high,39,high,overspeeding,minor,3,2,0,None,0.3
18897,Bangalore,Karnataka,12.809833,77.520706,2024-03-15,20:00,20,Friday,0,highway,1,0,clear,high,23,medium,distraction,minor,1,0,0,None,0.1
18901,Bangalore,Karnataka,13.152333,77.568744,2023-10-04,7:00,7,Wednesday,0,highway,3,0,clear,high,27,high,poor road,minor,1,1,0,None,0.3
18919,Bangalore,Karnataka,12.845282,77.421346,2024-06-26,9:00,9,Wednesday,0,urban,2,1,fog,low,17,low,drunk driving,minor,4,0,1,None,0.6
18940,Bangalore,Karnataka,12.849895,77.656348,2022-07-12,3:00,3,Tuesday,0,highway,4,1,rain,medium,23,low,distraction,fatal,4,4,0,None,0.45
18945,Bangalore,Karnataka,13.194975,77.440782,2024-04-07,7:00,7,Sunday,1,highway,1,0,fog,low,20,high,distraction,minor,1,0,0,None,0.65
18946,Bangalore,Karnataka,13.124212,77.642121,2023-12-27,5:00,5,Wednesday,0,urban,3,0,fog,low,34,low,weather,major,2,2,0,None,0.45
18962,Bangalore,Karnataka,13.117275,77.78224,2024-01-19,14:00,14,Friday,0,urban,3,0,rain,low,29,low,drunk driving,minor,2,2,0,None,0.45
18964,Bangalore,Karnataka,13.051802,77.658287,2023-03-19,6:00,6,Sunday,1,rural,6,1,fog,low,27,high,poor road,major,4,2,0,None,0.65
18965,Bangalore,Karnataka,13.174049,77.511483,2022-09-02,20:00,20,Friday,0,rural,6,1,clear,high,19,high,distraction,minor,1,1,0,None,0.3
18972,Bangalore,Karnataka,12.920426,77.425243,2022-07-30,5:00,5,Saturday,1,urban,2,1,fog,low,34,medium,drunk driving,minor,4,0,0,None,0.45
18988,Bangalore,Karnataka,12.927944,77.41762,2023-07-10,0:00,0,Monday,0,highway,3,0,rain,medium,26,low,overspeeding,fatal,5,5,0,None,0.45
18989,Bangalore,Karnataka,13.00971,77.428146,2025-03-02,8:00,8,Sunday,1,urban,6,1,fog,low,36,low,weather,fatal,5,5,1,None,0.8
18994,Bangalore,Karnataka,12.987346,77.411912,2024-04-17,20:00,20,Wednesday,0,urban,4,0,clear,high,33,low,overspeeding,minor,1,0,0,None,0.1
19012,Bangalore,Karnataka,12.938022,77.751771,2022-01-08,3:00,3,Saturday,1,highway,6,1,rain,medium,22,low,overspeeding,major,3,1,0,None,0.25
19030,Bangalore,Karnataka,13.196851,77.696191,2022-04-05,10:00,10,Tuesday,0,rural,3,0,fog,low,34,medium,drunk driving,minor,2,1,1,None,0.6
19034,Bangalore,Karnataka,13.053201,77.528465,2024-10-24,19:00,19,Thursday,0,highway,1,1,fog,low,29,medium,distraction,major,4,2,1,None,0.6
19055,Bangalore,Karnataka,13.025103,77.46691,2024-03-08,18:00,18,Friday,0,rural,1,1,fog,low,38,medium,weather,major,4,4,1,None,0.6
19057,Bangalore,Karnataka,12.886138,77.570289,2024-12-14,1:00,1,Saturday,1,rural,3,0,fog,low,24,high,distraction,fatal,5,5,0,None,0.85
19058,Bangalore,Karnataka,12.939415,77.594521,2023-08-22,13:00,13,Tuesday,0,highway,1,0,rain,low,19,medium,overspeeding,major,5,4,0,None,0.45
19063,Bangalore,Karnataka,13.189935,77.709939,2023-06-30,10:00,10,Friday,0,rural,1,0,fog,low,17,high,drunk driving,minor,4,0,1,None,0.8
19077,Bangalore,Karnataka,12.869996,77.672495,2023-10-30,11:00,11,Monday,0,highway,5,0,clear,high,28,medium,distraction,minor,3,0,0,None,0.1
19089,Bangalore,Karnataka,13.177711,77.757373,2022-02-05,18:00,18,Saturday,1,highway,1,1,fog,low,25,high,distraction,fatal,4,4,1,None,1.0
19090,Bangalore,Karnataka,13.162526,77.720095,2022-10-07,5:00,5,Friday,0,urban,5,1,fog,low,24,medium,poor road,minor,2,1,0,None,0.45
19099,Bangalore,Karnataka,12.883815,77.5361,2025-02-03,6:00,6,Monday,0,rural,5,1,rain,medium,23,medium,distraction,major,2,0,0,None,0.25
19102,Bangalore,Karnataka,12.937659,77.64196,2023-05-12,12:00,12,Friday,0,rural,2,0,fog,low,27,low,drunk driving,major,2,1,0,None,0.45
19113,Bangalore,Karnataka,13.099959,77.633217,2025-03-04,17:00,17,Tuesday,0,highway,1,1,clear,high,40,medium,poor road,minor,4,3,1,None,0.25
19152,Bangalore,Karnataka,12.984881,77.457579,2024-07-08,16:00,16,Monday,0,highway,5,1,clear,high,21,low,distraction,minor,2,0,0,None,0.1
19167,Bangalore,Karnataka,13.095257,77.446023,2022-03-10,9:00,9,Thursday,0,urban,2,1,fog,low,36,low,weather,major,4,4,1,None,0.6
19177,Bangalore,Karnataka,13.130482,77.405525,2024-02-03,13:00,13,Saturday,1,rural,5,0,rain,medium,30,low,poor road,minor,2,0,0,None,0.25
19198,Bangalore,Karnataka,13.017067,77.570197,2024-10-21,0:00,0,Monday,0,highway,1,1,rain,low,15,low,drunk driving,minor,2,1,0,None,0.45
19202,Bangalore,Karnataka,13.084922,77.670219,2024-03-02,13:00,13,Saturday,1,highway,1,0,clear,high,31,medium,weather,major,2,0,0,None,0.1
19226,Bangalore,Karnataka,12.886761,77.561074,2024-07-13,14:00,14,Saturday,1,rural,3,1,clear,high,40,medium,distraction,major,3,2,0,None,0.1
19229,Bangalore,Karnataka,12.90588,77.42859,2023-09-07,9:00,9,Thursday,0,highway,6,1,clear,high,36,high,poor road,major,5,0,1,None,0.45
19236,Bangalore,Karnataka,13.19298,77.792989,2024-05-20,8:00,8,Monday,0,rural,6,0,rain,medium,23,high,weather,minor,4,2,1,None,0.6
19244,Bangalore,Karnataka,12.851349,77.726739,2022-12-05,23:00,23,Monday,0,urban,3,0,clear,high,33,medium,poor road,major,3,1,0,None,0.1
19255,Bangalore,Karnataka,12.83536,77.697288,2024-12-11,4:00,4,Wednesday,0,urban,5,0,rain,medium,23,low,poor road,minor,5,3,0,None,0.25
19260,Bangalore,Karnataka,13.130501,77.498906,2024-12-19,23:00,23,Thursday,0,urban,6,0,fog,low,37,high,overspeeding,minor,4,3,0,None,0.65
19270,Bangalore,Karnataka,13.15473,77.576112,2023-12-31,13:00,13,Sunday,1,highway,6,1,fog,low,23,high,distraction,major,3,0,0,None,0.65
19272,Bangalore,Karnataka,12.892967,77.433343,2025-01-24,13:00,13,Friday,0,highway,6,0,rain,medium,37,medium,overspeeding,major,2,2,0,None,0.25
19280,Bangalore,Karnataka,13.083822,77.706345,2024-09-28,6:00,6,Saturday,1,urban,6,0,clear,high,32,high,poor road,minor,1,0,0,None,0.3
19284,Bangalore,Karnataka,12.904768,77.478007,2023-08-26,4:00,4,Saturday,1,urban,2,1,clear,high,25,low,drunk driving,minor,4,2,0,None,0.1
19291,Bangalore,Karnataka,13.139923,77.434507,2023-12-04,1:00,1,Monday,0,rural,6,1,rain,medium,24,low,weather,minor,1,1,0,None,0.25
19295,Bangalore,Karnataka,12.971841,77.606551,2024-05-29,11:00,11,Wednesday,0,urban,3,1,rain,low,31,low,drunk driving,minor,4,0,0,None,0.45
19296,Bangalore,Karnataka,12.911496,77.763276,2023-11-18,14:00,14,Saturday,1,urban,3,1,fog,low,23,medium,distraction,minor,5,0,0,None,0.45
19306,Bangalore,Karnataka,13.093036,77.712279,2023-02-25,6:00,6,Saturday,1,highway,1,0,fog,low,15,medium,distraction,fatal,4,4,0,None,0.65
19339,Bangalore,Karnataka,12.803167,77.448441,2025-02-19,1:00,1,Wednesday,0,urban,3,0,rain,low,21,medium,distraction,major,5,3,0,None,0.45
19340,Bangalore,Karnataka,12.890226,77.500486,2023-12-16,16:00,16,Saturday,1,highway,1,0,clear,high,19,medium,weather,minor,1,1,0,None,0.1
19361,Bangalore,Karnataka,13.156537,77.585506,2024-04-21,23:00,23,Sunday,1,rural,5,1,clear,high,27,high,overspeeding,fatal,2,2,0,None,0.5
19364,Bangalore,Karnataka,13.196605,77.428605,2022-09-02,15:00,15,Friday,0,highway,4,1,clear,high,26,high,distraction,major,2,1,0,None,0.3
19365,Bangalore,Karnataka,12.803036,77.576827,2022-05-06,21:00,21,Friday,0,rural,6,1,fog,low,26,medium,overspeeding,minor,1,0,0,None,0.45
19368,Bangalore,Karnataka,12.943265,77.796738,2024-12-12,19:00,19,Thursday,0,urban,4,1,fog,low,26,high,poor road,fatal,1,1,1,None,1.0
19379,Bangalore,Karnataka,12.964103,77.670282,2023-05-20,15:00,15,Saturday,1,highway,2,0,clear,high,30,high,weather,fatal,4,4,0,None,0.5
19396,Bangalore,Karnataka,13.122088,77.676777,2023-08-07,22:00,22,Monday,0,urban,1,0,fog,low,24,medium,poor road,minor,4,0,0,None,0.45
19401,Bangalore,Karnataka,12.980806,77.526471,2022-04-23,21:00,21,Saturday,1,rural,1,1,rain,medium,27,medium,overspeeding,major,1,0,0,None,0.25
19408,Bangalore,Karnataka,12.833296,77.644868,2024-08-22,8:00,8,Thursday,0,urban,2,0,fog,low,21,high,distraction,major,5,0,1,None,0.8
19432,Bangalore,Karnataka,13.031662,77.612886,2024-06-07,21:00,21,Friday,0,rural,1,1,rain,medium,26,medium,poor road,minor,2,2,0,None,0.25
19440,Bangalore,Karnataka,13.117117,77.600932,2025-02-04,18:00,18,Tuesday,0,urban,6,0,fog,low,20,high,distraction,minor,2,1,1,None,0.8
19444,Bangalore,Karnataka,12.969296,77.626225,2025-01-12,3:00,3,Sunday,1,rural,1,1,rain,low,22,high,drunk driving,major,4,1,0,None,0.65
19447,Bangalore,Karnataka,12.846592,77.654517,2023-06-01,4:00,4,Thursday,0,rural,4,0,clear,high,37,medium,distraction,major,4,0,0,None,0.1
19451,Bangalore,Karnataka,12.924365,77.539405,2022-04-14,23:00,23,Thursday,0,highway,3,0,rain,medium,30,high,distraction,minor,2,1,0,None,0.45
19456,Bangalore,Karnataka,12.905942,77.728811,2022-10-14,15:00,15,Friday,0,rural,5,0,clear,high,25,medium,weather,minor,2,0,0,None,0.1
19472,Bangalore,Karnataka,13.150948,77.792115,2023-05-21,9:00,9,Sunday,1,urban,6,0,clear,high,33,low,drunk driving,major,1,1,1,None,0.25
19479,Bangalore,Karnataka,13.096853,77.777348,2024-04-27,23:00,23,Saturday,1,highway,2,0,rain,medium,29,high,overspeeding,major,1,1,0,None,0.45
19487,Bangalore,Karnataka,12.896089,77.655322,2022-10-20,1:00,1,Thursday,0,urban,3,1,clear,high,34,medium,distraction,minor,5,2,0,None,0.1
19511,Bangalore,Karnataka,12.83885,77.736417,2023-01-23,13:00,13,Monday,0,highway,6,1,fog,low,32,medium,distraction,major,5,2,0,None,0.45
19524,Bangalore,Karnataka,12.927646,77.583688,2024-06-26,23:00,23,Wednesday,0,highway,5,1,clear,high,28,medium,overspeeding,minor,5,1,0,None,0.1
19531,Bangalore,Karnataka,12.849942,77.506723,2022-03-01,13:00,13,Tuesday,0,highway,6,1,fog,low,33,medium,overspeeding,fatal,1,1,0,None,0.65
19533,Bangalore,Karnataka,12.88077,77.795011,2024-03-19,23:00,23,Tuesday,0,urban,5,0,clear,high,17,low,weather,minor,5,2,0,None,0.1
19534,Bangalore,Karnataka,12.97877,77.456592,2022-11-12,11:00,11,Saturday,1,highway,1,1,rain,medium,31,low,overspeeding,major,5,3,0,None,0.25
19538,Bangalore,Karnataka,12.976999,77.621406,2023-11-26,22:00,22,Sunday,1,urban,4,0,clear,high,35,high,drunk driving,minor,2,2,0,None,0.3
19544,Bangalore,Karnataka,12.839825,77.539208,2022-07-29,16:00,16,Friday,0,rural,5,0,fog,low,22,low,poor road,minor,4,3,0,None,0.45
19550,Bangalore,Karnataka,12.971427,77.55873,2022-12-27,23:00,23,Tuesday,0,urban,5,1,clear,high,33,high,poor road,minor,2,0,0,None,0.3
19561,Bangalore,Karnataka,12.903527,77.698265,2024-09-09,20:00,20,Monday,0,urban,4,1,rain,low,38,high,drunk driving,major,4,2,0,None,0.65
19562,Bangalore,Karnataka,13.165206,77.55705,2023-08-05,21:00,21,Saturday,1,highway,5,0,rain,medium,29,high,weather,fatal,5,5,0,None,0.65
19566,Bangalore,Karnataka,12.908304,77.480449,2025-04-01,15:00,15,Tuesday,0,highway,1,1,fog,low,34,low,poor road,major,5,0,0,None,0.45
19597,Bangalore,Karnataka,13.106914,77.6658,2023-12-29,2:00,2,Friday,0,urban,1,0,rain,low,17,high,overspeeding,fatal,4,4,0,None,0.85
19614,Bangalore,Karnataka,12.896575,77.656747,2022-01-24,0:00,0,Monday,0,urban,1,1,fog,low,17,high,weather,minor,1,0,0,None,0.65
19628,Bangalore,Karnataka,13.077726,77.63541,2024-10-29,10:00,10,Tuesday,0,urban,4,0,rain,low,30,medium,poor road,major,4,3,1,None,0.6
19634,Bangalore,Karnataka,12.83228,77.678779,2022-12-19,17:00,17,Monday,0,urban,2,0,rain,low,16,low,drunk driving,fatal,1,1,1,None,0.8
19636,Bangalore,Karnataka,13.087107,77.766145,2023-03-31,10:00,10,Friday,0,urban,2,1,clear,high,40,high,poor road,minor,3,0,1,None,0.45
19656,Bangalore,Karnataka,12.819193,77.519138,2024-08-30,2:00,2,Friday,0,urban,2,1,clear,high,23,low,poor road,major,1,0,0,None,0.1
19661,Bangalore,Karnataka,12.989723,77.50123,2023-06-03,20:00,20,Saturday,1,highway,4,1,fog,low,32,low,weather,major,2,1,0,None,0.45
19663,Bangalore,Karnataka,12.990281,77.441732,2022-09-22,10:00,10,Thursday,0,rural,3,0,fog,low,34,high,overspeeding,major,4,2,1,None,0.8
19666,Bangalore,Karnataka,12.933872,77.432687,2024-12-28,19:00,19,Saturday,1,highway,2,1,rain,low,23,low,distraction,minor,2,2,1,None,0.6
19671,Bangalore,Karnataka,12.903802,77.487975,2024-07-12,2:00,2,Friday,0,highway,6,1,rain,low,27,low,overspeeding,major,4,2,0,None,0.45
19685,Bangalore,Karnataka,12.925333,77.648009,2022-02-27,11:00,11,Sunday,1,urban,2,1,clear,high,21,low,overspeeding,minor,3,3,0,None,0.1
19694,Bangalore,Karnataka,12.810868,77.741008,2022-11-13,9:00,9,Sunday,1,rural,3,1,rain,low,17,medium,poor road,major,4,4,1,None,0.6
19707,Bangalore,Karnataka,13.133668,77.612176,2024-05-09,16:00,16,Thursday,0,highway,3,0,fog,low,34,low,weather,minor,2,2,0,None,0.45
19723,Bangalore,Karnataka,13.097015,77.448486,2022-03-12,12:00,12,Saturday,1,urban,6,0,fog,low,23,medium,distraction,fatal,3,3,0,None,0.65
19732,Bangalore,Karnataka,13.17285,77.699624,2024-09-07,4:00,4,Saturday,1,urban,5,1,fog,low,25,low,weather,minor,3,1,0,None,0.45
19739,Bangalore,Karnataka,12.956012,77.477312,2022-11-21,15:00,15,Monday,0,highway,2,0,fog,low,16,low,overspeeding,minor,5,1,0,None,0.45
19745,Bangalore,Karnataka,13.18357,77.688322,2022-03-08,6:00,6,Tuesday,0,highway,1,0,rain,low,31,high,overspeeding,fatal,3,3,0,None,0.85
19772,Bangalore,Karnataka,13.106741,77.792197,2023-01-21,13:00,13,Saturday,1,highway,3,1,rain,medium,34,low,distraction,minor,1,0,0,None,0.25
19775,Bangalore,Karnataka,12.971099,77.714088,2024-06-09,21:00,21,Sunday,1,rural,1,1,rain,medium,22,medium,overspeeding,minor,1,1,0,None,0.25
19776,Bangalore,Karnataka,12.813431,77.476334,2025-01-07,4:00,4,Tuesday,0,rural,2,1,fog,low,27,low,drunk driving,minor,1,1,0,None,0.45
19780,Bangalore,Karnataka,12.999181,77.61332,2023-11-14,19:00,19,Tuesday,0,highway,1,0,rain,low,16,high,distraction,minor,5,1,1,None,0.8
19781,Bangalore,Karnataka,12.95064,77.509496,2024-07-11,20:00,20,Thursday,0,highway,6,1,fog,low,23,low,weather,major,4,1,0,None,0.45
19785,Bangalore,Karnataka,13.067717,77.748424,2023-06-05,9:00,9,Monday,0,highway,2,1,fog,low,16,medium,drunk driving,minor,1,1,1,None,0.6
19792,Bangalore,Karnataka,13.085793,77.483697,2025-03-18,1:00,1,Tuesday,0,highway,6,0,fog,low,35,low,distraction,major,3,2,0,None,0.45
19797,Bangalore,Karnataka,13.158103,77.723597,2024-10-18,13:00,13,Friday,0,urban,2,0,clear,high,19,medium,poor road,minor,2,2,0,None,0.1
19832,Bangalore,Karnataka,13.072346,77.52941,2022-10-04,3:00,3,Tuesday,0,urban,1,1,rain,low,25,high,distraction,major,5,4,0,None,0.65
19833,Bangalore,Karnataka,12.80519,77.417374,2023-12-13,9:00,9,Wednesday,0,urban,5,0,fog,low,33,high,distraction,minor,3,2,1,None,0.8
19834,Bangalore,Karnataka,12.850687,77.702433,2024-05-08,20:00,20,Wednesday,0,highway,3,1,clear,high,17,high,poor road,minor,3,0,0,None,0.3
19837,Bangalore,Karnataka,12.841571,77.642005,2022-04-07,5:00,5,Thursday,0,rural,5,0,clear,high,24,high,overspeeding,minor,2,2,0,None,0.3
19854,Bangalore,Karnataka,13.177888,77.44686,2024-07-28,18:00,18,Sunday,1,urban,5,0,rain,low,35,medium,overspeeding,major,3,0,1,None,0.6
19875,Bangalore,Karnataka,13.092077,77.503397,2023-08-11,3:00,3,Friday,0,rural,2,1,clear,high,25,low,drunk driving,minor,5,3,0,None,0.1
19878,Bangalore,Karnataka,12.924219,77.526279,2023-08-28,17:00,17,Monday,0,urban,3,1,rain,medium,25,low,overspeeding,major,2,1,1,None,0.4
19886,Bangalore,Karnataka,13.133149,77.651204,2023-11-07,23:00,23,Tuesday,0,highway,5,1,fog,low,20,medium,drunk driving,major,1,1,0,None,0.45
19904,Bangalore,Karnataka,12.978061,77.786522,2023-04-21,13:00,13,Friday,0,rural,3,0,fog,low,37,low,weather,fatal,5,5,0,None,0.65
19910,Bangalore,Karnataka,13.141042,77.612307,2024-08-14,16:00,16,Wednesday,0,urban,5,1,fog,low,20,low,overspeeding,fatal,1,1,0,None,0.65
19930,Bangalore,Karnataka,12.985154,77.537099,2022-08-28,15:00,15,Sunday,1,highway,3,1,clear,high,22,high,weather,major,5,0,0,None,0.3
19935,Bangalore,Karnataka,12.899931,77.748457,2024-11-22,3:00,3,Friday,0,rural,5,1,rain,medium,33,low,weather,major,4,3,0,None,0.25
19956,Bangalore,Karnataka,12.950775,77.751144,2024-12-26,9:00,9,Thursday,0,urban,2,0,rain,low,22,high,poor road,minor,5,1,1,None,0.8
19958,Bangalore,Karnataka,13.109322,77.641519,2024-07-04,6:00,6,Thursday,0,highway,6,1,fog,low,21,medium,weather,minor,2,0,0,None,0.45
19965,Bangalore,Karnataka,13.019037,77.665603,2023-12-26,8:00,8,Tuesday,0,urban,4,0,fog,low,20,high,overspeeding,minor,4,0,1,None,0.8
19967,Bangalore,Karnataka,12.897007,77.799691,2023-03-04,19:00,19,Saturday,1,urban,2,1,rain,low,17,high,poor road,minor,5,1,1,None,0.8
19968,Bangalore,Karnataka,12.844256,77.771777,2023-09-29,12:00,12,Friday,0,urban,4,1,clear,high,33,low,poor road,minor,1,1,0,None,0.1
19969,Bangalore,Karnataka,13.03861,77.686691,2024-05-26,2:00,2,Sunday,1,rural,4,1,fog,low,30,low,weather,minor,1,1,0,None,0.45
19976,Bangalore,Karnataka,13.130395,77.624538,2023-05-28,19:00,19,Sunday,1,rural,4,1,clear,high,20,medium,weather,minor,3,2,1,None,0.25
19979,Bangalore,Karnataka,13.053389,77.763318,2023-05-02,18:00,18,Tuesday,0,urban,6,1,fog,low,39,low,overspeeding,major,1,1,1,None,0.6
19983,Bangalore,Karnataka,12.950764,77.619541,2022-01-28,15:00,15,Friday,0,urban,5,0,rain,low,38,high,distraction,minor,4,2,0,None,0.65
19986,Bangalore,Karnataka,13.081738,77.602311,2022-09-11,15:00,15,Sunday,1,rural,1,0,fog,low,39,medium,drunk driving,minor,2,1,0,None,0.45
19989,Bangalore,Karnataka,13.006509,77.634705,2025-02-08,20:00,20,Saturday,1,highway,2,1,fog,low,15,high,overspeeding,fatal,4,4,0,None,0.85
19991,Bangalore,Karnataka,13.007009,77.613171,2023-08-17,0:00,0,Thursday,0,rural,3,1,rain,medium,29,low,weather,minor,2,1,0,None,0.25
19995,Bangalore,Karnataka,13.092276,77.599571,2022-09-29,3:00,3,Thursday,0,urban,1,1,clear,high,31,low,distraction,minor,3,2,0,None,0.1
