road_length,road_length_km,lanes,maxspeed,oneway,avg_accident_hour,avg_temperature,peak_hour_ratio,weekend_ratio,traffic_signal_ratio,festival_ratio,traffic_signal_ratio,"road_type_['residential', 'unclassified']",road_type_living_street,road_type_motorway,road_type_motorway_link,road_type_primary,road_type_primary_link,road_type_residential,road_type_secondary,road_type_tertiary,road_type_tertiary_link,road_type_trunk,road_type_trunk_link,road_type_unclassified,weather_clear,weather_fog,weather_rain,weather_unknown,traffic_high,traffic_low,traffic_medium,traffic_unknown,cause_distraction,cause_drunk driving,cause_overspeeding,cause_poor road,cause_unknown,cause_weather,risk_level,risk_score
24.935894850316977,0.024935894850316977,2.0,40.0,0,12.0,27.0,0.0,0.0,0.0,0.0,0.0,0,0,0,0,0,0,1,0,0,0,0,0,0,0,0,0,1,0,0,0,1,0,0,0,0,1,0,Low,0.0
253.28180237250365,0.25328180237250364,2.0,40.0,0,10.375,28.875,0.25,0.125,0.0,0.0,0.0,0,0,0,0,0,0,1,0,0,0,0,0,0,0,0,1,0,1,0,0,0,0,0,0,0,0,1,Critical,94.29650613786592
60.086513922945386,0.06008651392294539,2.0,40.0,0,12.0,27.0,0.0,0.0,0.0,0.0,0.0,0,0,0,0,0,0,1,0,0,0,0,0,0,0,0,0,1,0,0,0,1,0,0,0,0,1,0,Low,0.0
53.2515932917104,0.0532515932917104,2.0,40.0,0,12.0,27.0,0.0,0.0,0.0,0.0,0.0,0,0,0,0,0,0,1,0,0,0,0,0,0,0,0,0,1,0,0,0,1,0,0,0,0,1,0,Low,0.0
121.92150770117104,0.12192150770117104,2.0,40.0,0,15.0,18.0,0.0,0.0,0.0,0.0,0.0,0,0,0,0,0,0,1,0,0,0,0,0,0,1,0,0,0,0,1,0,0,0,1,0,0,0,0,Medium,38.1586402266289
258.54807517357466,0.25854807517357464,2.0,40.0,0,7.5,23.5,0.0,0.5,0.0,0.0,0.0,0,0,0,0,0,0,0,0,1,0,0,0,0,1,0,0,0,0,1,0,0,1,0,0,0,0,0,Critical,88.45136921624174
152.41190263420953,0.15241190263420953,2.0,40.0,1,12.0,29.0,0.5,0.0,0.0,0.0,0.0,0,0,0,0,0,0,0,1,0,0,0,0,0,0,1,0,0,1,0,0,0,1,0,0,0,0,0,Critical,88.45136921624174
39.74126889071268,0.03974126889071268,2.0,40.0,0,8.0,16.0,1.0,0.0,0.0,0.0,0.0,0,0,0,0,0,0,1,0,0,0,0,0,0,1,0,0,0,1,0,0,0,0,0,1,0,0,0,Medium,38.1586402266289
147.5795465183951,0.14757954651839508,2.0,40.0,0,12.0,27.0,0.0,0.0,0.0,0.0,0.0,0,0,0,0,0,0,1,0,0,0,0,0,0,0,0,0,1,0,0,0,1,0,0,0,0,1,0,Low,0.0
149.96833515022678,0.14996833515022678,2.0,40.0,0,16.0,23.0,0.0,0.0,0.0,0.0,0.0,0,0,0,0,0,0,1,0,0,0,0,0,0,0,1,0,0,0,0,1,0,0,0,0,0,0,1,High,57.80925401322001
86.01750205329337,0.08601750205329337,2.0,40.0,0,13.25,29.875,0.25,0.25,0.0,0.0,0.0,0,0,0,0,0,0,1,0,0,0,0,0,0,1,0,0,0,1,0,0,0,0,0,1,0,0,0,Critical,95.17469310670444
78.04923916780712,0.07804923916780712,2.0,40.0,0,9.0,25.0,0.5,0.0,0.0,0.0,0.0,0,0,0,0,0,0,1,0,0,0,0,0,0,0,0,1,0,0,1,0,0,0,0,0,1,0,0,High,73.04060434372049
40.44952013180848,0.04044952013180848,2.0,40.0,0,17.0,18.0,1.0,0.0,0.0,0.0,0.0,0,1,0,0,0,0,0,0,0,0,0,0,0,0,0,1,0,1,0,0,0,0,0,0,1,0,0,Medium,49.405099150141645
132.55347718774368,0.13255347718774368,2.0,40.0,0,1.0,39.0,0.0,0.0,0.0,0.0,0.0,0,0,0,0,0,0,0,0,1,0,0,0,0,1,0,0,0,1,0,0,0,0,0,1,0,0,0,Medium,41.1614730878187
27.133791449980617,0.027133791449980616,2.0,40.0,0,12.0,16.0,0.0,1.0,0.0,0.0,0.0,0,0,0,0,0,0,1,0,0,0,0,0,0,0,0,1,0,0,0,1,0,0,0,1,0,0,0,Medium,38.1586402266289
94.08180391405996,0.09408180391405996,2.0,40.0,0,10.0,21.0,1.0,0.0,0.0,0.0,0.0,0,0,0,0,0,0,1,0,0,0,0,0,0,0,0,1,0,1,0,0,0,0,0,1,0,0,0,Medium,29.27289896128424
53.69825705481789,0.053698257054817886,2.0,40.0,0,19.0,28.0,1.0,0.0,0.0,0.0,0.0,0,0,0,0,0,0,0,0,1,0,0,0,0,0,1,0,0,0,0,1,0,0,1,0,0,0,0,High,68.60245514636449
143.52489629129704,0.14352489629129703,2.0,40.0,0,12.0,27.0,0.0,0.0,0.0,0.0,0.0,0,0,0,0,0,0,1,0,0,0,0,0,0,0,0,0,1,0,0,0,1,0,0,0,0,1,0,Low,0.0
79.28654626377221,0.07928654626377221,2.0,40.0,0,9.0,18.0,1.0,0.0,0.0,0.0,0.0,0,0,0,0,0,0,1,0,0,0,0,0,0,1,0,0,0,0,0,1,0,0,0,1,0,0,0,High,58.72521246458924
29.42039994322731,0.02942039994322731,2.0,40.0,0,12.0,27.0,0.0,0.0,0.0,0.0,0.0,0,0,0,0,0,0,1,0,0,0,0,0,0,0,0,0,1,0,0,0,1,0,0,0,0,1,0,Low,0.0
92.84438252266138,0.09284438252266138,2.0,40.0,0,9.0,18.0,1.0,0.0,0.0,0.0,0.0,0,0,0,0,0,0,1,0,0,0,0,0,0,0,0,1,0,1,0,0,0,1,0,0,0,0,0,Medium,29.27289896128424
30.758238476097706,0.030758238476097707,2.0,40.0,0,12.0,27.0,0.0,0.0,0.0,0.0,0.0,0,0,0,0,0,0,1,0,0,0,0,0,0,0,0,0,1,0,0,0,1,0,0,0,0,1,0,Low,0.0
29.274633052952275,0.029274633052952276,2.0,40.0,0,16.5,31.0,0.5,0.5,0.0,0.0,0.0,0,0,0,0,0,0,1,0,0,0,0,0,0,1,0,0,0,0,1,0,0,1,0,0,0,0,0,High,73.73937677053824
90.07105241493555,0.09007105241493556,2.0,40.0,0,12.0,27.0,0.0,0.0,0.0,0.0,0.0,0,0,0,0,0,0,0,1,0,0,0,0,0,0,0,0,1,0,0,0,1,0,0,0,0,1,0,Low,0.0
32.401017278974784,0.032401017278974785,2.0,40.0,0,12.0,27.0,0.0,0.0,0.0,0.0,0.0,0,0,0,0,0,0,0,0,1,0,0,0,0,0,0,0,1,0,0,0,1,0,0,0,0,1,0,Low,0.0
104.60522045739457,0.10460522045739457,2.0,40.0,0,10.0,18.0,1.0,0.0,0.0,0.0,0.0,0,0,0,0,0,0,1,0,0,0,0,0,0,0,1,0,0,0,0,1,0,0,1,0,0,0,0,Medium,33.9943342776204
277.22871054711646,0.27722871054711645,2.0,40.0,1,3.0,34.0,0.0,0.0,0.0,0.0,0.0,0,0,0,0,0,0,1,0,0,0,0,0,0,0,1,0,0,0,1,0,0,0,0,1,0,0,0,High,56.57223796033995
48.75190541999966,0.04875190541999966,2.0,40.0,0,11.0,21.0,0.0,0.0,0.0,0.0,0.0,0,0,0,0,0,0,1,0,0,0,0,0,0,1,0,0,0,1,0,0,0,0,1,0,0,0,0,Medium,41.1614730878187
3.8741940336833234,0.0038741940336833236,2.0,40.0,0,12.0,27.0,0.0,0.0,0.0,0.0,0.0,0,0,0,0,0,0,0,0,1,0,0,0,0,0,0,0,1,0,0,0,1,0,0,0,0,1,0,Low,0.0
32.292069621351374,0.03229206962135137,2.0,40.0,0,12.0,27.0,0.0,0.0,0.0,0.0,0.0,0,0,0,0,0,0,1,0,0,0,0,0,0,0,0,0,1,0,0,0,1,0,0,0,0,1,0,Low,0.0
78.58209910049383,0.07858209910049384,2.0,40.0,0,7.5,22.0,0.0,0.0,0.0,0.0,0.0,0,0,0,0,0,0,1,0,0,0,0,0,0,0,1,0,0,0,1,0,0,0,1,0,0,0,0,Critical,88.45136921624174
63.56435826194249,0.06356435826194248,2.0,40.0,0,12.0,27.0,0.0,0.0,0.0,0.0,0.0,0,0,0,0,0,0,1,0,0,0,0,0,0,0,0,0,1,0,0,0,1,0,0,0,0,1,0,Low,0.0
845.1714591106119,0.8451714591106119,2.0,40.0,1,9.0,36.0,1.0,0.0,0.0,0.0,0.0,0,0,0,0,0,0,0,0,1,0,0,0,0,0,0,1,0,1,0,0,0,0,0,0,1,0,0,High,57.80925401322001
37.816681963833005,0.037816681963833004,2.0,40.0,0,12.0,27.0,0.0,0.0,0.0,0.0,0.0,0,0,0,0,0,0,1,0,0,0,0,0,0,0,0,0,1,0,0,0,1,0,0,0,0,1,0,Low,0.0
63.06421946567366,0.06306421946567366,2.0,40.0,0,14.0,39.0,0.0,0.0,0.0,0.0,0.0,0,0,0,0,0,0,1,0,0,0,0,0,0,0,0,1,0,0,0,1,0,0,1,0,0,0,0,Medium,44.68366383380548
96.55167586488932,0.09655167586488932,2.0,40.0,0,12.0,27.0,0.0,0.0,0.0,0.0,0.0,0,0,0,0,0,0,1,0,0,0,0,0,0,0,0,0,1,0,0,0,1,0,0,0,0,1,0,Low,0.0
306.3967020639056,0.30639670206390557,2.0,40.0,0,12.0,27.0,0.0,0.0,0.0,0.0,0.0,0,0,0,0,0,0,1,0,0,0,0,0,0,0,0,0,1,0,0,0,1,0,0,0,0,1,0,Low,0.0
1205.418277406312,1.205418277406312,2.0,40.0,0,12.0,23.5,0.5,0.5,0.0,0.0,0.0,0,0,0,0,0,0,0,0,1,0,0,0,0,1,0,0,0,1,0,0,0,1,0,0,0,0,0,Critical,82.46458923512749
23.753305700972284,0.023753305700972283,2.0,40.0,0,12.0,27.0,0.0,0.0,0.0,0.0,0.0,0,1,0,0,0,0,0,0,0,0,0,0,0,0,0,0,1,0,0,0,1,0,0,0,0,1,0,Low,0.0
41.41949089476824,0.041419490894768235,2.0,40.0,0,20.0,18.0,0.0,0.0,0.0,0.0,0.0,0,0,0,0,0,0,0,0,1,0,0,0,0,0,0,1,0,1,0,0,0,0,1,0,0,0,0,High,68.60245514636449
18.37050687890389,0.01837050687890389,2.0,50.0,0,12.0,27.0,0.0,0.0,0.0,0.0,0.0,0,0,0,0,0,0,1,0,0,0,0,0,0,0,0,0,1,0,0,0,1,0,0,0,0,1,0,Low,0.0
19.559380871214223,0.019559380871214224,2.0,40.0,0,12.0,27.0,0.0,0.0,0.0,0.0,0.0,0,0,0,0,0,0,1,0,0,0,0,0,0,0,0,0,1,0,0,0,1,0,0,0,0,1,0,Low,0.0
10.350369809997634,0.010350369809997635,2.0,40.0,0,12.0,27.0,0.0,0.0,0.0,0.0,0.0,0,0,0,0,0,0,0,0,1,0,0,0,0,0,0,0,1,0,0,0,1,0,0,0,0,1,0,Low,0.0
336.9919441007937,0.3369919441007937,2.0,40.0,0,6.0,22.0,0.0,1.0,0.0,0.0,0.0,0,0,0,0,0,0,1,0,0,0,0,0,0,0,1,0,0,1,0,0,0,0,0,0,0,0,1,Medium,44.68366383380548
35.56624539344892,0.03556624539344892,2.0,40.0,0,22.0,25.0,0.0,0.0,0.0,0.0,0.0,0,0,0,0,0,0,1,0,0,0,0,0,0,1,0,0,0,1,0,0,0,0,0,1,0,0,0,Medium,49.405099150141645
157.8927363768875,0.1578927363768875,2.0,40.0,0,2.0,16.0,0.0,1.0,0.0,0.0,0.0,0,0,0,0,0,0,1,0,0,0,0,0,0,0,0,1,0,0,1,0,0,0,1,0,0,0,0,Medium,44.68366383380548
59.98634709789608,0.05998634709789608,2.0,40.0,0,6.0,18.0,0.0,0.0,0.0,0.0,0.0,0,0,0,0,0,0,1,0,0,0,0,0,0,0,1,0,0,0,0,1,0,0,0,0,0,0,1,Medium,49.405099150141645
78.42547014065829,0.07842547014065829,2.0,40.0,0,12.0,27.0,0.0,0.0,0.0,0.0,0.0,0,0,0,0,0,0,1,0,0,0,0,0,0,0,0,0,1,0,0,0,1,0,0,0,0,1,0,Low,0.0
48.75190541999966,0.04875190541999966,2.0,40.0,0,12.0,27.0,0.0,0.0,0.0,0.0,0.0,0,0,0,0,0,0,1,0,0,0,0,0,0,0,0,0,1,0,0,0,1,0,0,0,0,1,0,Low,0.0
68.03811549252781,0.0680381154925278,2.0,40.0,0,12.0,27.0,0.0,0.0,0.0,0.0,0.0,0,0,0,0,0,0,1,0,0,0,0,0,0,0,0,0,1,0,0,0,1,0,0,0,0,1,0,Low,0.0
69.84567741071024,0.06984567741071024,2.0,40.0,0,18.0,31.0,1.0,1.0,0.0,0.0,0.0,0,0,0,0,0,0,1,0,0,0,0,0,0,1,0,0,0,0,1,0,0,1,0,0,0,0,0,Medium,33.9943342776204
114.12711290140564,0.11412711290140563,2.0,40.0,0,23.0,38.0,0.0,0.0,0.0,0.0,0.0,0,0,0,0,0,0,1,0,0,0,0,0,0,0,0,1,0,0,1,0,0,0,0,1,0,0,0,High,53.56940509915015
67.08284685362432,0.06708284685362431,2.0,40.0,0,12.0,27.0,0.0,0.0,0.0,0.0,0.0,0,0,0,0,0,0,1,0,0,0,0,0,0,0,0,0,1,0,0,0,1,0,0,0,0,1,0,Low,0.0
647.5312513924127,0.6475312513924127,2.0,40.0,0,8.0,24.0,0.0,0.0,0.0,0.0,0.0,0,0,0,0,0,0,0,1,0,0,0,0,0,0,1,0,0,0,1,0,0,1,0,0,0,0,0,Critical,84.81586402266291
67.58840451159017,0.06758840451159016,2.0,40.0,0,11.0,40.0,0.0,1.0,0.0,0.0,0.0,0,0,0,0,0,0,1,0,0,0,0,0,0,1,0,0,0,0,0,1,0,0,0,0,0,0,1,Medium,44.68366383380548
183.87415379533235,0.18387415379533234,2.0,40.0,0,17.0,38.0,1.0,0.0,0.0,0.0,0.0,0,0,0,0,0,0,1,0,0,0,0,0,0,1,0,0,0,0,0,1,0,0,0,0,1,0,0,High,68.60245514636449
51.43001658786044,0.05143001658786044,2.0,40.0,0,12.0,27.0,0.0,0.0,0.0,0.0,0.0,0,0,0,0,0,0,1,0,0,0,0,0,0,0,0,0,1,0,0,0,1,0,0,0,0,1,0,Low,0.0
46.45653972428802,0.046456539724288023,2.0,40.0,1,12.0,27.0,0.0,0.0,0.0,0.0,0.0,0,0,0,0,0,0,0,1,0,0,0,0,0,0,0,0,1,0,0,0,1,0,0,0,0,1,0,Low,0.0
169.75498989614547,0.1697549898961455,2.0,40.0,0,1.0,24.0,0.0,0.0,0.0,0.0,0.0,0,0,0,0,0,0,1,0,0,0,0,0,0,0,0,1,0,0,1,0,0,0,0,1,0,0,0,High,68.60245514636449
38.08857161120712,0.03808857161120712,2.0,40.0,0,12.0,27.0,0.0,0.0,0.0,0.0,0.0,0,0,0,0,0,0,1,0,0,0,0,0,0,0,0,0,1,0,0,0,1,0,0,0,0,1,0,Low,0.0
46.68879684134972,0.046688796841349724,2.0,40.0,0,10.0,27.0,1.0,0.0,0.0,0.0,0.0,0,0,0,0,0,0,1,0,0,0,0,0,0,1,0,0,0,0,1,0,0,0,0,1,0,0,0,High,68.60245514636449
39.63356615594056,0.039633566155940554,2.0,40.0,0,12.0,27.0,0.0,0.0,0.0,0.0,0.0,0,0,0,0,0,0,1,0,0,0,0,0,0,0,0,0,1,0,0,0,1,0,0,0,0,1,0,Low,0.0
146.13518283743122,0.1461351828374312,2.0,40.0,0,21.0,37.0,0.0,0.0,0.0,0.0,0.0,0,0,0,0,0,0,1,0,0,0,0,0,0,1,0,0,0,1,0,0,0,1,0,0,0,0,0,Medium,33.9943342776204
39.62216858623295,0.03962216858623295,2.0,40.0,0,12.0,27.0,0.0,0.0,0.0,0.0,0.0,0,0,0,0,0,0,1,0,0,0,0,0,0,0,0,0,1,0,0,0,1,0,0,0,0,1,0,Low,0.0
23.15316145593265,0.02315316145593265,2.0,40.0,0,12.0,27.0,0.0,0.0,0.0,0.0,0.0,0,0,0,0,0,0,1,0,0,0,0,0,0,0,0,0,1,0,0,0,1,0,0,0,0,1,0,Low,0.0
63.583818221867965,0.06358381822186797,2.0,40.0,0,12.0,27.0,0.0,0.0,0.0,0.0,0.0,0,0,0,0,0,0,1,0,0,0,0,0,0,0,0,0,1,0,0,0,1,0,0,0,0,1,0,Low,0.0
42.78689757290459,0.042786897572904596,2.0,40.0,0,2.0,22.0,0.0,0.0,0.0,0.0,0.0,0,1,0,0,0,0,0,0,0,0,0,0,0,1,0,0,0,1,0,0,0,0,0,0,0,0,1,Medium,38.1586402266289
42.753302403786606,0.04275330240378661,2.0,40.0,0,12.0,27.0,0.0,0.0,0.0,0.0,0.0,0,0,0,0,0,0,1,0,0,0,0,0,0,0,0,0,1,0,0,0,1,0,0,0,0,1,0,Low,0.0
40.37239778719277,0.04037239778719277,2.0,40.0,0,12.0,27.0,0.0,0.0,0.0,0.0,0.0,0,0,0,0,0,0,1,0,0,0,0,0,0,0,0,0,1,0,0,0,1,0,0,0,0,1,0,Low,0.0
23.779844871800435,0.023779844871800435,2.0,40.0,0,12.0,27.0,0.0,0.0,0.0,0.0,0.0,0,0,0,0,0,0,1,0,0,0,0,0,0,0,0,0,1,0,0,0,1,0,0,0,0,1,0,Low,0.0
324.03224993122626,0.32403224993122626,2.0,40.0,0,10.0,38.0,1.0,1.0,0.0,0.0,0.0,0,0,0,0,0,0,0,0,1,0,0,0,0,0,1,0,0,1,0,0,0,0,0,1,0,0,0,Medium,41.1614730878187
191.508656777922,0.191508656777922,2.0,40.0,0,0.0,30.0,0.0,0.0,0.0,0.0,0.0,0,0,0,0,0,0,1,0,0,0,0,0,0,0,1,0,0,0,1,0,0,0,0,1,0,0,0,Medium,29.27289896128424
68.658688921917,0.06865868892191701,2.0,40.0,0,12.0,27.0,0.0,0.0,0.0,0.0,0.0,0,0,0,0,0,0,1,0,0,0,0,0,0,0,0,0,1,0,0,0,1,0,0,0,0,1,0,Low,0.0
101.21645010779127,0.10121645010779128,2.0,40.0,0,12.0,27.0,0.0,0.0,0.0,0.0,0.0,0,0,0,0,0,0,1,0,0,0,0,0,0,0,0,0,1,0,0,0,1,0,0,0,0,1,0,Low,0.0
106.88827405531951,0.10688827405531952,2.0,40.0,0,12.0,27.0,0.5,0.5,0.0,0.0,0.0,0,0,0,0,0,0,1,0,0,0,0,0,0,1,0,0,0,0,0,1,0,0,1,0,0,0,0,Critical,91.58640226628896
33.42760950210307,0.033427609502103064,2.0,40.0,0,12.0,27.0,0.0,0.0,0.0,0.0,0.0,0,0,0,0,0,0,0,1,0,0,0,0,0,0,0,0,1,0,0,0,1,0,0,0,0,1,0,Low,0.0
76.40214866750266,0.07640214866750265,2.0,40.0,0,12.0,27.0,0.0,0.0,0.0,0.0,0.0,0,0,0,0,0,0,1,0,0,0,0,0,0,0,0,0,1,0,0,0,1,0,0,0,0,1,0,Low,0.0
33.13138284135626,0.03313138284135626,2.0,40.0,0,18.0,20.0,1.0,0.0,0.0,0.0,0.0,0,0,0,0,0,0,1,0,0,0,0,0,0,0,0,1,0,0,0,1,0,0,0,0,1,0,0,Medium,29.27289896128424
38.34727976216792,0.038347279762167924,2.0,40.0,0,12.0,27.0,0.0,0.0,0.0,0.0,0.0,0,0,0,0,0,0,1,0,0,0,0,0,0,0,0,0,1,0,0,0,1,0,0,0,0,1,0,Low,0.0
48.29333635832385,0.04829333635832385,2.0,40.0,0,12.0,27.0,0.0,0.0,0.0,0.0,0.0,0,0,0,0,0,0,1,0,0,0,0,0,0,0,0,0,1,0,0,0,1,0,0,0,0,1,0,Low,0.0
28.44506753079551,0.02844506753079551,2.0,40.0,0,12.0,27.0,0.0,0.0,0.0,0.0,0.0,0,0,0,0,0,0,1,0,0,0,0,0,0,0,0,0,1,0,0,0,1,0,0,0,0,1,0,Low,0.0
35.94108150216034,0.035941081502160334,2.0,40.0,0,15.0,17.0,0.0,1.0,0.0,0.0,0.0,0,0,0,0,0,0,1,0,0,0,0,0,0,1,0,0,0,0,1,0,0,1,0,0,0,0,0,Medium,44.68366383380548
38.4065490390083,0.038406549039008295,2.0,40.0,0,22.0,21.0,0.0,0.0,0.0,0.0,0.0,0,0,0,0,0,0,1,0,0,0,0,0,0,1,0,0,0,0,1,0,0,0,0,0,1,0,0,High,56.57223796033995
358.1983370414652,0.3581983370414652,2.0,30.0,0,2.0,32.0,0.0,1.0,0.0,0.0,0.0,0,0,0,0,0,0,1,0,0,0,0,0,0,1,0,0,0,0,0,1,0,0,0,1,0,0,0,Medium,49.405099150141645
221.0302199169633,0.22103021991696328,2.0,40.0,0,12.0,27.0,0.0,0.0,0.0,0.0,0.0,0,0,0,0,0,0,1,0,0,0,0,0,0,0,0,0,1,0,0,0,1,0,0,0,0,1,0,Low,0.0
143.46321104920216,0.14346321104920215,2.0,40.0,0,11.0,21.0,0.0,0.0,0.0,0.0,0.0,0,0,0,0,0,0,1,0,0,0,0,0,0,0,1,0,0,1,0,0,0,1,0,0,0,0,0,Medium,33.9943342776204
65.52900002656223,0.06552900002656223,2.0,40.0,0,2.0,37.0,0.0,0.0,0.0,0.0,0.0,0,0,0,0,0,0,1,0,0,0,0,0,0,0,0,1,0,1,0,0,0,1,0,0,0,0,0,Medium,44.68366383380548
32.92615361227942,0.03292615361227942,2.0,40.0,0,18.0,33.0,1.0,0.0,0.0,0.0,0.0,0,0,0,0,0,0,0,0,1,0,0,0,0,0,0,1,0,1,0,0,0,0,0,0,1,0,0,Medium,41.1614730878187
155.7846743055879,0.1557846743055879,2.0,40.0,0,1.0,36.0,0.0,0.0,0.0,0.0,0.0,0,0,0,0,0,0,1,0,0,0,0,0,0,0,1,0,0,0,1,0,0,0,0,0,0,0,1,Medium,33.9943342776204
29.79350733658582,0.02979350733658582,2.0,40.0,0,12.0,27.0,0.0,0.0,0.0,0.0,0.0,0,0,0,0,0,0,1,0,0,0,0,0,0,0,0,0,1,0,0,0,1,0,0,0,0,1,0,Low,0.0
23.95726200808718,0.02395726200808718,2.0,40.0,0,12.0,27.0,0.0,0.0,0.0,0.0,0.0,0,0,0,0,0,0,1,0,0,0,0,0,0,0,0,0,1,0,0,0,1,0,0,0,0,1,0,Low,0.0
91.58283820989112,0.09158283820989112,2.0,40.0,0,12.0,27.0,0.0,0.0,0.0,0.0,0.0,0,0,0,0,0,0,1,0,0,0,0,0,0,0,0,0,1,0,0,0,1,0,0,0,0,1,0,Low,0.0
23.487194603536743,0.023487194603536744,2.0,40.0,0,11.909090909090908,24.272727272727273,0.2727272727272727,0.2727272727272727,0.0,0.0,0.0,0,0,0,0,0,0,1,0,0,0,0,0,0,1,0,0,0,1,0,0,0,0,0,1,0,0,0,Critical,96.74220963172806
32.50210360823091,0.03250210360823091,2.0,40.0,0,21.0,19.0,0.0,1.0,0.0,0.0,0.0,0,0,0,0,0,0,1,0,0,0,0,0,0,0,0,1,0,1,0,0,0,0,0,0,1,0,0,High,53.56940509915015
40.34664308878564,0.04034664308878564,2.0,40.0,0,12.0,27.0,0.0,0.0,0.0,0.0,0.0,0,0,0,0,0,0,0,1,0,0,0,0,0,0,0,0,1,0,0,0,1,0,0,0,0,1,0,Low,0.0
26.659927621698667,0.026659927621698668,2.0,40.0,0,12.0,27.0,0.0,0.0,0.0,0.0,0.0,0,0,0,0,0,0,1,0,0,0,0,0,0,0,0,0,1,0,0,0,1,0,0,0,0,1,0,Low,0.0
126.97846509114684,0.12697846509114685,2.0,40.0,0,14.0,25.666666666666668,0.6666666666666666,0.3333333333333333,0.0,0.0,0.0,0,0,0,0,0,0,1,0,0,0,0,0,0,1,0,0,0,0,0,1,0,0,1,0,0,0,0,Critical,81.65250236071766
244.7079337763882,0.2447079337763882,2.0,40.0,0,13.225,26.925,0.15,0.325,0.0,0.0,0.0,0,0,0,0,0,0,1,0,0,0,0,0,0,0,1,0,0,0,1,0,0,0,0,1,0,0,0,Critical,99.43342776203968
82.9797706546538,0.08297977065465381,2.0,40.0,0,6.0,27.0,0.0,1.0,0.0,0.0,0.0,0,0,0,0,0,0,1,0,0,0,0,0,0,0,1,0,0,1,0,0,0,0,0,0,1,0,0,High,53.56940509915015
27.101728126519248,0.02710172812651925,2.0,40.0,0,12.0,27.0,0.0,0.0,0.0,0.0,0.0,0,0,0,0,0,0,0,0,1,0,0,0,0,0,0,0,1,0,0,0,1,0,0,0,0,1,0,Low,0.0
78.93848581782835,0.07893848581782835,2.0,40.0,0,12.0,24.0,0.0,0.0,0.0,0.0,0.0,0,0,0,0,0,0,1,0,0,0,0,0,0,0,1,0,0,0,0,1,0,1,0,0,0,0,0,High,57.80925401322001
30.91394828456396,0.030913948284563963,2.0,40.0,0,18.0,29.0,1.0,0.0,0.0,0.0,0.0,0,0,0,0,0,0,1,0,0,0,0,0,0,1,0,0,0,0,0,1,0,0,1,0,0,0,0,High,67.12936732766761
63.53498139444618,0.06353498139444617,2.0,40.0,0,10.0,37.0,1.0,1.0,0.0,0.0,0.0,0,0,0,0,0,0,1,0,0,0,0,0,0,0,0,1,0,0,1,0,0,0,0,0,0,0,1,Medium,41.1614730878187
33.12582843877059,0.03312582843877059,2.0,40.0,0,1.0,19.0,0.0,0.0,0.0,0.0,0.0,0,0,0,0,0,0,1,0,0,0,0,0,0,1,0,0,0,0,1,0,0,0,0,0,1,0,0,Medium,44.78753541076488
234.80473260771072,0.23480473260771073,2.0,40.0,0,6.0,39.0,0.0,1.0,0.0,0.0,0.0,0,0,0,0,0,0,1,0,0,0,0,0,0,0,1,0,0,0,0,1,0,0,0,1,0,0,0,Medium,29.27289896128424
308.913228510602,0.308913228510602,2.0,40.0,0,8.0,24.0,1.0,0.0,0.0,0.0,0.0,0,0,0,0,0,0,1,0,0,0,0,0,0,0,0,1,0,0,0,1,0,1,0,0,0,0,0,Medium,44.68366383380548
37.16462171981768,0.03716462171981768,2.0,40.0,0,12.0,27.0,0.0,0.0,0.0,0.0,0.0,0,0,0,0,0,0,1,0,0,0,0,0,0,0,0,0,1,0,0,0,1,0,0,0,0,1,0,Low,0.0
58.52178284683764,0.058521782846837636,2.0,40.0,0,12.0,27.0,0.0,0.0,0.0,0.0,0.0,0,0,0,0,0,0,1,0,0,0,0,0,0,0,0,0,1,0,0,0,1,0,0,0,0,1,0,Low,0.0
30.7677326654022,0.0307677326654022,2.0,40.0,0,12.0,27.0,0.0,0.0,0.0,0.0,0.0,0,0,0,0,0,0,0,0,1,0,0,0,0,0,0,0,1,0,0,0,1,0,0,0,0,1,0,Low,0.0
48.96115482455338,0.048961154824553384,2.0,40.0,0,12.0,27.0,0.0,0.0,0.0,0.0,0.0,0,0,0,0,0,0,1,0,0,0,0,0,0,0,0,0,1,0,0,0,1,0,0,0,0,1,0,Low,0.0
282.24764347780274,0.28224764347780273,2.0,40.0,0,3.0,32.0,0.0,0.0,0.0,0.0,0.0,0,0,0,0,0,0,1,0,0,0,0,0,0,1,0,0,0,0,1,0,0,1,0,0,0,0,0,Medium,33.9943342776204
34.88185280102665,0.03488185280102665,2.0,40.0,0,12.0,27.0,0.0,0.0,0.0,0.0,0.0,0,0,0,0,0,0,1,0,0,0,0,0,0,0,0,0,1,0,0,0,1,0,0,0,0,1,0,Low,0.0
86.53960631621104,0.08653960631621103,2.0,40.0,0,12.0,27.0,0.0,0.0,0.0,0.0,0.0,0,0,0,0,0,0,1,0,0,0,0,0,0,0,0,0,1,0,0,0,1,0,0,0,0,1,0,Low,0.0
181.4191847119707,0.1814191847119707,2.0,40.0,0,12.0,27.0,0.0,0.0,0.0,0.0,0.0,0,0,0,0,0,0,1,0,0,0,0,0,0,0,0,0,1,0,0,0,1,0,0,0,0,1,0,Low,0.0
152.43313150808012,0.15243313150808013,2.0,40.0,0,20.0,21.0,0.0,0.0,0.0,0.0,0.0,0,0,0,0,0,0,1,0,0,0,0,0,0,0,1,0,0,0,0,1,0,0,1,0,0,0,0,Medium,29.27289896128424
19.981812399454093,0.019981812399454093,2.0,40.0,0,12.0,27.333333333333332,0.3333333333333333,0.0,0.0,0.0,0.0,0,0,0,0,0,0,1,0,0,0,0,0,0,1,0,0,0,0,0,1,0,1,0,0,0,0,0,Critical,92.73843248347498
144.8665643885643,0.14486656438856432,2.0,40.0,0,17.0,35.0,1.0,0.0,0.0,0.0,0.0,0,0,0,0,0,0,1,0,0,0,0,0,0,0,0,1,0,1,0,0,0,1,0,0,0,0,0,Medium,29.27289896128424
121.83459162509207,0.12183459162509207,2.0,40.0,0,18.0,20.0,1.0,0.0,0.0,0.0,0.0,0,0,0,0,0,0,0,0,1,0,0,0,0,0,0,1,0,0,0,1,0,0,1,0,0,0,0,Medium,43.31444759206799
543.5615667958717,0.5435615667958718,2.0,40.0,0,5.0,22.0,0.0,0.0,0.0,0.0,0.0,0,0,0,0,0,0,1,0,0,0,0,0,0,1,0,0,0,1,0,0,0,1,0,0,0,0,0,Medium,38.1586402266289
75.27400035923944,0.07527400035923944,2.0,60.0,1,12.0,27.0,0.0,0.0,0.0,0.0,0.0,0,0,0,0,0,0,0,0,0,0,1,0,0,0,0,0,1,0,0,0,1,0,0,0,0,1,0,Low,0.0
23.178929343702425,0.023178929343702425,2.0,40.0,0,16.0,23.0,0.0,0.0,0.0,0.0,0.0,0,0,0,0,0,0,1,0,0,0,0,0,0,1,0,0,0,0,0,1,0,0,0,1,0,0,0,High,60.19830028328612
43.895496395077885,0.043895496395077886,2.0,40.0,0,1.0,26.0,0.0,1.0,0.0,0.0,0.0,0,0,0,0,0,0,1,0,0,0,0,0,0,0,1,0,0,0,1,0,0,0,1,0,0,0,0,Medium,38.1586402266289
71.03712543815725,0.07103712543815725,2.0,40.0,0,3.0,37.0,0.0,0.0,0.0,0.0,0.0,0,0,0,0,0,0,1,0,0,0,0,0,0,1,0,0,0,0,1,0,0,0,0,0,1,0,0,Medium,38.1586402266289
20.16302293611265,0.020163022936112652,2.0,40.0,0,12.0,27.0,0.0,0.0,0.0,0.0,0.0,0,0,0,0,0,0,1,0,0,0,0,0,0,0,0,0,1,0,0,0,1,0,0,0,0,1,0,Low,0.0
40.42554252455129,0.040425542524551286,2.0,40.0,0,12.0,27.0,0.0,0.0,0.0,0.0,0.0,0,0,0,0,0,0,1,0,0,0,0,0,0,0,0,0,1,0,0,0,1,0,0,0,0,1,0,Low,0.0
53.89650412985515,0.05389650412985515,2.0,40.0,0,8.0,20.0,1.0,0.0,0.0,0.0,0.0,0,0,0,0,0,0,0,0,1,0,0,0,0,0,1,0,0,1,0,0,0,0,0,1,0,0,0,Medium,29.27289896128424
108.50343015741086,0.10850343015741086,2.0,40.0,0,12.0,27.0,0.0,0.0,0.0,0.0,0.0,0,0,0,0,0,0,1,0,0,0,0,0,0,0,0,0,1,0,0,0,1,0,0,0,0,1,0,Low,0.0
34.89393430815827,0.03489393430815827,2.0,40.0,0,12.0,27.0,0.0,0.0,0.0,0.0,0.0,0,0,0,0,0,0,1,0,0,0,0,0,0,0,0,0,1,0,0,0,1,0,0,0,0,1,0,Low,0.0
110.71577461918795,0.11071577461918795,2.0,40.0,0,9.0,25.0,1.0,1.0,0.0,0.0,0.0,0,0,0,0,0,0,1,0,0,0,0,0,0,1,0,0,0,0,0,1,0,1,0,0,0,0,0,Medium,29.27289896128424
246.97624655008715,0.24697624655008715,2.0,40.0,0,18.0,27.0,1.0,0.0,0.0,0.0,0.0,0,0,0,0,0,0,0,0,1,0,0,0,0,0,0,1,0,0,0,1,0,0,1,0,0,0,0,Medium,41.1614730878187
53.30451170251995,0.05330451170251995,2.0,40.0,0,14.0,21.0,0.0,1.0,0.0,0.0,0.0,0,0,0,0,0,0,1,0,0,0,0,0,0,0,0,1,0,0,0,1,0,0,1,0,0,0,0,Medium,33.9943342776204
53.76459983443692,0.05376459983443692,2.0,40.0,0,7.0,39.0,0.0,0.0,0.0,0.0,0.0,0,0,0,0,0,0,1,0,0,0,0,0,0,0,1,0,0,1,0,0,0,0,0,1,0,0,0,Medium,33.9943342776204
32.140814987691165,0.03214081498769116,2.0,40.0,0,12.0,27.0,0.0,0.0,0.0,0.0,0.0,0,0,0,0,0,0,1,0,0,0,0,0,0,0,0,0,1,0,0,0,1,0,0,0,0,1,0,Low,0.0
60.970627246715885,0.06097062724671588,2.0,40.0,1,12.0,27.0,0.0,0.0,0.0,0.0,0.0,0,0,0,0,0,0,0,1,0,0,0,0,0,0,0,0,1,0,0,0,1,0,0,0,0,1,0,Low,0.0
54.56068414777789,0.05456068414777789,2.0,40.0,0,12.0,27.0,0.0,0.0,0.0,0.0,0.0,0,0,0,0,0,0,1,0,0,0,0,0,0,0,0,0,1,0,0,0,1,0,0,0,0,1,0,Low,0.0
31.882070640051,0.031882070640051004,2.0,40.0,0,12.0,27.0,0.0,0.0,0.0,0.0,0.0,0,0,0,0,0,0,1,0,0,0,0,0,0,0,0,0,1,0,0,0,1,0,0,0,0,1,0,Low,0.0
202.7912224178646,0.2027912224178646,2.0,40.0,1,12.0,27.0,0.0,0.0,0.0,0.0,0.0,0,0,0,0,0,0,0,0,0,0,0,1,0,0,0,0,1,0,0,0,1,0,0,0,0,1,0,Low,0.0
38.54919385044976,0.03854919385044976,2.0,40.0,0,12.0,27.0,0.0,0.0,0.0,0.0,0.0,0,0,0,0,0,0,0,1,0,0,0,0,0,0,0,0,1,0,0,0,1,0,0,0,0,1,0,Low,0.0
64.35491650387343,0.06435491650387343,2.0,40.0,0,13.0,32.0,0.0,0.0,0.0,0.0,0.0,0,0,0,0,0,0,1,0,0,0,0,0,0,0,0,1,0,0,1,0,0,0,0,0,0,0,1,Medium,33.9943342776204
300.57455257579875,0.30057455257579874,2.0,40.0,0,23.0,26.0,0.0,1.0,0.0,0.0,0.0,0,0,0,0,0,0,1,0,0,0,0,0,0,0,0,1,0,0,0,1,0,0,0,0,0,0,1,High,67.12936732766761
342.3806290794011,0.3423806290794011,2.0,40.0,0,2.0,33.0,0.0,0.0,0.0,0.0,0.0,0,0,0,0,0,0,1,0,0,0,0,0,0,1,0,0,0,0,1,0,0,0,1,0,0,0,0,Medium,38.1586402266289
25.848388776750294,0.025848388776750296,2.0,40.0,0,12.0,27.0,0.0,0.0,0.0,0.0,0.0,0,0,0,0,0,0,1,0,0,0,0,0,0,0,0,0,1,0,0,0,1,0,0,0,0,1,0,Low,0.0
102.71263734106702,0.10271263734106702,2.0,40.0,0,5.0,39.0,0.0,1.0,0.0,0.0,0.0,0,0,0,0,0,0,1,0,0,0,0,0,0,0,0,1,0,0,1,0,0,0,0,1,0,0,0,Medium,41.1614730878187
5.966750304654713,0.005966750304654714,2.0,40.0,0,12.0,27.0,0.0,0.0,0.0,0.0,0.0,0,0,0,0,0,0,1,0,0,0,0,0,0,0,0,0,1,0,0,0,1,0,0,0,0,1,0,Low,0.0
94.52132869390636,0.09452132869390635,2.0,40.0,0,12.0,27.0,0.0,0.0,0.0,0.0,0.0,0,0,0,0,0,0,1,0,0,0,0,0,0,0,0,0,1,0,0,0,1,0,0,0,0,1,0,Low,0.0
41.57478351129038,0.041574783511290375,2.0,40.0,0,7.0,38.0,0.0,1.0,0.0,0.0,0.0,0,0,0,0,0,0,1,0,0,0,0,0,0,1,0,0,0,0,0,1,0,0,0,0,1,0,0,Medium,44.68366383380548
147.98857034789512,0.14798857034789512,2.0,40.0,1,8.0,24.0,1.0,0.0,0.0,0.0,0.0,0,0,0,0,1,0,0,0,0,0,0,0,0,0,1,0,0,1,0,0,0,0,0,1,0,0,0,Medium,44.68366383380548
104.38826020838788,0.10438826020838787,1.0,40.0,0,23.0,29.0,0.0,0.0,0.0,0.0,0.0,0,0,0,0,0,0,1,0,0,0,0,0,0,1,0,0,0,0,1,0,0,0,0,0,1,0,0,Medium,38.1586402266289
142.68348458035828,0.1426834845803583,2.0,40.0,0,12.0,27.0,0.0,0.0,0.0,0.0,0.0,0,0,0,0,0,0,1,0,0,0,0,0,0,0,0,0,1,0,0,0,1,0,0,0,0,1,0,Low,0.0
38.83076589669638,0.03883076589669638,2.0,40.0,0,12.0,27.0,0.0,0.0,0.0,0.0,0.0,0,0,0,0,0,0,1,0,0,0,0,0,0,0,0,0,1,0,0,0,1,0,0,0,0,1,0,Low,0.0
41.9943593085451,0.0419943593085451,2.0,40.0,1,12.0,27.0,0.0,0.0,0.0,0.0,0.0,0,0,0,0,0,0,0,1,0,0,0,0,0,0,0,0,1,0,0,0,1,0,0,0,0,1,0,Low,0.0
13.292486242082331,0.01329248624208233,2.0,40.0,0,20.0,27.0,0.0,1.0,0.0,0.0,0.0,0,0,0,0,0,0,1,0,0,0,0,0,0,1,0,0,0,1,0,0,0,0,0,0,1,0,0,Medium,44.78753541076488
32.17543029416534,0.032175430294165336,2.0,40.0,0,16.0,18.0,0.0,0.0,0.0,0.0,0.0,0,0,0,0,1,0,0,0,0,0,0,0,0,0,0,1,0,1,0,0,0,0,0,1,0,0,0,Medium,33.9943342776204
31.36626149689728,0.03136626149689728,2.0,40.0,0,3.5,35.0,0.0,0.0,0.0,0.0,0.0,0,0,0,0,0,0,1,0,0,0,0,0,0,1,0,0,0,1,0,0,0,0,0,0,0,0,1,Critical,83.93767705382437
65.81001305081419,0.06581001305081419,2.0,40.0,0,12.0,27.0,0.0,0.0,0.0,0.0,0.0,0,0,0,0,0,0,1,0,0,0,0,0,0,0,0,0,1,0,0,0,1,0,0,0,0,1,0,Low,0.0
265.08499347027873,0.26508499347027875,2.0,40.0,0,5.0,15.0,0.0,0.0,0.0,0.0,0.0,0,0,0,0,0,0,1,0,0,0,0,0,0,0,0,1,0,0,1,0,0,0,0,1,0,0,0,Medium,33.9943342776204
29.86148450856446,0.02986148450856446,2.0,40.0,0,10.0,23.333333333333332,0.25,0.3333333333333333,0.0,0.0,0.0,0,0,0,0,0,0,1,0,0,0,0,0,0,1,0,0,0,1,0,0,0,1,0,0,0,0,0,Critical,96.01510859301229
79.45129312645464,0.07945129312645464,2.0,40.0,0,12.0,27.0,0.0,0.0,0.0,0.0,0.0,0,0,0,0,0,0,1,0,0,0,0,0,0,0,0,0,1,0,0,0,1,0,0,0,0,1,0,Low,0.0
100.40649595642714,0.10040649595642713,2.0,40.0,0,1.0,28.0,0.0,0.0,0.0,0.0,0.0,0,0,0,0,0,0,1,0,0,0,0,0,0,0,0,1,0,1,0,0,0,1,0,0,0,0,0,Medium,29.27289896128424
47.80327835566318,0.047803278355663184,2.0,40.0,0,20.0,16.0,0.0,0.0,0.0,0.0,0.0,0,0,0,0,0,0,1,0,0,0,0,0,0,1,0,0,0,1,0,0,0,0,0,0,1,0,0,Medium,41.1614730878187
61.80635357530211,0.06180635357530211,2.0,40.0,0,12.0,27.0,0.0,0.0,0.0,0.0,0.0,0,0,0,0,0,0,1,0,0,0,0,0,0,0,0,0,1,0,0,0,1,0,0,0,0,1,0,Low,0.0
128.3770602478433,0.12837706024784332,2.0,40.0,0,16.0,17.0,0.0,0.0,0.0,0.0,0.0,0,0,0,0,0,0,1,0,0,0,0,0,0,1,0,0,0,0,0,1,0,0,0,0,0,0,1,High,57.80925401322001
38.428354718086894,0.03842835471808689,2.0,40.0,0,22.0,32.0,0.0,0.0,0.0,0.0,0.0,0,0,0,0,0,0,1,0,0,0,0,0,0,1,0,0,0,1,0,0,0,0,1,0,0,0,0,Medium,49.405099150141645
43.25469515791803,0.04325469515791803,2.0,40.0,0,12.0,27.0,0.0,0.0,0.0,0.0,0.0,0,0,0,0,0,0,1,0,0,0,0,0,0,0,0,0,1,0,0,0,1,0,0,0,0,1,0,Low,0.0
365.6911116040612,0.3656911116040612,2.0,40.0,1,18.0,18.0,1.0,0.0,0.0,0.0,0.0,0,0,0,0,0,0,0,0,1,0,0,0,0,1,0,0,0,1,0,0,0,0,0,1,0,0,0,Medium,38.1586402266289
131.04252737105193,0.13104252737105193,2.0,40.0,0,6.0,19.0,0.0,0.0,0.0,0.0,0.0,0,0,0,0,0,0,0,0,1,0,0,0,0,0,0,1,0,0,1,0,0,1,0,0,0,0,0,High,57.80925401322001
79.56780201057272,0.07956780201057272,2.0,40.0,0,4.0,32.0,0.0,1.0,0.0,0.0,0.0,0,0,0,0,0,0,1,0,0,0,0,0,0,1,0,0,0,0,1,0,0,1,0,0,0,0,0,Medium,29.27289896128424
59.09642226772071,0.05909642226772071,2.0,40.0,0,3.0,20.0,0.0,0.0,0.0,0.0,0.0,0,1,0,0,0,0,0,0,0,0,0,0,0,1,0,0,0,0,0,1,0,0,0,0,1,0,0,High,53.56940509915015
61.89135197374511,0.06189135197374511,2.0,40.0,0,23.0,32.0,0.0,0.0,0.0,0.0,0.0,0,0,0,0,0,0,1,0,0,0,0,0,0,0,0,1,0,0,0,1,0,1,0,0,0,0,0,Medium,33.9943342776204
432.41425496728647,0.43241425496728647,2.0,40.0,0,11.0,31.0,0.0,0.0,0.0,0.0,0.0,0,0,0,0,0,0,0,0,1,0,0,0,0,0,0,1,0,1,0,0,0,0,0,0,0,0,1,Medium,33.9943342776204
573.7231250274036,0.5737231250274036,2.0,40.0,0,9.1,26.0,0.2,0.2,0.0,0.0,0.0,0,0,0,0,0,0,1,0,0,0,0,0,0,0,0,1,0,0,1,0,0,0,1,0,0,0,0,Critical,95.9395656279509
32.69150638037658,0.03269150638037658,2.0,40.0,0,12.0,27.0,0.0,0.0,0.0,0.0,0.0,0,0,0,0,0,0,1,0,0,0,0,0,0,0,0,0,1,0,0,0,1,0,0,0,0,1,0,Low,0.0
273.21304124884074,0.2732130412488407,2.0,40.0,0,22.0,30.0,0.0,1.0,0.0,0.0,0.0,0,0,0,0,0,0,1,0,0,0,0,0,0,0,1,0,0,0,1,0,0,1,0,0,0,0,0,Medium,49.405099150141645
191.60145776138668,0.19160145776138668,2.0,40.0,0,12.0,27.0,0.0,0.0,0.0,0.0,0.0,0,0,0,0,0,0,1,0,0,0,0,0,0,0,0,0,1,0,0,0,1,0,0,0,0,1,0,Low,0.0
312.68342570198024,0.31268342570198027,2.0,40.0,0,8.0,38.0,1.0,1.0,0.0,0.0,0.0,0,0,0,0,0,0,1,0,0,0,0,0,0,0,1,0,0,0,1,0,0,0,0,0,0,0,1,Medium,29.27289896128424
175.37653211979602,0.17537653211979604,2.0,40.0,0,12.0,27.0,0.0,0.0,0.0,0.0,0.0,0,0,0,0,0,0,1,0,0,0,0,0,0,0,0,0,1,0,0,0,1,0,0,0,0,1,0,Low,0.0
50.95747165699011,0.050957471656990105,2.0,40.0,0,12.0,27.0,0.0,0.0,0.0,0.0,0.0,0,0,0,0,0,0,1,0,0,0,0,0,0,0,0,0,1,0,0,0,1,0,0,0,0,1,0,Low,0.0
517.9974624651395,0.5179974624651396,2.0,40.0,0,10.25,27.75,0.125,0.40625,0.0,0.0,0.0,0,0,0,0,0,0,1,0,0,0,0,0,0,1,0,0,0,0,1,0,0,1,0,0,0,0,0,Critical,99.12181303116148
109.21799971738425,0.10921799971738425,2.0,40.0,1,15.0,22.0,0.0,1.0,0.0,0.0,0.0,0,0,0,0,0,0,0,1,0,0,0,0,0,1,0,0,0,1,0,0,0,0,0,0,0,0,1,Medium,44.68366383380548
57.58329166327184,0.057583291663271835,2.0,40.0,0,12.0,27.0,0.0,0.0,0.0,0.0,0.0,0,0,0,0,0,0,1,0,0,0,0,0,0,0,0,0,1,0,0,0,1,0,0,0,0,1,0,Low,0.0
83.30072132432699,0.08330072132432699,2.0,40.0,0,15.0,16.0,0.0,0.0,0.0,0.0,0.0,0,0,0,0,0,0,1,0,0,0,0,0,0,0,1,0,0,0,1,0,0,0,0,1,0,0,0,Medium,33.9943342776204
16.81438973225335,0.01681438973225335,2.0,40.0,0,12.0,27.0,0.0,0.0,0.0,0.0,0.0,0,0,0,0,0,0,1,0,0,0,0,0,0,0,0,0,1,0,0,0,1,0,0,0,0,1,0,Low,0.0
35.23145020533678,0.03523145020533678,2.0,40.0,0,12.0,27.0,0.0,0.0,0.0,0.0,0.0,0,0,0,0,0,0,1,0,0,0,0,0,0,0,0,0,1,0,0,0,1,0,0,0,0,1,0,Low,0.0
34.13889050189365,0.03413889050189365,2.0,40.0,0,12.0,27.0,0.0,0.0,0.0,0.0,0.0,0,0,0,0,0,0,1,0,0,0,0,0,0,0,0,0,1,0,0,0,1,0,0,0,0,1,0,Low,0.0
34.45979031880031,0.03445979031880031,2.0,40.0,0,23.0,40.0,0.0,1.0,0.0,0.0,0.0,0,0,0,0,0,0,1,0,0,0,0,0,0,1,0,0,0,0,1,0,0,0,0,1,0,0,0,Medium,29.27289896128424
100.8801292143591,0.1008801292143591,2.0,40.0,0,14.0,35.0,0.0,0.0,0.0,0.0,0.0,0,0,0,0,0,0,1,0,0,0,0,0,0,0,0,1,0,0,1,0,0,1,0,0,0,0,0,Medium,43.31444759206799
220.71270364927503,0.22071270364927503,2.0,40.0,0,10.0,37.0,1.0,0.0,0.0,0.0,0.0,0,0,0,0,0,0,1,0,0,0,0,0,0,0,1,0,0,0,1,0,0,1,0,0,0,0,0,Medium,29.27289896128424
245.04902757170413,0.24504902757170413,2.0,40.0,1,21.0,36.0,0.0,0.0,0.0,0.0,0.0,0,0,0,0,1,0,0,0,0,0,0,0,0,0,1,0,0,1,0,0,0,0,1,0,0,0,0,Medium,29.27289896128424
41.48358274063691,0.04148358274063691,2.0,40.0,0,12.0,27.0,0.0,0.0,0.0,0.0,0.0,0,0,0,0,0,0,1,0,0,0,0,0,0,0,0,0,1,0,0,0,1,0,0,0,0,1,0,Low,0.0
14.036363241679124,0.014036363241679124,2.0,40.0,0,10.0,27.0,1.0,0.0,0.0,0.0,0.0,0,0,0,0,0,0,1,0,0,0,0,0,0,0,0,1,0,0,0,1,0,1,0,0,0,0,0,High,58.72521246458924
8.531894087163451,0.008531894087163452,2.0,40.0,0,12.0,27.0,0.0,0.0,0.0,0.0,0.0,0,0,0,0,0,0,0,0,1,0,0,0,0,0,0,0,1,0,0,0,1,0,0,0,0,1,0,Low,0.0
98.633318804908,0.098633318804908,2.0,40.0,0,16.666666666666668,26.0,0.0,0.0,0.0,0.0,0.0,0,0,0,0,0,0,1,0,0,0,0,0,0,0,0,1,0,0,0,1,0,0,1,0,0,0,0,Critical,76.25118035882909
183.39040084025683,0.18339040084025682,2.0,40.0,0,12.0,27.0,0.0,0.0,0.0,0.0,0.0,0,0,0,0,0,0,1,0,0,0,0,0,0,0,0,0,1,0,0,0,1,0,0,0,0,1,0,Low,0.0
65.03466572122286,0.06503466572122286,2.0,40.0,0,12.0,27.0,0.0,0.0,0.0,0.0,0.0,0,0,0,0,0,0,0,0,1,0,0,0,0,0,0,0,1,0,0,0,1,0,0,0,0,1,0,Low,0.0
64.85829946047521,0.06485829946047521,2.0,40.0,0,14.0,36.0,0.0,0.0,0.0,0.0,0.0,0,0,0,0,0,0,1,0,0,0,0,0,0,1,0,0,0,0,0,1,0,0,0,0,0,0,1,Medium,38.1586402266289
63.370917754729135,0.06337091775472914,2.0,40.0,0,19.0,22.0,1.0,0.0,0.0,0.0,0.0,0,0,0,0,0,0,0,1,0,0,0,0,0,0,1,0,0,1,0,0,0,1,0,0,0,0,0,Medium,43.31444759206799
20.715098487712503,0.020715098487712504,2.0,40.0,0,12.0,27.0,0.0,0.0,0.0,0.0,0.0,0,0,0,0,0,0,1,0,0,0,0,0,0,0,0,0,1,0,0,0,1,0,0,0,0,1,0,Low,0.0
12.725045540326215,0.012725045540326215,2.0,40.0,0,12.0,27.0,0.0,0.0,0.0,0.0,0.0,0,0,0,0,0,0,1,0,0,0,0,0,0,0,0,0,1,0,0,0,1,0,0,0,0,1,0,Low,0.0
6.710496870930934,0.006710496870930934,2.0,40.0,0,12.0,27.0,0.0,0.0,0.0,0.0,0.0,0,0,0,0,0,0,0,0,1,0,0,0,0,0,0,0,1,0,0,0,1,0,0,0,0,1,0,Low,0.0
82.18726106532905,0.08218726106532906,2.0,40.0,1,11.166666666666666,29.166666666666668,0.0,0.16666666666666666,0.0,0.0,0.0,0,0,0,0,0,0,0,1,0,0,0,0,0,0,1,0,0,1,0,0,0,0,0,1,0,0,0,Critical,94.92917847025495
11.14302900031024,0.011143029000310238,2.0,40.0,0,12.0,27.0,0.0,0.0,0.0,0.0,0.0,0,0,0,0,0,0,1,0,0,0,0,0,0,0,0,0,1,0,0,0,1,0,0,0,0,1,0,Low,0.0
109.59402131018476,0.10959402131018475,2.0,40.0,0,12.0,27.0,0.0,0.0,0.0,0.0,0.0,0,0,0,0,0,0,1,0,0,0,0,0,0,0,0,0,1,0,0,0,1,0,0,0,0,1,0,Low,0.0
121.5491261559868,0.1215491261559868,2.0,40.0,0,5.0,39.0,0.0,0.0,0.0,0.0,0.0,0,0,0,0,0,0,1,0,0,0,0,0,0,0,1,0,0,0,1,0,0,0,1,0,0,0,0,High,61.97355996222852
39.01517401377984,0.03901517401377984,2.0,40.0,0,12.0,27.0,0.0,0.0,0.0,0.0,0.0,0,0,0,0,0,0,1,0,0,0,0,0,0,0,0,0,1,0,0,0,1,0,0,0,0,1,0,Low,0.0
137.28141405608025,0.13728141405608024,2.0,40.0,0,4.0,17.0,0.0,0.0,0.0,0.0,0.0,0,0,0,0,0,0,1,0,0,0,0,0,0,0,0,1,0,0,1,0,0,0,0,1,0,0,0,High,68.60245514636449
100.5177255492711,0.1005177255492711,2.0,40.0,0,11.0,27.0,0.0,0.0,0.0,0.0,0.0,0,0,0,0,0,0,1,0,0,0,0,0,0,0,0,1,0,0,0,1,0,0,1,0,0,0,0,Medium,33.9943342776204
171.6386510454259,0.1716386510454259,2.0,40.0,0,19.0,38.0,1.0,0.0,0.0,0.0,0.0,0,0,0,0,0,0,1,0,0,0,0,0,0,1,0,0,0,1,0,0,0,0,0,0,1,0,0,Medium,49.405099150141645
107.25074284972294,0.10725074284972294,2.0,40.0,0,3.0,33.0,0.0,0.0,0.0,0.0,0.0,0,0,0,0,0,0,1,0,0,0,0,0,0,0,1,0,0,0,1,0,0,0,0,0,1,0,0,Medium,44.68366383380548
67.19326756361211,0.06719326756361212,2.0,40.0,0,12.0,27.0,0.0,0.0,0.0,0.0,0.0,0,0,0,0,0,0,1,0,0,0,0,0,0,0,0,0,1,0,0,0,1,0,0,0,0,1,0,Low,0.0
43.97542737974725,0.04397542737974725,2.0,40.0,0,12.0,27.0,0.0,0.0,0.0,0.0,0.0,0,0,0,0,0,0,1,0,0,0,0,0,0,0,0,0,1,0,0,0,1,0,0,0,0,1,0,Low,0.0
19.77842807810841,0.01977842807810841,2.0,40.0,0,10.0,36.0,1.0,0.0,0.0,0.0,0.0,0,0,0,0,0,0,0,0,0,0,0,0,1,1,0,0,0,1,0,0,0,0,0,1,0,0,0,Medium,41.1614730878187
114.94644371220842,0.11494644371220843,2.0,40.0,1,17.0,39.0,1.0,0.0,0.0,0.0,0.0,0,0,0,0,0,1,0,0,0,0,0,0,0,0,1,0,0,0,0,1,0,0,0,0,0,0,1,High,58.72521246458924
143.36265632437642,0.14336265632437642,2.0,40.0,0,12.0,27.0,0.0,0.0,0.0,0.0,0.0,0,0,0,0,0,0,1,0,0,0,0,0,0,0,0,0,1,0,0,0,1,0,0,0,0,1,0,Low,0.0
31.420531374770636,0.03142053137477064,2.0,40.0,0,12.0,27.0,0.0,0.0,0.0,0.0,0.0,0,0,0,0,0,0,1,0,0,0,0,0,0,0,0,0,1,0,0,0,1,0,0,0,0,1,0,Low,0.0
59.76388848907923,0.05976388848907923,2.0,40.0,0,21.0,32.0,0.0,1.0,0.0,0.0,0.0,0,0,0,0,0,0,1,0,0,0,0,0,0,0,0,1,0,0,0,1,0,0,0,1,0,0,0,High,64.97639282341832
215.7889173491085,0.2157889173491085,2.0,40.0,0,11.974137931034482,26.25,0.31896551724137934,0.3017241379310345,0.0,0.0,0.0,0,0,0,0,0,0,1,0,0,0,0,0,0,0,1,0,0,1,0,0,0,0,0,1,0,0,0,Critical,99.9244570349386
34.021845618624084,0.034021845618624084,2.0,40.0,0,14.0,15.0,0.0,0.0,0.0,0.0,0.0,0,0,0,0,0,0,1,0,0,0,0,0,0,0,0,1,0,0,0,1,0,0,1,0,0,0,0,Medium,43.31444759206799
35.63455144263135,0.03563455144263135,2.0,40.0,0,12.0,27.0,0.0,0.0,0.0,0.0,0.0,0,0,0,0,0,0,1,0,0,0,0,0,0,0,0,0,1,0,0,0,1,0,0,0,0,1,0,Low,0.0
79.84394454324871,0.07984394454324871,2.0,40.0,1,12.0,27.0,0.0,0.0,0.0,0.0,0.0,0,0,0,0,0,0,0,0,1,0,0,0,0,0,0,0,1,0,0,0,1,0,0,0,0,1,0,Low,0.0
362.5789404104417,0.3625789404104417,2.0,40.0,0,2.0,37.0,0.0,0.0,0.0,0.0,0.0,0,0,0,0,0,0,0,1,0,0,0,0,0,0,0,1,0,0,0,1,0,0,0,0,1,0,0,High,53.56940509915015
53.58262442496902,0.05358262442496902,2.0,40.0,0,12.0,27.0,0.0,0.0,0.0,0.0,0.0,0,0,0,0,0,0,1,0,0,0,0,0,0,0,0,0,1,0,0,0,1,0,0,0,0,1,0,Low,0.0
57.50091623931828,0.05750091623931828,2.0,40.0,0,14.5,29.5,0.5,0.0,0.0,0.0,0.0,0,0,0,0,0,0,1,0,0,0,0,0,0,0,0,1,0,1,0,0,0,1,0,0,0,0,0,Critical,80.3116147308782
26.967984176766663,0.026967984176766664,2.0,40.0,0,12.0,27.0,0.0,0.0,0.0,0.0,0.0,0,0,0,0,0,0,1,0,0,0,0,0,0,0,0,0,1,0,0,0,1,0,0,0,0,1,0,Low,0.0
53.61577366091485,0.05361577366091485,2.0,40.0,0,13.0,23.0,0.0,1.0,0.0,0.0,0.0,0,0,0,0,0,0,1,0,0,0,0,0,0,0,1,0,0,0,0,1,0,0,0,0,0,0,1,Medium,38.1586402266289
69.1772277843771,0.0691772277843771,2.0,40.0,0,2.0,27.0,0.0,0.0,0.0,0.0,0.0,0,0,0,0,0,0,1,0,0,0,0,0,0,0,0,1,0,0,1,0,0,0,0,1,0,0,0,High,53.56940509915015
39.59901678712474,0.03959901678712474,2.0,40.0,0,12.0,27.0,0.0,0.0,0.0,0.0,0.0,0,0,0,0,0,0,1,0,0,0,0,0,0,0,0,0,1,0,0,0,1,0,0,0,0,1,0,Low,0.0
741.3676021300988,0.7413676021300988,2.0,40.0,1,11.0,21.0,0.0,1.0,0.0,0.0,0.0,0,0,0,0,1,0,0,0,0,0,0,0,0,1,0,0,0,0,1,0,0,0,0,1,0,0,0,Medium,41.1614730878187
268.35993255639323,0.26835993255639323,2.0,40.0,0,23.0,33.0,0.0,1.0,0.0,0.0,0.0,0,0,0,0,0,0,1,0,0,0,0,0,0,1,0,0,0,0,0,1,0,0,0,1,0,0,0,Medium,33.9943342776204
30.972233842929217,0.030972233842929218,2.0,40.0,0,12.0,27.0,0.0,0.0,0.0,0.0,0.0,0,0,0,0,0,0,1,0,0,0,0,0,0,0,0,0,1,0,0,0,1,0,0,0,0,1,0,Low,0.0
21.909126656020224,0.021909126656020225,2.0,40.0,0,12.0,27.0,0.0,0.0,0.0,0.0,0.0,0,0,0,0,0,0,1,0,0,0,0,0,0,0,0,0,1,0,0,0,1,0,0,0,0,1,0,Low,0.0
23.310923826623377,0.023310923826623378,2.0,40.0,0,12.0,27.0,0.0,0.0,0.0,0.0,0.0,0,0,0,0,0,0,1,0,0,0,0,0,0,0,0,0,1,0,0,0,1,0,0,0,0,1,0,Low,0.0
105.19447899651642,0.10519447899651642,2.0,40.0,0,12.0,27.0,0.0,0.0,0.0,0.0,0.0,0,0,0,0,0,0,1,0,0,0,0,0,0,0,0,0,1,0,0,0,1,0,0,0,0,1,0,Low,0.0
206.72081650532428,0.20672081650532428,2.0,40.0,0,12.0,27.0,0.0,0.0,0.0,0.0,0.0,0,0,0,0,0,0,1,0,0,0,0,0,0,0,0,0,1,0,0,0,1,0,0,0,0,1,0,Low,0.0
85.50398166664681,0.08550398166664681,2.0,40.0,0,12.0,27.0,0.0,0.0,0.0,0.0,0.0,0,0,0,0,0,0,1,0,0,0,0,0,0,0,0,0,1,0,0,0,1,0,0,0,0,1,0,Low,0.0
152.7605649136746,0.15276056491367462,2.0,40.0,1,12.0,27.0,0.0,0.0,0.0,0.0,0.0,0,0,0,0,1,0,0,0,0,0,0,0,0,0,0,0,1,0,0,0,1,0,0,0,0,1,0,Low,0.0
34.2352728535975,0.0342352728535975,2.0,40.0,0,22.0,28.0,0.0,0.0,0.0,0.0,0.0,0,0,0,0,0,0,0,0,1,0,0,0,0,0,0,1,0,0,1,0,0,0,0,0,1,0,0,High,56.57223796033995
35.66796488103228,0.035667964881032285,2.0,40.0,0,12.0,27.0,0.0,0.0,0.0,0.0,0.0,0,0,0,0,0,0,1,0,0,0,0,0,0,0,0,0,1,0,0,0,1,0,0,0,0,1,0,Low,0.0
26.65294884630979,0.02665294884630979,2.0,40.0,0,12.0,27.0,0.0,0.0,0.0,0.0,0.0,0,0,0,0,0,0,0,0,1,0,0,0,0,0,0,0,1,0,0,0,1,0,0,0,0,1,0,Low,0.0
86.84725805622823,0.08684725805622823,2.0,40.0,0,22.0,28.0,0.0,0.0,0.0,0.0,0.0,0,0,0,0,0,0,1,0,0,0,0,0,0,0,0,1,0,1,0,0,0,0,0,0,1,0,0,Medium,41.1614730878187
100.07777557779563,0.10007777557779564,2.0,40.0,0,6.0,28.0,0.0,0.0,0.0,0.0,0.0,0,0,0,0,0,0,1,0,0,0,0,0,0,1,0,0,0,1,0,0,0,0,0,0,0,0,1,Medium,29.27289896128424
25.06594138987753,0.02506594138987753,2.0,40.0,0,12.0,27.0,0.0,0.0,0.0,0.0,0.0,0,0,0,0,0,0,1,0,0,0,0,0,0,0,0,0,1,0,0,0,1,0,0,0,0,1,0,Low,0.0
49.580600840915785,0.049580600840915784,2.0,40.0,0,12.0,27.0,0.0,0.0,0.0,0.0,0.0,0,0,0,0,0,0,1,0,0,0,0,0,0,0,0,0,1,0,0,0,1,0,0,0,0,1,0,Low,0.0
31.480162327677235,0.03148016232767723,2.0,40.0,0,23.0,26.0,0.0,1.0,0.0,0.0,0.0,0,0,0,0,0,0,1,0,0,0,0,0,0,0,1,0,0,0,0,1,0,0,1,0,0,0,0,Medium,29.27289896128424
392.6350258254787,0.3926350258254787,2.0,40.0,0,7.0,32.0,0.0,1.0,0.0,0.0,0.0,0,0,0,0,0,0,1,0,0,0,0,0,0,0,1,0,0,0,1,0,0,0,0,1,0,0,0,Medium,44.68366383380548
146.56431948010635,0.14656431948010634,2.0,40.0,0,12.0,27.0,0.0,0.0,0.0,0.0,0.0,0,0,0,0,0,0,1,0,0,0,0,0,0,0,0,0,1,0,0,0,1,0,0,0,0,1,0,Low,0.0
125.9456099401534,0.1259456099401534,2.0,40.0,0,9.0,34.0,1.0,0.0,0.0,0.0,0.0,0,0,0,0,0,0,1,0,0,0,0,0,0,0,1,0,0,0,0,1,0,0,0,0,0,0,1,High,61.97355996222852
58.12885421673082,0.05812885421673082,2.0,40.0,0,1.0,21.0,0.0,0.0,0.0,0.0,0.0,0,0,0,0,0,0,1,0,0,0,0,0,0,0,0,1,0,0,0,1,0,0,1,0,0,0,0,Medium,49.405099150141645
112.75634053279433,0.11275634053279432,2.0,40.0,0,5.0,22.0,0.0,0.0,0.0,0.0,0.0,0,0,0,0,0,0,0,0,1,0,0,0,0,0,1,0,0,0,1,0,0,0,0,0,0,0,1,Medium,43.31444759206799
88.02771787841348,0.08802771787841349,2.0,40.0,1,22.0,30.0,0.0,1.0,0.0,0.0,0.0,0,0,0,0,0,0,0,1,0,0,0,0,0,0,0,1,0,1,0,0,0,0,0,0,1,0,0,High,56.57223796033995
102.69003722246376,0.10269003722246375,2.0,40.0,0,12.0,27.0,0.0,0.0,0.0,0.0,0.0,0,0,0,0,0,0,1,0,0,0,0,0,0,0,0,0,1,0,0,0,1,0,0,0,0,1,0,Low,0.0
259.6166112462804,0.2596166112462804,2.0,40.0,0,20.0,33.0,0.0,0.0,0.0,0.0,0.0,0,0,0,0,0,0,1,0,0,0,0,0,0,0,0,1,0,0,1,0,0,0,0,1,0,0,0,Medium,49.405099150141645
97.68069954186304,0.09768069954186304,2.0,40.0,0,6.0,34.0,0.0,0.0,0.0,0.0,0.0,0,0,0,0,0,0,0,0,1,0,0,0,0,1,0,0,0,0,0,1,0,0,1,0,0,0,0,Medium,49.405099150141645
7.958272863789317,0.007958272863789317,2.0,40.0,0,13.0,24.714285714285715,0.2857142857142857,0.35714285714285715,0.0,0.0,0.0,0,0,0,0,0,0,0,0,1,0,0,0,0,0,1,0,0,0,0,1,0,0,0,0,1,0,0,Critical,97.24268177525968
88.12926956214358,0.08812926956214358,2.0,40.0,0,22.0,35.0,0.0,1.0,0.0,0.0,0.0,0,0,0,0,0,0,1,0,0,0,0,0,0,0,0,1,0,0,0,1,0,0,0,0,0,0,1,Medium,33.9943342776204
111.31355821953726,0.11131355821953726,2.0,50.0,0,16.0,40.0,0.0,0.0,0.0,0.0,0.0,0,0,0,0,0,0,0,0,1,0,0,0,0,0,0,1,0,0,0,1,0,1,0,0,0,0,0,High,68.60245514636449
10.748934559210628,0.010748934559210627,2.0,40.0,0,12.0,27.0,0.0,0.0,0.0,0.0,0.0,0,0,0,0,0,0,1,0,0,0,0,0,0,0,0,0,1,0,0,0,1,0,0,0,0,1,0,Low,0.0
157.06566616304963,0.15706566616304962,2.0,40.0,0,10.0,30.0,1.0,0.0,0.0,0.0,0.0,0,0,0,0,0,0,1,0,0,0,0,0,0,0,0,1,0,0,0,1,0,0,0,0,0,0,1,Medium,44.68366383380548
165.9711392629771,0.1659711392629771,2.0,40.0,0,13.0,33.0,0.0,0.0,0.0,0.0,0.0,0,0,0,0,0,0,0,0,1,0,0,0,0,0,0,1,0,0,0,1,0,0,0,1,0,0,0,High,57.80925401322001
68.20958922844652,0.06820958922844651,2.0,40.0,0,12.0,27.0,0.0,0.0,0.0,0.0,0.0,0,0,0,0,0,0,1,0,0,0,0,0,0,0,0,0,1,0,0,0,1,0,0,0,0,1,0,Low,0.0
49.62795478881888,0.04962795478881888,2.0,20.0,0,6.0,18.0,0.0,0.0,0.0,0.0,0.0,0,0,0,0,0,0,1,0,0,0,0,0,0,0,0,1,0,0,1,0,0,0,0,1,0,0,0,Medium,29.27289896128424
5.041024908610694,0.005041024908610694,2.0,40.0,0,12.0,27.0,0.0,0.0,0.0,0.0,0.0,0,0,0,0,0,0,1,0,0,0,0,0,0,0,0,0,1,0,0,0,1,0,0,0,0,1,0,Low,0.0
66.94955046117178,0.06694955046117178,2.0,40.0,0,12.0,27.0,0.0,0.0,0.0,0.0,0.0,0,0,0,0,0,0,1,0,0,0,0,0,0,0,0,0,1,0,0,0,1,0,0,0,0,1,0,Low,0.0
118.89315234647648,0.11889315234647649,2.0,40.0,0,12.0,27.0,0.0,0.0,0.0,0.0,0.0,0,0,0,0,0,0,1,0,0,0,0,0,0,0,0,0,1,0,0,0,1,0,0,0,0,1,0,Low,0.0
37.16698397514328,0.03716698397514328,2.0,40.0,0,12.0,27.0,0.0,0.0,0.0,0.0,0.0,0,0,0,0,0,0,1,0,0,0,0,0,0,0,0,0,1,0,0,0,1,0,0,0,0,1,0,Low,0.0
33.820612258479514,0.033820612258479515,2.0,40.0,0,12.0,27.0,0.0,0.0,0.0,0.0,0.0,0,0,0,0,0,0,1,0,0,0,0,0,0,0,0,0,1,0,0,0,1,0,0,0,0,1,0,Low,0.0
50.02040791389567,0.05002040791389567,2.0,40.0,0,12.0,27.0,0.0,0.0,0.0,0.0,0.0,0,0,0,0,0,0,0,0,0,0,0,0,1,0,0,0,1,0,0,0,1,0,0,0,0,1,0,Low,0.0
181.98835022481367,0.18198835022481366,2.0,40.0,0,4.0,37.0,0.0,0.0,0.0,0.0,0.0,0,0,0,0,0,0,1,0,0,0,0,0,0,1,0,0,0,0,0,1,0,1,0,0,0,0,0,Medium,44.68366383380548
58.34592229250946,0.058345922292509456,2.0,40.0,0,12.0,27.0,0.0,0.0,0.0,0.0,0.0,0,0,0,0,0,0,1,0,0,0,0,0,0,0,0,0,1,0,0,0,1,0,0,0,0,1,0,Low,0.0
92.57265243373676,0.09257265243373676,2.0,40.0,0,12.0,27.0,0.0,0.0,0.0,0.0,0.0,0,1,0,0,0,0,0,0,0,0,0,0,0,0,0,0,1,0,0,0,1,0,0,0,0,1,0,Low,0.0
6884.930632425227,6.884930632425227,3.0,120.0,1,11.0,34.333333333333336,0.3333333333333333,0.3333333333333333,0.0,0.0,0.0,0,0,1,0,0,0,0,0,0,0,0,0,0,0,1,0,0,0,1,0,0,1,0,0,0,0,0,Critical,81.04815864022663
49.23728706005117,0.04923728706005117,2.0,40.0,0,19.0,30.0,1.0,0.0,0.0,0.0,0.0,0,0,0,0,0,0,1,0,0,0,0,0,0,1,0,0,0,0,0,1,0,0,0,0,1,0,0,High,67.12936732766761
129.0912711642147,0.1290912711642147,2.0,40.0,0,8.0,26.0,1.0,1.0,0.0,0.0,0.0,0,0,0,0,0,0,1,0,0,0,0,0,0,0,1,0,0,0,0,1,0,1,0,0,0,0,0,High,57.80925401322001
15.054789291255569,0.015054789291255569,2.0,40.0,0,12.0,27.0,0.0,0.0,0.0,0.0,0.0,0,0,0,0,0,0,1,0,0,0,0,0,0,0,0,0,1,0,0,0,1,0,0,0,0,1,0,Low,0.0
45.026578913740906,0.04502657891374091,2.0,40.0,0,12.0,27.0,0.0,0.0,0.0,0.0,0.0,0,0,0,0,0,0,1,0,0,0,0,0,0,0,0,0,1,0,0,0,1,0,0,0,0,1,0,Low,0.0
135.19340762009597,0.13519340762009596,2.0,40.0,0,12.0,27.0,0.0,0.0,0.0,0.0,0.0,0,0,0,0,0,0,1,0,0,0,0,0,0,0,0,0,1,0,0,0,1,0,0,0,0,1,0,Low,0.0
19.404427819994133,0.019404427819994133,2.0,40.0,0,12.0,27.0,0.0,0.0,0.0,0.0,0.0,0,0,0,0,0,0,1,0,0,0,0,0,0,0,0,0,1,0,0,0,1,0,0,0,0,1,0,Low,0.0
67.27042269790127,0.06727042269790126,2.0,40.0,0,12.0,28.333333333333332,0.16666666666666666,0.4444444444444444,0.0,0.0,0.0,0,0,0,0,0,0,1,0,0,0,0,0,0,0,1,0,0,1,0,0,0,0,1,0,0,0,0,Critical,98.08309726156752
131.47144860114474,0.13147144860114474,2.0,40.0,0,12.0,27.0,0.0,0.0,0.0,0.0,0.0,0,0,0,0,0,0,1,0,0,0,0,0,0,0,0,0,1,0,0,0,1,0,0,0,0,1,0,Low,0.0
64.57300172542494,0.06457300172542495,2.0,40.0,0,2.0,21.0,0.0,0.0,0.0,0.0,0.0,0,0,0,0,0,0,1,0,0,0,0,0,0,1,0,0,0,0,1,0,0,0,0,0,0,0,1,Medium,44.68366383380548
32.3949700038591,0.0323949700038591,2.0,40.0,0,10.0,23.0,1.0,1.0,0.0,0.0,0.0,0,0,0,0,0,0,1,0,0,0,0,0,0,0,1,0,0,1,0,0,0,0,0,0,0,0,1,Medium,41.1614730878187
89.19745580277082,0.08919745580277082,2.0,40.0,0,12.0,27.0,0.0,0.0,0.0,0.0,0.0,0,0,0,0,0,0,1,0,0,0,0,0,0,0,0,0,1,0,0,0,1,0,0,0,0,1,0,Low,0.0
158.94366213767697,0.15894366213767697,2.0,40.0,0,12.0,27.0,0.0,0.0,0.0,0.0,0.0,0,0,0,0,0,0,1,0,0,0,0,0,0,0,0,0,1,0,0,0,1,0,0,0,0,1,0,Low,0.0
103.39983032182234,0.10339983032182233,2.0,40.0,1,12.0,27.0,0.0,0.0,0.0,0.0,0.0,0,0,0,0,0,0,0,0,1,0,0,0,0,0,0,0,1,0,0,0,1,0,0,0,0,1,0,Low,0.0
48.0625407926316,0.0480625407926316,2.0,40.0,0,1.0,32.0,0.0,0.0,0.0,0.0,0.0,0,0,0,0,0,0,1,0,0,0,0,0,0,0,1,0,0,0,1,0,0,0,0,0,1,0,0,High,57.80925401322001
469.663032295892,0.46966303229589196,2.0,40.0,1,13.0,31.0,0.0,1.0,0.0,0.0,0.0,0,0,0,0,1,0,0,0,0,0,0,0,0,1,0,0,0,0,1,0,0,0,0,1,0,0,0,Medium,33.9943342776204
37.77784722309126,0.03777784722309126,2.0,40.0,0,12.0,27.0,0.0,0.0,0.0,0.0,0.0,0,0,0,0,0,0,1,0,0,0,0,0,0,0,0,0,1,0,0,0,1,0,0,0,0,1,0,Low,0.0
17.976613058198467,0.017976613058198466,2.0,40.0,0,12.0,27.0,0.0,0.0,0.0,0.0,0.0,0,0,0,0,0,0,1,0,0,0,0,0,0,0,0,0,1,0,0,0,1,0,0,0,0,1,0,Low,0.0
20.784665119016832,0.020784665119016832,2.0,40.0,0,12.0,27.0,0.0,0.0,0.0,0.0,0.0,0,0,0,0,0,0,1,0,0,0,0,0,0,0,0,0,1,0,0,0,1,0,0,0,0,1,0,Low,0.0
75.57752796667182,0.07557752796667182,2.0,40.0,0,12.0,27.0,0.0,0.0,0.0,0.0,0.0,0,0,0,0,0,0,1,0,0,0,0,0,0,0,0,0,1,0,0,0,1,0,0,0,0,1,0,Low,0.0
99.68829933391244,0.09968829933391243,2.0,40.0,0,12.0,27.0,0.0,0.0,0.0,0.0,0.0,0,0,0,0,0,0,1,0,0,0,0,0,0,0,0,0,1,0,0,0,1,0,0,0,0,1,0,Low,0.0
262.1582013613282,0.2621582013613282,2.0,40.0,0,13.0,28.0,0.0,0.0,0.0,0.0,0.0,0,0,0,0,0,0,1,0,0,0,0,0,0,1,0,0,0,1,0,0,0,0,0,0,0,0,1,High,56.57223796033995
29.79161867157527,0.02979161867157527,2.0,40.0,0,12.0,27.0,0.0,0.0,0.0,0.0,0.0,0,0,0,0,0,0,1,0,0,0,0,0,0,0,0,0,1,0,0,0,1,0,0,0,0,1,0,Low,0.0
125.59867219778609,0.1255986721977861,2.0,40.0,0,17.0,16.0,1.0,1.0,0.0,0.0,0.0,0,0,0,0,0,0,1,0,0,0,0,0,0,1,0,0,0,1,0,0,0,1,0,0,0,0,0,Medium,38.1586402266289
40.01211031434632,0.04001211031434632,2.0,40.0,0,10.0,39.0,1.0,0.0,0.0,0.0,0.0,0,0,0,0,0,0,1,0,0,0,0,0,0,1,0,0,0,0,0,1,0,0,0,1,0,0,0,Medium,41.1614730878187
26.8960958223504,0.0268960958223504,2.0,40.0,0,21.0,32.0,0.0,0.0,0.0,0.0,0.0,0,0,0,0,0,0,0,1,0,0,0,0,0,1,0,0,0,0,1,0,0,0,0,0,1,0,0,High,64.97639282341832
110.80275733926683,0.11080275733926684,2.0,40.0,0,12.0,27.0,0.0,0.0,0.0,0.0,0.0,0,0,0,0,0,0,1,0,0,0,0,0,0,0,0,0,1,0,0,0,1,0,0,0,0,1,0,Low,0.0
12.391404853415592,0.012391404853415592,2.0,40.0,0,12.0,27.0,0.0,0.0,0.0,0.0,0.0,0,0,0,0,0,0,0,0,1,0,0,0,0,0,0,0,1,0,0,0,1,0,0,0,0,1,0,Low,0.0
38.28822510711081,0.03828822510711081,2.0,40.0,0,17.0,26.0,1.0,0.0,0.0,0.0,0.0,0,0,0,0,0,0,1,0,0,0,0,0,0,0,1,0,0,0,0,1,0,0,1,0,0,0,0,Medium,43.31444759206799
17.050199214923467,0.017050199214923466,2.0,40.0,0,8.5,24.5,0.5,0.5,0.0,0.0,0.0,0,0,0,0,0,0,1,0,0,0,0,0,0,1,0,0,0,0,1,0,0,0,0,1,0,0,0,High,73.1444759206799
97.91540240921218,0.09791540240921218,2.0,40.0,0,17.0,16.0,1.0,0.0,0.0,0.0,0.0,0,0,0,0,0,0,1,0,0,0,0,0,0,0,1,0,0,1,0,0,0,1,0,0,0,0,0,High,53.56940509915015
49.540057287685954,0.04954005728768596,2.0,40.0,0,6.0,40.0,0.0,0.0,0.0,0.0,0.0,0,0,0,0,0,0,1,0,0,0,0,0,0,1,0,0,0,0,1,0,0,0,0,0,0,0,1,Medium,49.405099150141645
308.7784245574202,0.30877842455742016,2.0,40.0,1,13.0,37.0,0.0,0.0,0.0,0.0,0.0,0,0,0,0,0,0,0,1,0,0,0,0,0,0,0,1,0,0,0,1,0,0,1,0,0,0,0,Medium,33.9943342776204
35.376631454791344,0.03537663145479134,2.0,40.0,0,12.0,27.0,0.0,0.0,0.0,0.0,0.0,0,0,0,0,0,0,0,0,1,0,0,0,0,0,0,0,1,0,0,0,1,0,0,0,0,1,0,Low,0.0
121.25975495803677,0.12125975495803677,2.0,40.0,0,5.0,17.0,0.0,0.0,0.0,0.0,0.0,0,0,0,0,0,0,1,0,0,0,0,0,0,0,1,0,0,0,0,1,0,0,0,1,0,0,0,High,64.97639282341832
49.44256126389895,0.049442561263898954,2.0,40.0,0,18.0,22.0,0.0,0.5,0.0,0.0,0.0,0,0,0,0,0,0,1,0,0,0,0,0,0,0,1,0,0,0,0,1,0,1,0,0,0,0,0,Critical,91.32200188857414
48.51537435774857,0.04851537435774857,2.0,40.0,0,23.0,28.0,0.0,0.0,0.0,0.0,0.0,0,0,0,0,0,0,1,0,0,0,0,0,0,0,1,0,0,0,0,1,0,1,0,0,0,0,0,High,67.12936732766761
62.59869856697586,0.06259869856697586,2.0,40.0,0,5.0,38.0,0.0,0.0,0.0,0.0,0.0,0,0,0,0,0,0,1,0,0,0,0,0,0,0,0,1,0,0,1,0,0,0,0,1,0,0,0,Medium,29.27289896128424
22.63260408571256,0.022632604085712563,2.0,40.0,0,12.0,27.0,0.0,0.0,0.0,0.0,0.0,0,0,0,0,0,0,1,0,0,0,0,0,0,0,0,0,1,0,0,0,1,0,0,0,0,1,0,Low,0.0
56.84774409990075,0.05684774409990075,2.0,40.0,0,12.0,27.0,0.0,0.0,0.0,0.0,0.0,0,0,0,0,0,0,1,0,0,0,0,0,0,0,0,0,1,0,0,0,1,0,0,0,0,1,0,Low,0.0
47.64101978643805,0.04764101978643805,2.0,40.0,0,12.0,27.0,0.0,0.0,0.0,0.0,0.0,0,0,0,0,0,0,1,0,0,0,0,0,0,0,0,0,1,0,0,0,1,0,0,0,0,1,0,Low,0.0
63.87317109658293,0.06387317109658293,2.0,40.0,0,11.384615384615385,27.076923076923077,0.23076923076923078,0.23076923076923078,0.0,0.0,0.0,0,0,0,0,0,0,1,0,0,0,0,0,0,0,1,0,0,0,1,0,0,1,0,0,0,0,0,Critical,96.81775259678945
17.553360335504475,0.017553360335504475,2.0,40.0,0,12.0,27.0,0.0,0.0,0.0,0.0,0.0,0,0,0,0,0,0,1,0,0,0,0,0,0,0,0,0,1,0,0,0,1,0,0,0,0,1,0,Low,0.0
180.97379700744585,0.18097379700744584,2.0,40.0,0,21.0,37.0,0.0,0.0,0.0,0.0,0.0,0,0,0,0,0,0,1,0,0,0,0,0,0,1,0,0,0,0,0,1,0,0,0,1,0,0,0,Medium,41.1614730878187
32.501932891795434,0.03250193289179543,2.0,40.0,0,12.0,27.0,0.0,0.0,0.0,0.0,0.0,0,0,0,0,0,0,1,0,0,0,0,0,0,0,0,0,1,0,0,0,1,0,0,0,0,1,0,Low,0.0
33.72174566619344,0.033721745666193445,2.0,40.0,0,12.0,27.0,0.0,0.0,0.0,0.0,0.0,0,0,0,0,0,0,0,0,1,0,0,0,0,0,0,0,1,0,0,0,1,0,0,0,0,1,0,Low,0.0
228.1719826610525,0.2281719826610525,2.0,40.0,1,5.0,34.0,0.0,1.0,0.0,0.0,0.0,0,0,0,0,0,0,0,1,0,0,0,0,0,0,1,0,0,1,0,0,0,1,0,0,0,0,0,Medium,29.27289896128424
63.04540524526753,0.06304540524526753,2.0,40.0,0,12.0,27.0,0.0,0.0,0.0,0.0,0.0,0,0,0,0,0,0,1,0,0,0,0,0,0,0,0,0,1,0,0,0,1,0,0,0,0,1,0,Low,0.0
21.84779823017253,0.02184779823017253,2.0,40.0,0,12.0,27.0,0.0,0.0,0.0,0.0,0.0,0,0,0,0,0,0,1,0,0,0,0,0,0,0,0,0,1,0,0,0,1,0,0,0,0,1,0,Low,0.0
96.31999240715692,0.09631999240715691,2.0,20.0,1,11.0,18.0,0.0,0.0,0.0,0.0,0.0,0,0,0,0,0,0,0,0,1,0,0,0,0,1,0,0,0,0,1,0,0,1,0,0,0,0,0,Medium,49.405099150141645
220.91941232478425,0.22091941232478424,2.0,40.0,0,12.0,27.0,0.0,0.0,0.0,0.0,0.0,0,0,0,0,0,0,0,0,0,0,0,0,1,0,0,0,1,0,0,0,1,0,0,0,0,1,0,Low,0.0
34.66040587852507,0.03466040587852507,2.0,40.0,0,11.96,28.36,0.32,0.28,0.0,0.0,0.0,0,0,0,0,0,0,1,0,0,0,0,0,0,1,0,0,0,1,0,0,0,0,1,0,0,0,0,Critical,98.73465533522192
29.389204232061417,0.029389204232061417,2.0,40.0,0,12.0,27.0,0.0,0.0,0.0,0.0,0.0,0,0,0,0,0,0,1,0,0,0,0,0,0,0,0,0,1,0,0,0,1,0,0,0,0,1,0,Low,0.0
81.75475440952656,0.08175475440952655,2.0,40.0,0,5.0,24.0,0.0,0.0,0.0,0.0,0.0,0,0,0,0,0,0,0,0,1,0,0,0,0,0,0,1,0,1,0,0,0,0,0,0,0,0,1,Medium,43.31444759206799
44.91682923753806,0.04491682923753806,2.0,40.0,0,1.0,34.0,0.0,0.0,0.0,0.0,0.0,0,0,0,0,0,0,1,0,0,0,0,0,0,1,0,0,0,0,1,0,0,0,1,0,0,0,0,Medium,29.27289896128424
144.74236638972872,0.1447423663897287,2.0,40.0,0,6.0,23.0,0.0,0.0,0.0,0.0,0.0,0,0,0,0,0,0,1,0,0,0,0,0,0,0,0,1,0,0,0,1,0,1,0,0,0,0,0,Medium,44.68366383380548
19.0961824244358,0.0190961824244358,2.0,40.0,0,12.0,37.0,0.0,1.0,0.0,0.0,0.0,0,0,0,0,0,0,1,0,0,0,0,0,0,0,0,1,0,0,0,1,0,0,0,0,0,0,1,High,61.97355996222852
218.90809786902005,0.21890809786902005,2.0,40.0,1,21.0,22.0,0.0,1.0,0.0,0.0,0.0,0,0,0,0,0,0,0,1,0,0,0,0,0,0,1,0,0,0,0,1,0,0,0,1,0,0,0,Medium,33.9943342776204
20.308115722314284,0.020308115722314283,2.0,40.0,0,12.0,27.0,0.0,0.0,0.0,0.0,0.0,0,0,0,0,0,0,1,0,0,0,0,0,0,0,0,0,1,0,0,0,1,0,0,0,0,1,0,Low,0.0
32.90662261263476,0.032906622612634766,2.0,40.0,0,12.0,27.0,0.0,0.0,0.0,0.0,0.0,0,0,0,0,0,0,1,0,0,0,0,0,0,0,0,0,1,0,0,0,1,0,0,0,0,1,0,Low,0.0
35.38599254614952,0.03538599254614952,2.0,40.0,0,0.0,20.0,0.0,1.0,0.0,0.0,0.0,0,0,0,0,0,0,1,0,0,0,0,0,0,1,0,0,0,0,1,0,0,1,0,0,0,0,0,Medium,29.27289896128424
130.42852600393746,0.13042852600393745,2.0,40.0,0,11.0,35.0,0.0,0.0,0.0,0.0,0.0,0,0,0,0,0,0,0,0,1,0,0,0,0,1,0,0,0,1,0,0,0,0,0,1,0,0,0,High,56.57223796033995
33.42477751273067,0.03342477751273067,2.0,40.0,0,12.0,27.0,0.0,0.0,0.0,0.0,0.0,0,0,0,0,0,0,1,0,0,0,0,0,0,0,0,0,1,0,0,0,1,0,0,0,0,1,0,Low,0.0
60.64587701329228,0.06064587701329228,2.0,40.0,0,0.0,33.0,0.0,0.0,0.0,0.0,0.0,0,0,0,0,0,0,1,0,0,0,0,0,0,1,0,0,0,0,1,0,0,1,0,0,0,0,0,High,64.97639282341832
37.98532976424711,0.037985329764247115,2.0,40.0,0,12.0,27.0,0.0,0.0,0.0,0.0,0.0,0,0,0,0,0,0,0,1,0,0,0,0,0,0,0,0,1,0,0,0,1,0,0,0,0,1,0,Low,0.0
39.678136759071606,0.03967813675907161,2.0,40.0,0,19.0,38.0,1.0,0.0,0.0,0.0,0.0,0,0,0,0,0,0,1,0,0,0,0,0,0,0,0,1,0,0,0,1,0,0,0,1,0,0,0,Medium,29.27289896128424
144.66104534178035,0.14466104534178034,2.0,40.0,0,5.0,26.0,0.0,0.0,0.0,0.0,0.0,0,0,0,0,0,0,1,0,0,0,0,0,0,0,0,1,0,1,0,0,0,0,0,0,1,0,0,Medium,29.27289896128424
23.64892339738544,0.02364892339738544,2.0,40.0,0,12.0,27.0,0.0,0.0,0.0,0.0,0.0,0,0,0,0,0,0,0,0,1,0,0,0,0,0,0,0,1,0,0,0,1,0,0,0,0,1,0,Low,0.0
33.19675829891025,0.033196758298910244,2.0,40.0,0,12.0,27.0,0.0,0.0,0.0,0.0,0.0,0,0,0,0,0,0,1,0,0,0,0,0,0,0,0,0,1,0,0,0,1,0,0,0,0,1,0,Low,0.0
36.46080878546268,0.03646080878546268,2.0,40.0,0,12.0,27.0,0.0,0.0,0.0,0.0,0.0,0,0,0,0,0,0,1,0,0,0,0,0,0,0,0,0,1,0,0,0,1,0,0,0,0,1,0,Low,0.0
68.13792267579791,0.06813792267579791,2.0,40.0,1,9.0,22.0,1.0,0.0,0.0,0.0,0.0,0,0,0,0,0,0,0,0,1,0,0,0,0,0,0,1,0,1,0,0,0,0,0,0,1,0,0,Medium,33.9943342776204
40.26549776049114,0.04026549776049114,2.0,40.0,0,12.0,27.0,0.0,0.0,0.0,0.0,0.0,0,0,0,0,0,0,1,0,0,0,0,0,0,0,0,0,1,0,0,0,1,0,0,0,0,1,0,Low,0.0
155.017278953316,0.15501727895331602,2.0,40.0,0,12.0,27.0,0.0,0.0,0.0,0.0,0.0,0,0,0,0,0,0,1,0,0,0,0,0,0,0,0,0,1,0,0,0,1,0,0,0,0,1,0,Low,0.0
92.25230777635898,0.09225230777635897,2.0,40.0,0,12.0,27.0,0.0,0.0,0.0,0.0,0.0,0,0,0,0,0,0,1,0,0,0,0,0,0,0,0,0,1,0,0,0,1,0,0,0,0,1,0,Low,0.0
1696.356320419458,1.6963563204194578,2.0,40.0,0,20.0,23.0,0.0,0.0,0.0,0.0,0.0,0,0,0,0,0,0,0,1,0,0,0,0,0,0,1,0,0,0,1,0,0,0,0,0,0,0,1,Medium,49.405099150141645
21.43391665674024,0.02143391665674024,2.0,40.0,0,12.0,27.0,0.0,0.0,0.0,0.0,0.0,0,0,0,0,0,0,1,0,0,0,0,0,0,0,0,0,1,0,0,0,1,0,0,0,0,1,0,Low,0.0
49.68027371313031,0.04968027371313031,2.0,40.0,0,12.0,27.0,0.0,0.0,0.0,0.0,0.0,0,0,0,0,0,0,1,0,0,0,0,0,0,0,0,0,1,0,0,0,1,0,0,0,0,1,0,Low,0.0
38.31340283778622,0.03831340283778622,2.0,40.0,0,1.0,34.0,0.0,0.0,0.0,0.0,0.0,0,0,0,0,0,0,1,0,0,0,0,0,0,1,0,0,0,0,0,1,0,1,0,0,0,0,0,Medium,38.1586402266289
50.37308502685667,0.050373085026856675,2.0,40.0,1,12.0,27.0,0.0,0.0,0.0,0.0,0.0,0,0,0,0,0,0,0,0,1,0,0,0,0,0,0,0,1,0,0,0,1,0,0,0,0,1,0,Low,0.0
11.72966797745223,0.011729667977452231,2.0,40.0,0,12.0,27.0,0.0,0.0,0.0,0.0,0.0,0,0,0,0,0,0,1,0,0,0,0,0,0,0,0,0,1,0,0,0,1,0,0,0,0,1,0,Low,0.0
71.44630306248581,0.07144630306248581,2.0,40.0,0,12.0,27.0,0.0,0.0,0.0,0.0,0.0,0,0,0,0,0,0,1,0,0,0,0,0,0,0,0,0,1,0,0,0,1,0,0,0,0,1,0,Low,0.0
410.380724759493,0.410380724759493,2.0,40.0,0,16.0,34.0,0.0,0.0,0.0,0.0,0.0,0,0,0,0,0,0,0,0,1,0,0,0,0,1,0,0,0,0,1,0,0,1,0,0,0,0,0,Medium,33.9943342776204
153.1472066805526,0.15314720668055262,2.0,40.0,0,12.0,27.0,0.0,0.0,0.0,0.0,0.0,0,0,0,0,0,0,1,0,0,0,0,0,0,0,0,0,1,0,0,0,1,0,0,0,0,1,0,Low,0.0
36.867520402461885,0.036867520402461884,2.0,40.0,0,12.0,27.0,0.0,0.0,0.0,0.0,0.0,0,0,0,0,0,0,1,0,0,0,0,0,0,0,0,0,1,0,0,0,1,0,0,0,0,1,0,Low,0.0
33.604828529621315,0.033604828529621315,2.0,40.0,0,12.0,27.0,0.0,0.0,0.0,0.0,0.0,0,0,0,0,0,0,1,0,0,0,0,0,0,0,0,0,1,0,0,0,1,0,0,0,0,1,0,Low,0.0
49.88542770750895,0.04988542770750895,2.0,40.0,0,12.0,27.0,0.0,0.0,0.0,0.0,0.0,0,0,0,0,0,0,1,0,0,0,0,0,0,0,0,0,1,0,0,0,1,0,0,0,0,1,0,Low,0.0
47.37266861196071,0.04737266861196071,2.0,40.0,0,12.0,30.0,0.0,0.0,0.0,0.0,0.0,0,0,0,0,0,0,1,0,0,0,0,0,0,0,0,1,0,1,0,0,0,0,0,0,0,0,1,High,57.80925401322001
237.1010918597121,0.23710109185971212,2.0,40.0,0,6.0,25.0,0.0,0.0,0.0,0.0,0.0,0,0,0,0,0,0,0,0,1,0,0,0,0,0,0,1,0,0,0,1,0,0,0,0,0,0,1,Medium,38.1586402266289
488.9160774125254,0.4889160774125254,2.0,40.0,0,7.0,20.0,0.0,0.0,0.0,0.0,0.0,0,0,0,0,0,0,1,0,0,0,0,0,0,1,0,0,0,0,1,0,0,0,0,0,1,0,0,Medium,29.27289896128424
38.9582447683064,0.0389582447683064,2.0,40.0,0,4.0,31.0,0.0,1.0,0.0,0.0,0.0,0,0,0,0,0,0,0,1,0,0,0,0,0,1,0,0,0,0,0,1,0,0,0,0,1,0,0,Medium,33.9943342776204
55.64471700683179,0.05564471700683179,2.0,40.0,0,19.0,16.0,1.0,0.0,0.0,0.0,0.0,0,0,0,0,0,0,1,0,0,0,0,0,0,0,0,1,0,1,0,0,0,1,0,0,0,0,0,Medium,33.9943342776204
26.27203868089247,0.026272038680892472,2.0,30.0,0,5.0,23.0,0.0,1.0,0.0,0.0,0.0,0,0,0,0,0,0,1,0,0,0,0,0,0,0,1,0,0,0,0,1,0,1,0,0,0,0,0,Medium,29.27289896128424
78.14692450386397,0.07814692450386397,2.0,40.0,0,12.0,27.0,0.0,0.0,0.0,0.0,0.0,0,0,0,0,0,0,1,0,0,0,0,0,0,0,0,0,1,0,0,0,1,0,0,0,0,1,0,Low,0.0
77.98852414365882,0.07798852414365882,2.0,40.0,0,9.0,40.0,1.0,0.0,0.0,0.0,0.0,0,0,0,0,0,0,1,0,0,0,0,0,0,0,0,1,0,1,0,0,0,0,1,0,0,0,0,High,58.72521246458924
46.12095358896176,0.04612095358896176,2.0,40.0,0,12.0,27.0,0.0,0.0,0.0,0.0,0.0,0,0,0,0,0,0,1,0,0,0,0,0,0,0,0,0,1,0,0,0,1,0,0,0,0,1,0,Low,0.0
38.85374852646452,0.03885374852646452,2.0,40.0,1,12.0,27.0,0.0,0.0,0.0,0.0,0.0,0,0,0,0,1,0,0,0,0,0,0,0,0,0,0,0,1,0,0,0,1,0,0,0,0,1,0,Low,0.0
34.56770055771911,0.03456770055771911,2.0,40.0,0,12.0,27.0,0.0,0.0,0.0,0.0,0.0,0,0,0,0,0,0,1,0,0,0,0,0,0,0,0,0,1,0,0,0,1,0,0,0,0,1,0,Low,0.0
40.43744656965277,0.04043744656965277,2.0,40.0,0,12.0,36.0,0.0,0.0,0.0,0.0,0.0,0,0,0,0,0,0,1,0,0,0,0,0,0,1,0,0,0,0,1,0,0,1,0,0,0,0,0,Medium,33.9943342776204
31.707554720723763,0.031707554720723764,2.0,40.0,0,12.0,27.0,0.0,0.0,0.0,0.0,0.0,0,0,0,0,0,0,1,0,0,0,0,0,0,0,0,0,1,0,0,0,1,0,0,0,0,1,0,Low,0.0
107.73843973135948,0.10773843973135948,2.0,40.0,0,12.0,27.0,0.0,0.0,0.0,0.0,0.0,0,0,0,0,0,0,1,0,0,0,0,0,0,0,0,0,1,0,0,0,1,0,0,0,0,1,0,Low,0.0
302.6907443172987,0.3026907443172987,2.0,40.0,1,0.0,16.0,0.0,1.0,0.0,0.0,0.0,0,0,0,0,0,0,0,0,0,0,0,0,1,0,1,0,0,0,1,0,0,0,0,1,0,0,0,Medium,49.405099150141645
28.06521174226944,0.02806521174226944,2.0,40.0,0,21.0,16.0,0.0,0.0,0.0,0.0,0.0,0,0,0,0,0,0,1,0,0,0,0,0,0,0,0,1,0,0,1,0,0,0,0,1,0,0,0,Medium,44.68366383380548
12.443019687988222,0.012443019687988223,2.0,40.0,0,20.0,37.0,0.0,0.0,0.0,0.0,0.0,0,0,0,0,0,0,1,0,0,0,0,0,0,1,0,0,0,0,0,1,0,0,0,0,0,0,1,Medium,38.1586402266289
348.0128389933354,0.3480128389933354,2.0,40.0,0,0.0,38.0,0.0,1.0,0.0,0.0,0.0,0,0,0,0,0,0,1,0,0,0,0,0,0,0,0,1,0,0,1,0,0,0,1,0,0,0,0,Medium,49.405099150141645
95.004932119101,0.095004932119101,2.0,100.0,1,2.0,18.0,0.0,0.0,0.0,0.0,0.0,0,0,0,0,1,0,0,0,0,0,0,0,0,1,0,0,0,0,0,1,0,0,0,1,0,0,0,High,56.57223796033995
1099.608445989069,1.099608445989069,2.0,40.0,1,5.5,21.0,0.5,0.0,0.0,0.0,0.0,0,0,0,0,0,0,0,0,1,0,0,0,0,1,0,0,0,0,1,0,0,0,1,0,0,0,0,Critical,89.92445703493863
45.58630939717997,0.04558630939717997,2.0,40.0,0,12.0,27.0,0.0,0.0,0.0,0.0,0.0,0,0,0,0,0,0,0,0,1,0,0,0,0,0,0,0,1,0,0,0,1,0,0,0,0,1,0,Low,0.0
88.17718558271028,0.08817718558271027,2.0,40.0,0,5.0,30.0,0.0,0.0,0.0,0.0,0.0,0,0,0,0,0,0,1,0,0,0,0,0,0,0,0,1,0,0,0,1,0,0,1,0,0,0,0,Medium,43.31444759206799
957.8069920355867,0.9578069920355867,2.0,40.0,0,23.0,37.0,0.0,0.0,0.0,0.0,0.0,0,0,0,0,0,0,0,0,1,0,0,0,0,1,0,0,0,1,0,0,0,0,0,0,0,0,1,High,61.97355996222852
50.63387492184602,0.050633874921846025,2.0,40.0,0,12.0,27.0,0.0,0.0,0.0,0.0,0.0,0,0,0,0,0,0,1,0,0,0,0,0,0,0,0,0,1,0,0,0,1,0,0,0,0,1,0,Low,0.0
29.8587507769055,0.029858750776905498,2.0,40.0,0,12.0,27.0,0.0,0.0,0.0,0.0,0.0,0,0,0,0,0,0,1,0,0,0,0,0,0,0,0,0,1,0,0,0,1,0,0,0,0,1,0,Low,0.0
99.53285270789992,0.09953285270789992,2.0,40.0,0,12.0,27.0,0.0,0.0,0.0,0.0,0.0,0,0,0,0,0,0,1,0,0,0,0,0,0,0,0,0,1,0,0,0,1,0,0,0,0,1,0,Low,0.0
31.70318829314301,0.03170318829314301,2.0,40.0,0,12.0,27.0,0.0,0.0,0.0,0.0,0.0,0,0,0,0,0,0,1,0,0,0,0,0,0,0,0,0,1,0,0,0,1,0,0,0,0,1,0,Low,0.0
25.55339046725731,0.025553390467257308,2.0,40.0,0,12.0,19.0,0.0,1.0,0.0,0.0,0.0,0,0,0,0,0,0,1,0,0,0,0,0,0,0,0,1,0,0,1,0,0,0,0,0,1,0,0,Medium,44.68366383380548
161.96166886895338,0.16196166886895338,2.0,40.0,0,10.923076923076923,25.46153846153846,0.15384615384615385,0.38461538461538464,0.0,0.0,0.0,0,0,0,0,0,0,1,0,0,0,0,0,0,0,0,1,0,0,1,0,0,1,0,0,0,0,0,Critical,97.23323890462702
22.595051462726087,0.022595051462726088,2.0,40.0,0,12.0,27.0,0.0,0.0,0.0,0.0,0.0,0,0,0,0,0,0,1,0,0,0,0,0,0,0,0,0,1,0,0,0,1,0,0,0,0,1,0,Low,0.0
92.69897030934436,0.09269897030934436,2.0,40.0,0,12.0,27.0,0.0,0.0,0.0,0.0,0.0,0,0,0,0,0,0,1,0,0,0,0,0,0,0,0,0,1,0,0,0,1,0,0,0,0,1,0,Low,0.0
8.288413026193057,0.008288413026193056,2.0,40.0,0,12.0,27.0,0.0,0.0,0.0,0.0,0.0,0,0,0,0,0,0,1,0,0,0,0,0,0,0,0,0,1,0,0,0,1,0,0,0,0,1,0,Low,0.0
50.16391156754557,0.05016391156754557,2.0,40.0,0,12.0,27.0,0.0,0.0,0.0,0.0,0.0,0,0,0,0,0,0,1,0,0,0,0,0,0,0,0,0,1,0,0,0,1,0,0,0,0,1,0,Low,0.0
42.28221075142464,0.042282210751424645,2.0,40.0,0,12.0,27.0,0.0,0.0,0.0,0.0,0.0,0,0,0,0,0,0,1,0,0,0,0,0,0,0,0,0,1,0,0,0,1,0,0,0,0,1,0,Low,0.0
21.06813146402497,0.021068131464024968,2.0,40.0,0,12.0,27.0,0.0,0.0,0.0,0.0,0.0,0,0,0,0,0,0,1,0,0,0,0,0,0,0,0,0,1,0,0,0,1,0,0,0,0,1,0,Low,0.0
55.7927479129205,0.0557927479129205,2.0,40.0,0,12.0,27.0,0.0,0.0,0.0,0.0,0.0,0,0,0,0,0,0,1,0,0,0,0,0,0,0,0,0,1,0,0,0,1,0,0,0,0,1,0,Low,0.0
67.16285972778715,0.06716285972778716,2.0,40.0,0,1.0,17.0,0.0,0.0,0.0,0.0,0.0,0,0,0,0,0,0,1,0,0,0,0,0,0,0,1,0,0,0,0,1,0,0,0,0,1,0,0,Medium,44.78753541076488
95.7024487156987,0.09570244871569869,2.0,40.0,0,11.204819277108435,26.783132530120483,0.27710843373493976,0.3253012048192771,0.0,0.0,0.0,0,0,0,0,0,0,1,0,0,0,0,0,0,0,1,0,0,0,1,0,0,0,0,0,1,0,0,Critical,99.81114258734657
290.9793506261847,0.29097935062618474,1.0,30.0,0,10.0,25.0,1.0,0.0,0.0,0.0,0.0,0,0,0,0,0,0,0,0,0,0,0,0,1,0,1,0,0,0,0,1,0,0,0,0,0,0,1,Medium,29.27289896128424
73.69480006135184,0.07369480006135185,2.0,40.0,0,8.0,17.0,1.0,0.0,0.0,0.0,0.0,0,0,0,0,0,0,1,0,0,0,0,0,0,0,1,0,0,1,0,0,0,1,0,0,0,0,0,High,61.97355996222852
158.19763858341005,0.15819763858341004,2.0,40.0,0,12.0,27.0,0.0,0.0,0.0,0.0,0.0,0,0,0,0,0,0,1,0,0,0,0,0,0,0,0,0,1,0,0,0,1,0,0,0,0,1,0,Low,0.0
183.52371956110903,0.18352371956110902,2.0,40.0,0,2.0,20.0,0.0,0.0,0.0,0.0,0.0,0,0,0,0,0,0,1,0,0,0,0,0,0,0,1,0,0,0,1,0,0,0,0,0,1,0,0,Medium,29.27289896128424
241.6754284442449,0.2416754284442449,2.0,40.0,0,22.0,15.0,0.0,0.0,0.0,0.0,0.0,0,0,0,0,0,0,1,0,0,0,0,0,0,1,0,0,0,0,1,0,0,0,0,1,0,0,0,Medium,49.405099150141645
649.3600387265623,0.6493600387265622,2.0,60.0,1,17.0,22.0,1.0,0.0,0.0,0.0,0.0,0,0,0,0,0,0,0,0,0,0,1,0,0,1,0,0,0,0,1,0,0,0,0,1,0,0,0,Medium,38.1586402266289
1531.364176718617,1.531364176718617,2.0,40.0,1,18.0,15.0,1.0,1.0,0.0,0.0,0.0,0,0,0,0,1,0,0,0,0,0,0,0,0,1,0,0,0,0,0,1,0,1,0,0,0,0,0,High,61.97355996222852
81.07019848558765,0.08107019848558765,2.0,40.0,0,12.0,27.0,0.0,0.0,0.0,0.0,0.0,0,0,0,0,0,0,1,0,0,0,0,0,0,0,0,0,1,0,0,0,1,0,0,0,0,1,0,Low,0.0
61.16872212504141,0.06116872212504141,2.0,40.0,0,13.0,23.0,0.0,0.0,0.0,0.0,0.0,0,0,0,0,0,0,1,0,0,0,0,0,0,0,0,1,0,1,0,0,0,0,0,0,1,0,0,Medium,49.405099150141645
12.22402167443892,0.01222402167443892,2.0,40.0,0,12.0,27.0,0.0,0.0,0.0,0.0,0.0,0,0,0,0,0,0,0,0,1,0,0,0,0,0,0,0,1,0,0,0,1,0,0,0,0,1,0,Low,0.0
72.02220560679231,0.07202220560679232,2.0,30.0,0,0.0,16.0,0.0,0.0,0.0,0.0,0.0,0,0,0,0,0,0,0,0,1,0,0,0,0,1,0,0,0,0,1,0,0,1,0,0,0,0,0,High,68.60245514636449
136.36726790644877,0.13636726790644876,2.0,40.0,0,9.0,15.0,1.0,1.0,0.0,0.0,0.0,0,0,0,0,0,0,0,0,1,0,0,0,0,0,0,1,0,1,0,0,0,0,0,0,0,0,1,Medium,44.68366383380548
167.3653261871495,0.1673653261871495,2.0,40.0,0,4.0,15.0,0.0,0.0,0.0,0.0,0.0,0,0,0,0,0,0,1,0,0,0,0,0,0,0,1,0,0,1,0,0,0,1,0,0,0,0,0,Medium,41.1614730878187
156.15184822163977,0.15615184822163977,2.0,40.0,0,14.0,24.0,0.0,0.0,0.0,0.0,0.0,0,0,0,0,0,0,1,0,0,0,0,0,0,0,0,1,0,0,0,1,0,0,0,1,0,0,0,Medium,29.27289896128424
73.94466610238834,0.07394466610238834,2.0,40.0,0,11.0,39.0,0.0,0.0,0.0,0.0,0.0,0,0,0,0,0,0,1,0,0,0,0,0,0,0,1,0,0,0,0,1,0,0,1,0,0,0,0,Medium,33.9943342776204
125.37707084927952,0.12537707084927951,2.0,40.0,0,20.0,30.0,0.0,0.0,0.0,0.0,0.0,0,0,0,0,0,0,1,0,0,0,0,0,0,1,0,0,0,0,0,1,0,1,0,0,0,0,0,Medium,38.1586402266289
44.429291588933495,0.044429291588933495,2.0,40.0,0,12.0,27.0,0.0,0.0,0.0,0.0,0.0,0,0,0,0,0,0,1,0,0,0,0,0,0,0,0,0,1,0,0,0,1,0,0,0,0,1,0,Low,0.0
54.49034214700587,0.05449034214700587,2.0,40.0,0,9.0,32.0,1.0,1.0,0.0,0.0,0.0,0,0,0,0,0,0,1,0,0,0,0,0,0,0,1,0,0,0,1,0,0,1,0,0,0,0,0,Medium,44.78753541076488
87.31583390225605,0.08731583390225604,2.0,40.0,0,12.0,27.0,0.0,0.0,0.0,0.0,0.0,0,0,0,0,0,0,1,0,0,0,0,0,0,0,0,0,1,0,0,0,1,0,0,0,0,1,0,Low,0.0
859.3587281317926,0.8593587281317926,2.0,40.0,1,15.0,39.0,0.5,0.0,0.0,0.0,0.0,0,0,0,0,1,0,0,0,0,0,0,0,0,0,1,0,0,1,0,0,0,1,0,0,0,0,0,High,73.1444759206799
36.44640226290176,0.036446402262901766,2.0,40.0,0,12.0,27.0,0.0,0.0,0.0,0.0,0.0,0,0,0,0,0,0,0,0,0,0,0,0,1,0,0,0,1,0,0,0,1,0,0,0,0,1,0,Low,0.0
65.59403602500707,0.06559403602500707,2.0,40.0,0,12.0,27.0,0.0,0.0,0.0,0.0,0.0,0,0,0,0,0,0,1,0,0,0,0,0,0,0,0,0,1,0,0,0,1,0,0,0,0,1,0,Low,0.0
42.67864813068062,0.04267864813068062,2.0,40.0,0,12.0,27.0,0.0,0.0,0.0,0.0,0.0,0,0,0,0,0,0,1,0,0,0,0,0,0,0,0,0,1,0,0,0,1,0,0,0,0,1,0,Low,0.0
203.637814450112,0.20363781445011198,2.0,40.0,0,8.0,38.0,1.0,1.0,0.0,0.0,0.0,0,0,0,0,0,0,0,0,1,0,0,0,0,0,0,1,0,1,0,0,0,0,1,0,0,0,0,Medium,44.68366383380548
141.73083206668758,0.14173083206668757,2.0,30.0,1,12.0,21.0,0.0,0.0,0.0,0.0,0.0,0,0,0,0,0,0,0,0,1,0,0,0,0,0,0,1,0,1,0,0,0,0,0,0,1,0,0,Medium,29.27289896128424
31.036679564449717,0.031036679564449717,2.0,40.0,0,12.0,27.0,0.0,0.0,0.0,0.0,0.0,0,0,0,0,0,0,1,0,0,0,0,0,0,0,0,0,1,0,0,0,1,0,0,0,0,1,0,Low,0.0
80.38926808895624,0.08038926808895624,2.0,40.0,0,12.0,27.0,0.0,0.0,0.0,0.0,0.0,0,0,0,0,0,0,1,0,0,0,0,0,0,0,0,0,1,0,0,0,1,0,0,0,0,1,0,Low,0.0
88.13569949563447,0.08813569949563448,2.0,40.0,0,12.0,27.0,0.0,0.0,0.0,0.0,0.0,0,0,0,0,0,0,1,0,0,0,0,0,0,0,0,0,1,0,0,0,1,0,0,0,0,1,0,Low,0.0
100.21357769649754,0.10021357769649754,2.0,40.0,0,12.0,27.0,0.0,0.0,0.0,0.0,0.0,0,0,0,0,0,0,1,0,0,0,0,0,0,0,0,0,1,0,0,0,1,0,0,0,0,1,0,Low,0.0
70.36101543798345,0.07036101543798345,2.0,40.0,0,12.0,27.0,0.0,0.0,0.0,0.0,0.0,0,0,0,0,0,0,1,0,0,0,0,0,0,0,0,0,1,0,0,0,1,0,0,0,0,1,0,Low,0.0
58.93020149594885,0.05893020149594885,2.0,30.0,1,12.0,27.0,0.0,0.0,0.0,0.0,0.0,0,0,0,0,0,0,0,1,0,0,0,0,0,0,0,0,1,0,0,0,1,0,0,0,0,1,0,Low,0.0
4312.991144363948,4.312991144363948,3.0,80.0,1,23.0,30.0,0.0,1.0,0.0,0.0,0.0,0,0,0,0,0,0,0,0,0,0,1,0,0,0,1,0,0,0,1,0,0,0,0,0,1,0,0,Medium,49.405099150141645
142.78697223414858,0.14278697223414857,2.0,40.0,0,17.0,21.0,1.0,0.0,0.0,0.0,0.0,0,0,0,0,0,0,1,0,0,0,0,0,0,0,1,0,0,1,0,0,0,0,0,0,0,0,1,Medium,33.9943342776204
20.377207851092628,0.02037720785109263,2.0,40.0,0,15.4,33.2,0.6,0.0,0.0,0.0,0.0,0,0,0,0,0,0,1,0,0,0,0,0,0,0,1,0,0,1,0,0,0,0,0,0,0,0,1,Critical,94.1643059490085
46.77634610006613,0.046776346100066125,2.0,40.0,0,12.0,27.0,0.0,0.0,0.0,0.0,0.0,0,0,0,0,0,0,0,0,1,0,0,0,0,0,0,0,1,0,0,0,1,0,0,0,0,1,0,Low,0.0
21.58505835438213,0.021585058354382132,2.0,40.0,0,12.0,27.0,0.0,0.0,0.0,0.0,0.0,0,0,0,0,0,0,1,0,0,0,0,0,0,0,0,0,1,0,0,0,1,0,0,0,0,1,0,Low,0.0
88.42466655061082,0.08842466655061082,2.0,40.0,0,11.0,17.0,0.0,1.0,0.0,0.0,0.0,0,0,0,0,0,0,1,0,0,0,0,0,0,0,0,1,0,1,0,0,0,1,0,0,0,0,0,Medium,44.68366383380548
39.0983558173644,0.0390983558173644,2.0,40.0,0,12.0,27.0,0.0,0.0,0.0,0.0,0.0,0,0,0,0,0,0,1,0,0,0,0,0,0,0,0,0,1,0,0,0,1,0,0,0,0,1,0,Low,0.0
557.2520106562713,0.5572520106562713,3.0,80.0,1,2.0,36.0,0.0,1.0,0.0,0.0,0.0,0,0,0,0,0,0,0,0,0,0,1,0,0,0,0,1,0,0,0,1,0,0,0,1,0,0,0,Medium,29.27289896128424
120.951926859419,0.12095192685941901,2.0,40.0,0,11.0,30.0,0.0,0.0,0.0,0.0,0.0,0,0,0,0,0,0,0,0,1,0,0,0,0,1,0,0,0,1,0,0,0,0,1,0,0,0,0,Medium,41.1614730878187
45.15628103150552,0.04515628103150552,2.0,40.0,0,4.0,38.0,0.0,0.0,0.0,0.0,0.0,0,0,0,0,0,0,1,0,0,0,0,0,0,0,1,0,0,0,1,0,0,0,0,0,0,0,1,Medium,33.9943342776204
63.082808299124366,0.06308280829912437,2.0,40.0,0,10.0,29.0,1.0,0.0,0.0,0.0,0.0,0,0,0,0,0,0,1,0,0,0,0,0,0,1,0,0,0,0,1,0,0,0,1,0,0,0,0,High,61.97355996222852
43.12627171181412,0.04312627171181412,2.0,40.0,0,12.0,27.0,0.0,0.0,0.0,0.0,0.0,0,0,0,0,0,0,1,0,0,0,0,0,0,0,0,0,1,0,0,0,1,0,0,0,0,1,0,Low,0.0
65.2167341532298,0.06521673415322979,2.0,40.0,0,12.0,27.0,0.0,0.0,0.0,0.0,0.0,0,0,0,0,0,0,1,0,0,0,0,0,0,0,0,0,1,0,0,0,1,0,0,0,0,1,0,Low,0.0
53.7976842080522,0.053797684208052206,2.0,40.0,0,12.0,27.0,0.0,0.0,0.0,0.0,0.0,0,0,0,0,0,0,1,0,0,0,0,0,0,0,0,0,1,0,0,0,1,0,0,0,0,1,0,Low,0.0
45.1883147002393,0.045188314700239304,2.0,40.0,0,12.0,27.0,0.0,0.0,0.0,0.0,0.0,0,0,0,0,0,0,1,0,0,0,0,0,0,0,0,0,1,0,0,0,1,0,0,0,0,1,0,Low,0.0
15.44991314392009,0.01544991314392009,2.0,40.0,0,12.0,27.0,0.0,0.0,0.0,0.0,0.0,0,0,0,0,0,0,1,0,0,0,0,0,0,0,0,0,1,0,0,0,1,0,0,0,0,1,0,Low,0.0
31.943190131584405,0.031943190131584406,2.0,40.0,0,23.0,36.0,0.0,0.0,0.0,0.0,0.0,0,0,0,0,0,0,1,0,0,0,0,0,0,1,0,0,0,0,1,0,0,0,1,0,0,0,0,High,64.97639282341832
19.38189491738285,0.01938189491738285,2.0,40.0,0,12.0,27.0,0.0,0.0,0.0,0.0,0.0,0,0,0,0,0,0,1,0,0,0,0,0,0,0,0,0,1,0,0,0,1,0,0,0,0,1,0,Low,0.0
64.84178617368143,0.06484178617368143,2.0,40.0,0,6.0,16.0,0.0,0.0,0.0,0.0,0.0,0,0,0,0,0,0,1,0,0,0,0,0,0,1,0,0,0,0,1,0,0,1,0,0,0,0,0,Medium,38.1586402266289
97.18863903485106,0.09718863903485106,2.0,40.0,1,21.0,15.0,0.0,0.0,0.0,0.0,0.0,0,0,0,0,0,0,0,1,0,0,0,0,0,0,0,1,0,1,0,0,0,1,0,0,0,0,0,Medium,38.1586402266289
139.65261707427155,0.13965261707427154,2.0,40.0,0,5.0,28.0,0.0,0.0,0.0,0.0,0.0,0,0,0,0,0,0,0,0,1,0,0,0,0,0,0,1,0,1,0,0,0,0,0,0,1,0,0,Medium,29.27289896128424
97.78763655677204,0.09778763655677204,2.0,40.0,0,22.0,32.0,0.0,1.0,0.0,0.0,0.0,0,0,0,0,0,0,1,0,0,0,0,0,0,0,1,0,0,1,0,0,0,0,0,0,1,0,0,Medium,44.78753541076488
6.207410788424288,0.006207410788424288,2.0,40.0,0,12.0,27.0,0.0,0.0,0.0,0.0,0.0,0,0,0,0,0,0,0,1,0,0,0,0,0,0,0,0,1,0,0,0,1,0,0,0,0,1,0,Low,0.0
99.71977552483902,0.09971977552483902,2.0,40.0,0,19.0,20.0,1.0,0.0,0.0,0.0,0.0,0,0,0,0,0,0,1,0,0,0,0,0,0,1,0,0,0,1,0,0,0,0,0,1,0,0,0,Medium,29.27289896128424
35.87217008433515,0.03587217008433515,2.0,40.0,0,12.0,27.0,0.0,0.0,0.0,0.0,0.0,0,0,0,0,0,0,1,0,0,0,0,0,0,0,0,0,1,0,0,0,1,0,0,0,0,1,0,Low,0.0
23.487194603536743,0.023487194603536744,2.0,40.0,0,4.0,25.0,0.0,0.0,0.0,0.0,0.0,0,0,0,0,0,0,1,0,0,0,0,0,0,0,0,1,0,0,1,0,0,0,0,0,0,0,1,Medium,38.1586402266289
33.65869654830253,0.03365869654830253,2.0,40.0,0,12.0,27.0,0.0,0.0,0.0,0.0,0.0,0,0,0,0,0,0,1,0,0,0,0,0,0,0,0,0,1,0,0,0,1,0,0,0,0,1,0,Low,0.0
13.12177879158217,0.01312177879158217,2.0,40.0,0,20.0,21.0,0.0,1.0,0.0,0.0,0.0,0,0,0,0,0,0,1,0,0,0,0,0,0,0,0,1,0,0,0,1,0,0,0,0,0,0,1,Medium,29.27289896128424
51.673142492275865,0.051673142492275864,2.0,40.0,0,12.0,27.0,0.0,0.0,0.0,0.0,0.0,0,0,0,0,0,0,1,0,0,0,0,0,0,0,0,0,1,0,0,0,1,0,0,0,0,1,0,Low,0.0
567.6578454241896,0.5676578454241896,2.0,40.0,0,12.0,16.0,0.0,0.0,0.0,0.0,0.0,0,0,0,0,0,0,1,0,0,0,0,0,0,0,0,1,0,0,1,0,0,1,0,0,0,0,0,Medium,49.405099150141645
34.44164304661341,0.03444164304661341,2.0,40.0,0,12.0,36.0,0.0,1.0,0.0,0.0,0.0,0,0,0,0,0,0,1,0,0,0,0,0,0,0,1,0,0,0,1,0,0,0,0,0,1,0,0,Medium,43.31444759206799
7.855374899273119,0.00785537489927312,2.0,40.0,0,12.0,27.0,0.0,0.0,0.0,0.0,0.0,0,0,0,0,0,0,1,0,0,0,0,0,0,0,0,0,1,0,0,0,1,0,0,0,0,1,0,Low,0.0
69.97932038920003,0.06997932038920003,2.0,40.0,0,12.0,27.0,0.0,0.0,0.0,0.0,0.0,0,0,0,0,0,0,1,0,0,0,0,0,0,0,0,0,1,0,0,0,1,0,0,0,0,1,0,Low,0.0
54.23700884384753,0.05423700884384754,2.0,40.0,0,12.0,27.0,0.0,0.0,0.0,0.0,0.0,0,0,0,0,0,0,0,0,1,0,0,0,0,0,0,0,1,0,0,0,1,0,0,0,0,1,0,Low,0.0
49.90212316279089,0.04990212316279089,2.0,40.0,0,12.0,27.0,0.0,0.0,0.0,0.0,0.0,0,0,0,0,0,0,1,0,0,0,0,0,0,0,0,0,1,0,0,0,1,0,0,0,0,1,0,Low,0.0
544.2803587457175,0.5442803587457176,2.0,40.0,1,2.0,30.0,0.0,0.0,0.0,0.0,0.0,0,0,0,0,0,0,0,1,0,0,0,0,0,0,0,1,0,0,1,0,0,0,0,0,1,0,0,Medium,38.1586402266289
98.12732357988322,0.09812732357988323,2.0,40.0,0,21.0,21.0,0.0,0.0,0.0,0.0,0.0,0,0,0,0,0,0,1,0,0,0,0,0,0,0,1,0,0,0,1,0,0,0,0,0,1,0,0,Medium,44.68366383380548
457.3826696460829,0.4573826696460829,2.0,40.0,0,14.0,16.0,0.0,0.0,0.0,0.0,0.0,0,0,0,0,0,0,0,0,1,0,0,0,0,0,0,1,0,0,1,0,0,0,0,1,0,0,0,Medium,43.31444759206799
52.12336763730651,0.05212336763730651,2.0,40.0,0,0.0,34.0,0.0,0.0,0.0,0.0,0.0,0,0,0,0,0,0,1,0,0,0,0,0,0,0,0,1,0,0,1,0,0,0,0,1,0,0,0,Medium,49.405099150141645
71.5383893598952,0.0715383893598952,2.0,40.0,0,18.0,18.0,1.0,0.0,0.0,0.0,0.0,0,0,0,0,0,0,0,1,0,0,0,0,0,0,1,0,0,1,0,0,0,0,0,0,0,0,1,Medium,49.405099150141645
57.16475694651817,0.057164756946518167,2.0,40.0,0,20.0,15.0,0.0,1.0,0.0,0.0,0.0,0,0,0,0,0,0,1,0,0,0,0,0,0,1,0,0,0,0,1,0,0,1,0,0,0,0,0,Medium,44.68366383380548
30.393808489170123,0.030393808489170122,2.0,40.0,0,2.0,23.0,0.0,0.0,0.0,0.0,0.0,0,0,0,0,0,0,1,0,0,0,0,0,0,1,0,0,0,0,1,0,0,0,0,1,0,0,0,High,64.97639282341832
124.35469123947298,0.12435469123947299,2.0,40.0,0,12.0,27.0,0.0,0.0,0.0,0.0,0.0,0,0,0,0,0,0,1,0,0,0,0,0,0,0,0,0,1,0,0,0,1,0,0,0,0,1,0,Low,0.0
32.795241056821375,0.03279524105682138,2.0,40.0,0,12.0,27.0,0.0,0.0,0.0,0.0,0.0,0,0,0,0,0,0,1,0,0,0,0,0,0,0,0,0,1,0,0,0,1,0,0,0,0,1,0,Low,0.0
33.27327073760488,0.03327327073760488,2.0,40.0,0,15.0,24.0,0.0,0.0,0.0,0.0,0.0,0,0,0,0,0,0,1,0,0,0,0,0,0,0,1,0,0,0,1,0,0,0,0,0,0,0,1,Medium,41.1614730878187
14.554019063183976,0.014554019063183975,2.0,40.0,0,12.0,27.0,0.0,0.0,0.0,0.0,0.0,0,0,0,0,0,0,1,0,0,0,0,0,0,0,0,0,1,0,0,0,1,0,0,0,0,1,0,Low,0.0
34.12873603052566,0.03412873603052566,2.0,40.0,0,12.0,27.0,0.0,0.0,0.0,0.0,0.0,0,0,0,0,0,0,1,0,0,0,0,0,0,0,0,0,1,0,0,0,1,0,0,0,0,1,0,Low,0.0
124.68706622116532,0.12468706622116532,2.0,40.0,0,7.0,32.0,0.0,0.0,0.0,0.0,0.0,0,0,0,0,0,0,1,0,0,0,0,0,0,1,0,0,0,1,0,0,0,0,0,0,1,0,0,High,67.12936732766761
14.54201526216096,0.014542015262160961,2.0,40.0,0,3.0,23.0,0.0,0.0,0.0,0.0,0.0,0,0,0,0,0,0,0,0,1,0,0,0,0,0,0,1,0,0,0,1,0,0,1,0,0,0,0,Medium,43.31444759206799
45.73655842471182,0.045736558424711825,2.0,40.0,0,12.0,27.0,0.0,0.0,0.0,0.0,0.0,0,0,0,0,0,0,0,0,1,0,0,0,0,0,0,0,1,0,0,0,1,0,0,0,0,1,0,Low,0.0
58.66368976906803,0.05866368976906803,2.0,40.0,0,1.0,31.0,0.0,0.0,0.0,0.0,0.0,0,0,0,0,0,0,1,0,0,0,0,0,0,1,0,0,0,0,0,1,0,0,1,0,0,0,0,Medium,33.9943342776204
8.360468657312436,0.008360468657312436,2.0,40.0,0,12.0,27.0,0.0,0.0,0.0,0.0,0.0,0,0,0,0,0,0,1,0,0,0,0,0,0,0,0,0,1,0,0,0,1,0,0,0,0,1,0,Low,0.0
101.78079230015908,0.10178079230015907,2.0,40.0,0,12.0,27.0,0.0,0.0,0.0,0.0,0.0,0,0,0,0,0,0,1,0,0,0,0,0,0,0,0,0,1,0,0,0,1,0,0,0,0,1,0,Low,0.0
35.76773036853157,0.03576773036853157,2.0,40.0,0,12.0,27.0,0.0,0.0,0.0,0.0,0.0,0,0,0,0,0,0,1,0,0,0,0,0,0,0,0,0,1,0,0,0,1,0,0,0,0,1,0,Low,0.0
105.89298581978412,0.10589298581978411,2.0,40.0,0,7.0,18.0,0.0,0.0,0.0,0.0,0.0,0,0,0,0,0,0,1,0,0,0,0,0,0,1,0,0,0,1,0,0,0,0,0,0,1,0,0,High,61.97355996222852
205.58912094346368,0.20558912094346368,2.0,40.0,0,12.0,27.0,0.0,0.0,0.0,0.0,0.0,0,0,0,0,0,0,1,0,0,0,0,0,0,0,0,0,1,0,0,0,1,0,0,0,0,1,0,Low,0.0
113.22800362731306,0.11322800362731306,2.0,40.0,0,21.0,34.0,0.0,0.0,0.0,0.0,0.0,0,0,0,0,0,0,1,0,0,0,0,0,0,0,0,1,0,0,1,0,0,0,1,0,0,0,0,Medium,29.27289896128424
45.87144464392838,0.04587144464392838,2.0,40.0,0,12.0,27.0,0.0,0.0,0.0,0.0,0.0,0,0,0,0,0,0,1,0,0,0,0,0,0,0,0,0,1,0,0,0,1,0,0,0,0,1,0,Low,0.0
91.30110558350486,0.09130110558350486,2.0,40.0,1,12.0,23.0,0.0,0.0,0.0,0.0,0.0,0,0,0,0,0,0,0,1,0,0,0,0,0,0,1,0,0,1,0,0,0,0,1,0,0,0,0,Medium,29.27289896128424
43.19914766308668,0.043199147663086676,2.0,40.0,0,12.0,27.0,0.0,0.0,0.0,0.0,0.0,0,0,0,0,0,0,1,0,0,0,0,0,0,0,0,0,1,0,0,0,1,0,0,0,0,1,0,Low,0.0
32.296772240977496,0.032296772240977496,2.0,40.0,0,12.0,27.0,0.0,0.0,0.0,0.0,0.0,0,0,0,0,0,0,1,0,0,0,0,0,0,0,0,0,1,0,0,0,1,0,0,0,0,1,0,Low,0.0
152.2276597970496,0.1522276597970496,2.0,40.0,0,12.0,27.0,0.0,0.0,0.0,0.0,0.0,0,0,0,0,0,0,1,0,0,0,0,0,0,0,0,0,1,0,0,0,1,0,0,0,0,1,0,Low,0.0
275.9632906635092,0.2759632906635092,2.0,40.0,0,12.0,27.0,0.0,0.0,0.0,0.0,0.0,0,0,0,0,0,0,1,0,0,0,0,0,0,0,0,0,1,0,0,0,1,0,0,0,0,1,0,Low,0.0
183.83851633296155,0.18383851633296155,2.0,60.0,1,9.0,25.0,1.0,1.0,0.0,0.0,0.0,0,0,0,0,1,0,0,0,0,0,0,0,0,0,0,1,0,1,0,0,0,1,0,0,0,0,0,Medium,38.1586402266289
33.86164909342637,0.03386164909342637,2.0,40.0,0,12.0,27.0,0.0,0.0,0.0,0.0,0.0,0,0,0,0,0,0,1,0,0,0,0,0,0,0,0,0,1,0,0,0,1,0,0,0,0,1,0,Low,0.0
272.8196306034875,0.2728196306034875,2.0,40.0,0,2.0,19.0,0.0,1.0,0.0,0.0,0.0,0,0,0,0,0,0,0,0,1,0,0,0,0,0,1,0,0,0,1,0,0,0,0,1,0,0,0,Medium,38.1586402266289
70.88751232092986,0.07088751232092985,2.0,40.0,0,23.0,39.0,0.0,0.0,0.0,0.0,0.0,0,0,0,0,0,0,1,0,0,0,0,0,0,0,1,0,0,0,0,1,0,0,1,0,0,0,0,High,64.97639282341832
95.12818865236152,0.09512818865236151,2.0,40.0,0,12.0,26.0,0.0,0.0,0.0,0.0,0.0,0,0,0,0,0,0,1,0,0,0,0,0,0,1,0,0,0,0,1,0,0,1,0,0,0,0,0,Medium,44.68366383380548
46.44237267394804,0.046442372673948046,2.0,40.0,0,12.0,27.0,0.0,0.0,0.0,0.0,0.0,0,0,0,0,0,0,1,0,0,0,0,0,0,0,0,0,1,0,0,0,1,0,0,0,0,1,0,Low,0.0
74.31154265938625,0.07431154265938625,2.0,30.0,0,12.0,27.0,0.0,0.0,0.0,0.0,0.0,0,0,0,0,0,0,1,0,0,0,0,0,0,0,0,0,1,0,0,0,1,0,0,0,0,1,0,Low,0.0
54.32274115626015,0.05432274115626015,2.0,40.0,0,12.0,33.0,0.0,0.0,0.0,0.0,0.0,0,0,0,0,0,0,1,0,0,0,0,0,0,0,0,1,0,1,0,0,0,0,1,0,0,0,0,Medium,29.27289896128424
642.7278633124474,0.6427278633124475,2.0,40.0,0,14.333333333333334,34.333333333333336,0.3333333333333333,0.0,0.0,0.0,0.0,0,0,0,0,0,0,0,1,0,0,0,0,0,1,0,0,0,1,0,0,0,0,0,1,0,0,0,Critical,88.13031161473089
121.22844709182542,0.12122844709182541,2.0,40.0,0,12.0,27.0,0.0,0.0,0.0,0.0,0.0,0,0,0,0,0,0,1,0,0,0,0,0,0,0,0,0,1,0,0,0,1,0,0,0,0,1,0,Low,0.0
20.99510921803072,0.02099510921803072,2.0,40.0,0,12.0,27.0,0.0,0.0,0.0,0.0,0.0,0,0,0,0,0,0,1,0,0,0,0,0,0,0,0,0,1,0,0,0,1,0,0,0,0,1,0,Low,0.0
115.73524777792824,0.11573524777792824,2.0,40.0,0,10.833333333333334,25.72222222222222,0.2777777777777778,0.3888888888888889,0.0,0.0,0.0,0,0,0,0,0,0,1,0,0,0,0,0,0,1,0,0,0,0,0,1,0,0,0,1,0,0,0,Critical,98.14919735599622
21.414499087110524,0.021414499087110524,2.0,40.0,0,12.0,27.0,0.0,0.0,0.0,0.0,0.0,0,0,0,0,0,0,1,0,0,0,0,0,0,0,0,0,1,0,0,0,1,0,0,0,0,1,0,Low,0.0
160.0975276631221,0.1600975276631221,2.0,40.0,0,12.0,27.0,0.0,0.0,0.0,0.0,0.0,0,0,0,0,0,0,1,0,0,0,0,0,0,0,0,0,1,0,0,0,1,0,0,0,0,1,0,Low,0.0
47.00132508213861,0.047001325082138605,2.0,40.0,0,13.0,33.0,0.0,1.0,0.0,0.0,0.0,0,0,0,0,0,0,1,0,0,0,0,0,0,0,0,1,0,0,1,0,0,0,0,1,0,0,0,Medium,29.27289896128424
151.1784326580177,0.1511784326580177,2.0,40.0,0,18.0,15.0,1.0,0.0,0.0,0.0,0.0,0,0,0,0,0,0,1,0,0,0,0,0,0,1,0,0,0,0,0,1,0,1,0,0,0,0,0,Medium,33.9943342776204
187.35522397938067,0.18735522397938068,2.0,25.0,1,12.0,31.0,0.0,0.0,0.0,0.0,0.0,0,0,0,0,0,0,0,1,0,0,0,0,0,1,0,0,0,0,0,1,0,0,0,0,0,0,1,Medium,33.9943342776204
8.963740768207783,0.008963740768207783,2.0,40.0,0,12.0,27.0,0.0,0.0,0.0,0.0,0.0,0,0,0,0,0,0,1,0,0,0,0,0,0,0,0,0,1,0,0,0,1,0,0,0,0,1,0,Low,0.0
131.3884228664789,0.1313884228664789,2.0,40.0,0,3.0,22.0,0.0,1.0,0.0,0.0,0.0,0,0,0,0,0,0,1,0,0,0,0,0,0,0,0,1,0,0,1,0,0,0,0,0,1,0,0,Medium,44.68366383380548
35.08331360383685,0.035083313603836846,2.0,40.0,0,12.0,27.0,0.0,0.0,0.0,0.0,0.0,0,0,0,0,0,0,1,0,0,0,0,0,0,0,0,0,1,0,0,0,1,0,0,0,0,1,0,Low,0.0
17.50504391917287,0.01750504391917287,2.0,40.0,0,12.0,27.0,0.0,0.0,0.0,0.0,0.0,0,0,0,0,0,0,1,0,0,0,0,0,0,0,0,0,1,0,0,0,1,0,0,0,0,1,0,Low,0.0
63.97963490345756,0.06397963490345755,2.0,40.0,0,12.0,19.0,0.0,0.0,0.0,0.0,0.0,0,0,0,0,0,0,1,0,0,0,0,0,0,1,0,0,0,1,0,0,0,0,1,0,0,0,0,Medium,44.68366383380548
97.15305152860353,0.09715305152860353,2.0,40.0,0,11.0,24.5,0.5,0.5,0.0,0.0,0.0,0,0,0,0,0,0,0,0,0,0,0,0,1,1,0,0,0,1,0,0,0,1,0,0,0,0,0,Critical,82.46458923512749
31.93104988694964,0.03193104988694964,2.0,40.0,0,19.0,17.0,1.0,0.0,0.0,0.0,0.0,0,0,0,0,0,0,1,0,0,0,0,0,0,0,0,1,0,1,0,0,0,0,0,1,0,0,0,Medium,41.1614730878187
61.7293068330255,0.061729306833025493,2.0,40.0,0,12.0,27.0,0.0,0.0,0.0,0.0,0.0,0,0,0,0,0,0,0,0,1,0,0,0,0,0,0,0,1,0,0,0,1,0,0,0,0,1,0,Low,0.0
1232.7685348306436,1.2327685348306436,2.0,40.0,1,12.0,27.0,0.0,0.0,0.0,0.0,0.0,0,0,0,0,1,0,0,0,0,0,0,0,0,0,1,0,0,0,1,0,0,0,1,0,0,0,0,Medium,49.405099150141645
161.8838493249486,0.16188384932494862,3.0,40.0,1,5.0,24.0,0.0,0.0,0.0,0.0,0.0,0,0,0,0,0,0,0,0,1,0,0,0,0,0,1,0,0,1,0,0,0,0,0,0,1,0,0,Medium,33.9943342776204
59.57710237631176,0.05957710237631176,2.0,40.0,1,12.0,27.0,0.0,0.0,0.0,0.0,0.0,0,0,0,0,0,0,0,0,1,0,0,0,0,0,0,0,1,0,0,0,1,0,0,0,0,1,0,Low,0.0
105.90603385518048,0.10590603385518048,2.0,40.0,0,20.0,25.0,0.0,0.0,0.0,0.0,0.0,0,0,0,0,0,0,1,0,0,0,0,0,0,1,0,0,0,0,1,0,0,0,1,0,0,0,0,Medium,41.1614730878187
6821.549341937894,6.821549341937893,4.0,80.0,1,20.0,30.0,0.0,0.0,0.0,0.0,0.0,0,0,1,0,0,0,0,0,0,0,0,0,0,0,1,0,0,1,0,0,0,0,1,0,0,0,0,Medium,29.27289896128424
91.26163098892502,0.09126163098892502,2.0,40.0,0,19.0,28.0,1.0,0.0,0.0,0.0,0.0,0,0,0,0,0,0,1,0,0,0,0,0,0,1,0,0,0,1,0,0,0,0,0,0,1,0,0,High,57.80925401322001
42.559309860010586,0.04255930986001059,2.0,40.0,0,13.0,39.0,0.0,0.0,0.0,0.0,0.0,0,0,0,0,0,0,1,0,0,0,0,0,0,1,0,0,0,0,0,1,0,0,0,0,1,0,0,Medium,44.68366383380548
56.31455997562143,0.05631455997562143,2.0,40.0,0,12.0,27.0,0.0,0.0,0.0,0.0,0.0,0,0,0,0,0,0,1,0,0,0,0,0,0,0,0,0,1,0,0,0,1,0,0,0,0,1,0,Low,0.0
110.22705042663652,0.11022705042663652,2.0,40.0,0,12.0,30.0,0.0,1.0,0.0,0.0,0.0,0,0,0,0,0,0,1,0,0,0,0,0,0,0,1,0,0,0,0,1,0,0,0,0,0,0,1,Medium,29.27289896128424
169.2195981014982,0.1692195981014982,2.0,40.0,0,12.0,27.0,0.0,0.0,0.0,0.0,0.0,0,0,0,0,0,0,1,0,0,0,0,0,0,0,0,0,1,0,0,0,1,0,0,0,0,1,0,Low,0.0
122.79615108511295,0.12279615108511295,2.0,40.0,0,15.0,35.0,0.0,0.0,0.0,0.0,0.0,0,0,0,0,0,0,1,0,0,0,0,0,0,0,0,1,0,1,0,0,0,0,1,0,0,0,0,Medium,41.1614730878187
16.06450526138339,0.016064505261383387,2.0,40.0,0,14.0,38.0,0.0,0.0,0.0,0.0,0.0,0,0,0,0,0,0,1,0,0,0,0,0,0,0,0,1,0,0,0,1,0,0,0,1,0,0,0,Medium,43.31444759206799
849.5100610577134,0.8495100610577134,2.0,40.0,0,7.0,21.0,0.0,0.0,0.0,0.0,0.0,0,0,0,0,0,0,1,0,0,0,0,0,0,0,1,0,0,1,0,0,0,0,0,0,0,0,1,Medium,43.31444759206799
105.21783102584978,0.10521783102584978,2.0,40.0,0,0.0,40.0,0.0,1.0,0.0,0.0,0.0,0,0,0,0,0,0,1,0,0,0,0,0,0,1,0,0,0,0,1,0,0,1,0,0,0,0,0,Medium,29.27289896128424
12.106569693352473,0.012106569693352472,2.0,40.0,0,15.0,17.0,0.0,0.0,0.0,0.0,0.0,0,0,0,0,0,0,1,0,0,0,0,0,0,1,0,0,0,1,0,0,0,0,0,0,0,0,1,High,67.12936732766761
34.014291640304506,0.034014291640304506,2.0,40.0,0,12.0,27.0,0.0,0.0,0.0,0.0,0.0,0,0,0,0,0,0,1,0,0,0,0,0,0,0,0,0,1,0,0,0,1,0,0,0,0,1,0,Low,0.0
71.87059351180007,0.07187059351180007,2.0,40.0,0,22.0,19.0,0.0,0.0,0.0,0.0,0.0,0,0,0,0,0,0,1,0,0,0,0,0,0,0,1,0,0,0,0,1,0,0,0,1,0,0,0,Medium,29.27289896128424
48.609341616764354,0.048609341616764355,2.0,40.0,0,12.0,27.0,0.0,0.0,0.0,0.0,0.0,0,0,0,0,0,0,1,0,0,0,0,0,0,0,0,0,1,0,0,0,1,0,0,0,0,1,0,Low,0.0
30.35239789502993,0.030352397895029932,2.0,40.0,0,12.266666666666667,27.466666666666665,0.3333333333333333,0.2,0.0,0.0,0.0,0,0,0,0,0,0,1,0,0,0,0,0,0,1,0,0,0,0,1,0,0,0,1,0,0,0,0,Critical,97.68649669499528
55.74345966593435,0.05574345966593435,2.0,40.0,0,21.0,38.0,0.0,0.0,0.0,0.0,0.0,0,0,0,0,0,0,1,0,0,0,0,0,0,0,1,0,0,0,0,1,0,0,0,0,0,0,1,Medium,38.1586402266289
30.85293244904533,0.03085293244904533,2.0,40.0,0,12.0,27.0,0.0,0.0,0.0,0.0,0.0,0,0,0,0,0,0,1,0,0,0,0,0,0,0,0,0,1,0,0,0,1,0,0,0,0,1,0,Low,0.0
265.8932468087723,0.2658932468087723,2.0,40.0,0,12.0,27.0,0.0,0.0,0.0,0.0,0.0,0,0,0,0,0,0,1,0,0,0,0,0,0,0,0,0,1,0,0,0,1,0,0,0,0,1,0,Low,0.0
52.06343385463884,0.05206343385463884,2.0,40.0,0,12.0,27.0,0.0,0.0,0.0,0.0,0.0,0,0,0,0,0,0,1,0,0,0,0,0,0,0,0,0,1,0,0,0,1,0,0,0,0,1,0,Low,0.0
25.5119522310447,0.025511952231044698,2.0,40.0,0,12.0,27.0,0.0,0.0,0.0,0.0,0.0,0,0,0,0,0,0,1,0,0,0,0,0,0,0,0,0,1,0,0,0,1,0,0,0,0,1,0,Low,0.0
19.606550919199886,0.019606550919199887,2.0,40.0,1,12.0,27.0,0.0,0.0,0.0,0.0,0.0,0,0,0,0,0,0,0,0,1,0,0,0,0,0,0,0,1,0,0,0,1,0,0,0,0,1,0,Low,0.0
79.9475245903821,0.0799475245903821,2.0,40.0,0,12.0,27.0,0.0,0.0,0.0,0.0,0.0,0,0,0,0,0,0,1,0,0,0,0,0,0,0,0,0,1,0,0,0,1,0,0,0,0,1,0,Low,0.0
198.65898283709885,0.19865898283709885,2.0,40.0,1,12.0,23.0,0.0,1.0,0.0,0.0,0.0,0,0,0,0,0,0,0,0,1,0,0,0,0,1,0,0,0,0,0,1,0,0,0,0,0,0,1,Medium,44.68366383380548
146.61898659776537,0.14661898659776537,2.0,40.0,0,9.0,36.0,1.0,0.0,0.0,0.0,0.0,0,0,0,0,0,0,1,0,0,0,0,0,0,1,0,0,0,1,0,0,0,0,0,0,1,0,0,High,61.97355996222852
259.0489681144775,0.2590489681144775,2.0,40.0,0,12.0,27.0,0.0,0.0,0.0,0.0,0.0,0,0,0,0,0,0,1,0,0,0,0,0,0,0,0,0,1,0,0,0,1,0,0,0,0,1,0,Low,0.0
42.17810115865093,0.042178101158650935,2.0,40.0,0,21.0,15.0,0.0,0.0,0.0,0.0,0.0,0,0,0,0,0,0,1,0,0,0,0,0,0,0,1,0,0,1,0,0,0,0,0,0,0,0,1,Medium,43.31444759206799
24.94105963452243,0.02494105963452243,2.0,40.0,0,7.0,17.0,0.0,1.0,0.0,0.0,0.0,0,0,0,0,0,0,1,0,0,0,0,0,0,0,1,0,0,1,0,0,0,0,0,0,0,0,1,Medium,49.405099150141645
126.3971634547432,0.1263971634547432,2.0,40.0,0,13.0,22.0,0.0,0.0,0.0,0.0,0.0,0,0,0,0,0,0,1,0,0,0,0,0,0,1,0,0,0,0,1,0,0,0,0,0,1,0,0,Medium,49.405099150141645
176.60369962509864,0.17660369962509864,2.0,40.0,0,14.0,26.0,0.0,0.0,0.0,0.0,0.0,0,0,0,0,0,0,1,0,0,0,0,0,0,0,1,0,0,0,1,0,0,0,0,0,1,0,0,Medium,49.405099150141645
17.689037730751988,0.017689037730751988,2.0,40.0,0,12.0,27.0,0.0,0.0,0.0,0.0,0.0,0,0,0,0,0,0,1,0,0,0,0,0,0,0,0,0,1,0,0,0,1,0,0,0,0,1,0,Low,0.0
31.97387711929945,0.03197387711929945,2.0,40.0,0,12.0,27.0,0.0,0.0,0.0,0.0,0.0,0,0,0,0,0,0,1,0,0,0,0,0,0,0,0,0,1,0,0,0,1,0,0,0,0,1,0,Low,0.0
40.27974902784344,0.04027974902784344,2.0,30.0,0,12.0,27.0,0.0,0.0,0.0,0.0,0.0,0,0,0,0,0,0,1,0,0,0,0,0,0,0,0,0,1,0,0,0,1,0,0,0,0,1,0,Low,0.0
38.5623049862638,0.0385623049862638,2.0,40.0,0,10.0,22.0,1.0,1.0,0.0,0.0,0.0,0,0,0,0,0,0,1,0,0,0,0,0,0,0,1,0,0,1,0,0,0,0,0,0,0,0,1,High,56.57223796033995
13.932418632921308,0.013932418632921308,2.0,40.0,0,12.0,27.0,0.0,0.0,0.0,0.0,0.0,0,0,0,0,0,0,1,0,0,0,0,0,0,0,0,0,1,0,0,0,1,0,0,0,0,1,0,Low,0.0
104.11662240212702,0.10411662240212702,2.0,40.0,0,15.0,24.0,0.0,1.0,0.0,0.0,0.0,0,0,0,0,0,0,1,0,0,0,0,0,0,1,0,0,0,1,0,0,0,0,1,0,0,0,0,Medium,29.27289896128424
59.65817457374103,0.05965817457374103,2.0,40.0,0,12.0,27.0,0.0,0.0,0.0,0.0,0.0,0,0,0,0,0,0,1,0,0,0,0,0,0,0,0,0,1,0,0,0,1,0,0,0,0,1,0,Low,0.0
37.15455985504008,0.03715455985504008,2.0,40.0,0,12.0,27.0,0.0,0.0,0.0,0.0,0.0,0,0,0,0,0,0,1,0,0,0,0,0,0,0,0,0,1,0,0,0,1,0,0,0,0,1,0,Low,0.0
31.648394307311232,0.031648394307311235,2.0,40.0,0,12.0,27.0,0.0,0.0,0.0,0.0,0.0,0,0,0,0,0,0,0,1,0,0,0,0,0,0,0,0,1,0,0,0,1,0,0,0,0,1,0,Low,0.0
114.23173240117124,0.11423173240117124,2.0,40.0,0,7.0,34.0,0.0,0.0,0.0,0.0,0.0,0,0,0,0,0,0,1,0,0,0,0,0,0,1,0,0,0,1,0,0,0,0,0,0,0,0,1,Medium,33.9943342776204
204.86165137300367,0.20486165137300366,2.0,40.0,0,13.0,20.0,0.0,0.0,0.0,0.0,0.0,0,0,0,0,0,0,1,0,0,0,0,0,0,1,0,0,0,0,1,0,0,0,1,0,0,0,0,Medium,29.27289896128424
8.52848520453469,0.00852848520453469,2.0,40.0,0,12.0,27.0,0.0,0.0,0.0,0.0,0.0,0,0,0,0,0,0,0,1,0,0,0,0,0,0,0,0,1,0,0,0,1,0,0,0,0,1,0,Low,0.0
38.98162253698086,0.038981622536980856,2.0,40.0,0,11.41025641025641,29.897435897435898,0.15384615384615385,0.38461538461538464,0.0,0.0,0.0,0,0,0,0,0,0,1,0,0,0,0,0,0,0,1,0,0,1,0,0,0,0,1,0,0,0,0,Critical,99.28234183191692
204.37742061614665,0.20437742061614664,2.0,40.0,0,12.0,27.0,0.0,0.0,0.0,0.0,0.0,0,0,0,0,0,0,1,0,0,0,0,0,0,0,0,0,1,0,0,0,1,0,0,0,0,1,0,Low,0.0
364.7107415648126,0.36471074156481265,2.0,40.0,0,22.0,18.0,0.0,1.0,0.0,0.0,0.0,0,0,0,0,0,0,1,0,0,0,0,0,0,0,1,0,0,0,1,0,0,0,1,0,0,0,0,Medium,33.9943342776204
90.84507581343792,0.09084507581343791,2.0,40.0,0,11.0,24.0,0.0,1.0,0.0,0.0,0.0,0,0,0,0,0,0,1,0,0,0,0,0,0,0,0,1,0,1,0,0,0,0,0,0,1,0,0,Medium,33.9943342776204
502.6579618938045,0.5026579618938045,2.0,40.0,1,11.0,37.0,0.0,0.0,0.0,0.0,0.0,0,0,0,0,0,0,0,0,0,0,0,0,1,0,0,1,0,1,0,0,0,0,0,0,0,0,1,Medium,44.68366383380548
35.073294152258015,0.03507329415225802,2.0,40.0,0,12.0,27.0,0.0,0.0,0.0,0.0,0.0,0,0,0,0,0,0,1,0,0,0,0,0,0,0,0,0,1,0,0,0,1,0,0,0,0,1,0,Low,0.0
10.175953710253555,0.010175953710253555,2.0,40.0,1,12.0,27.0,0.0,0.0,0.0,0.0,0.0,0,0,0,0,0,0,0,1,0,0,0,0,0,0,0,0,1,0,0,0,1,0,0,0,0,1,0,Low,0.0
30.229398650655646,0.030229398650655645,2.0,40.0,0,12.0,27.0,0.0,0.0,0.0,0.0,0.0,0,0,0,0,0,0,1,0,0,0,0,0,0,0,0,0,1,0,0,0,1,0,0,0,0,1,0,Low,0.0
320.7479258824096,0.32074792588240963,2.0,40.0,0,16.333333333333332,26.333333333333332,0.6666666666666666,0.3333333333333333,0.0,0.0,0.0,0,0,0,0,0,0,0,0,1,0,0,0,0,0,0,1,0,1,0,0,0,0,0,1,0,0,0,Critical,92.4551463644948
32.16240483809,0.03216240483809,2.0,40.0,0,12.0,27.0,0.0,0.0,0.0,0.0,0.0,0,0,0,0,0,0,1,0,0,0,0,0,0,0,0,0,1,0,0,0,1,0,0,0,0,1,0,Low,0.0
37.30023692160986,0.03730023692160986,2.0,40.0,0,2.0,18.0,0.0,1.0,0.0,0.0,0.0,0,0,0,0,0,0,1,0,0,0,0,0,0,0,1,0,0,0,0,1,0,0,0,0,1,0,0,Medium,49.405099150141645
41.27982106209592,0.04127982106209592,2.0,40.0,0,12.0,27.0,0.0,0.0,0.0,0.0,0.0,0,0,0,0,0,0,1,0,0,0,0,0,0,0,0,0,1,0,0,0,1,0,0,0,0,1,0,Low,0.0
38.94570725860216,0.038945707258602164,2.0,40.0,0,12.0,27.0,0.0,0.0,0.0,0.0,0.0,0,0,0,0,0,0,1,0,0,0,0,0,0,0,0,0,1,0,0,0,1,0,0,0,0,1,0,Low,0.0
230.16544493365544,0.23016544493365543,2.0,40.0,0,5.0,15.0,0.0,0.0,0.0,0.0,0.0,0,0,0,0,0,0,0,0,1,0,0,0,0,0,1,0,0,0,0,1,0,0,1,0,0,0,0,Medium,38.1586402266289
28.7664693435768,0.028766469343576802,2.0,40.0,0,12.0,27.0,0.0,0.0,0.0,0.0,0.0,0,0,0,0,0,0,1,0,0,0,0,0,0,0,0,0,1,0,0,0,1,0,0,0,0,1,0,Low,0.0
220.9420994542861,0.2209420994542861,2.0,40.0,0,23.0,17.0,0.0,1.0,0.0,0.0,0.0,0,0,0,0,0,0,1,0,0,0,0,0,0,1,0,0,0,1,0,0,0,0,1,0,0,0,0,Medium,49.405099150141645
125.47647704247692,0.1254764770424769,2.0,40.0,0,20.0,32.0,0.0,1.0,0.0,0.0,0.0,0,0,0,0,0,0,1,0,0,0,0,0,0,0,1,0,0,0,1,0,0,0,0,0,0,0,1,Medium,49.405099150141645
153.24705297409895,0.15324705297409896,2.0,40.0,0,17.0,32.0,1.0,0.0,0.0,0.0,0.0,0,0,0,0,0,0,1,0,0,0,0,0,0,0,1,0,0,1,0,0,0,0,0,0,1,0,0,Medium,43.31444759206799
38.38513634184599,0.03838513634184599,2.0,40.0,0,12.0,27.0,0.0,0.0,0.0,0.0,0.0,0,0,0,0,0,0,1,0,0,0,0,0,0,0,0,0,1,0,0,0,1,0,0,0,0,1,0,Low,0.0
97.54479947079471,0.09754479947079471,2.0,40.0,0,12.0,27.0,0.0,0.0,0.0,0.0,0.0,0,0,0,0,0,0,0,0,1,0,0,0,0,0,0,0,1,0,0,0,1,0,0,0,0,1,0,Low,0.0
30.250343662018413,0.03025034366201841,2.0,40.0,0,12.0,27.0,0.0,0.0,0.0,0.0,0.0,0,0,0,0,0,0,1,0,0,0,0,0,0,0,0,0,1,0,0,0,1,0,0,0,0,1,0,Low,0.0
274.4067036194015,0.2744067036194015,2.0,30.0,1,12.0,27.0,0.0,0.0,0.0,0.0,0.0,0,0,0,0,0,0,0,0,0,0,1,0,0,0,0,0,1,0,0,0,1,0,0,0,0,1,0,Low,0.0
40.51625524917065,0.04051625524917065,2.0,40.0,0,12.0,27.0,0.0,0.0,0.0,0.0,0.0,0,0,0,0,0,0,1,0,0,0,0,0,0,0,0,0,1,0,0,0,1,0,0,0,0,1,0,Low,0.0
100.44275918169556,0.10044275918169557,2.0,40.0,0,6.0,34.0,0.0,0.0,0.0,0.0,0.0,0,0,0,0,0,0,1,0,0,0,0,0,0,1,0,0,0,1,0,0,0,0,0,0,0,0,1,Medium,29.27289896128424
26.09465628343117,0.02609465628343117,2.0,40.0,0,12.0,27.0,0.0,0.0,0.0,0.0,0.0,0,0,0,0,0,0,1,0,0,0,0,0,0,0,0,0,1,0,0,0,1,0,0,0,0,1,0,Low,0.0
95.44222960844532,0.09544222960844531,2.0,40.0,1,12.0,27.0,0.0,0.0,0.0,0.0,0.0,0,0,0,0,0,0,0,0,1,0,0,0,0,0,0,0,1,0,0,0,1,0,0,0,0,1,0,Low,0.0
41.59588467251235,0.04159588467251235,2.0,40.0,0,12.0,27.0,0.0,0.0,0.0,0.0,0.0,0,0,0,0,0,0,1,0,0,0,0,0,0,0,0,0,1,0,0,0,1,0,0,0,0,1,0,Low,0.0
193.5941245185027,0.1935941245185027,2.0,40.0,0,12.0,27.0,0.0,0.0,0.0,0.0,0.0,0,0,0,0,0,0,1,0,0,0,0,0,0,0,0,0,1,0,0,0,1,0,0,0,0,1,0,Low,0.0
103.0487324249804,0.1030487324249804,2.0,40.0,0,10.0,35.0,1.0,0.0,0.0,0.0,0.0,0,0,0,0,0,0,1,0,0,0,0,0,0,0,1,0,0,1,0,0,0,1,0,0,0,0,0,Medium,33.9943342776204
74.97054090117153,0.07497054090117153,4.0,40.0,0,4.0,24.0,0.0,0.0,0.0,0.0,0.0,0,0,0,0,0,0,0,0,1,0,0,0,0,1,0,0,0,0,1,0,0,0,0,1,0,0,0,Medium,29.27289896128424
601.9878385481106,0.6019878385481107,2.0,40.0,0,10.0,17.0,1.0,1.0,0.0,0.0,0.0,0,0,0,0,0,0,0,0,1,0,0,0,0,0,1,0,0,1,0,0,0,0,0,0,1,0,0,Medium,33.9943342776204
40.93736208081184,0.040937362080811834,2.0,40.0,0,12.0,27.0,0.0,0.0,0.0,0.0,0.0,0,0,0,0,0,0,1,0,0,0,0,0,0,0,0,0,1,0,0,0,1,0,0,0,0,1,0,Low,0.0
166.530835316399,0.16653083531639898,2.0,40.0,0,0.0,32.0,0.0,0.0,0.0,0.0,0.0,0,0,0,0,0,0,0,0,1,0,0,0,0,0,1,0,0,0,1,0,0,0,1,0,0,0,0,Medium,44.68366383380548
150.3282058248983,0.1503282058248983,2.0,40.0,0,17.0,36.0,1.0,0.0,0.0,0.0,0.0,0,0,0,0,0,0,1,0,0,0,0,0,0,0,0,1,0,1,0,0,0,1,0,0,0,0,0,Medium,33.9943342776204
53.72150374698527,0.05372150374698527,2.0,40.0,0,12.0,27.0,0.0,0.0,0.0,0.0,0.0,0,0,0,0,0,0,1,0,0,0,0,0,0,0,0,0,1,0,0,0,1,0,0,0,0,1,0,Low,0.0
310.2767980589539,0.31027679805895386,2.0,40.0,0,15.0,19.0,0.0,1.0,0.0,0.0,0.0,0,0,0,0,0,0,0,1,0,0,0,0,0,0,1,0,0,1,0,0,0,0,0,0,0,0,1,Medium,44.68366383380548
39.050555152644485,0.03905055515264449,2.0,40.0,0,18.0,39.0,1.0,0.0,0.0,0.0,0.0,0,0,0,0,0,0,1,0,0,0,0,0,0,0,1,0,0,1,0,0,0,0,1,0,0,0,0,Medium,44.68366383380548
40.70899012486773,0.040708990124867735,2.0,40.0,0,4.0,32.0,0.0,0.0,0.0,0.0,0.0,0,0,0,0,0,0,1,0,0,0,0,0,0,0,1,0,0,0,1,0,0,0,1,0,0,0,0,Medium,29.27289896128424
184.39700952338177,0.18439700952338176,2.0,40.0,0,22.0,17.0,0.0,0.0,0.0,0.0,0.0,0,0,0,0,0,0,1,0,0,0,0,0,0,0,1,0,0,0,1,0,0,1,0,0,0,0,0,Medium,49.405099150141645
25.305948160471644,0.025305948160471645,2.0,40.0,0,12.0,27.0,0.0,0.0,0.0,0.0,0.0,0,0,0,0,0,0,1,0,0,0,0,0,0,0,0,0,1,0,0,0,1,0,0,0,0,1,0,Low,0.0
34.22270976288564,0.03422270976288564,2.0,40.0,0,13.666666666666666,25.416666666666668,0.16666666666666666,0.25,0.0,0.0,0.0,0,0,0,0,0,0,1,0,0,0,0,0,0,0,1,0,0,1,0,0,0,0,1,0,0,0,0,Critical,95.8356940509915
23.98324344940393,0.02398324344940393,2.0,40.0,0,12.0,27.0,0.0,0.0,0.0,0.0,0.0,0,1,0,0,0,0,0,0,0,0,0,0,0,0,0,0,1,0,0,0,1,0,0,0,0,1,0,Low,0.0
21.64300203457342,0.021643002034573422,2.0,40.0,0,12.0,27.0,0.0,0.0,0.0,0.0,0.0,0,0,0,0,0,0,1,0,0,0,0,0,0,0,0,0,1,0,0,0,1,0,0,0,0,1,0,Low,0.0
81.41326480746878,0.08141326480746877,2.0,40.0,0,12.0,27.0,0.0,0.0,0.0,0.0,0.0,0,0,0,0,0,0,1,0,0,0,0,0,0,0,0,0,1,0,0,0,1,0,0,0,0,1,0,Low,0.0
59.330713197313,0.059330713197313,2.0,40.0,0,12.0,27.0,0.0,0.0,0.0,0.0,0.0,0,0,0,0,0,0,1,0,0,0,0,0,0,0,0,0,1,0,0,0,1,0,0,0,0,1,0,Low,0.0
21.124533348744716,0.021124533348744715,2.0,40.0,0,12.0,27.0,0.0,0.0,0.0,0.0,0.0,0,0,0,0,0,0,1,0,0,0,0,0,0,0,0,0,1,0,0,0,1,0,0,0,0,1,0,Low,0.0
99.3328710763969,0.09933287107639689,2.0,40.0,0,12.0,20.0,0.0,0.0,0.0,0.0,0.0,0,0,0,0,0,0,1,0,0,0,0,0,0,0,0,1,0,0,1,0,0,0,0,1,0,0,0,High,68.60245514636449
61.073042362730135,0.06107304236273013,2.0,40.0,0,22.0,37.0,0.0,1.0,0.0,0.0,0.0,0,0,0,0,0,0,1,0,0,0,0,0,0,1,0,0,0,0,0,1,0,0,0,0,0,0,1,Medium,38.1586402266289
73.24303430768981,0.07324303430768982,2.0,40.0,0,12.0,27.0,0.0,0.0,0.0,0.0,0.0,0,0,0,0,0,0,1,0,0,0,0,0,0,0,0,0,1,0,0,0,1,0,0,0,0,1,0,Low,0.0
5.053231249980209,0.005053231249980209,2.0,40.0,0,12.0,27.0,0.0,0.0,0.0,0.0,0.0,0,0,0,0,0,0,1,0,0,0,0,0,0,0,0,0,1,0,0,0,1,0,0,0,0,1,0,Low,0.0
44.91832894106474,0.04491832894106474,2.0,40.0,0,12.0,27.0,0.0,0.0,0.0,0.0,0.0,0,0,0,0,0,0,1,0,0,0,0,0,0,0,0,0,1,0,0,0,1,0,0,0,0,1,0,Low,0.0
177.78415651730646,0.17778415651730645,2.0,40.0,0,17.0,30.0,1.0,0.0,0.0,0.0,0.0,0,0,0,0,0,0,1,0,0,0,0,0,0,1,0,0,0,1,0,0,0,1,0,0,0,0,0,Medium,38.1586402266289
103.15558703271466,0.10315558703271466,2.0,40.0,0,15.0,19.0,0.0,1.0,0.0,0.0,0.0,0,0,0,0,0,0,1,0,0,0,0,0,0,0,1,0,0,0,0,1,0,0,0,0,1,0,0,High,60.19830028328612
31.41706756371685,0.03141706756371685,2.0,40.0,0,12.0,27.0,0.0,0.0,0.0,0.0,0.0,0,0,0,0,0,0,1,0,0,0,0,0,0,0,0,0,1,0,0,0,1,0,0,0,0,1,0,Low,0.0
4.785779416093666,0.004785779416093666,2.0,40.0,0,17.0,40.0,1.0,0.0,0.0,0.0,0.0,0,0,0,0,0,0,1,0,0,0,0,0,0,1,0,0,0,0,0,1,0,0,0,0,1,0,0,Medium,41.1614730878187
33.764415685385,0.033764415685385005,2.0,40.0,0,13.0,29.0,0.0,0.0,0.0,0.0,0.0,0,0,0,0,0,0,1,0,0,0,0,0,0,0,0,1,0,1,0,0,0,0,1,0,0,0,0,High,53.56940509915015
6810.075535887765,6.810075535887765,4.0,80.0,1,18.0,22.0,1.0,0.0,0.0,0.0,0.0,0,0,1,0,0,0,0,0,0,0,0,0,0,1,0,0,0,1,0,0,0,1,0,0,0,0,0,Medium,29.27289896128424
77.74780104038605,0.07774780104038605,2.0,40.0,0,12.0,27.0,0.0,0.0,0.0,0.0,0.0,0,0,0,0,0,0,1,0,0,0,0,0,0,0,0,0,1,0,0,0,1,0,0,0,0,1,0,Low,0.0
108.44204000699432,0.10844204000699433,2.0,40.0,0,23.0,22.0,0.0,0.0,0.0,0.0,0.0,0,0,0,0,0,0,1,0,0,0,0,0,0,1,0,0,0,1,0,0,0,1,0,0,0,0,0,High,57.80925401322001
356.72053953947307,0.3567205395394731,2.0,40.0,0,19.0,31.0,1.0,0.0,0.0,0.0,0.0,0,0,0,0,0,0,1,0,0,0,0,0,0,1,0,0,0,1,0,0,0,0,0,0,1,0,0,Medium,41.1614730878187
131.49639572468078,0.13149639572468078,2.0,40.0,1,14.0,21.0,0.0,1.0,0.0,0.0,0.0,0,0,0,0,0,0,0,1,0,0,0,0,0,0,1,0,0,0,1,0,0,1,0,0,0,0,0,High,53.56940509915015
30.624458484224224,0.030624458484224223,2.0,40.0,0,16.0,23.0,0.0,0.0,0.0,0.0,0.0,0,0,0,0,0,0,1,0,0,0,0,0,0,0,0,1,0,1,0,0,0,0,0,0,0,0,1,High,60.19830028328612
159.27331130819798,0.15927331130819797,2.0,40.0,0,13.0,21.0,0.0,1.0,0.0,0.0,0.0,0,0,0,0,0,0,1,0,0,0,0,0,0,0,1,0,0,1,0,0,0,0,0,0,0,0,1,Medium,38.1586402266289
1370.3693600409422,1.3703693600409421,2.0,20.0,0,6.0,40.0,0.0,0.0,0.0,0.0,0.0,0,0,0,0,0,0,0,0,1,0,0,0,0,1,0,0,0,1,0,0,0,0,1,0,0,0,0,High,57.80925401322001
38.04489924180036,0.03804489924180036,2.0,40.0,0,12.0,27.0,0.0,0.0,0.0,0.0,0.0,0,0,0,0,0,0,0,0,1,0,0,0,0,0,0,0,1,0,0,0,1,0,0,0,0,1,0,Low,0.0
47.65677166831088,0.04765677166831088,2.0,40.0,0,12.0,27.0,0.0,0.0,0.0,0.0,0.0,0,0,0,0,0,0,1,0,0,0,0,0,0,0,0,0,1,0,0,0,1,0,0,0,0,1,0,Low,0.0
229.962328440006,0.229962328440006,2.0,40.0,0,13.0,16.0,0.0,1.0,0.0,0.0,0.0,0,0,0,0,0,0,1,0,0,0,0,0,0,1,0,0,0,1,0,0,0,1,0,0,0,0,0,Medium,29.27289896128424
106.91508834308306,0.10691508834308305,2.0,40.0,0,18.666666666666668,29.666666666666668,0.6666666666666666,0.0,0.0,0.0,0.0,0,0,0,0,0,0,1,0,0,0,0,0,0,0,1,0,0,0,0,1,0,0,0,1,0,0,0,Critical,93.13503305004724
49.34193162442404,0.04934193162442404,2.0,40.0,0,12.0,27.0,0.0,0.0,0.0,0.0,0.0,0,0,0,0,0,0,1,0,0,0,0,0,0,0,0,0,1,0,0,0,1,0,0,0,0,1,0,Low,0.0
88.56049814654273,0.08856049814654272,2.0,40.0,0,12.0,27.0,0.0,0.0,0.0,0.0,0.0,0,0,0,0,0,0,1,0,0,0,0,0,0,0,0,0,1,0,0,0,1,0,0,0,0,1,0,Low,0.0
110.2238300268141,0.1102238300268141,2.0,40.0,0,12.0,27.0,0.0,0.0,0.0,0.0,0.0,0,0,0,0,0,0,1,0,0,0,0,0,0,0,0,0,1,0,0,0,1,0,0,0,0,1,0,Low,0.0
39.34164254167459,0.03934164254167459,2.0,40.0,0,12.0,27.0,0.0,0.0,0.0,0.0,0.0,0,0,0,0,0,0,0,0,1,0,0,0,0,0,0,0,1,0,0,0,1,0,0,0,0,1,0,Low,0.0
71.56234994822165,0.07156234994822165,2.0,40.0,0,12.0,27.0,0.0,0.0,0.0,0.0,0.0,0,0,0,0,0,0,1,0,0,0,0,0,0,0,0,0,1,0,0,0,1,0,0,0,0,1,0,Low,0.0
87.1337933682433,0.0871337933682433,2.0,40.0,0,10.0,33.0,1.0,0.0,0.0,0.0,0.0,0,0,0,0,0,0,0,0,1,0,0,0,0,0,0,1,0,1,0,0,0,0,0,0,1,0,0,Medium,44.68366383380548
44.23488349162434,0.04423488349162434,2.0,40.0,0,12.0,27.0,0.0,0.0,0.0,0.0,0.0,0,0,0,0,0,0,1,0,0,0,0,0,0,0,0,0,1,0,0,0,1,0,0,0,0,1,0,Low,0.0
34.5488214840267,0.0345488214840267,2.0,40.0,0,12.0,27.0,0.0,0.0,0.0,0.0,0.0,0,0,0,0,0,0,1,0,0,0,0,0,0,0,0,0,1,0,0,0,1,0,0,0,0,1,0,Low,0.0
55.05833408983332,0.05505833408983332,2.0,40.0,0,12.0,27.0,0.0,0.0,0.0,0.0,0.0,0,0,0,0,0,0,1,0,0,0,0,0,0,0,0,0,1,0,0,0,1,0,0,0,0,1,0,Low,0.0
28.449488999584773,0.028449488999584775,2.0,40.0,0,12.0,27.0,0.0,0.0,0.0,0.0,0.0,0,0,0,0,0,0,1,0,0,0,0,0,0,0,0,0,1,0,0,0,1,0,0,0,0,1,0,Low,0.0
625.6229646539114,0.6256229646539113,2.0,40.0,0,23.0,17.0,0.0,1.0,0.0,0.0,0.0,0,0,0,0,0,0,1,0,0,0,0,0,0,1,0,0,0,0,1,0,0,0,0,0,0,0,1,High,64.97639282341832
400.7600840402312,0.4007600840402312,2.0,40.0,0,13.0,40.0,0.0,0.0,0.0,0.0,0.0,0,0,0,0,0,0,1,0,0,0,0,0,0,1,0,0,0,0,1,0,0,0,0,0,0,0,1,Medium,29.27289896128424
114.89146563960595,0.11489146563960595,2.0,25.0,1,22.0,39.0,0.0,0.0,0.0,0.0,0.0,0,0,0,0,0,0,0,0,1,0,0,0,0,0,1,0,0,0,1,0,0,0,0,1,0,0,0,High,56.57223796033995
51.96001956075018,0.051960019560750186,2.0,40.0,0,12.0,27.0,0.0,0.0,0.0,0.0,0.0,0,0,0,0,0,0,1,0,0,0,0,0,0,0,0,0,1,0,0,0,1,0,0,0,0,1,0,Low,0.0
117.89503569915917,0.11789503569915917,2.0,40.0,0,12.0,27.0,0.0,0.0,0.0,0.0,0.0,0,0,0,0,0,0,1,0,0,0,0,0,0,0,0,0,1,0,0,0,1,0,0,0,0,1,0,Low,0.0
38.66539202314438,0.038665392023144375,2.0,40.0,0,12.0,27.0,0.0,0.0,0.0,0.0,0.0,0,0,0,0,0,0,1,0,0,0,0,0,0,0,0,0,1,0,0,0,1,0,0,0,0,1,0,Low,0.0
156.65636578306135,0.15665636578306136,2.0,40.0,0,12.0,27.0,0.0,0.0,0.0,0.0,0.0,0,0,0,0,0,0,1,0,0,0,0,0,0,0,0,0,1,0,0,0,1,0,0,0,0,1,0,Low,0.0
7.139353310885236,0.007139353310885235,2.0,40.0,0,12.0,27.0,0.0,0.0,0.0,0.0,0.0,0,0,0,0,0,0,0,0,1,0,0,0,0,0,0,0,1,0,0,0,1,0,0,0,0,1,0,Low,0.0
55.481057946233946,0.055481057946233946,2.0,40.0,0,12.0,27.0,0.0,0.0,0.0,0.0,0.0,0,0,0,0,0,0,1,0,0,0,0,0,0,0,0,0,1,0,0,0,1,0,0,0,0,1,0,Low,0.0
113.78832329278389,0.11378832329278389,2.0,40.0,0,12.5,34.5,0.0,0.0,0.0,0.0,0.0,0,0,0,0,0,0,1,0,0,0,0,0,0,1,0,0,0,1,0,0,0,0,0,0,1,0,0,Critical,90.62322946175638
27.18939405119747,0.027189394051197472,2.0,40.0,0,10.0,19.0,1.0,0.0,0.0,0.0,0.0,0,0,0,0,0,0,1,0,0,0,0,0,0,0,0,1,0,1,0,0,0,1,0,0,0,0,0,Medium,33.9943342776204
35.16440988137943,0.03516440988137943,2.0,40.0,0,12.0,27.0,0.0,0.0,0.0,0.0,0.0,0,0,0,0,0,0,1,0,0,0,0,0,0,0,0,0,1,0,0,0,1,0,0,0,0,1,0,Low,0.0
144.12902375889473,0.14412902375889472,2.0,40.0,0,9.0,32.0,1.0,1.0,0.0,0.0,0.0,0,0,0,0,0,0,1,0,0,0,0,0,0,0,1,0,0,0,1,0,0,0,0,0,0,0,1,Medium,49.405099150141645
259.2869182457846,0.2592869182457846,2.0,40.0,0,11.0,30.0,0.0,0.0,0.0,0.0,0.0,0,0,0,0,0,0,1,0,0,0,0,0,0,0,1,0,0,0,1,0,0,0,1,0,0,0,0,Medium,38.1586402266289
123.90825567093891,0.12390825567093891,2.0,40.0,0,14.0,36.0,0.0,0.0,0.0,0.0,0.0,0,0,0,0,0,0,1,0,0,0,0,0,0,1,0,0,0,1,0,0,0,0,0,0,0,0,1,High,61.97355996222852
32.371830338494455,0.03237183033849445,2.0,40.0,0,17.0,25.0,1.0,0.0,0.0,0.0,0.0,0,0,0,0,0,0,1,0,0,0,0,0,0,0,1,0,0,0,1,0,0,0,1,0,0,0,0,Medium,49.405099150141645
719.1584349090984,0.7191584349090985,2.0,30.0,1,8.0,31.0,1.0,0.0,0.0,0.0,0.0,0,0,0,0,1,0,0,0,0,0,0,0,0,1,0,0,0,0,1,0,0,0,0,1,0,0,0,Medium,29.27289896128424
27.860012686722445,0.027860012686722446,2.0,40.0,0,12.0,27.0,0.0,0.0,0.0,0.0,0.0,0,0,0,0,0,0,1,0,0,0,0,0,0,0,0,0,1,0,0,0,1,0,0,0,0,1,0,Low,0.0
31.405112644386872,0.03140511264438687,2.0,40.0,0,12.0,27.0,0.0,0.0,0.0,0.0,0.0,0,0,0,0,0,0,1,0,0,0,0,0,0,0,0,0,1,0,0,0,1,0,0,0,0,1,0,Low,0.0
164.9419125224581,0.1649419125224581,2.0,40.0,0,12.0,27.0,0.0,0.0,0.0,0.0,0.0,0,0,0,0,0,0,1,0,0,0,0,0,0,0,0,0,1,0,0,0,1,0,0,0,0,1,0,Low,0.0
21.812969350822254,0.021812969350822255,2.0,40.0,0,12.0,27.0,0.0,0.0,0.0,0.0,0.0,0,0,0,0,0,0,1,0,0,0,0,0,0,0,0,0,1,0,0,0,1,0,0,0,0,1,0,Low,0.0
61.08827689479725,0.06108827689479725,2.0,40.0,0,18.0,24.0,0.0,0.0,0.0,0.0,0.0,0,0,0,0,0,0,0,0,1,0,0,0,0,0,1,0,0,0,1,0,0,0,0,1,0,0,0,Critical,89.1501416430595
69.60615212637408,0.06960615212637408,2.0,40.0,0,12.0,27.0,0.0,0.0,0.0,0.0,0.0,0,0,0,0,0,0,1,0,0,0,0,0,0,0,0,0,1,0,0,0,1,0,0,0,0,1,0,Low,0.0
39.11193765813679,0.03911193765813679,2.0,40.0,0,15.5,22.5,0.5,0.0,0.0,0.0,0.0,0,0,0,0,0,0,1,0,0,0,0,0,0,0,1,0,0,0,1,0,0,0,1,0,0,0,0,High,69.41454202077432
160.38162750396754,0.16038162750396753,2.0,40.0,0,12.0,27.0,0.0,0.0,0.0,0.0,0.0,0,0,0,0,0,0,1,0,0,0,0,0,0,0,0,0,1,0,0,0,1,0,0,0,0,1,0,Low,0.0
55.96220543024069,0.055962205430240684,2.0,40.0,0,12.0,27.0,0.0,0.0,0.0,0.0,0.0,0,0,0,0,0,0,1,0,0,0,0,0,0,0,0,0,1,0,0,0,1,0,0,0,0,1,0,Low,0.0
275.3508168659226,0.27535081686592255,2.0,40.0,0,11.0,36.0,0.0,0.0,0.0,0.0,0.0,0,0,0,0,0,0,1,0,0,0,0,0,0,0,0,1,0,1,0,0,0,0,0,0,1,0,0,High,58.72521246458924
27.055871459312005,0.027055871459312004,2.0,40.0,0,12.0,27.0,0.0,0.0,0.0,0.0,0.0,0,0,0,0,0,0,1,0,0,0,0,0,0,0,0,0,1,0,0,0,1,0,0,0,0,1,0,Low,0.0
358.752588640169,0.358752588640169,2.0,40.0,0,16.0,19.0,0.0,1.0,0.0,0.0,0.0,0,0,0,0,0,0,1,0,0,0,0,0,0,1,0,0,0,0,0,1,0,0,0,0,0,0,1,Medium,33.9943342776204
69.25853529136958,0.06925853529136958,2.0,40.0,0,12.0,27.0,0.0,0.0,0.0,0.0,0.0,0,0,0,0,0,0,1,0,0,0,0,0,0,0,0,0,1,0,0,0,1,0,0,0,0,1,0,Low,0.0
22.87583710265616,0.02287583710265616,2.0,40.0,0,12.0,27.0,0.0,0.0,0.0,0.0,0.0,0,0,0,0,0,0,1,0,0,0,0,0,0,0,0,0,1,0,0,0,1,0,0,0,0,1,0,Low,0.0
108.39450128085396,0.10839450128085396,2.0,40.0,0,13.0,17.0,0.0,0.0,0.0,0.0,0.0,0,0,0,0,0,0,1,0,0,0,0,0,0,0,1,0,0,0,1,0,0,1,0,0,0,0,0,Medium,29.27289896128424
73.49282763762899,0.07349282763762899,2.0,40.0,0,12.0,27.0,0.0,0.0,0.0,0.0,0.0,0,0,0,0,0,0,1,0,0,0,0,0,0,0,0,0,1,0,0,0,1,0,0,0,0,1,0,Low,0.0
154.89784681841266,0.15489784681841265,2.0,40.0,0,5.0,19.0,0.0,1.0,0.0,0.0,0.0,0,0,0,0,0,0,1,0,0,0,0,0,0,0,1,0,0,0,1,0,0,1,0,0,0,0,0,Medium,29.27289896128424
276.98838574453794,0.27698838574453793,2.0,40.0,1,12.0,27.0,0.0,0.0,0.0,0.0,0.0,0,0,0,0,0,0,0,0,1,0,0,0,0,0,0,0,1,0,0,0,1,0,0,0,0,1,0,Low,0.0
48.059819696777694,0.048059819696777695,2.0,40.0,0,19.0,21.0,1.0,1.0,0.0,0.0,0.0,0,1,0,0,0,0,0,0,0,0,0,0,0,1,0,0,0,1,0,0,0,1,0,0,0,0,0,Medium,29.27289896128424
42.45837592069912,0.04245837592069912,2.0,40.0,0,12.0,27.0,0.0,0.0,0.0,0.0,0.0,0,0,0,0,0,0,1,0,0,0,0,0,0,0,0,0,1,0,0,0,1,0,0,0,0,1,0,Low,0.0
71.26221649396064,0.07126221649396064,2.0,40.0,0,17.0,32.0,1.0,1.0,0.0,0.0,0.0,0,0,0,0,0,0,1,0,0,0,0,0,0,0,1,0,0,1,0,0,0,0,0,0,1,0,0,High,56.57223796033995
82.88557154597035,0.08288557154597034,2.0,40.0,0,12.0,35.0,0.0,1.0,0.0,0.0,0.0,0,0,0,0,0,0,1,0,0,0,0,0,0,1,0,0,0,1,0,0,0,0,0,1,0,0,0,Medium,38.1586402266289
30.250343662018413,0.03025034366201841,2.0,40.0,0,12.0,27.0,0.0,0.0,0.0,0.0,0.0,0,0,0,0,0,0,1,0,0,0,0,0,0,0,0,0,1,0,0,0,1,0,0,0,0,1,0,Low,0.0
77.55890082809236,0.07755890082809236,3.0,80.0,1,10.166666666666666,27.5,0.3333333333333333,0.16666666666666666,0.0,0.0,0.0,0,0,0,0,0,0,0,0,0,0,1,0,0,1,0,0,0,1,0,0,0,0,0,1,0,0,0,Critical,94.66477809254012
88.36655729375263,0.08836655729375263,2.0,40.0,0,7.0,36.0,0.0,0.0,0.0,0.0,0.0,0,0,0,0,0,0,1,0,0,0,0,0,0,0,0,1,0,0,1,0,0,0,1,0,0,0,0,Medium,44.68366383380548
18.143745530321493,0.01814374553032149,2.0,40.0,0,12.0,27.0,0.0,0.0,0.0,0.0,0.0,0,0,0,0,0,0,1,0,0,0,0,0,0,0,0,0,1,0,0,0,1,0,0,0,0,1,0,Low,0.0
26.6828701197133,0.0266828701197133,2.0,40.0,0,12.0,27.0,0.0,0.0,0.0,0.0,0.0,0,0,0,0,0,0,1,0,0,0,0,0,0,0,0,0,1,0,0,0,1,0,0,0,0,1,0,Low,0.0
254.250079535278,0.254250079535278,2.0,40.0,1,8.0,31.0,1.0,1.0,0.0,0.0,0.0,0,0,0,0,1,0,0,0,0,0,0,0,0,0,0,1,0,1,0,0,0,0,0,0,1,0,0,Medium,44.68366383380548
201.4370334953392,0.2014370334953392,2.0,40.0,0,1.0,24.0,0.0,1.0,0.0,0.0,0.0,0,0,0,0,0,0,1,0,0,0,0,0,0,0,1,0,0,1,0,0,0,1,0,0,0,0,0,High,68.60245514636449
177.170583564842,0.177170583564842,2.0,40.0,1,12.0,27.0,0.0,0.0,0.0,0.0,0.0,0,0,0,0,0,0,0,1,0,0,0,0,0,0,0,0,1,0,0,0,1,0,0,0,0,1,0,Low,0.0
30.67089659461838,0.030670896594618382,2.0,40.0,0,12.0,27.0,0.0,0.0,0.0,0.0,0.0,0,0,0,0,0,0,1,0,0,0,0,0,0,0,0,0,1,0,0,0,1,0,0,0,0,1,0,Low,0.0
29.069467690526206,0.029069467690526207,2.0,40.0,0,12.0,27.0,0.0,0.0,0.0,0.0,0.0,0,0,0,0,0,0,1,0,0,0,0,0,0,0,0,0,1,0,0,0,1,0,0,0,0,1,0,Low,0.0
52.05439072872769,0.05205439072872769,2.0,40.0,0,19.0,22.0,1.0,0.0,0.0,0.0,0.0,0,0,0,0,0,0,1,0,0,0,0,0,0,0,0,1,0,0,0,1,0,0,0,0,1,0,0,Medium,29.27289896128424
91.27306027645876,0.09127306027645876,2.0,40.0,0,22.0,25.0,0.0,0.0,0.0,0.0,0.0,0,0,0,0,0,0,1,0,0,0,0,0,0,0,1,0,0,0,0,1,0,0,1,0,0,0,0,Medium,33.9943342776204
229.32941785078728,0.22932941785078728,2.0,40.0,1,12.0,27.0,0.0,0.0,0.0,0.0,0.0,0,0,0,0,1,0,0,0,0,0,0,0,0,0,0,0,1,0,0,0,1,0,0,0,0,1,0,Low,0.0
108.2660864754931,0.1082660864754931,2.0,40.0,0,12.0,27.0,0.0,0.0,0.0,0.0,0.0,0,0,0,0,0,0,1,0,0,0,0,0,0,0,0,0,1,0,0,0,1,0,0,0,0,1,0,Low,0.0
93.63115919652896,0.09363115919652895,2.0,40.0,0,12.0,27.0,0.0,0.0,0.0,0.0,0.0,0,0,0,0,0,0,1,0,0,0,0,0,0,0,0,0,1,0,0,0,1,0,0,0,0,1,0,Low,0.0
21.790532384022704,0.021790532384022704,2.0,40.0,0,12.0,27.0,0.0,0.0,0.0,0.0,0.0,0,0,0,0,0,0,1,0,0,0,0,0,0,0,0,0,1,0,0,0,1,0,0,0,0,1,0,Low,0.0
76.74852880551722,0.07674852880551722,2.0,40.0,0,12.0,27.0,0.0,0.0,0.0,0.0,0.0,0,0,0,0,0,0,1,0,0,0,0,0,0,0,0,0,1,0,0,0,1,0,0,0,0,1,0,Low,0.0
775.6136370738776,0.7756136370738776,2.0,40.0,0,2.5,26.5,0.0,0.5,0.0,0.0,0.0,0,0,0,0,0,0,1,0,0,0,0,0,0,1,0,0,0,1,0,0,0,0,0,0,1,0,0,Critical,89.92445703493863
39.14978701707823,0.03914978701707823,2.0,40.0,0,9.0,16.0,1.0,0.0,0.0,0.0,0.0,0,1,0,0,0,0,0,0,0,0,0,0,0,0,0,1,0,1,0,0,0,0,0,1,0,0,0,Medium,44.68366383380548
53.93201448680232,0.05393201448680232,2.0,40.0,0,16.0,18.0,0.0,0.0,0.0,0.0,0.0,0,0,0,0,0,0,1,0,0,0,0,0,0,1,0,0,0,1,0,0,0,1,0,0,0,0,0,Medium,41.1614730878187
38.41159345935933,0.03841159345935933,2.0,40.0,0,12.0,27.0,0.0,0.0,0.0,0.0,0.0,0,1,0,0,0,0,0,0,0,0,0,0,0,0,0,0,1,0,0,0,1,0,0,0,0,1,0,Low,0.0
12.376621753425448,0.012376621753425448,2.0,40.0,0,13.0,30.0,0.0,0.0,0.0,0.0,0.0,0,1,0,0,0,0,0,0,0,0,0,0,0,1,0,0,0,1,0,0,0,1,0,0,0,0,0,High,68.60245514636449
205.5173911689184,0.2055173911689184,2.0,40.0,0,5.0,37.0,0.0,0.0,0.0,0.0,0.0,0,0,0,0,0,0,1,0,0,0,0,0,0,0,0,1,0,1,0,0,0,0,1,0,0,0,0,Medium,33.9943342776204
29.64609317754816,0.02964609317754816,2.0,40.0,0,0.0,29.0,0.0,1.0,0.0,0.0,0.0,0,0,0,0,0,0,0,0,1,0,0,0,0,1,0,0,0,1,0,0,0,0,0,0,0,0,1,Medium,29.27289896128424
13.418320177290202,0.0134183201772902,2.0,40.0,0,12.0,40.0,0.0,1.0,0.0,0.0,0.0,0,0,0,0,0,0,1,0,0,0,0,0,0,0,1,0,0,1,0,0,0,0,1,0,0,0,0,High,68.60245514636449
41.250470719016086,0.04125047071901609,2.0,40.0,0,12.0,27.0,0.0,0.0,0.0,0.0,0.0,0,0,0,0,0,0,1,0,0,0,0,0,0,0,0,0,1,0,0,0,1,0,0,0,0,1,0,Low,0.0
88.02257233517223,0.08802257233517223,2.0,40.0,0,12.464285714285714,25.607142857142858,0.35714285714285715,0.32142857142857145,0.0,0.0,0.0,0,0,0,0,0,0,1,0,0,0,0,0,0,0,1,0,0,1,0,0,0,0,0,0,1,0,0,Critical,98.82908404154864
6.70115989913543,0.00670115989913543,2.0,40.0,0,12.0,27.0,0.0,0.0,0.0,0.0,0.0,0,0,0,0,0,0,0,1,0,0,0,0,0,0,0,0,1,0,0,0,1,0,0,0,0,1,0,Low,0.0
86.57250878961358,0.08657250878961358,2.0,40.0,1,1.0,28.0,0.0,0.0,0.0,0.0,0.0,0,0,0,0,1,0,0,0,0,0,0,0,0,0,1,0,0,0,1,0,0,1,0,0,0,0,0,Medium,43.31444759206799
73.58096946806471,0.07358096946806471,2.0,40.0,0,12.0,27.0,0.0,0.0,0.0,0.0,0.0,0,0,0,0,0,0,1,0,0,0,0,0,0,0,0,0,1,0,0,0,1,0,0,0,0,1,0,Low,0.0
26.94956906910592,0.02694956906910592,2.0,40.0,0,12.0,27.0,0.0,0.0,0.0,0.0,0.0,0,0,0,0,0,0,0,0,1,0,0,0,0,0,0,0,1,0,0,0,1,0,0,0,0,1,0,Low,0.0
208.5202703753651,0.2085202703753651,2.0,40.0,0,5.0,24.0,0.0,1.0,0.0,0.0,0.0,0,0,0,0,0,0,0,0,1,0,0,0,0,1,0,0,0,0,0,1,0,1,0,0,0,0,0,Medium,44.68366383380548
22.72136493406928,0.022721364934069278,2.0,40.0,0,12.0,27.0,0.0,0.0,0.0,0.0,0.0,0,0,0,0,0,0,0,0,1,0,0,0,0,0,0,0,1,0,0,0,1,0,0,0,0,1,0,Low,0.0
219.74875988674629,0.21974875988674628,2.0,40.0,0,8.666666666666666,20.333333333333332,0.3333333333333333,0.0,0.0,0.0,0.0,0,0,0,0,0,0,1,0,0,0,0,0,0,1,0,0,0,1,0,0,0,0,0,0,0,0,1,Critical,90.9631728045326
118.58728198610616,0.11858728198610616,2.0,40.0,0,9.0,36.0,1.0,0.0,0.0,0.0,0.0,0,0,0,0,0,0,1,0,0,0,0,0,0,0,1,0,0,1,0,0,0,0,0,0,1,0,0,Medium,29.27289896128424
209.64147750351088,0.2096414775035109,2.0,40.0,1,23.0,28.0,0.0,0.0,0.0,0.0,0.0,0,0,0,0,0,0,0,1,0,0,0,0,0,1,0,0,0,0,0,1,0,0,0,1,0,0,0,Medium,33.9943342776204
32.976247496837395,0.0329762474968374,2.0,40.0,0,21.0,39.0,0.0,0.0,0.0,0.0,0.0,0,0,0,0,0,0,1,0,0,0,0,0,0,0,1,0,0,0,0,1,0,0,0,0,0,0,1,High,53.56940509915015
30.056594345288275,0.030056594345288276,2.0,40.0,0,12.0,27.0,0.0,0.0,0.0,0.0,0.0,0,0,0,0,0,0,1,0,0,0,0,0,0,0,0,0,1,0,0,0,1,0,0,0,0,1,0,Low,0.0
3.236603601688,0.003236603601688,2.0,40.0,0,12.0,27.0,0.0,0.0,0.0,0.0,0.0,0,0,0,0,0,0,1,0,0,0,0,0,0,0,0,0,1,0,0,0,1,0,0,0,0,1,0,Low,0.0
55.86703486550136,0.05586703486550136,2.0,40.0,0,12.0,27.0,0.0,0.0,0.0,0.0,0.0,0,0,0,0,0,0,1,0,0,0,0,0,0,0,0,0,1,0,0,0,1,0,0,0,0,1,0,Low,0.0
104.2339513504809,0.1042339513504809,2.0,40.0,0,10.5,26.5,0.5,0.5,0.0,0.0,0.0,0,0,0,0,0,0,0,0,1,0,0,0,0,0,1,0,0,1,0,0,0,0,1,0,0,0,0,High,62.24740321057601
46.664967060957565,0.04666496706095757,2.0,40.0,0,1.0,40.0,0.0,0.0,0.0,0.0,0.0,0,0,0,0,0,0,0,0,0,0,0,0,1,0,0,1,0,0,1,0,0,0,0,1,0,0,0,Medium,38.1586402266289
13.334512007594451,0.01333451200759445,2.0,40.0,0,12.0,27.0,0.0,0.0,0.0,0.0,0.0,0,0,0,0,0,0,1,0,0,0,0,0,0,0,0,0,1,0,0,0,1,0,0,0,0,1,0,Low,0.0
322.43788967074374,0.3224378896707437,2.0,40.0,0,11.0,24.0,0.0,1.0,0.0,0.0,0.0,0,0,0,0,0,0,1,0,0,0,0,0,0,0,0,1,0,1,0,0,0,0,1,0,0,0,0,Medium,29.27289896128424
11.222446761025417,0.011222446761025417,2.0,40.0,1,14.777777777777779,25.0,0.2222222222222222,0.3333333333333333,0.0,0.0,0.0,0,0,0,0,0,0,0,1,0,0,0,0,0,1,0,0,0,1,0,0,0,1,0,0,0,0,0,Critical,94.82530689329556
123.89991316316188,0.12389991316316189,2.0,40.0,0,4.0,28.0,0.0,0.0,0.0,0.0,0.0,0,0,0,0,0,0,1,0,0,0,0,0,0,1,0,0,0,0,0,1,0,0,0,0,0,0,1,Medium,43.31444759206799
36.81304729041746,0.036813047290417455,2.0,40.0,0,12.0,27.0,0.0,0.0,0.0,0.0,0.0,0,0,0,0,0,0,1,0,0,0,0,0,0,0,0,0,1,0,0,0,1,0,0,0,0,1,0,Low,0.0
49.10091519727711,0.04910091519727711,2.0,40.0,0,18.0,30.0,1.0,0.0,0.0,0.0,0.0,0,0,0,0,0,0,0,0,1,0,0,0,0,1,0,0,0,1,0,0,0,0,0,0,0,0,1,Medium,49.405099150141645
45.06990020284153,0.04506990020284153,1.0,40.0,0,17.0,16.0,1.0,0.0,0.0,0.0,0.0,0,0,0,0,0,0,1,0,0,0,0,0,0,0,1,0,0,1,0,0,0,0,0,0,0,0,1,Medium,44.68366383380548
66.40970960531259,0.06640970960531259,2.0,40.0,0,12.0,27.0,0.0,0.0,0.0,0.0,0.0,0,0,0,0,0,0,1,0,0,0,0,0,0,0,0,0,1,0,0,0,1,0,0,0,0,1,0,Low,0.0
17.90912986125611,0.017909129861256107,2.0,40.0,0,12.0,27.0,0.0,0.0,0.0,0.0,0.0,0,0,0,0,0,0,1,0,0,0,0,0,0,0,0,0,1,0,0,0,1,0,0,0,0,1,0,Low,0.0
40.4928133233944,0.040492813323394404,2.0,40.0,0,8.5,30.5,0.0,0.5,0.0,0.0,0.0,0,0,0,0,0,0,1,0,0,0,0,0,0,1,0,0,0,0,0,1,0,0,0,0,0,0,1,Critical,86.29839471199246
31.80781193974793,0.03180781193974793,2.0,40.0,0,12.0,27.0,0.0,0.0,0.0,0.0,0.0,0,0,0,0,0,0,0,0,1,0,0,0,0,0,0,0,1,0,0,0,1,0,0,0,0,1,0,Low,0.0
39.32989966859841,0.03932989966859841,2.0,40.0,0,12.0,27.0,0.0,0.0,0.0,0.0,0.0,0,0,0,0,0,0,1,0,0,0,0,0,0,0,0,0,1,0,0,0,1,0,0,0,0,1,0,Low,0.0
76.06163388080809,0.07606163388080808,2.0,40.0,0,12.0,27.0,0.0,0.0,0.0,0.0,0.0,0,0,0,0,0,0,1,0,0,0,0,0,0,0,0,0,1,0,0,0,1,0,0,0,0,1,0,Low,0.0
58.31412188791332,0.05831412188791332,2.0,40.0,0,12.0,27.0,0.0,0.0,0.0,0.0,0.0,0,0,0,0,0,0,1,0,0,0,0,0,0,0,0,0,1,0,0,0,1,0,0,0,0,1,0,Low,0.0
582.2068658629759,0.5822068658629759,2.0,40.0,0,15.0,15.0,0.0,0.0,0.0,0.0,0.0,0,0,0,0,0,0,0,0,1,0,0,0,0,1,0,0,0,0,1,0,0,0,0,1,0,0,0,High,53.56940509915015
148.97746871261234,0.14897746871261233,2.0,40.0,0,22.0,26.0,0.0,0.0,0.0,0.0,0.0,0,0,0,0,0,0,1,0,0,0,0,0,0,0,1,0,0,1,0,0,0,0,0,0,1,0,0,High,61.97355996222852
31.40753352284301,0.03140753352284301,2.0,40.0,0,4.0,28.0,0.0,0.0,0.0,0.0,0.0,0,0,0,0,0,0,1,0,0,0,0,0,0,0,1,0,0,0,1,0,0,0,0,0,0,0,1,Medium,33.9943342776204
30.429367462490585,0.030429367462490586,2.0,40.0,0,12.0,27.0,0.0,0.0,0.0,0.0,0.0,0,0,0,0,0,0,1,0,0,0,0,0,0,0,0,0,1,0,0,0,1,0,0,0,0,1,0,Low,0.0
254.80108369411232,0.2548010836941123,2.0,40.0,1,16.0,19.0,0.0,0.0,0.0,0.0,0.0,0,0,0,0,1,0,0,0,0,0,0,0,0,1,0,0,0,0,1,0,0,0,1,0,0,0,0,Medium,33.9943342776204
740.1388108158251,0.7401388108158251,2.0,40.0,0,7.0,27.0,0.0,1.0,0.0,0.0,0.0,0,0,0,0,0,0,1,0,0,0,0,0,0,0,1,0,0,0,1,0,0,0,0,0,1,0,0,Medium,33.9943342776204
44.60541331465012,0.04460541331465012,2.0,40.0,0,13.0,19.0,0.0,0.0,0.0,0.0,0.0,0,0,0,0,0,0,1,0,0,0,0,0,0,0,0,1,0,0,0,1,0,0,0,1,0,0,0,High,58.72521246458924
24.77821802212155,0.02477821802212155,2.0,40.0,0,12.0,27.0,0.0,0.0,0.0,0.0,0.0,0,0,0,0,0,0,1,0,0,0,0,0,0,0,0,0,1,0,0,0,1,0,0,0,0,1,0,Low,0.0
3795.173977919972,3.795173977919972,2.0,40.0,1,8.0,27.0,1.0,0.0,0.0,0.0,0.0,0,0,0,0,1,0,0,0,0,0,0,0,0,1,0,0,0,1,0,0,0,0,0,0,0,0,1,Medium,29.27289896128424
31.57747268608333,0.03157747268608333,2.0,40.0,0,17.0,28.0,1.0,0.0,0.0,0.0,0.0,0,0,0,0,0,0,1,0,0,0,0,0,0,0,1,0,0,0,0,1,0,0,0,1,0,0,0,Medium,29.27289896128424
22.01519156570336,0.022015191565703363,2.0,40.0,0,12.0,27.0,0.0,0.0,0.0,0.0,0.0,0,0,0,0,0,0,1,0,0,0,0,0,0,0,0,0,1,0,0,0,1,0,0,0,0,1,0,Low,0.0
43.86509179724729,0.04386509179724729,2.0,40.0,0,12.0,27.0,0.0,0.0,0.0,0.0,0.0,0,0,0,0,0,0,1,0,0,0,0,0,0,0,0,0,1,0,0,0,1,0,0,0,0,1,0,Low,0.0
88.02557631916079,0.08802557631916079,2.0,40.0,0,8.5,28.5,0.375,0.375,0.0,0.0,0.0,0,0,0,0,0,0,1,0,0,0,0,0,0,1,0,0,0,0,0,1,0,0,0,0,0,0,1,Critical,93.7582625118036
49.43342639337384,0.04943342639337384,2.0,40.0,0,12.0,27.0,0.0,0.0,0.0,0.0,0.0,0,0,0,0,0,0,1,0,0,0,0,0,0,0,0,0,1,0,0,0,1,0,0,0,0,1,0,Low,0.0
307.57796248842726,0.3075779624884273,2.0,40.0,0,19.0,25.0,1.0,0.0,0.0,0.0,0.0,0,0,0,0,0,0,1,0,0,0,0,0,0,0,1,0,0,1,0,0,0,0,0,0,1,0,0,High,57.80925401322001
41.64431772315711,0.04164431772315711,2.0,40.0,0,12.0,27.0,0.0,0.0,0.0,0.0,0.0,0,0,0,0,0,0,1,0,0,0,0,0,0,0,0,0,1,0,0,0,1,0,0,0,0,1,0,Low,0.0
148.0972124194788,0.14809721241947882,2.0,40.0,0,23.0,21.0,0.0,1.0,0.0,0.0,0.0,0,0,0,0,0,0,1,0,0,0,0,0,0,0,1,0,0,0,1,0,0,0,0,0,1,0,0,Medium,29.27289896128424
78.83874543185365,0.07883874543185365,2.0,40.0,0,17.0,37.0,1.0,1.0,0.0,0.0,0.0,0,0,0,0,0,0,1,0,0,0,0,0,0,0,1,0,0,0,0,1,0,0,0,0,1,0,0,Medium,44.68366383380548
217.96255230106544,0.21796255230106545,2.0,40.0,0,11.0,22.0,0.0,0.0,0.0,0.0,0.0,0,0,0,0,0,0,1,0,0,0,0,0,0,0,0,1,0,1,0,0,0,0,0,1,0,0,0,High,57.80925401322001
762.6615113982639,0.7626615113982639,2.0,40.0,0,7.0,16.0,0.0,0.0,0.0,0.0,0.0,0,0,0,0,0,0,0,0,1,0,0,0,0,0,1,0,0,0,1,0,0,0,0,0,0,0,1,Medium,41.1614730878187
33.292610977892394,0.03329261097789239,2.0,40.0,0,12.0,27.0,0.0,0.0,0.0,0.0,0.0,0,0,0,0,0,0,1,0,0,0,0,0,0,0,0,0,1,0,0,0,1,0,0,0,0,1,0,Low,0.0
109.9244860326124,0.1099244860326124,2.0,40.0,0,12.0,27.0,0.0,0.0,0.0,0.0,0.0,0,0,0,0,0,0,1,0,0,0,0,0,0,0,0,0,1,0,0,0,1,0,0,0,0,1,0,Low,0.0
163.42108954328134,0.16342108954328133,2.0,40.0,0,13.0,19.0,0.0,0.0,0.0,0.0,0.0,0,0,0,0,0,0,1,0,0,0,0,0,0,0,0,1,0,0,0,1,0,0,0,0,0,0,1,Medium,49.405099150141645
112.81364254987594,0.11281364254987594,2.0,40.0,0,20.0,40.0,0.0,1.0,0.0,0.0,0.0,0,0,0,0,0,0,1,0,0,0,0,0,0,1,0,0,0,0,1,0,0,0,0,1,0,0,0,High,61.97355996222852
727.9223129879739,0.7279223129879739,3.0,60.0,1,12.0,27.0,0.0,0.0,0.0,0.0,0.0,0,0,0,0,0,0,0,0,0,0,1,0,0,0,0,0,1,0,0,0,1,0,0,0,0,1,0,Low,0.0
203.3572081606174,0.2033572081606174,2.0,40.0,0,13.125,27.25,0.25,0.5,0.0,0.0,0.0,0,0,0,0,0,0,1,0,0,0,0,0,0,0,0,1,0,1,0,0,0,0,0,1,0,0,0,Critical,95.13692162417377
35.19189158842033,0.035191891588420336,2.0,40.0,0,12.0,27.0,0.0,0.0,0.0,0.0,0.0,0,0,0,0,0,0,1,0,0,0,0,0,0,0,0,0,1,0,0,0,1,0,0,0,0,1,0,Low,0.0
287.30529595387446,0.28730529595387444,2.0,40.0,0,19.0,16.0,1.0,1.0,0.0,0.0,0.0,0,0,0,0,0,0,0,0,1,0,0,0,0,0,1,0,0,0,0,1,0,0,0,0,1,0,0,Medium,44.78753541076488
45.74589193335671,0.04574589193335671,2.0,40.0,0,9.0,15.0,1.0,0.0,0.0,0.0,0.0,0,0,0,0,0,0,1,0,0,0,0,0,0,0,0,1,0,1,0,0,0,0,0,1,0,0,0,Medium,29.27289896128424
41.65193611222757,0.04165193611222757,2.0,40.0,0,12.0,27.0,0.0,0.0,0.0,0.0,0.0,0,0,0,0,0,0,1,0,0,0,0,0,0,0,0,0,1,0,0,0,1,0,0,0,0,1,0,Low,0.0
191.0047667500364,0.1910047667500364,2.0,40.0,0,5.0,39.0,0.0,1.0,0.0,0.0,0.0,0,0,0,0,0,0,1,0,0,0,0,0,0,0,0,1,0,1,0,0,0,1,0,0,0,0,0,Medium,33.9943342776204
29.099207148210724,0.029099207148210723,2.0,40.0,0,12.0,27.0,0.0,0.0,0.0,0.0,0.0,0,0,0,0,0,0,1,0,0,0,0,0,0,0,0,0,1,0,0,0,1,0,0,0,0,1,0,Low,0.0
191.6287991918228,0.1916287991918228,2.0,40.0,0,17.0,38.0,1.0,1.0,0.0,0.0,0.0,0,0,0,0,0,0,1,0,0,0,0,0,0,0,1,0,0,1,0,0,0,1,0,0,0,0,0,Medium,29.27289896128424
26.44246345294146,0.02644246345294146,2.0,40.0,0,12.0,27.0,0.0,0.0,0.0,0.0,0.0,0,0,0,0,0,0,1,0,0,0,0,0,0,0,0,0,1,0,0,0,1,0,0,0,0,1,0,Low,0.0
246.06576546392552,0.24606576546392553,2.0,40.0,1,5.0,33.0,0.0,0.0,0.0,0.0,0.0,0,0,0,0,1,0,0,0,0,0,0,0,0,0,1,0,0,1,0,0,0,0,1,0,0,0,0,Medium,49.405099150141645
39.680137146656136,0.039680137146656136,2.0,40.0,0,7.6923076923076925,26.384615384615383,0.0,0.3076923076923077,0.0,0.0,0.0,0,0,0,0,0,0,1,0,0,0,0,0,0,0,1,0,0,0,1,0,0,0,0,0,0,0,1,Critical,97.02549575070822
95.2232116754552,0.09522321167545521,2.0,40.0,1,16.0,24.0,0.0,0.0,0.0,0.0,0.0,0,0,0,0,0,0,0,0,1,0,0,0,0,0,1,0,0,0,0,1,0,1,0,0,0,0,0,Medium,29.27289896128424
417.7194230957197,0.41771942309571974,4.0,60.0,0,10.0,25.0,1.0,1.0,0.0,0.0,0.0,0,0,0,0,0,0,0,0,1,0,0,0,0,0,0,1,0,1,0,0,0,0,0,0,1,0,0,High,53.56940509915015
24.455416712178543,0.024455416712178542,2.0,40.0,0,14.0,28.0,0.0,0.0,0.0,0.0,0.0,0,0,0,0,0,0,1,0,0,0,0,0,0,0,0,1,0,1,0,0,0,0,0,1,0,0,0,Medium,29.27289896128424
37.14426301850522,0.03714426301850522,2.0,40.0,0,12.0,27.0,0.0,0.0,0.0,0.0,0.0,0,0,0,0,0,0,1,0,0,0,0,0,0,0,0,0,1,0,0,0,1,0,0,0,0,1,0,Low,0.0
83.62171168088767,0.08362171168088767,2.0,40.0,0,5.0,37.0,0.0,1.0,0.0,0.0,0.0,0,0,0,0,0,0,1,0,0,0,0,0,0,0,1,0,0,1,0,0,0,0,1,0,0,0,0,High,68.60245514636449
47.002911752604895,0.047002911752604896,2.0,40.0,0,12.0,27.0,0.0,0.0,0.0,0.0,0.0,0,0,0,0,0,0,1,0,0,0,0,0,0,0,0,0,1,0,0,0,1,0,0,0,0,1,0,Low,0.0
63.31508921823456,0.06331508921823456,2.0,40.0,0,12.0,27.0,0.0,0.0,0.0,0.0,0.0,0,0,0,0,0,0,1,0,0,0,0,0,0,0,0,0,1,0,0,0,1,0,0,0,0,1,0,Low,0.0
119.55754024176052,0.11955754024176052,2.0,40.0,0,12.0,27.0,0.0,0.0,0.0,0.0,0.0,0,0,0,0,0,0,1,0,0,0,0,0,0,0,0,0,1,0,0,0,1,0,0,0,0,1,0,Low,0.0
311.78200776187003,0.31178200776187004,2.0,40.0,0,20.0,16.0,0.0,1.0,0.0,0.0,0.0,0,0,0,0,0,0,1,0,0,0,0,0,0,0,1,0,0,1,0,0,0,0,1,0,0,0,0,High,61.97355996222852
33.02184789935566,0.033021847899355666,2.0,40.0,0,0.0,26.0,0.0,0.0,0.0,0.0,0.0,0,0,0,0,0,0,0,0,1,0,0,0,0,0,0,1,0,0,1,0,0,0,0,0,0,0,1,Medium,29.27289896128424
151.9559075556714,0.1519559075556714,2.0,40.0,0,12.0,27.0,0.0,0.0,0.0,0.0,0.0,0,0,0,0,0,0,1,0,0,0,0,0,0,0,0,0,1,0,0,0,1,0,0,0,0,1,0,Low,0.0
51.48695027812676,0.05148695027812676,2.0,40.0,0,2.0,23.0,0.0,0.0,0.0,0.0,0.0,0,0,0,0,0,0,1,0,0,0,0,0,0,1,0,0,0,0,1,0,0,0,1,0,0,0,0,Medium,49.405099150141645
93.49835051340568,0.09349835051340569,2.0,40.0,0,12.0,27.0,0.0,0.0,0.0,0.0,0.0,0,0,0,0,0,0,1,0,0,0,0,0,0,0,0,0,1,0,0,0,1,0,0,0,0,1,0,Low,0.0
30.004214451161776,0.030004214451161776,2.0,40.0,0,12.0,27.0,0.0,0.0,0.0,0.0,0.0,0,1,0,0,0,0,0,0,0,0,0,0,0,0,0,0,1,0,0,0,1,0,0,0,0,1,0,Low,0.0
68.27167063587241,0.06827167063587242,2.0,40.0,0,11.0,29.0,0.0,1.0,0.0,0.0,0.0,0,0,0,0,0,0,1,0,0,0,0,0,0,0,0,1,0,0,1,0,0,0,0,0,1,0,0,High,57.80925401322001
58.804505424656135,0.05880450542465614,2.0,40.0,0,20.0,35.0,0.0,0.0,0.0,0.0,0.0,0,0,0,0,0,0,1,0,0,0,0,0,0,0,1,0,0,0,1,0,0,0,1,0,0,0,0,Medium,33.9943342776204
83.92858582209324,0.08392858582209324,2.0,40.0,0,5.0,29.0,0.0,1.0,0.0,0.0,0.0,0,0,0,0,0,0,1,0,0,0,0,0,0,1,0,0,0,0,0,1,0,0,0,1,0,0,0,Medium,49.405099150141645
84.51866223180394,0.08451866223180395,2.0,40.0,0,12.0,27.0,0.0,0.0,0.0,0.0,0.0,0,0,0,0,0,0,1,0,0,0,0,0,0,0,0,0,1,0,0,0,1,0,0,0,0,1,0,Low,0.0
208.31374558593672,0.2083137455859367,2.0,30.0,1,13.5,27.0,0.0,0.0,0.0,0.0,0.0,0,0,0,0,0,0,0,0,1,0,0,0,0,1,0,0,0,0,1,0,0,1,0,0,0,0,0,Critical,77.3087818696884
23.861061434646263,0.023861061434646263,2.0,40.0,0,19.0,21.0,1.0,1.0,0.0,0.0,0.0,0,0,0,0,0,0,1,0,0,0,0,0,0,1,0,0,0,1,0,0,0,0,0,0,1,0,0,Medium,38.1586402266289
67.43025688199107,0.06743025688199107,2.0,40.0,0,9.0,24.0,1.0,0.0,0.0,0.0,0.0,0,0,0,0,0,0,0,0,1,0,0,0,0,0,0,1,0,1,0,0,0,0,0,0,0,0,1,Medium,29.27289896128424
182.2217368439736,0.18222173684397358,2.0,40.0,0,11.222222222222221,25.333333333333332,0.3333333333333333,0.16666666666666666,0.0,0.0,0.0,0,0,0,0,0,0,1,0,0,0,0,0,0,0,0,1,0,0,1,0,0,0,1,0,0,0,0,Critical,98.09254013220018
256.9974018223202,0.2569974018223202,2.0,40.0,0,2.0,33.0,0.0,1.0,0.0,0.0,0.0,0,0,0,0,0,0,1,0,0,0,0,0,0,0,1,0,0,0,1,0,0,0,0,1,0,0,0,Medium,44.68366383380548
89.35462235552399,0.08935462235552398,2.0,40.0,0,4.0,26.0,0.0,0.0,0.0,0.0,0.0,0,0,0,0,0,0,1,0,0,0,0,0,0,1,0,0,0,0,0,1,0,0,0,0,1,0,0,Medium,29.27289896128424
67.57895523841682,0.06757895523841682,2.0,40.0,0,12.0,27.0,0.0,0.0,0.0,0.0,0.0,0,1,0,0,0,0,0,0,0,0,0,0,0,0,0,0,1,0,0,0,1,0,0,0,0,1,0,Low,0.0
224.92866486078896,0.22492866486078897,2.0,40.0,0,12.0,27.0,0.0,0.0,0.0,0.0,0.0,0,0,0,0,0,0,1,0,0,0,0,0,0,0,0,0,1,0,0,0,1,0,0,0,0,1,0,Low,0.0
17.053152720095316,0.017053152720095315,2.0,40.0,0,12.0,27.0,0.0,0.0,0.0,0.0,0.0,0,0,0,0,0,0,1,0,0,0,0,0,0,0,0,0,1,0,0,0,1,0,0,0,0,1,0,Low,0.0
76.28044979494854,0.07628044979494854,2.0,40.0,0,12.0,27.0,0.0,0.0,0.0,0.0,0.0,0,0,0,0,0,0,1,0,0,0,0,0,0,0,0,0,1,0,0,0,1,0,0,0,0,1,0,Low,0.0
40.23805714038306,0.04023805714038306,2.0,40.0,0,12.0,27.0,0.0,0.0,0.0,0.0,0.0,0,0,0,0,0,0,1,0,0,0,0,0,0,0,0,0,1,0,0,0,1,0,0,0,0,1,0,Low,0.0
101.69911677177018,0.10169911677177018,2.0,40.0,0,12.272727272727273,26.90909090909091,0.09090909090909091,0.0,0.0,0.0,0.0,0,0,0,0,0,0,1,0,0,0,0,0,0,0,1,0,0,0,0,1,0,0,1,0,0,0,0,Critical,96.109537299339
263.5902120446468,0.26359021204464683,2.0,40.0,0,12.0,27.0,0.0,0.0,0.0,0.0,0.0,0,0,0,0,0,0,1,0,0,0,0,0,0,0,0,0,1,0,0,0,1,0,0,0,0,1,0,Low,0.0
116.4066437273242,0.11640664372732419,2.0,40.0,0,10.0,23.0,1.0,0.0,0.0,0.0,0.0,0,0,0,0,0,0,1,0,0,0,0,0,0,0,1,0,0,0,0,1,0,1,0,0,0,0,0,Medium,44.78753541076488
49.028203990361845,0.04902820399036185,2.0,40.0,0,12.0,27.0,0.0,0.0,0.0,0.0,0.0,0,0,0,0,0,0,0,0,1,0,0,0,0,0,0,0,1,0,0,0,1,0,0,0,0,1,0,Low,0.0
30.826781352609604,0.030826781352609606,2.0,40.0,0,12.0,27.0,0.0,0.0,0.0,0.0,0.0,0,0,0,0,0,0,0,0,1,0,0,0,0,0,0,0,1,0,0,0,1,0,0,0,0,1,0,Low,0.0
79.40036672001987,0.07940036672001988,2.0,40.0,0,12.0,27.0,0.0,0.0,0.0,0.0,0.0,0,0,0,0,0,0,1,0,0,0,0,0,0,0,0,0,1,0,0,0,1,0,0,0,0,1,0,Low,0.0
65.06047387077764,0.06506047387077764,2.0,40.0,0,16.0,23.0,0.0,0.0,0.0,0.0,0.0,0,0,0,0,0,0,1,0,0,0,0,0,0,1,0,0,0,0,0,1,0,0,0,0,1,0,0,Medium,38.1586402266289
4.565294135456942,0.004565294135456943,2.0,40.0,0,12.0,27.0,0.0,0.0,0.0,0.0,0.0,0,0,0,0,0,0,1,0,0,0,0,0,0,0,0,0,1,0,0,0,1,0,0,0,0,1,0,Low,0.0
183.69835961548705,0.18369835961548706,2.0,40.0,0,12.0,27.0,0.0,0.0,0.0,0.0,0.0,0,0,0,0,0,0,1,0,0,0,0,0,0,0,0,0,1,0,0,0,1,0,0,0,0,1,0,Low,0.0
20.96374924490455,0.020963749244904552,2.0,40.0,0,12.0,40.0,0.0,0.0,0.0,0.0,0.0,0,0,0,0,0,0,1,0,0,0,0,0,0,0,0,1,0,1,0,0,0,0,1,0,0,0,0,Medium,38.1586402266289
171.81287876774084,0.17181287876774085,2.0,40.0,0,21.0,22.0,0.0,0.0,0.0,0.0,0.0,0,0,0,0,0,0,1,0,0,0,0,0,0,0,1,0,0,0,1,0,0,0,1,0,0,0,0,High,53.56940509915015
107.45895561080664,0.10745895561080664,2.0,40.0,1,12.0,27.0,0.0,0.0,0.0,0.0,0.0,0,0,0,0,0,0,0,0,0,0,1,0,0,0,0,0,1,0,0,0,1,0,0,0,0,1,0,Low,0.0
47.68380737449257,0.047683807374492564,2.0,40.0,0,12.0,27.0,0.0,0.0,0.0,0.0,0.0,0,0,0,0,0,0,1,0,0,0,0,0,0,0,0,0,1,0,0,0,1,0,0,0,0,1,0,Low,0.0
351.62081655207623,0.3516208165520762,2.0,40.0,0,5.0,34.0,0.0,1.0,0.0,0.0,0.0,0,0,0,0,0,0,1,0,0,0,0,0,0,1,0,0,0,0,0,1,0,1,0,0,0,0,0,Medium,38.1586402266289
56.01240071292464,0.05601240071292464,2.0,40.0,0,12.0,27.0,0.0,0.0,0.0,0.0,0.0,0,0,0,0,0,0,0,1,0,0,0,0,0,0,0,0,1,0,0,0,1,0,0,0,0,1,0,Low,0.0
1370.3693600409415,1.3703693600409415,2.0,20.0,0,2.0,31.0,0.0,0.0,0.0,0.0,0.0,0,0,0,0,0,0,0,0,1,0,0,0,0,0,1,0,0,0,1,0,0,0,0,1,0,0,0,Medium,49.405099150141645
476.2590846167551,0.4762590846167551,2.0,40.0,1,16.0,39.0,0.0,0.0,0.0,0.0,0.0,0,0,0,0,0,0,0,1,0,0,0,0,0,1,0,0,0,0,1,0,0,0,0,0,1,0,0,Medium,38.1586402266289
126.81088293756348,0.12681088293756348,2.0,40.0,1,4.0,31.0,0.0,0.0,0.0,0.0,0.0,0,0,0,0,1,0,0,0,0,0,0,0,0,1,0,0,0,0,1,0,0,0,0,0,1,0,0,Medium,49.405099150141645
6.742613073562426,0.006742613073562426,2.0,40.0,0,12.0,27.0,0.0,0.0,0.0,0.0,0.0,0,0,0,0,0,0,1,0,0,0,0,0,0,0,0,0,1,0,0,0,1,0,0,0,0,1,0,Low,0.0
166.03892212049263,0.16603892212049262,2.0,40.0,0,7.0,26.0,0.0,0.0,0.0,0.0,0.0,0,0,0,0,0,0,1,0,0,0,0,0,0,1,0,0,0,0,1,0,0,1,0,0,0,0,0,Medium,49.405099150141645
39.030528120068965,0.039030528120068964,2.0,40.0,0,17.0,30.0,1.0,0.0,0.0,0.0,0.0,0,0,0,0,0,0,1,0,0,0,0,0,0,1,0,0,0,1,0,0,0,0,0,0,1,0,0,Medium,44.68366383380548
32.9078883205331,0.032907888320533096,2.0,40.0,0,1.0,24.0,0.0,1.0,0.0,0.0,0.0,0,0,0,0,0,0,0,0,1,0,0,0,0,1,0,0,0,0,1,0,0,0,1,0,0,0,0,Medium,49.405099150141645
170.70145869928237,0.17070145869928238,2.0,40.0,0,12.0,27.0,0.0,0.0,0.0,0.0,0.0,0,0,0,0,0,0,0,0,1,0,0,0,0,0,0,0,1,0,0,0,1,0,0,0,0,1,0,Low,0.0
23.95527531279244,0.023955275312792443,2.0,40.0,0,12.0,27.0,0.0,0.0,0.0,0.0,0.0,0,0,0,0,0,0,1,0,0,0,0,0,0,0,0,0,1,0,0,0,1,0,0,0,0,1,0,Low,0.0
25.06396528245832,0.02506396528245832,2.0,40.0,0,14.25,27.25,0.25,0.25,0.0,0.0,0.0,0,0,0,0,0,0,0,0,1,0,0,0,0,0,0,1,0,0,1,0,0,0,0,1,0,0,0,Critical,85.08970727101038
18.06089369135666,0.01806089369135666,2.0,40.0,0,18.5,21.0,0.0,0.0,0.0,0.0,0.0,0,0,0,0,0,0,1,0,0,0,0,0,0,1,0,0,0,0,1,0,0,0,0,1,0,0,0,Critical,88.45136921624174
37.77971449671089,0.03777971449671089,2.0,40.0,1,12.0,27.0,0.0,0.0,0.0,0.0,0.0,0,0,0,0,1,0,0,0,0,0,0,0,0,0,0,0,1,0,0,0,1,0,0,0,0,1,0,Low,0.0
97.6359267729974,0.0976359267729974,2.0,40.0,0,12.0,27.0,0.0,0.0,0.0,0.0,0.0,0,0,0,0,0,0,1,0,0,0,0,0,0,0,0,0,1,0,0,0,1,0,0,0,0,1,0,Low,0.0
118.00204429052827,0.11800204429052827,2.0,40.0,0,3.0,25.0,0.0,0.0,0.0,0.0,0.0,0,0,0,0,0,0,0,0,1,0,0,0,0,0,0,1,0,1,0,0,0,1,0,0,0,0,0,High,58.72521246458924
209.0152962726118,0.2090152962726118,2.0,40.0,0,13.0,25.0,0.0,0.0,0.0,0.0,0.0,0,0,0,0,0,0,1,0,0,0,0,0,0,1,0,0,0,1,0,0,0,0,0,1,0,0,0,Medium,29.27289896128424
44.610947056214016,0.04461094705621402,2.0,40.0,0,9.4,31.4,0.0,0.4,0.0,0.0,0.0,0,0,0,0,0,0,1,0,0,0,0,0,0,0,1,0,0,0,1,0,0,1,0,0,0,0,0,Critical,96.44003777148254
30.72847059392038,0.030728470593920382,2.0,40.0,0,1.0,36.0,0.0,0.0,0.0,0.0,0.0,0,0,0,0,0,0,1,0,0,0,0,0,0,1,0,0,0,0,1,0,0,1,0,0,0,0,0,Medium,29.27289896128424
45.33633707334152,0.04533633707334152,2.0,40.0,0,9.0,31.0,1.0,0.0,0.0,0.0,0.0,0,0,0,0,0,0,1,0,0,0,0,0,0,0,1,0,0,1,0,0,0,0,0,0,0,0,1,Medium,29.27289896128424
20.438920440373305,0.020438920440373307,2.0,40.0,0,12.0,27.0,0.0,0.0,0.0,0.0,0.0,0,0,0,0,0,0,0,0,1,0,0,0,0,0,0,0,1,0,0,0,1,0,0,0,0,1,0,Low,0.0
131.9102140534929,0.1319102140534929,2.0,40.0,0,10.0,15.0,1.0,1.0,0.0,0.0,0.0,0,0,0,0,0,0,1,0,0,0,0,0,0,1,0,0,0,0,0,1,0,0,1,0,0,0,0,Medium,33.9943342776204
148.43606633424426,0.14843606633424425,2.0,40.0,0,15.0,32.0,0.0,0.0,0.0,0.0,0.0,0,0,0,0,0,0,0,0,1,0,0,0,0,0,1,0,0,0,0,1,0,1,0,0,0,0,0,High,58.72521246458924
168.21176104255625,0.16821176104255625,2.0,40.0,0,14.0,15.0,0.0,0.0,0.0,0.0,0.0,0,0,0,0,0,0,1,0,0,0,0,0,0,1,0,0,0,0,0,1,0,1,0,0,0,0,0,Medium,33.9943342776204
293.2850804091955,0.2932850804091955,2.0,40.0,0,6.0,27.0,0.0,0.0,0.0,0.0,0.0,0,0,0,0,0,0,1,0,0,0,0,0,0,0,0,1,0,0,1,0,0,0,0,0,1,0,0,Medium,49.405099150141645
21.14246805286028,0.02114246805286028,2.0,40.0,0,12.0,27.0,0.0,0.0,0.0,0.0,0.0,0,0,0,0,0,0,1,0,0,0,0,0,0,0,0,0,1,0,0,0,1,0,0,0,0,1,0,Low,0.0
94.02760487472868,0.09402760487472868,2.0,40.0,0,12.0,27.0,0.0,0.0,0.0,0.0,0.0,0,0,0,0,0,0,1,0,0,0,0,0,0,0,0,0,1,0,0,0,1,0,0,0,0,1,0,Low,0.0
66.98377587516386,0.06698377587516385,2.0,30.0,0,2.0,39.0,0.0,1.0,0.0,0.0,0.0,0,0,0,0,0,0,1,0,0,0,0,0,0,1,0,0,0,1,0,0,0,0,0,0,0,0,1,Medium,29.27289896128424
1227.4329193745446,1.2274329193745446,2.0,40.0,1,21.0,37.0,0.0,0.0,0.0,0.0,0.0,0,0,0,0,1,0,0,0,0,0,0,0,0,0,1,0,0,1,0,0,0,0,0,0,0,0,1,High,53.56940509915015
57.50898158204106,0.05750898158204106,2.0,40.0,0,12.0,27.0,0.0,0.0,0.0,0.0,0.0,0,0,0,0,0,0,0,0,1,0,0,0,0,0,0,0,1,0,0,0,1,0,0,0,0,1,0,Low,0.0
142.48383024027035,0.14248383024027034,2.0,40.0,0,12.0,27.0,0.0,0.0,0.0,0.0,0.0,0,0,0,0,0,0,1,0,0,0,0,0,0,0,0,0,1,0,0,0,1,0,0,0,0,1,0,Low,0.0
11.45787560732554,0.01145787560732554,2.0,40.0,0,12.0,27.0,0.0,0.0,0.0,0.0,0.0,0,0,0,0,0,0,1,0,0,0,0,0,0,0,0,0,1,0,0,0,1,0,0,0,0,1,0,Low,0.0
9.126325696237224,0.009126325696237223,2.0,50.0,0,12.0,27.0,0.0,0.0,0.0,0.0,0.0,0,0,0,0,0,0,0,0,1,0,0,0,0,0,0,0,1,0,0,0,1,0,0,0,0,1,0,Low,0.0
257.54044661607713,0.2575404466160771,2.0,40.0,0,5.0,36.0,0.0,1.0,0.0,0.0,0.0,0,0,0,0,0,0,1,0,0,0,0,0,0,0,0,1,0,0,0,1,0,1,0,0,0,0,0,Medium,29.27289896128424
71.51325870675022,0.07151325870675022,2.0,40.0,0,12.0,27.0,0.0,0.0,0.0,0.0,0.0,0,0,0,0,0,0,1,0,0,0,0,0,0,0,0,0,1,0,0,0,1,0,0,0,0,1,0,Low,0.0
117.36336803724978,0.11736336803724978,2.0,40.0,0,0.0,30.0,0.0,0.0,0.0,0.0,0.0,0,0,0,0,0,0,1,0,0,0,0,0,0,0,0,1,0,0,1,0,0,0,0,0,0,0,1,High,53.56940509915015
15.262030939013885,0.015262030939013885,2.0,40.0,0,12.0,27.0,0.0,0.0,0.0,0.0,0.0,0,0,0,0,0,0,1,0,0,0,0,0,0,0,0,0,1,0,0,0,1,0,0,0,0,1,0,Low,0.0
237.9174106330757,0.2379174106330757,2.0,40.0,0,12.0,27.0,0.0,0.0,0.0,0.0,0.0,0,0,0,0,0,0,0,0,1,0,0,0,0,0,0,0,1,0,0,0,1,0,0,0,0,1,0,Low,0.0
57.298802565818015,0.05729880256581801,2.0,40.0,0,8.0,20.0,1.0,1.0,0.0,0.0,0.0,0,0,0,0,0,0,1,0,0,0,0,0,0,0,0,1,0,1,0,0,0,1,0,0,0,0,0,Medium,41.1614730878187
256.4311708472557,0.2564311708472557,2.0,40.0,0,5.0,37.0,0.0,1.0,0.0,0.0,0.0,0,0,0,0,0,0,1,0,0,0,0,0,0,0,0,1,0,0,0,1,0,0,0,0,0,0,1,Medium,29.27289896128424
29.698792213150348,0.02969879221315035,2.0,40.0,0,12.0,27.0,0.0,0.0,0.0,0.0,0.0,0,0,0,0,0,0,0,0,1,0,0,0,0,0,0,0,1,0,0,0,1,0,0,0,0,1,0,Low,0.0
451.9336900936879,0.4519336900936879,2.0,40.0,0,11.0,38.0,0.0,0.0,0.0,0.0,0.0,0,0,0,0,0,0,1,0,0,0,0,0,0,0,0,1,0,0,0,1,0,1,0,0,0,0,0,Medium,29.27289896128424
817.2846391626423,0.8172846391626423,2.0,60.0,1,1.0,40.0,0.0,0.0,0.0,0.0,0.0,0,0,0,0,0,0,0,0,0,0,1,0,0,1,0,0,0,0,1,0,0,0,0,0,1,0,0,Medium,38.1586402266289
120.95742503832388,0.12095742503832388,2.0,40.0,0,12.0,27.0,0.0,0.0,0.0,0.0,0.0,0,0,0,0,0,0,1,0,0,0,0,0,0,0,0,0,1,0,0,0,1,0,0,0,0,1,0,Low,0.0
95.32166417374016,0.09532166417374016,2.0,40.0,0,12.0,27.0,0.0,0.0,0.0,0.0,0.0,0,0,0,0,0,0,1,0,0,0,0,0,0,0,0,0,1,0,0,0,1,0,0,0,0,1,0,Low,0.0
50.19364552469401,0.05019364552469401,2.0,40.0,0,12.0,27.0,0.0,0.0,0.0,0.0,0.0,0,0,0,0,0,0,1,0,0,0,0,0,0,0,0,0,1,0,0,0,1,0,0,0,0,1,0,Low,0.0
43.31758653896683,0.04331758653896683,2.0,40.0,0,12.0,27.0,0.0,0.0,0.0,0.0,0.0,0,0,0,0,0,0,1,0,0,0,0,0,0,0,0,0,1,0,0,0,1,0,0,0,0,1,0,Low,0.0
166.51408571508665,0.16651408571508666,2.0,40.0,0,5.0,35.0,0.0,0.0,0.0,0.0,0.0,0,0,0,0,0,0,1,0,0,0,0,0,0,0,1,0,0,1,0,0,0,0,0,1,0,0,0,Medium,33.9943342776204
73.1731615823968,0.0731731615823968,2.0,40.0,0,12.0,27.0,0.0,0.0,0.0,0.0,0.0,0,0,0,0,0,0,0,1,0,0,0,0,0,0,0,0,1,0,0,0,1,0,0,0,0,1,0,Low,0.0
141.42371072390011,0.14142371072390011,2.0,40.0,0,4.0,35.0,0.0,0.0,0.0,0.0,0.0,0,0,0,0,0,0,1,0,0,0,0,0,0,1,0,0,0,0,1,0,0,0,0,0,0,0,1,Medium,38.1586402266289
51.33685391394318,0.05133685391394318,2.0,40.0,0,23.0,19.0,0.0,0.0,0.0,0.0,0.0,0,0,0,0,0,0,1,0,0,0,0,0,0,1,0,0,0,1,0,0,0,0,0,0,0,0,1,High,56.57223796033995
81.13998855548736,0.08113998855548736,2.0,40.0,0,6.0,28.0,0.0,1.0,0.0,0.0,0.0,0,0,0,0,0,0,0,0,1,0,0,0,0,0,1,0,0,1,0,0,0,0,0,0,0,0,1,Medium,33.9943342776204
11.562054734076336,0.011562054734076335,2.0,40.0,0,9.0,20.0,1.0,0.0,0.0,0.0,0.0,0,0,0,0,0,0,1,0,0,0,0,0,0,1,0,0,0,1,0,0,0,0,1,0,0,0,0,High,61.97355996222852
34.45833340603917,0.034458333406039175,2.0,40.0,0,23.0,20.0,0.0,0.0,0.0,0.0,0.0,0,0,0,0,0,0,1,0,0,0,0,0,0,0,0,1,0,0,1,0,0,0,1,0,0,0,0,Medium,49.405099150141645
27.106964764221622,0.02710696476422162,2.0,40.0,0,3.0,37.0,0.0,1.0,0.0,0.0,0.0,0,0,0,0,0,0,1,0,0,0,0,0,0,0,1,0,0,0,1,0,0,0,0,0,1,0,0,Medium,41.1614730878187
734.7473540696728,0.7347473540696728,2.0,40.0,1,5.0,18.0,0.0,1.0,0.0,0.0,0.0,0,0,0,0,1,0,0,0,0,0,0,0,0,0,0,1,0,1,0,0,0,0,0,0,0,0,1,High,56.57223796033995
29.12446964749545,0.02912446964749545,2.0,40.0,0,12.0,27.0,0.0,0.0,0.0,0.0,0.0,0,0,0,0,0,0,1,0,0,0,0,0,0,0,0,0,1,0,0,0,1,0,0,0,0,1,0,Low,0.0
137.6655044742339,0.1376655044742339,2.0,40.0,0,12.0,27.0,0.0,0.0,0.0,0.0,0.0,0,0,0,0,0,0,1,0,0,0,0,0,0,0,0,0,1,0,0,0,1,0,0,0,0,1,0,Low,0.0
49.51504702589144,0.04951504702589144,2.0,40.0,0,12.0,27.0,0.0,0.0,0.0,0.0,0.0,0,0,0,0,0,0,1,0,0,0,0,0,0,0,0,0,1,0,0,0,1,0,0,0,0,1,0,Low,0.0
69.51409636995196,0.06951409636995196,2.0,40.0,0,12.0,27.0,0.0,0.0,0.0,0.0,0.0,0,1,0,0,0,0,0,0,0,0,0,0,0,0,0,0,1,0,0,0,1,0,0,0,0,1,0,Low,0.0
23.665004610309573,0.023665004610309574,2.0,40.0,0,12.0,27.0,0.0,0.0,0.0,0.0,0.0,0,0,0,0,0,0,1,0,0,0,0,0,0,0,0,0,1,0,0,0,1,0,0,0,0,1,0,Low,0.0
46.324067914740205,0.046324067914740204,2.0,40.0,0,12.0,27.0,0.0,0.0,0.0,0.0,0.0,0,0,0,0,0,0,1,0,0,0,0,0,0,0,0,0,1,0,0,0,1,0,0,0,0,1,0,Low,0.0
53.15298050306509,0.053152980503065085,2.0,40.0,0,12.0,27.0,0.0,0.0,0.0,0.0,0.0,0,0,0,0,0,0,1,0,0,0,0,0,0,0,0,0,1,0,0,0,1,0,0,0,0,1,0,Low,0.0
45.181347560989686,0.04518134756098969,2.0,40.0,0,13.0,30.0,0.0,0.0,0.0,0.0,0.0,0,0,0,0,0,0,1,0,0,0,0,0,0,0,0,1,0,1,0,0,0,1,0,0,0,0,0,Medium,41.1614730878187
28.23929029786476,0.028239290297864757,2.0,40.0,0,12.0,27.0,0.0,0.0,0.0,0.0,0.0,0,0,0,0,0,0,1,0,0,0,0,0,0,0,0,0,1,0,0,0,1,0,0,0,0,1,0,Low,0.0
756.3463572907572,0.7563463572907572,2.0,40.0,0,22.0,15.0,0.0,1.0,0.0,0.0,0.0,0,0,0,0,0,0,1,0,0,0,0,0,0,0,0,1,0,0,1,0,0,0,0,1,0,0,0,Medium,29.27289896128424
33.509523590760864,0.03350952359076086,2.0,40.0,0,12.0,27.0,0.0,0.0,0.0,0.0,0.0,0,0,0,0,0,0,1,0,0,0,0,0,0,0,0,0,1,0,0,0,1,0,0,0,0,1,0,Low,0.0
129.47802680144005,0.12947802680144005,2.0,40.0,0,11.038461538461538,28.26923076923077,0.19230769230769232,0.4230769230769231,0.0,0.0,0.0,0,0,0,0,0,0,1,0,0,0,0,0,0,0,0,1,0,1,0,0,0,0,0,0,0,0,1,Critical,98.69688385269122
87.11290399812992,0.08711290399812992,2.0,40.0,0,19.0,27.0,1.0,0.0,0.0,0.0,0.0,0,0,0,0,0,0,1,0,0,0,0,0,0,0,1,0,0,0,1,0,0,0,0,0,0,0,1,High,68.60245514636449
427.2426178117555,0.4272426178117555,2.0,30.0,1,21.0,36.0,0.0,1.0,0.0,0.0,0.0,0,0,0,0,0,0,0,0,1,0,0,0,0,1,0,0,0,0,1,0,0,0,0,0,1,0,0,Medium,43.31444759206799
35.77004554653352,0.03577004554653352,2.0,40.0,0,12.0,27.0,0.0,0.0,0.0,0.0,0.0,0,0,0,0,0,0,1,0,0,0,0,0,0,0,0,0,1,0,0,0,1,0,0,0,0,1,0,Low,0.0
22.779461527509245,0.022779461527509245,2.0,40.0,0,12.0,27.0,0.0,0.0,0.0,0.0,0.0,0,0,0,0,0,0,1,0,0,0,0,0,0,0,0,0,1,0,0,0,1,0,0,0,0,1,0,Low,0.0
670.4598528519002,0.6704598528519002,2.0,40.0,0,4.0,36.0,0.0,0.0,0.0,0.0,0.0,0,0,0,0,0,0,1,0,0,0,0,0,0,0,0,1,0,0,1,0,0,0,1,0,0,0,0,High,68.60245514636449
35.351548304322144,0.03535154830432214,2.0,40.0,0,6.0,18.0,0.0,1.0,0.0,0.0,0.0,0,0,0,0,0,0,1,0,0,0,0,0,0,0,0,1,0,0,0,1,0,0,0,1,0,0,0,Medium,38.1586402266289
21.264763209757803,0.021264763209757804,2.0,40.0,0,12.0,27.0,0.0,0.0,0.0,0.0,0.0,0,0,0,0,0,0,1,0,0,0,0,0,0,0,0,0,1,0,0,0,1,0,0,0,0,1,0,Low,0.0
67.71333950789433,0.06771333950789434,2.0,40.0,0,3.0,39.0,0.0,0.0,0.0,0.0,0.0,0,0,0,0,0,0,1,0,0,0,0,0,0,0,0,1,0,0,1,0,0,0,1,0,0,0,0,High,64.97639282341832
118.82029639156724,0.11882029639156724,2.0,40.0,0,9.538461538461538,30.307692307692307,0.23076923076923078,0.07692307692307693,0.0,0.0,0.0,0,0,0,0,0,0,1,0,0,0,0,0,0,0,1,0,0,0,0,1,0,1,0,0,0,0,0,Critical,96.66666666666669
54.68139071314213,0.05468139071314213,2.0,40.0,0,16.0,18.0,0.0,1.0,0.0,0.0,0.0,0,0,0,0,0,0,0,0,1,0,0,0,0,1,0,0,0,0,1,0,0,1,0,0,0,0,0,Medium,29.27289896128424
31.47911303240712,0.03147911303240712,2.0,40.0,0,2.5,20.0,0.0,0.5,0.0,0.0,0.0,0,0,0,0,0,0,1,0,0,0,0,0,0,0,1,0,0,0,1,0,0,1,0,0,0,0,0,Critical,83.29556185080266
70.20784726839629,0.0702078472683963,2.0,40.0,0,15.0,28.0,0.0,0.0,0.0,0.0,0.0,0,0,0,0,0,0,1,0,0,0,0,0,0,0,1,0,0,0,0,1,0,0,1,0,0,0,0,Medium,38.1586402266289
84.80595667776211,0.08480595667776211,2.0,40.0,0,22.0,40.0,0.0,0.0,0.0,0.0,0.0,0,0,0,0,0,0,1,0,0,0,0,0,0,0,1,0,0,0,1,0,0,0,1,0,0,0,0,Medium,38.1586402266289
43.5065909618876,0.0435065909618876,2.0,40.0,0,12.0,27.0,0.0,0.0,0.0,0.0,0.0,0,0,0,0,0,0,1,0,0,0,0,0,0,0,0,0,1,0,0,0,1,0,0,0,0,1,0,Low,0.0
16.49146927635741,0.01649146927635741,2.0,40.0,0,12.0,26.0,0.0,0.0,0.0,0.0,0.0,0,0,0,0,0,0,1,0,0,0,0,0,0,0,0,1,0,1,0,0,0,0,0,1,0,0,0,High,61.97355996222852
114.14275239012278,0.11414275239012278,2.0,40.0,0,23.0,27.0,0.0,1.0,0.0,0.0,0.0,0,0,0,0,0,0,1,0,0,0,0,0,0,0,0,1,0,0,1,0,0,1,0,0,0,0,0,Medium,29.27289896128424
35.61706284495735,0.03561706284495735,2.0,40.0,0,12.0,27.0,0.0,0.0,0.0,0.0,0.0,0,0,0,0,0,0,1,0,0,0,0,0,0,0,0,0,1,0,0,0,1,0,0,0,0,1,0,Low,0.0
31.41706756371685,0.03141706756371685,2.0,40.0,0,12.0,27.0,0.0,0.0,0.0,0.0,0.0,0,0,0,0,0,0,1,0,0,0,0,0,0,0,0,0,1,0,0,0,1,0,0,0,0,1,0,Low,0.0
39.20757627049561,0.039207576270495606,2.0,40.0,0,12.0,27.0,0.0,0.0,0.0,0.0,0.0,0,0,0,0,0,0,1,0,0,0,0,0,0,0,0,0,1,0,0,0,1,0,0,0,0,1,0,Low,0.0
164.9599568881059,0.16495995688810589,2.0,40.0,1,12.0,27.0,0.0,0.0,0.0,0.0,0.0,0,0,0,0,0,0,0,1,0,0,0,0,0,0,0,0,1,0,0,0,1,0,0,0,0,1,0,Low,0.0
18.50633261951676,0.018506332619516758,2.0,40.0,0,12.0,27.0,0.0,0.0,0.0,0.0,0.0,0,0,0,0,0,0,1,0,0,0,0,0,0,0,0,0,1,0,0,0,1,0,0,0,0,1,0,Low,0.0
44.974824699105774,0.04497482469910578,2.0,40.0,0,12.0,27.0,0.0,0.0,0.0,0.0,0.0,0,0,0,0,0,0,1,0,0,0,0,0,0,0,0,0,1,0,0,0,1,0,0,0,0,1,0,Low,0.0
90.68513352221892,0.09068513352221892,2.0,40.0,0,13.0,33.0,0.0,0.0,0.0,0.0,0.0,0,0,0,0,0,0,1,0,0,0,0,0,0,1,0,0,0,1,0,0,0,0,1,0,0,0,0,Medium,43.31444759206799
129.06392429592862,0.1290639242959286,2.0,40.0,0,2.0,20.0,0.0,0.0,0.0,0.0,0.0,0,0,0,0,0,0,1,0,0,0,0,0,0,0,0,1,0,0,0,1,0,0,0,0,0,0,1,Medium,29.27289896128424
58.64968407851226,0.05864968407851226,2.0,40.0,1,12.0,27.0,0.0,0.0,0.0,0.0,0.0,0,0,0,0,0,0,0,0,1,0,0,0,0,0,0,0,1,0,0,0,1,0,0,0,0,1,0,Low,0.0
50.650779727528935,0.05065077972752893,2.0,40.0,0,12.0,27.0,0.0,0.0,0.0,0.0,0.0,0,0,0,0,0,0,1,0,0,0,0,0,0,0,0,0,1,0,0,0,1,0,0,0,0,1,0,Low,0.0
70.63641838591417,0.07063641838591417,2.0,40.0,0,12.0,27.0,0.0,0.0,0.0,0.0,0.0,0,0,0,0,0,0,1,0,0,0,0,0,0,0,0,0,1,0,0,0,1,0,0,0,0,1,0,Low,0.0
137.8003605917989,0.1378003605917989,2.0,40.0,0,15.0,30.0,0.0,1.0,0.0,0.0,0.0,0,0,0,0,0,0,1,0,0,0,0,0,0,1,0,0,0,1,0,0,0,0,0,0,0,0,1,High,67.12936732766761
31.02508463773964,0.03102508463773964,2.0,40.0,0,12.0,27.0,0.0,0.0,0.0,0.0,0.0,0,0,0,0,0,0,1,0,0,0,0,0,0,0,0,0,1,0,0,0,1,0,0,0,0,1,0,Low,0.0
23.272066956727173,0.023272066956727174,2.0,40.0,0,12.0,27.0,0.0,0.0,0.0,0.0,0.0,0,0,0,0,0,0,1,0,0,0,0,0,0,0,0,0,1,0,0,0,1,0,0,0,0,1,0,Low,0.0
49.03505407093707,0.04903505407093707,2.0,40.0,0,12.0,27.0,0.0,0.0,0.0,0.0,0.0,0,0,0,0,0,0,1,0,0,0,0,0,0,0,0,0,1,0,0,0,1,0,0,0,0,1,0,Low,0.0
358.64376462297145,0.35864376462297143,2.0,40.0,0,5.0,34.0,0.0,1.0,0.0,0.0,0.0,0,0,0,0,0,0,0,0,1,0,0,0,0,0,1,0,0,0,0,1,0,0,0,0,1,0,0,Medium,44.68366383380548
50.64264177056067,0.05064264177056067,2.0,40.0,0,12.058823529411764,28.235294117647058,0.23529411764705882,0.29411764705882354,0.0,0.0,0.0,0,0,0,0,0,0,0,0,1,0,0,0,0,0,1,0,0,1,0,0,0,0,1,0,0,0,0,Critical,97.36543909348444
116.16867877439944,0.11616867877439944,2.0,40.0,0,20.0,40.0,0.0,1.0,0.0,0.0,0.0,0,0,0,0,0,0,1,0,0,0,0,0,0,1,0,0,0,0,0,1,0,0,1,0,0,0,0,Medium,29.27289896128424
61.69518000512391,0.06169518000512391,2.0,40.0,0,12.0,27.0,0.0,0.0,0.0,0.0,0.0,0,0,0,0,0,0,1,0,0,0,0,0,0,0,0,0,1,0,0,0,1,0,0,0,0,1,0,Low,0.0
23.956288576157508,0.02395628857615751,2.0,40.0,0,12.0,27.0,0.0,0.0,0.0,0.0,0.0,0,0,0,0,0,0,1,0,0,0,0,0,0,0,0,0,1,0,0,0,1,0,0,0,0,1,0,Low,0.0
111.21855292367252,0.11121855292367253,2.0,40.0,0,18.0,24.0,0.0,0.0,0.0,0.0,0.0,0,0,0,0,0,0,1,0,0,0,0,0,0,1,0,0,0,1,0,0,0,0,0,1,0,0,0,Critical,90.80264400377716
99.19675197922491,0.09919675197922491,2.0,40.0,0,12.0,28.0,0.0,0.0,0.0,0.0,0.0,0,0,0,0,0,0,0,0,1,0,0,0,0,0,1,0,0,1,0,0,0,0,0,0,0,0,1,Medium,41.1614730878187
228.6258151272306,0.2286258151272306,2.0,40.0,0,12.0,27.0,0.0,0.0,0.0,0.0,0.0,0,0,0,0,0,0,1,0,0,0,0,0,0,0,0,0,1,0,0,0,1,0,0,0,0,1,0,Low,0.0
45.59132938662965,0.04559132938662965,2.0,40.0,1,12.0,27.0,0.0,0.0,0.0,0.0,0.0,0,0,0,0,0,0,0,0,1,0,0,0,0,0,0,0,1,0,0,0,1,0,0,0,0,1,0,Low,0.0
255.6148900065148,0.25561489000651477,2.0,40.0,0,3.0,23.0,0.0,1.0,0.0,0.0,0.0,0,0,0,0,0,0,1,0,0,0,0,0,0,0,0,1,0,0,1,0,0,0,0,1,0,0,0,Medium,38.1586402266289
147.1145064597925,0.1471145064597925,2.0,40.0,0,8.0,33.0,1.0,0.0,0.0,0.0,0.0,0,0,0,0,0,0,1,0,0,0,0,0,0,0,0,1,0,1,0,0,0,0,1,0,0,0,0,High,61.97355996222852
571.63927847489,0.57163927847489,2.0,40.0,0,2.3333333333333335,23.333333333333332,0.0,0.0,0.0,0.0,0.0,0,0,0,0,0,0,0,1,0,0,0,0,0,0,1,0,0,0,1,0,0,1,0,0,0,0,0,Critical,84.65533522190746
34.15740023756622,0.03415740023756622,2.0,40.0,0,12.0,27.0,0.0,0.0,0.0,0.0,0.0,0,0,0,0,0,0,1,0,0,0,0,0,0,0,0,0,1,0,0,0,1,0,0,0,0,1,0,Low,0.0
113.60071346499493,0.11360071346499492,2.0,20.0,0,14.0,32.0,0.0,0.0,0.0,0.0,0.0,0,0,0,0,0,0,1,0,0,0,0,0,0,1,0,0,0,1,0,0,0,0,0,0,1,0,0,Medium,33.9943342776204
66.22386039263775,0.06622386039263775,2.0,40.0,0,7.0,33.0,0.0,0.0,0.0,0.0,0.0,0,0,0,0,0,0,1,0,0,0,0,0,0,0,0,1,0,0,0,1,0,0,0,0,1,0,0,High,56.57223796033995
45.21756729651231,0.04521756729651231,2.0,40.0,0,12.0,27.0,0.0,0.0,0.0,0.0,0.0,0,0,0,0,0,0,0,0,1,0,0,0,0,0,0,0,1,0,0,0,1,0,0,0,0,1,0,Low,0.0
294.4243846499778,0.29442438464997783,2.0,40.0,0,9.0,37.0,1.0,1.0,0.0,0.0,0.0,0,0,0,0,0,0,1,0,0,0,0,0,0,0,1,0,0,0,0,1,0,0,1,0,0,0,0,Medium,41.1614730878187
87.36826251221567,0.08736826251221566,2.0,40.0,0,12.0,27.0,0.0,0.0,0.0,0.0,0.0,0,0,0,0,0,0,1,0,0,0,0,0,0,0,0,0,1,0,0,0,1,0,0,0,0,1,0,Low,0.0
71.13566204270714,0.07113566204270715,2.0,40.0,0,6.0,17.0,0.0,1.0,0.0,0.0,0.0,0,0,0,0,0,0,1,0,0,0,0,0,0,0,0,1,0,0,1,0,0,0,0,0,1,0,0,Medium,33.9943342776204
43.17835173380327,0.043178351733803265,2.0,40.0,0,12.0,27.0,0.0,0.0,0.0,0.0,0.0,0,0,0,0,0,0,1,0,0,0,0,0,0,0,0,0,1,0,0,0,1,0,0,0,0,1,0,Low,0.0
30.9677738708708,0.0309677738708708,2.0,40.0,0,12.0,27.0,0.0,0.0,0.0,0.0,0.0,0,0,0,0,0,0,1,0,0,0,0,0,0,0,0,0,1,0,0,0,1,0,0,0,0,1,0,Low,0.0
40.23858316455679,0.04023858316455679,2.0,40.0,0,12.0,27.0,0.0,0.0,0.0,0.0,0.0,0,0,0,0,0,0,1,0,0,0,0,0,0,0,0,0,1,0,0,0,1,0,0,0,0,1,0,Low,0.0
88.72479116692163,0.08872479116692164,2.0,40.0,0,14.0,37.0,0.0,0.0,0.0,0.0,0.0,0,0,0,0,0,0,1,0,0,0,0,0,0,1,0,0,0,0,0,1,0,0,0,1,0,0,0,Medium,41.1614730878187
90.45533802834642,0.09045533802834642,2.0,40.0,0,17.0,37.0,1.0,0.0,0.0,0.0,0.0,0,0,0,0,0,0,1,0,0,0,0,0,0,0,1,0,0,1,0,0,0,1,0,0,0,0,0,Medium,33.9943342776204
149.45466553976672,0.14945466553976672,2.0,40.0,0,8.0,24.0,1.0,0.0,0.0,0.0,0.0,0,0,0,0,0,0,1,0,0,0,0,0,0,0,0,1,0,0,1,0,0,0,0,0,0,0,1,High,58.72521246458924
46.795098856632265,0.046795098856632265,2.0,40.0,0,5.0,15.0,0.0,1.0,0.0,0.0,0.0,0,0,0,0,0,0,1,0,0,0,0,0,0,1,0,0,0,0,1,0,0,0,0,0,0,0,1,Medium,44.68366383380548
70.41229749958912,0.07041229749958912,2.0,40.0,0,17.0,23.0,1.0,0.0,0.0,0.0,0.0,0,0,0,0,0,0,1,0,0,0,0,0,0,1,0,0,0,0,0,1,0,1,0,0,0,0,0,Medium,44.68366383380548
30.23109607782316,0.03023109607782316,1.0,40.0,1,21.0,33.0,0.0,0.0,0.0,0.0,0.0,0,0,0,0,0,0,0,0,1,0,0,0,0,0,0,1,0,0,0,1,0,0,0,0,0,0,1,Medium,33.9943342776204
12.633217854093948,0.012633217854093947,2.0,40.0,0,12.0,27.0,0.0,0.0,0.0,0.0,0.0,0,0,0,0,0,0,0,0,1,0,0,0,0,0,0,0,1,0,0,0,1,0,0,0,0,1,0,Low,0.0
23.16670668234684,0.02316670668234684,2.0,40.0,0,12.0,27.0,0.0,0.0,0.0,0.0,0.0,0,0,0,0,0,0,1,0,0,0,0,0,0,0,0,0,1,0,0,0,1,0,0,0,0,1,0,Low,0.0
1.3010532226169664,0.0013010532226169665,2.0,40.0,0,12.0,27.0,0.0,0.0,0.0,0.0,0.0,0,0,0,0,0,0,1,0,0,0,0,0,0,0,0,0,1,0,0,0,1,0,0,0,0,1,0,Low,0.0
84.75675690420186,0.08475675690420187,2.0,40.0,0,12.0,27.0,0.0,0.0,0.0,0.0,0.0,0,0,0,0,0,0,1,0,0,0,0,0,0,0,0,0,1,0,0,0,1,0,0,0,0,1,0,Low,0.0
53.33436174782456,0.053334361747824556,2.0,40.0,0,21.0,16.0,0.0,1.0,0.0,0.0,0.0,0,0,0,0,0,0,1,0,0,0,0,0,0,0,1,0,0,1,0,0,0,0,0,1,0,0,0,Medium,38.1586402266289
90.12246593864016,0.09012246593864016,2.0,40.0,0,12.0,27.0,0.0,0.0,0.0,0.0,0.0,0,0,0,0,0,0,1,0,0,0,0,0,0,0,0,0,1,0,0,0,1,0,0,0,0,1,0,Low,0.0
61.905110648051945,0.061905110648051945,2.0,40.0,0,5.0,21.0,0.0,1.0,0.0,0.0,0.0,0,0,0,0,0,0,1,0,0,0,0,0,0,0,0,1,0,1,0,0,0,1,0,0,0,0,0,High,53.56940509915015
97.70361644250688,0.09770361644250689,2.0,40.0,0,12.0,27.0,0.0,0.0,0.0,0.0,0.0,0,0,0,0,0,0,1,0,0,0,0,0,0,0,0,0,1,0,0,0,1,0,0,0,0,1,0,Low,0.0
103.94061134274136,0.10394061134274137,2.0,40.0,0,10.782608695652174,30.347826086956523,0.34782608695652173,0.2608695652173913,0.0,0.0,0.0,0,0,0,0,0,0,1,0,0,0,0,0,0,0,0,1,0,0,0,1,0,1,0,0,0,0,0,Critical,98.62134088762986
345.5201185721174,0.3455201185721174,2.0,40.0,1,7.0,24.0,0.0,0.0,0.0,0.0,0.0,0,0,0,0,1,0,0,0,0,0,0,0,0,0,1,0,0,1,0,0,0,1,0,0,0,0,0,Medium,44.78753541076488
93.1777979041826,0.0931777979041826,2.0,40.0,0,12.0,27.0,0.0,0.0,0.0,0.0,0.0,0,0,0,0,0,0,1,0,0,0,0,0,0,0,0,0,1,0,0,0,1,0,0,0,0,1,0,Low,0.0
24.429705501562257,0.024429705501562256,2.0,40.0,0,12.0,27.0,0.0,0.0,0.0,0.0,0.0,0,0,0,0,0,0,1,0,0,0,0,0,0,0,0,0,1,0,0,0,1,0,0,0,0,1,0,Low,0.0
87.45475576034787,0.08745475576034786,2.0,40.0,0,4.0,19.0,0.0,0.0,0.0,0.0,0.0,0,0,0,0,0,0,1,0,0,0,0,0,0,0,0,1,0,0,1,0,0,0,0,0,0,0,1,Medium,44.68366383380548
33.859254705893264,0.033859254705893266,2.0,40.0,0,6.0,36.0,0.0,0.0,0.0,0.0,0.0,0,0,0,0,0,0,0,0,1,0,0,0,0,0,0,1,0,1,0,0,0,0,0,0,0,0,1,Medium,43.31444759206799
269.33457816125417,0.26933457816125417,2.0,40.0,0,8.0,33.0,1.0,0.0,0.0,0.0,0.0,0,0,0,0,0,0,1,0,0,0,0,0,0,0,1,0,0,0,0,1,0,0,0,0,1,0,0,Medium,33.9943342776204
153.7629241619084,0.1537629241619084,2.0,40.0,0,12.0,27.0,0.0,0.0,0.0,0.0,0.0,0,0,0,0,0,0,1,0,0,0,0,0,0,0,0,0,1,0,0,0,1,0,0,0,0,1,0,Low,0.0
70.10786961359408,0.07010786961359408,2.0,40.0,0,23.0,35.0,0.0,0.0,0.0,0.0,0.0,0,0,0,0,0,0,0,0,0,0,0,0,1,0,1,0,0,0,0,1,0,0,0,0,0,0,1,Medium,44.68366383380548
48.90719170489242,0.04890719170489242,2.0,40.0,0,12.0,27.0,0.0,0.0,0.0,0.0,0.0,0,0,0,0,0,0,1,0,0,0,0,0,0,0,0,0,1,0,0,0,1,0,0,0,0,1,0,Low,0.0
105.77947712309438,0.10577947712309438,2.0,40.0,0,5.0,31.0,0.0,1.0,0.0,0.0,0.0,0,0,0,0,0,0,1,0,0,0,0,0,0,0,0,1,0,0,0,1,0,0,1,0,0,0,0,Medium,44.78753541076488
220.8804996500831,0.2208804996500831,2.0,40.0,0,20.0,25.0,0.0,0.0,0.0,0.0,0.0,0,0,0,0,0,0,1,0,0,0,0,0,0,1,0,0,0,0,1,0,0,0,1,0,0,0,0,High,64.97639282341832
84.2561298707272,0.0842561298707272,2.0,40.0,0,8.0,36.0,1.0,0.0,0.0,0.0,0.0,0,0,0,0,0,0,1,0,0,0,0,0,0,1,0,0,0,1,0,0,0,1,0,0,0,0,0,Medium,44.68366383380548
153.7629241619084,0.1537629241619084,2.0,40.0,0,3.0,28.0,0.0,0.0,0.0,0.0,0.0,0,0,0,0,0,0,1,0,0,0,0,0,0,0,0,1,0,0,1,0,0,0,0,0,1,0,0,Medium,29.27289896128424
63.31997113697415,0.06331997113697414,2.0,40.0,0,12.0,27.0,0.0,0.0,0.0,0.0,0.0,0,0,0,0,0,0,1,0,0,0,0,0,0,0,0,0,1,0,0,0,1,0,0,0,0,1,0,Low,0.0
108.10778364558006,0.10810778364558006,2.0,40.0,0,16.0,36.0,0.0,0.0,0.0,0.0,0.0,0,0,0,0,0,0,0,0,1,0,0,0,0,0,1,0,0,0,1,0,0,0,0,0,1,0,0,Medium,44.68366383380548
90.26433375632418,0.09026433375632417,2.0,40.0,1,20.0,20.0,0.0,0.0,0.0,0.0,0.0,0,0,0,0,0,0,0,0,1,0,0,0,0,0,1,0,0,1,0,0,0,0,0,0,1,0,0,Medium,38.1586402266289
70.6039889461185,0.07060398894611851,2.0,40.0,0,12.0,27.0,0.0,0.0,0.0,0.0,0.0,0,0,0,0,0,0,1,0,0,0,0,0,0,0,0,0,1,0,0,0,1,0,0,0,0,1,0,Low,0.0
39.214397657187945,0.03921439765718795,2.0,40.0,0,12.0,27.0,0.0,0.0,0.0,0.0,0.0,0,0,0,0,0,0,1,0,0,0,0,0,0,0,0,0,1,0,0,0,1,0,0,0,0,1,0,Low,0.0
49.69131188287061,0.049691311882870605,2.0,40.0,1,17.0,27.0,1.0,0.0,0.0,0.0,0.0,0,0,0,0,1,0,0,0,0,0,0,0,0,1,0,0,0,1,0,0,0,0,0,0,0,0,1,Medium,44.68366383380548
63.88855376053095,0.06388855376053094,2.0,40.0,0,12.0,27.0,0.0,0.0,0.0,0.0,0.0,0,0,0,0,0,0,1,0,0,0,0,0,0,0,0,0,1,0,0,0,1,0,0,0,0,1,0,Low,0.0
89.63240627966124,0.08963240627966124,2.0,40.0,0,11.0,32.0,0.0,0.0,0.0,0.0,0.0,0,0,0,0,0,0,1,0,0,0,0,0,0,0,0,1,0,0,1,0,0,0,0,1,0,0,0,Medium,44.68366383380548
85.2600621165135,0.08526006211651349,2.0,40.0,0,12.0,27.0,0.0,0.0,0.0,0.0,0.0,0,0,0,0,0,0,1,0,0,0,0,0,0,0,0,0,1,0,0,0,1,0,0,0,0,1,0,Low,0.0
72.67948029186248,0.07267948029186247,2.0,40.0,0,12.0,27.0,0.0,0.0,0.0,0.0,0.0,0,1,0,0,0,0,0,0,0,0,0,0,0,0,0,0,1,0,0,0,1,0,0,0,0,1,0,Low,0.0
40.27181306533743,0.04027181306533743,2.0,40.0,0,12.0,27.0,0.0,0.0,0.0,0.0,0.0,0,0,0,0,0,0,1,0,0,0,0,0,0,0,0,0,1,0,0,0,1,0,0,0,0,1,0,Low,0.0
104.43844822501148,0.10443844822501148,2.0,40.0,0,12.0,27.0,0.0,0.0,0.0,0.0,0.0,0,0,0,0,0,0,1,0,0,0,0,0,0,0,0,0,1,0,0,0,1,0,0,0,0,1,0,Low,0.0
182.4276261668107,0.1824276261668107,2.0,40.0,0,6.0,24.0,0.0,0.0,0.0,0.0,0.0,0,0,0,0,0,0,0,0,1,0,0,0,0,1,0,0,0,0,1,0,0,0,0,0,0,0,1,High,56.57223796033995
499.9790645186592,0.4999790645186592,2.0,40.0,0,11.333333333333334,27.333333333333332,0.3333333333333333,0.0,0.0,0.0,0.0,0,0,0,0,0,0,1,0,0,0,0,0,0,1,0,0,0,0,1,0,0,0,0,0,0,0,1,Critical,93.13503305004724
108.54453217484388,0.10854453217484387,2.0,40.0,0,23.0,31.0,0.0,1.0,0.0,0.0,0.0,0,0,0,0,0,0,1,0,0,0,0,0,0,0,0,1,0,0,1,0,0,0,0,0,1,0,0,High,67.12936732766761
42.62629955190209,0.04262629955190209,2.0,40.0,0,12.0,27.0,0.0,0.0,0.0,0.0,0.0,0,0,0,0,0,0,1,0,0,0,0,0,0,0,0,0,1,0,0,0,1,0,0,0,0,1,0,Low,0.0
84.6417188833582,0.0846417188833582,2.0,40.0,0,12.0,27.0,0.0,0.0,0.0,0.0,0.0,0,0,0,0,0,0,1,0,0,0,0,0,0,0,0,0,1,0,0,0,1,0,0,0,0,1,0,Low,0.0
99.98919361069018,0.09998919361069018,2.0,40.0,0,12.0,27.0,0.0,0.0,0.0,0.0,0.0,0,0,0,0,0,0,1,0,0,0,0,0,0,0,0,0,1,0,0,0,1,0,0,0,0,1,0,Low,0.0
178.82532068997642,0.17882532068997642,2.0,40.0,0,3.0,38.0,0.0,0.0,0.0,0.0,0.0,0,0,0,0,0,0,1,0,0,0,0,0,0,0,0,1,0,0,1,0,0,0,0,0,1,0,0,Medium,43.31444759206799
30.47054160564255,0.030470541605642547,2.0,40.0,0,12.0,27.0,0.0,0.0,0.0,0.0,0.0,0,0,0,0,0,0,1,0,0,0,0,0,0,0,0,0,1,0,0,0,1,0,0,0,0,1,0,Low,0.0
192.7789668784251,0.1927789668784251,2.0,40.0,0,20.0,21.0,0.0,1.0,0.0,0.0,0.0,0,0,0,0,0,0,1,0,0,0,0,0,0,1,0,0,0,0,0,1,0,0,0,0,0,0,1,High,57.80925401322001
16.10467662286898,0.01610467662286898,2.0,40.0,0,13.916666666666666,23.75,0.3333333333333333,0.5,0.0,0.0,0.0,0,0,0,1,0,0,0,0,0,0,0,0,0,0,0,1,0,1,0,0,0,0,0,0,0,0,1,Critical,96.8649669499528
123.13859195814727,0.12313859195814728,2.0,40.0,0,21.0,24.0,0.0,0.0,0.0,0.0,0.0,0,0,0,0,0,0,1,0,0,0,0,0,0,0,0,1,0,1,0,0,0,0,0,0,1,0,0,Medium,33.9943342776204
23.072269235904947,0.023072269235904948,2.0,40.0,0,12.0,27.0,0.0,0.0,0.0,0.0,0.0,0,0,0,0,0,0,1,0,0,0,0,0,0,0,0,0,1,0,0,0,1,0,0,0,0,1,0,Low,0.0
374.24930728193,0.37424930728193,2.0,40.0,1,21.0,39.0,0.0,0.0,0.0,0.0,0.0,0,0,0,0,0,0,0,1,0,0,0,0,0,1,0,0,0,0,0,1,0,0,0,1,0,0,0,Medium,29.27289896128424
97.21564440698886,0.09721564440698886,2.0,40.0,0,8.0,27.0,1.0,0.0,0.0,0.0,0.0,0,0,0,0,0,0,1,0,0,0,0,0,0,1,0,0,0,1,0,0,0,0,1,0,0,0,0,Medium,33.9943342776204
114.77816887485972,0.11477816887485971,2.0,40.0,0,18.0,27.0,1.0,0.0,0.0,0.0,0.0,0,0,0,0,0,0,1,0,0,0,0,0,0,0,1,0,0,1,0,0,0,0,0,0,1,0,0,High,53.56940509915015
37.51250522730092,0.03751250522730092,2.0,40.0,0,12.0,27.0,0.0,0.0,0.0,0.0,0.0,0,0,0,0,0,0,1,0,0,0,0,0,0,0,0,0,1,0,0,0,1,0,0,0,0,1,0,Low,0.0
42.50097293969412,0.04250097293969412,2.0,40.0,0,12.0,27.0,0.0,0.0,0.0,0.0,0.0,0,0,0,0,0,0,1,0,0,0,0,0,0,0,0,0,1,0,0,0,1,0,0,0,0,1,0,Low,0.0
57.22629021474336,0.05722629021474336,2.0,40.0,0,12.0,27.0,0.0,0.0,0.0,0.0,0.0,0,0,0,0,0,0,1,0,0,0,0,0,0,0,0,0,1,0,0,0,1,0,0,0,0,1,0,Low,0.0
49.44513443093389,0.04944513443093389,2.0,40.0,0,12.0,27.0,0.0,0.0,0.0,0.0,0.0,0,0,0,0,0,0,1,0,0,0,0,0,0,0,0,0,1,0,0,0,1,0,0,0,0,1,0,Low,0.0
32.52332986636793,0.03252332986636793,2.0,40.0,0,12.0,27.0,0.0,0.0,0.0,0.0,0.0,0,0,0,0,0,0,0,0,1,0,0,0,0,0,0,0,1,0,0,0,1,0,0,0,0,1,0,Low,0.0
377.8368118476869,0.37783681184768686,2.0,40.0,1,1.0,21.0,0.0,0.0,0.0,0.0,0.0,0,0,0,0,1,0,0,0,0,0,0,0,0,0,0,1,0,0,1,0,0,0,0,0,0,0,1,Medium,29.27289896128424
249.1366462326788,0.2491366462326788,2.0,40.0,0,11.0,28.0,0.0,0.0,0.0,0.0,0.0,0,0,0,0,0,0,1,0,0,0,0,0,0,1,0,0,0,0,0,1,0,1,0,0,0,0,0,Medium,29.27289896128424
105.06994916139428,0.10506994916139428,2.0,40.0,0,4.0,17.0,0.0,1.0,0.0,0.0,0.0,0,0,0,0,0,0,0,0,1,0,0,0,0,0,0,1,0,0,0,1,0,0,1,0,0,0,0,Medium,44.68366383380548
52.92274459734582,0.05292274459734582,2.0,40.0,0,12.0,27.0,0.0,0.0,0.0,0.0,0.0,0,0,0,0,0,0,1,0,0,0,0,0,0,0,0,0,1,0,0,0,1,0,0,0,0,1,0,Low,0.0
233.32076438452907,0.23332076438452906,2.0,40.0,0,4.0,31.0,0.0,0.5,0.0,0.0,0.0,0,0,0,0,0,0,1,0,0,0,0,0,0,1,0,0,0,0,1,0,0,1,0,0,0,0,0,High,73.73937677053824
82.01697837476456,0.08201697837476456,2.0,40.0,0,12.0,27.0,0.0,0.0,0.0,0.0,0.0,0,0,0,0,0,0,1,0,0,0,0,0,0,0,0,0,1,0,0,0,1,0,0,0,0,1,0,Low,0.0
58.17679386343901,0.05817679386343901,2.0,40.0,0,12.0,27.0,0.0,0.0,0.0,0.0,0.0,0,0,0,0,0,0,1,0,0,0,0,0,0,0,0,0,1,0,0,0,1,0,0,0,0,1,0,Low,0.0
29.275234994054863,0.029275234994054863,2.0,40.0,0,12.0,27.0,0.0,0.0,0.0,0.0,0.0,0,0,0,0,0,0,1,0,0,0,0,0,0,0,0,0,1,0,0,0,1,0,0,0,0,1,0,Low,0.0
39.303453095779766,0.03930345309577977,2.0,40.0,0,12.0,27.0,0.0,0.0,0.0,0.0,0.0,0,0,0,0,0,0,1,0,0,0,0,0,0,0,0,0,1,0,0,0,1,0,0,0,0,1,0,Low,0.0
22.58947993900532,0.022589479939005317,2.0,40.0,0,12.0,27.0,0.0,0.0,0.0,0.0,0.0,0,0,0,0,0,0,1,0,0,0,0,0,0,0,0,0,1,0,0,0,1,0,0,0,0,1,0,Low,0.0
43.154878662803256,0.04315487866280326,2.0,25.0,1,8.0,31.0,1.0,0.0,0.0,0.0,0.0,0,0,0,0,0,0,0,1,0,0,0,0,0,0,0,1,0,1,0,0,0,1,0,0,0,0,0,Medium,43.31444759206799
35.56616033191531,0.035566160331915314,2.0,40.0,0,12.0,27.0,0.0,0.0,0.0,0.0,0.0,0,0,0,0,0,0,1,0,0,0,0,0,0,0,0,0,1,0,0,0,1,0,0,0,0,1,0,Low,0.0
14.838627202675308,0.014838627202675309,2.0,40.0,0,3.0,24.0,0.0,0.0,0.0,0.0,0.0,0,0,0,0,0,0,1,0,0,0,0,0,0,1,0,0,0,0,1,0,0,1,0,0,0,0,0,High,57.80925401322001
16.981653832493063,0.016981653832493063,2.0,40.0,0,12.0,27.0,0.0,0.0,0.0,0.0,0.0,0,0,0,0,0,0,1,0,0,0,0,0,0,0,0,0,1,0,0,0,1,0,0,0,0,1,0,Low,0.0
109.11909432874482,0.10911909432874482,2.0,40.0,0,4.0,34.0,0.0,0.0,0.0,0.0,0.0,0,0,0,0,0,0,1,0,0,0,0,0,0,0,0,1,0,0,1,0,0,0,0,0,0,0,1,High,58.72521246458924
320.4543121300971,0.3204543121300971,3.0,80.0,1,0.0,29.0,0.0,1.0,0.0,0.0,0.0,0,0,0,0,0,0,0,0,0,0,1,0,0,0,0,1,0,0,1,0,0,0,0,0,1,0,0,High,60.19830028328612
94.76324121069918,0.09476324121069918,2.0,40.0,0,10.846153846153847,27.307692307692307,0.3076923076923077,0.23076923076923078,0.0,0.0,0.0,0,0,0,0,0,0,1,0,0,0,0,0,0,0,1,0,0,0,0,1,0,0,1,0,0,0,0,Critical,96.97828139754486
23.10859995115256,0.02310859995115256,2.0,40.0,0,12.0,27.0,0.0,0.0,0.0,0.0,0.0,0,0,0,0,0,0,1,0,0,0,0,0,0,0,0,0,1,0,0,0,1,0,0,0,0,1,0,Low,0.0
65.5150665279624,0.0655150665279624,2.0,40.0,1,12.0,27.0,0.0,0.0,0.0,0.0,0.0,0,0,0,0,0,0,0,1,0,0,0,0,0,0,0,0,1,0,0,0,1,0,0,0,0,1,0,Low,0.0
33.33531322431752,0.033335313224317514,2.0,40.0,0,12.0,27.0,0.0,0.0,0.0,0.0,0.0,0,0,0,0,0,0,0,0,1,0,0,0,0,0,0,0,1,0,0,0,1,0,0,0,0,1,0,Low,0.0
18.779542619459026,0.018779542619459026,2.0,40.0,0,8.0,26.0,1.0,0.0,0.0,0.0,0.0,0,0,0,0,0,0,1,0,0,0,0,0,0,0,1,0,0,1,0,0,0,0,1,0,0,0,0,High,56.57223796033995
83.3488181686879,0.0833488181686879,2.0,40.0,0,12.0,27.0,0.0,0.0,0.0,0.0,0.0,0,0,0,0,0,0,0,0,1,0,0,0,0,0,0,0,1,0,0,0,1,0,0,0,0,1,0,Low,0.0
52.952597161059536,0.05295259716105954,2.0,40.0,0,4.0,32.0,0.0,0.0,0.0,0.0,0.0,0,0,0,0,0,0,1,0,0,0,0,0,0,0,1,0,0,0,1,0,0,0,0,0,0,0,1,High,53.56940509915015
25.687876887768063,0.025687876887768062,2.0,40.0,0,12.0,27.0,0.0,0.0,0.0,0.0,0.0,0,0,0,0,0,0,0,0,1,0,0,0,0,0,0,0,1,0,0,0,1,0,0,0,0,1,0,Low,0.0
31.80950041244843,0.03180950041244843,2.0,40.0,0,12.0,27.0,0.0,0.0,0.0,0.0,0.0,0,0,0,0,0,0,1,0,0,0,0,0,0,0,0,0,1,0,0,0,1,0,0,0,0,1,0,Low,0.0
74.81658992777176,0.07481658992777176,2.0,40.0,0,12.0,27.0,0.0,0.0,0.0,0.0,0.0,0,0,0,0,0,0,1,0,0,0,0,0,0,0,0,0,1,0,0,0,1,0,0,0,0,1,0,Low,0.0
151.2792311678006,0.1512792311678006,2.0,40.0,0,15.0,25.0,0.0,0.0,0.0,0.0,0.0,0,0,0,0,0,0,1,0,0,0,0,0,0,1,0,0,0,1,0,0,0,0,0,1,0,0,0,Medium,49.405099150141645
346.5836621198856,0.3465836621198856,2.0,40.0,1,23.0,16.0,0.0,0.0,0.0,0.0,0.0,0,0,0,0,1,0,0,0,0,0,0,0,0,1,0,0,0,1,0,0,0,0,0,0,0,0,1,Medium,38.1586402266289
123.42812356179256,0.12342812356179256,2.0,40.0,0,12.0,27.0,0.0,0.0,0.0,0.0,0.0,0,0,0,0,0,0,1,0,0,0,0,0,0,0,0,0,1,0,0,0,1,0,0,0,0,1,0,Low,0.0
75.74549134877121,0.0757454913487712,2.0,40.0,0,2.0,15.0,0.0,0.0,0.0,0.0,0.0,0,1,0,0,0,0,0,0,0,0,0,0,0,0,0,1,0,0,0,1,0,0,0,0,0,0,1,High,53.56940509915015
98.00474761429942,0.09800474761429942,2.0,40.0,0,13.666666666666666,23.333333333333332,0.16666666666666666,0.16666666666666666,0.0,0.0,0.0,0,0,0,0,0,0,1,0,0,0,0,0,0,0,1,0,0,0,1,0,0,0,0,0,0,0,1,Critical,94.36260623229462
61.6404015355792,0.0616404015355792,2.0,40.0,0,12.0,27.0,0.0,0.0,0.0,0.0,0.0,0,1,0,0,0,0,0,0,0,0,0,0,0,0,0,0,1,0,0,0,1,0,0,0,0,1,0,Low,0.0
89.47503887230039,0.08947503887230039,2.0,40.0,1,6.0,25.0,0.0,0.0,0.0,0.0,0.0,0,0,0,0,1,0,0,0,0,0,0,0,0,0,1,0,0,1,0,0,0,0,1,0,0,0,0,High,56.57223796033995
132.43977218284115,0.13243977218284114,2.0,40.0,0,12.0,27.0,0.0,0.0,0.0,0.0,0.0,0,0,0,0,0,0,1,0,0,0,0,0,0,0,0,0,1,0,0,0,1,0,0,0,0,1,0,Low,0.0
58.72583131142319,0.05872583131142319,2.0,40.0,0,12.0,27.0,0.0,0.0,0.0,0.0,0.0,0,0,0,0,0,0,1,0,0,0,0,0,0,0,0,0,1,0,0,0,1,0,0,0,0,1,0,Low,0.0
29.8876204072666,0.0298876204072666,2.0,40.0,0,12.0,27.0,0.0,0.0,0.0,0.0,0.0,0,0,0,0,0,0,1,0,0,0,0,0,0,0,0,0,1,0,0,0,1,0,0,0,0,1,0,Low,0.0
172.99000197318077,0.17299000197318076,2.0,40.0,0,11.0,40.0,0.0,0.0,0.0,0.0,0.0,0,0,0,0,0,0,0,0,1,0,0,0,0,0,1,0,0,0,1,0,0,1,0,0,0,0,0,Medium,41.1614730878187
51.1278720798574,0.051127872079857396,2.0,40.0,0,20.0,22.0,0.0,0.0,0.0,0.0,0.0,0,0,0,0,0,0,0,0,1,0,0,0,0,1,0,0,0,0,0,1,0,1,0,0,0,0,0,Medium,44.68366383380548
238.09568073877008,0.23809568073877008,2.0,40.0,0,19.0,24.0,1.0,0.0,0.0,0.0,0.0,0,0,0,0,0,0,1,0,0,0,0,0,0,0,1,0,0,0,0,1,0,1,0,0,0,0,0,High,61.97355996222852
276.3980833509826,0.2763980833509826,2.0,40.0,0,3.0,33.0,0.0,1.0,0.0,0.0,0.0,0,0,0,0,0,0,0,0,1,0,0,0,0,1,0,0,0,0,0,1,0,0,1,0,0,0,0,High,68.60245514636449
72.37794681994225,0.07237794681994225,2.0,40.0,0,4.0,31.0,0.0,0.0,0.0,0.0,0.0,0,0,0,0,0,0,1,0,0,0,0,0,0,1,0,0,0,0,1,0,0,1,0,0,0,0,0,Medium,29.27289896128424
47.41342725081055,0.04741342725081055,2.0,40.0,0,12.0,27.0,0.0,0.0,0.0,0.0,0.0,0,0,0,0,0,0,1,0,0,0,0,0,0,0,0,0,1,0,0,0,1,0,0,0,0,1,0,Low,0.0
32.984839799036074,0.032984839799036075,2.0,40.0,0,12.0,27.0,0.0,0.0,0.0,0.0,0.0,0,0,0,0,0,0,1,0,0,0,0,0,0,0,0,0,1,0,0,0,1,0,0,0,0,1,0,Low,0.0
80.69696060217784,0.08069696060217783,2.0,40.0,0,12.0,27.0,0.0,0.0,0.0,0.0,0.0,0,0,0,0,0,0,1,0,0,0,0,0,0,0,0,0,1,0,0,0,1,0,0,0,0,1,0,Low,0.0
1032.8916571348673,1.0328916571348672,2.0,60.0,1,20.0,33.0,0.0,0.0,0.0,0.0,0.0,0,0,0,0,0,0,0,0,0,0,1,0,0,0,0,1,0,0,0,1,0,0,0,1,0,0,0,Medium,29.27289896128424
197.0908186497504,0.1970908186497504,2.0,40.0,1,2.0,30.0,0.0,0.0,0.0,0.0,0.0,0,0,0,0,1,0,0,0,0,0,0,0,0,0,1,0,0,0,1,0,0,0,0,0,0,0,1,Medium,44.68366383380548
87.68551874728205,0.08768551874728205,2.0,40.0,0,12.0,27.0,0.0,0.0,0.0,0.0,0.0,0,0,0,0,0,0,1,0,0,0,0,0,0,0,0,0,1,0,0,0,1,0,0,0,0,1,0,Low,0.0
517.5171830132397,0.5175171830132397,2.0,40.0,0,18.0,39.0,1.0,0.0,0.0,0.0,0.0,0,0,0,0,0,0,1,0,0,0,0,0,0,1,0,0,0,0,0,1,0,0,0,0,1,0,0,Medium,44.78753541076488
214.8840731669663,0.21488407316696628,2.0,40.0,0,0.0,22.0,0.0,0.0,0.0,0.0,0.0,0,0,0,0,0,0,1,0,0,0,0,0,0,0,1,0,0,0,0,1,0,1,0,0,0,0,0,High,61.97355996222852
113.0703445430626,0.1130703445430626,2.0,40.0,0,16.0,30.0,0.0,0.0,0.0,0.0,0.0,0,0,0,0,0,0,1,0,0,0,0,0,0,1,0,0,0,0,1,0,0,0,1,0,0,0,0,Medium,41.1614730878187
61.37393825755567,0.061373938257555674,2.0,40.0,0,12.0,27.0,0.0,0.0,0.0,0.0,0.0,0,0,0,0,0,0,1,0,0,0,0,0,0,0,0,0,1,0,0,0,1,0,0,0,0,1,0,Low,0.0
128.77949535364874,0.12877949535364874,2.0,40.0,0,20.0,25.0,0.0,0.0,0.0,0.0,0.0,0,0,0,0,0,0,1,0,0,0,0,0,0,1,0,0,0,0,1,0,0,0,0,1,0,0,0,High,58.72521246458924
14.01560481556381,0.01401560481556381,2.0,40.0,1,12.0,27.0,0.0,0.0,0.0,0.0,0.0,0,0,0,0,0,0,0,1,0,0,0,0,0,0,0,0,1,0,0,0,1,0,0,0,0,1,0,Low,0.0
40.506180005019374,0.04050618000501938,2.0,40.0,0,21.0,25.0,0.0,0.0,0.0,0.0,0.0,0,0,0,0,0,0,1,0,0,0,0,0,0,0,1,0,0,1,0,0,0,0,1,0,0,0,0,Medium,41.1614730878187
116.38298542603144,0.11638298542603144,2.0,40.0,0,19.0,19.0,1.0,0.0,0.0,0.0,0.0,0,0,0,0,0,0,1,0,0,0,0,0,0,0,1,0,0,0,1,0,0,0,1,0,0,0,0,Medium,38.1586402266289
91.41403841437324,0.09141403841437323,2.0,40.0,0,23.0,33.0,0.0,0.0,0.0,0.0,0.0,0,0,0,0,0,0,1,0,0,0,0,0,0,1,0,0,0,1,0,0,0,0,0,0,1,0,0,Medium,29.27289896128424
66.17314876673088,0.06617314876673087,2.0,40.0,1,18.0,16.0,1.0,1.0,0.0,0.0,0.0,0,0,0,0,0,0,0,0,1,0,0,0,0,1,0,0,0,0,0,1,0,0,0,1,0,0,0,Medium,41.1614730878187
24.15935988522124,0.02415935988522124,2.0,40.0,0,14.0,24.0,0.0,0.0,0.0,0.0,0.0,0,0,0,0,0,0,1,0,0,0,0,0,0,0,0,1,0,0,0,1,0,1,0,0,0,0,0,Medium,29.27289896128424
230.34193196560048,0.2303419319656005,2.0,40.0,0,5.0,23.0,0.0,0.0,0.0,0.0,0.0,0,0,0,0,0,0,1,0,0,0,0,0,0,0,1,0,0,0,0,1,0,0,1,0,0,0,0,Medium,33.9943342776204
89.66491356044477,0.08966491356044477,2.0,40.0,0,12.0,27.0,0.0,0.0,0.0,0.0,0.0,0,0,0,0,0,0,1,0,0,0,0,0,0,0,0,0,1,0,0,0,1,0,0,0,0,1,0,Low,0.0
70.37194393283049,0.07037194393283049,2.0,40.0,0,12.0,27.0,0.0,0.0,0.0,0.0,0.0,0,0,0,0,0,0,1,0,0,0,0,0,0,0,0,0,1,0,0,0,1,0,0,0,0,1,0,Low,0.0
41.456721591230085,0.04145672159123009,2.0,40.0,0,12.0,27.0,0.0,0.0,0.0,0.0,0.0,0,0,0,0,0,0,1,0,0,0,0,0,0,0,0,0,1,0,0,0,1,0,0,0,0,1,0,Low,0.0
113.19620720360308,0.11319620720360309,2.0,40.0,1,11.0,31.0,0.0,0.0,0.0,0.0,0.0,0,0,0,0,1,0,0,0,0,0,0,0,0,0,0,1,0,0,1,0,0,0,1,0,0,0,0,Medium,29.27289896128424
26.86751080853671,0.02686751080853671,2.0,40.0,0,12.0,27.0,0.0,0.0,0.0,0.0,0.0,0,0,0,0,0,0,1,0,0,0,0,0,0,0,0,0,1,0,0,0,1,0,0,0,0,1,0,Low,0.0
89.10068033969631,0.08910068033969631,2.0,40.0,0,17.0,32.0,1.0,1.0,0.0,0.0,0.0,0,0,0,0,0,0,1,0,0,0,0,0,0,0,1,0,0,1,0,0,0,0,0,0,0,0,1,Medium,49.405099150141645
120.7790508386286,0.12077905083862861,2.0,40.0,0,5.0,24.0,0.0,0.0,0.0,0.0,0.0,0,0,0,0,0,0,1,0,0,0,0,0,0,0,1,0,0,0,1,0,0,0,0,0,0,0,1,High,56.57223796033995
31.51769642850189,0.03151769642850189,2.0,40.0,0,12.0,27.0,0.0,0.0,0.0,0.0,0.0,0,0,0,0,0,0,0,0,1,0,0,0,0,0,0,0,1,0,0,0,1,0,0,0,0,1,0,Low,0.0
109.3272163523642,0.1093272163523642,2.0,40.0,0,19.0,40.0,1.0,0.0,0.0,0.0,0.0,0,0,0,0,0,0,1,0,0,0,0,0,0,0,0,1,0,1,0,0,0,0,1,0,0,0,0,High,61.97355996222852
106.91508834308306,0.10691508834308305,2.0,40.0,0,7.0,20.0,0.0,1.0,0.0,0.0,0.0,0,0,0,0,0,0,1,0,0,0,0,0,0,0,1,0,0,1,0,0,0,1,0,0,0,0,0,Medium,38.1586402266289
511.24035198908695,0.5112403519890869,2.0,40.0,0,1.0,28.0,0.0,1.0,0.0,0.0,0.0,0,0,0,0,0,0,1,0,0,0,0,0,0,0,0,1,0,0,1,0,0,1,0,0,0,0,0,Medium,29.27289896128424
82.41392506607839,0.08241392506607839,2.0,40.0,0,8.0,26.0,1.0,0.0,0.0,0.0,0.0,0,0,0,0,0,0,1,0,0,0,0,0,0,1,0,0,0,1,0,0,0,0,1,0,0,0,0,Medium,29.27289896128424
28.36034195889412,0.02836034195889412,2.0,40.0,0,10.0,27.0,1.0,0.0,0.0,0.0,0.0,0,0,0,0,0,0,1,0,0,0,0,0,0,0,0,1,0,0,0,1,0,1,0,0,0,0,0,Medium,33.9943342776204
73.62956114419066,0.07362956114419066,2.0,40.0,0,12.0,27.0,0.0,0.0,0.0,0.0,0.0,0,0,0,0,0,0,1,0,0,0,0,0,0,0,0,0,1,0,0,0,1,0,0,0,0,1,0,Low,0.0
36.96304951349247,0.03696304951349247,2.0,40.0,0,12.0,27.0,0.0,0.0,0.0,0.0,0.0,0,0,0,0,0,0,0,1,0,0,0,0,0,0,0,0,1,0,0,0,1,0,0,0,0,1,0,Low,0.0
53.05297694888193,0.053052976948881926,2.0,40.0,0,12.0,27.0,0.0,0.0,0.0,0.0,0.0,0,0,0,0,0,0,1,0,0,0,0,0,0,0,0,0,1,0,0,0,1,0,0,0,0,1,0,Low,0.0
93.44394190553577,0.09344394190553576,2.0,40.0,0,1.0,22.0,0.0,0.0,0.0,0.0,0.0,0,0,0,0,0,0,1,0,0,0,0,0,0,1,0,0,0,0,1,0,0,0,0,0,1,0,0,Medium,33.9943342776204
47.89883658789295,0.04789883658789295,2.0,40.0,0,12.0,27.0,0.0,0.0,0.0,0.0,0.0,0,0,0,0,0,0,1,0,0,0,0,0,0,0,0,0,1,0,0,0,1,0,0,0,0,1,0,Low,0.0
21.299318423932508,0.021299318423932508,2.0,40.0,0,12.0,27.0,0.0,0.0,0.0,0.0,0.0,0,0,0,0,0,0,1,0,0,0,0,0,0,0,0,0,1,0,0,0,1,0,0,0,0,1,0,Low,0.0
28.450585232243764,0.028450585232243763,2.0,40.0,0,12.0,27.0,0.0,0.0,0.0,0.0,0.0,0,0,0,0,0,0,1,0,0,0,0,0,0,0,0,0,1,0,0,0,1,0,0,0,0,1,0,Low,0.0
154.1247458069413,0.1541247458069413,2.0,40.0,0,19.0,17.0,1.0,0.0,0.0,0.0,0.0,0,0,0,0,0,0,1,0,0,0,0,0,0,0,1,0,0,1,0,0,0,0,0,0,0,0,1,Medium,43.31444759206799
61.9472983134353,0.061947298313435296,2.0,40.0,0,12.0,27.0,0.0,0.0,0.0,0.0,0.0,0,0,0,0,0,0,1,0,0,0,0,0,0,0,0,0,1,0,0,0,1,0,0,0,0,1,0,Low,0.0
293.78455681332986,0.2937845568133299,2.0,40.0,0,1.0,20.0,0.0,0.0,0.0,0.0,0.0,0,0,0,0,0,0,1,0,0,0,0,0,0,0,1,0,0,0,1,0,0,1,0,0,0,0,0,Medium,29.27289896128424
25.393737477009047,0.025393737477009046,2.0,40.0,0,11.0,23.0,0.0,1.0,0.0,0.0,0.0,0,0,0,0,0,0,0,0,1,0,0,0,0,1,0,0,0,0,1,0,0,0,0,1,0,0,0,Medium,43.31444759206799
38.572268696892905,0.038572268696892904,2.0,40.0,0,12.0,27.0,0.0,0.0,0.0,0.0,0.0,0,0,0,0,0,0,1,0,0,0,0,0,0,0,0,0,1,0,0,0,1,0,0,0,0,1,0,Low,0.0
35.18709576245223,0.03518709576245223,2.0,40.0,0,21.0,30.0,0.0,0.0,0.0,0.0,0.0,0,0,0,0,0,0,1,0,0,0,0,0,0,0,1,0,0,0,1,0,0,0,0,0,1,0,0,Medium,49.405099150141645
78.77859922594077,0.07877859922594077,2.0,40.0,0,5.0,20.0,0.0,1.0,0.0,0.0,0.0,0,0,0,0,0,0,1,0,0,0,0,0,0,0,0,1,0,0,1,0,0,0,1,0,0,0,0,Medium,44.78753541076488
100.64813277966982,0.10064813277966982,2.0,40.0,0,12.0,27.0,0.0,0.0,0.0,0.0,0.0,0,0,0,0,0,0,1,0,0,0,0,0,0,0,0,0,1,0,0,0,1,0,0,0,0,1,0,Low,0.0
96.48246349914946,0.09648246349914946,2.0,40.0,0,8.4,25.2,0.0,0.2,0.0,0.0,0.0,0,0,0,0,0,0,1,0,0,0,0,0,0,0,0,1,0,0,1,0,0,0,0,0,0,0,1,Critical,94.55146364494809
88.24972056187833,0.08824972056187834,2.0,40.0,0,12.0,27.0,0.0,0.0,0.0,0.0,0.0,0,0,0,0,0,0,1,0,0,0,0,0,0,0,0,0,1,0,0,0,1,0,0,0,0,1,0,Low,0.0
12.20635732942647,0.012206357329426471,2.0,40.0,0,12.0,27.0,0.0,0.0,0.0,0.0,0.0,0,0,0,0,0,0,1,0,0,0,0,0,0,0,0,0,1,0,0,0,1,0,0,0,0,1,0,Low,0.0
22.98083139836246,0.02298083139836246,2.0,40.0,0,12.0,21.0,0.5,0.5,0.0,0.0,0.0,0,0,0,0,0,0,1,0,0,0,0,0,0,0,0,1,0,0,1,0,0,1,0,0,0,0,0,Critical,91.54863078375828
36.52053215890263,0.036520532158902635,2.0,40.0,0,12.0,27.0,0.0,0.0,0.0,0.0,0.0,0,0,0,0,0,0,0,1,0,0,0,0,0,0,0,0,1,0,0,0,1,0,0,0,0,1,0,Low,0.0
115.02139153794406,0.11502139153794405,2.0,40.0,0,12.0,27.0,0.0,0.0,0.0,0.0,0.0,0,0,0,0,0,0,1,0,0,0,0,0,0,0,0,0,1,0,0,0,1,0,0,0,0,1,0,Low,0.0
34.40986409027021,0.03440986409027021,2.0,40.0,0,12.0,27.0,0.0,0.0,0.0,0.0,0.0,0,0,0,0,0,0,1,0,0,0,0,0,0,0,0,0,1,0,0,0,1,0,0,0,0,1,0,Low,0.0
710.2869173095183,0.7102869173095183,2.0,40.0,0,9.5,23.0,0.0,1.0,0.0,0.0,0.0,0,0,0,0,0,0,0,0,1,0,0,0,0,1,0,0,0,1,0,0,0,0,0,0,1,0,0,High,69.41454202077432
360.8386891987684,0.3608386891987684,2.0,40.0,0,6.0,26.0,0.0,1.0,0.0,0.0,0.0,0,0,0,0,0,0,1,0,0,0,0,0,0,0,1,0,0,1,0,0,0,0,0,1,0,0,0,Medium,44.68366383380548
149.5119656650605,0.1495119656650605,2.0,40.0,0,11.0,27.0,0.0,0.0,0.0,0.0,0.0,0,0,0,0,0,0,1,0,0,0,0,0,0,1,0,0,0,0,0,1,0,1,0,0,0,0,0,Medium,29.27289896128424
85.17441717798107,0.08517441717798108,2.0,40.0,0,9.333333333333334,18.333333333333332,0.0,0.3333333333333333,0.0,0.0,0.0,0,0,0,0,0,0,1,0,0,0,0,0,0,0,1,0,0,1,0,0,0,0,1,0,0,0,0,Critical,77.48819641170915
27.21783148076492,0.027217831480764922,2.0,40.0,0,18.0,35.0,1.0,0.0,0.0,0.0,0.0,0,0,0,0,0,0,1,0,0,0,0,0,0,0,1,0,0,1,0,0,0,0,1,0,0,0,0,Medium,44.68366383380548
14.99429377335792,0.01499429377335792,2.0,40.0,0,12.0,27.0,0.0,0.0,0.0,0.0,0.0,0,0,0,0,0,0,1,0,0,0,0,0,0,0,0,0,1,0,0,0,1,0,0,0,0,1,0,Low,0.0
354.9964516402959,0.3549964516402959,2.0,30.0,0,13.0,32.0,0.0,0.0,0.0,0.0,0.0,0,0,0,0,0,0,0,0,1,0,0,0,0,0,0,1,0,0,0,1,0,0,0,0,1,0,0,High,67.12936732766761
27.706212732486957,0.027706212732486957,2.0,40.0,0,12.0,27.0,0.0,0.0,0.0,0.0,0.0,0,0,0,0,0,0,1,0,0,0,0,0,0,0,0,0,1,0,0,0,1,0,0,0,0,1,0,Low,0.0
33.64337538807988,0.033643375388079884,2.0,40.0,0,12.0,27.0,0.0,0.0,0.0,0.0,0.0,0,0,0,0,0,0,1,0,0,0,0,0,0,0,0,0,1,0,0,0,1,0,0,0,0,1,0,Low,0.0
13.875642381936352,0.013875642381936351,2.0,40.0,0,12.0,27.0,0.0,0.0,0.0,0.0,0.0,0,0,0,0,0,0,1,0,0,0,0,0,0,0,0,0,1,0,0,0,1,0,0,0,0,1,0,Low,0.0
62.22398965306122,0.06222398965306122,2.0,40.0,0,12.0,27.0,0.0,0.0,0.0,0.0,0.0,0,0,0,0,0,0,1,0,0,0,0,0,0,0,0,0,1,0,0,0,1,0,0,0,0,1,0,Low,0.0
78.7593949407346,0.0787593949407346,2.0,40.0,1,12.0,27.0,0.0,0.0,0.0,0.0,0.0,0,0,0,0,0,0,0,0,1,0,0,0,0,0,0,0,1,0,0,0,1,0,0,0,0,1,0,Low,0.0
17.092065461163454,0.017092065461163455,2.0,40.0,0,12.0,27.0,0.0,0.0,0.0,0.0,0.0,0,0,0,0,0,0,0,0,1,0,0,0,0,0,0,0,1,0,0,0,1,0,0,0,0,1,0,Low,0.0
59.30824906958355,0.059308249069583555,2.0,40.0,0,12.0,27.0,0.0,0.0,0.0,0.0,0.0,0,0,0,0,0,0,0,0,1,0,0,0,0,0,0,0,1,0,0,0,1,0,0,0,0,1,0,Low,0.0
3124.631562181812,3.124631562181812,3.0,120.0,1,6.0,24.0,0.0,0.0,0.0,0.0,0.0,0,0,1,0,0,0,0,0,0,0,0,0,0,0,1,0,0,1,0,0,0,0,0,0,1,0,0,Medium,33.9943342776204
115.27880359405934,0.11527880359405934,2.0,40.0,0,12.0,27.0,0.0,0.0,0.0,0.0,0.0,0,0,0,0,0,0,1,0,0,0,0,0,0,0,0,0,1,0,0,0,1,0,0,0,0,1,0,Low,0.0
35.7766213794586,0.0357766213794586,2.0,40.0,0,12.0,27.0,0.0,0.0,0.0,0.0,0.0,0,0,0,0,0,0,1,0,0,0,0,0,0,0,0,0,1,0,0,0,1,0,0,0,0,1,0,Low,0.0
117.88132776825024,0.11788132776825025,2.0,40.0,0,1.0,37.0,0.0,0.0,0.0,0.0,0.0,0,0,0,0,0,0,1,0,0,0,0,0,0,1,0,0,0,0,1,0,0,0,1,0,0,0,0,Medium,29.27289896128424
82.99992811019331,0.08299992811019331,2.0,40.0,0,17.0,26.0,1.0,0.0,0.0,0.0,0.0,0,0,0,0,0,0,1,0,0,0,0,0,0,0,0,1,0,0,0,1,0,0,0,0,1,0,0,High,53.56940509915015
47.331797365822666,0.047331797365822666,2.0,40.0,0,12.0,27.0,0.0,0.0,0.0,0.0,0.0,0,0,0,0,0,0,1,0,0,0,0,0,0,0,0,0,1,0,0,0,1,0,0,0,0,1,0,Low,0.0
9.71023208200901,0.00971023208200901,2.0,40.0,0,12.0,27.0,0.0,0.0,0.0,0.0,0.0,0,0,0,0,0,0,1,0,0,0,0,0,0,0,0,0,1,0,0,0,1,0,0,0,0,1,0,Low,0.0
35.822989711079224,0.03582298971107922,2.0,40.0,0,12.0,27.0,0.0,0.0,0.0,0.0,0.0,0,0,0,0,0,0,1,0,0,0,0,0,0,0,0,0,1,0,0,0,1,0,0,0,0,1,0,Low,0.0
22.96346683017848,0.02296346683017848,2.0,40.0,0,19.0,28.0,1.0,0.0,0.0,0.0,0.0,0,0,0,0,0,0,1,0,0,0,0,0,0,0,1,0,0,0,1,0,0,1,0,0,0,0,0,Medium,33.9943342776204
10.438681780553724,0.010438681780553724,2.0,40.0,0,5.0,32.0,0.0,0.0,0.0,0.0,0.0,0,0,0,0,1,0,0,0,0,0,0,0,0,0,0,1,0,0,0,1,0,0,1,0,0,0,0,High,61.97355996222852
74.48197712113812,0.07448197712113812,2.0,40.0,0,0.0,38.0,0.0,0.0,0.0,0.0,0.0,0,0,0,0,0,0,1,0,0,0,0,0,0,1,0,0,0,0,1,0,0,1,0,0,0,0,0,Medium,38.1586402266289
267.7114255856764,0.2677114255856764,2.0,40.0,1,6.0,28.0,0.0,0.0,0.0,0.0,0.0,0,0,0,0,0,0,0,0,1,0,0,0,0,1,0,0,0,0,1,0,0,0,1,0,0,0,0,Medium,29.27289896128424
72.88890249135319,0.07288890249135319,2.0,40.0,0,12.0,27.0,0.0,0.0,0.0,0.0,0.0,0,0,0,0,0,0,1,0,0,0,0,0,0,0,0,0,1,0,0,0,1,0,0,0,0,1,0,Low,0.0
79.84619327306548,0.07984619327306548,2.0,40.0,0,9.0,21.0,1.0,0.0,0.0,0.0,0.0,0,0,0,0,0,0,1,0,0,0,0,0,0,0,0,1,0,1,0,0,0,1,0,0,0,0,0,Medium,33.9943342776204
48.72213335930556,0.04872213335930556,2.0,40.0,0,12.0,27.0,0.0,0.0,0.0,0.0,0.0,0,0,0,0,0,0,1,0,0,0,0,0,0,0,0,0,1,0,0,0,1,0,0,0,0,1,0,Low,0.0
148.2794302596757,0.14827943025967572,2.0,40.0,1,19.0,26.0,1.0,0.0,0.0,0.0,0.0,0,0,0,0,0,0,0,1,0,0,0,0,0,0,1,0,0,0,0,1,0,0,0,1,0,0,0,Medium,49.405099150141645
66.9932471577578,0.06699324715775781,2.0,40.0,0,20.0,19.0,0.0,0.0,0.0,0.0,0.0,0,0,0,0,0,0,1,0,0,0,0,0,0,0,1,0,0,0,1,0,0,1,0,0,0,0,0,High,53.56940509915015
54.58426048039871,0.05458426048039871,2.0,40.0,0,16.0,17.0,0.0,0.0,0.0,0.0,0.0,0,0,0,0,0,0,1,0,0,0,0,0,0,0,0,1,0,1,0,0,0,0,0,1,0,0,0,Medium,29.27289896128424
98.86653434621792,0.09886653434621792,2.0,40.0,0,16.0,15.0,0.0,0.0,0.0,0.0,0.0,0,0,0,0,0,0,1,0,0,0,0,0,0,0,0,1,0,1,0,0,0,0,1,0,0,0,0,Medium,41.1614730878187
319.57474150614627,0.3195747415061463,2.0,40.0,0,18.5,30.0,0.5,0.5,0.0,0.0,0.0,0,0,0,0,0,0,1,0,0,0,0,0,0,0,0,1,0,1,0,0,0,0,0,0,1,0,0,Critical,88.45136921624174
115.32273046791175,0.11532273046791175,2.0,40.0,0,19.0,23.0,1.0,0.0,0.0,0.0,0.0,0,0,0,0,0,0,1,0,0,0,0,0,0,0,1,0,0,0,0,1,0,0,0,0,0,0,1,Medium,29.27289896128424
46.83718235969924,0.04683718235969924,2.0,40.0,0,6.0,33.5,0.0,1.0,0.0,0.0,0.0,0,0,0,0,0,0,1,0,0,0,0,0,0,0,0,1,0,0,1,0,0,1,0,0,0,0,0,High,69.41454202077432
69.61603218737497,0.06961603218737497,2.0,40.0,0,21.0,18.0,0.0,1.0,0.0,0.0,0.0,0,0,0,0,0,0,1,0,0,0,0,0,0,0,1,0,0,0,0,1,0,0,0,0,1,0,0,Medium,33.9943342776204
46.24867432908372,0.04624867432908372,2.0,50.0,0,23.0,19.0,0.0,0.0,0.0,0.0,0.0,0,0,0,0,0,0,0,0,1,0,0,0,0,0,1,0,0,0,1,0,0,0,1,0,0,0,0,Medium,33.9943342776204
716.9438528955988,0.7169438528955987,2.0,40.0,1,0.0,31.0,0.0,0.0,0.0,0.0,0.0,0,0,0,0,0,0,0,0,1,0,0,0,0,0,0,1,0,0,0,1,0,0,0,1,0,0,0,Medium,33.9943342776204
32.45763773707445,0.03245763773707445,2.0,40.0,1,12.0,27.0,0.0,0.0,0.0,0.0,0.0,0,0,0,0,0,0,0,0,0,0,1,0,0,0,0,0,1,0,0,0,1,0,0,0,0,1,0,Low,0.0
172.59264674092705,0.17259264674092706,2.0,40.0,0,21.0,26.0,0.0,0.0,0.0,0.0,0.0,0,0,0,0,0,0,1,0,0,0,0,0,0,0,0,1,0,0,0,1,0,0,0,0,1,0,0,Medium,38.1586402266289
25.93684033551224,0.02593684033551224,2.0,40.0,0,18.0,34.0,1.0,0.0,0.0,0.0,0.0,0,0,0,0,0,0,1,0,0,0,0,0,0,0,0,1,0,0,0,1,0,0,0,0,1,0,0,Medium,29.27289896128424
36.76787796996415,0.03676787796996415,2.0,40.0,0,12.0,27.0,0.0,0.0,0.0,0.0,0.0,0,1,0,0,0,0,0,0,0,0,0,0,0,0,0,0,1,0,0,0,1,0,0,0,0,1,0,Low,0.0
121.63033486049288,0.12163033486049288,2.0,40.0,0,21.0,24.0,0.0,0.0,0.0,0.0,0.0,0,0,0,0,0,0,1,0,0,0,0,0,0,1,0,0,0,1,0,0,0,1,0,0,0,0,0,Medium,38.1586402266289
195.7399233041813,0.1957399233041813,2.0,40.0,0,6.0,19.0,0.0,0.0,0.0,0.0,0.0,0,0,0,0,0,0,1,0,0,0,0,0,0,0,1,0,0,0,1,0,0,0,0,1,0,0,0,Medium,44.68366383380548
98.88594148601874,0.09888594148601873,2.0,30.0,0,12.0,27.0,0.0,0.0,0.0,0.0,0.0,0,0,0,0,0,0,1,0,0,0,0,0,0,0,0,0,1,0,0,0,1,0,0,0,0,1,0,Low,0.0
30.788987046130345,0.030788987046130343,2.0,40.0,0,12.0,27.0,0.0,0.0,0.0,0.0,0.0,0,0,0,0,0,0,1,0,0,0,0,0,0,0,0,0,1,0,0,0,1,0,0,0,0,1,0,Low,0.0
48.83460353922882,0.048834603539228826,2.0,40.0,0,21.0,34.0,0.0,1.0,0.0,0.0,0.0,0,0,0,0,0,0,1,0,0,0,0,0,0,1,0,0,0,1,0,0,0,0,0,0,0,0,1,Medium,44.68366383380548
10.476029418930995,0.010476029418930995,2.0,40.0,0,12.0,27.0,0.0,0.0,0.0,0.0,0.0,0,0,0,0,0,0,1,0,0,0,0,0,0,0,0,0,1,0,0,0,1,0,0,0,0,1,0,Low,0.0
36.091313012120125,0.036091313012120124,2.0,40.0,0,12.0,27.0,0.0,0.0,0.0,0.0,0.0,0,0,0,0,0,0,1,0,0,0,0,0,0,0,0,0,1,0,0,0,1,0,0,0,0,1,0,Low,0.0
95.13185542386414,0.09513185542386414,2.0,40.0,0,12.0,27.0,0.0,0.0,0.0,0.0,0.0,0,0,0,0,0,0,1,0,0,0,0,0,0,0,0,0,1,0,0,0,1,0,0,0,0,1,0,Low,0.0
45.25304137666004,0.045253041376660044,2.0,40.0,0,12.0,27.0,0.0,0.0,0.0,0.0,0.0,0,0,0,0,0,0,1,0,0,0,0,0,0,0,0,0,1,0,0,0,1,0,0,0,0,1,0,Low,0.0
46.6705158257333,0.0466705158257333,2.0,40.0,0,12.0,27.0,0.0,0.0,0.0,0.0,0.0,0,0,0,0,0,0,1,0,0,0,0,0,0,0,0,0,1,0,0,0,1,0,0,0,0,1,0,Low,0.0
477.4568033850199,0.4774568033850199,2.0,40.0,1,23.0,30.0,0.0,0.0,0.0,0.0,0.0,0,0,0,0,0,0,0,1,0,0,0,0,0,1,0,0,0,0,0,1,0,0,0,1,0,0,0,Medium,33.9943342776204
17.888299553800092,0.017888299553800092,2.0,40.0,0,10.0,20.0,1.0,1.0,0.0,0.0,0.0,0,0,0,0,0,0,1,0,0,0,0,0,0,0,1,0,0,1,0,0,0,1,0,0,0,0,0,High,56.57223796033995
81.51360045932238,0.08151360045932238,2.0,40.0,0,2.0,28.0,0.0,1.0,0.0,0.0,0.0,0,0,0,0,0,0,1,0,0,0,0,0,0,1,0,0,0,0,1,0,0,0,1,0,0,0,0,Medium,41.1614730878187
89.17243132210719,0.08917243132210718,2.0,40.0,0,12.0,27.0,0.0,0.0,0.0,0.0,0.0,0,0,0,0,0,0,1,0,0,0,0,0,0,0,0,0,1,0,0,0,1,0,0,0,0,1,0,Low,0.0
225.628874252154,0.225628874252154,2.0,20.0,0,21.0,22.0,0.0,1.0,0.0,0.0,0.0,0,0,0,0,0,0,1,0,0,0,0,0,0,0,0,1,0,0,0,1,0,0,0,1,0,0,0,Medium,33.9943342776204
39.57184216736039,0.039571842167360385,2.0,40.0,0,12.0,27.0,0.0,0.0,0.0,0.0,0.0,0,0,0,0,0,0,0,0,1,0,0,0,0,0,0,0,1,0,0,0,1,0,0,0,0,1,0,Low,0.0
39.362659899951865,0.039362659899951864,2.0,40.0,0,10.0,23.0,1.0,1.0,0.0,0.0,0.0,0,0,0,0,0,0,1,0,0,0,0,0,0,1,0,0,0,0,0,1,0,0,0,1,0,0,0,Medium,38.1586402266289
46.65939058843647,0.046659390588436475,2.0,40.0,0,12.0,27.0,0.0,0.0,0.0,0.0,0.0,0,0,0,0,0,0,1,0,0,0,0,0,0,0,0,0,1,0,0,0,1,0,0,0,0,1,0,Low,0.0
22.403363597572287,0.022403363597572286,2.0,40.0,0,12.0,27.0,0.0,0.0,0.0,0.0,0.0,0,0,0,0,0,0,1,0,0,0,0,0,0,0,0,0,1,0,0,0,1,0,0,0,0,1,0,Low,0.0
56.31829218809255,0.05631829218809255,2.0,40.0,0,12.0,27.0,0.0,0.0,0.0,0.0,0.0,0,0,0,0,0,0,1,0,0,0,0,0,0,0,0,0,1,0,0,0,1,0,0,0,0,1,0,Low,0.0
71.96271259730108,0.07196271259730108,2.0,40.0,1,10.0,17.0,1.0,0.0,0.0,0.0,0.0,0,0,0,0,0,0,0,0,1,0,0,0,0,1,0,0,0,1,0,0,0,0,0,1,0,0,0,Medium,38.1586402266289
36.24107413687847,0.036241074136878465,2.0,40.0,0,12.0,27.0,0.0,0.0,0.0,0.0,0.0,0,0,0,0,0,0,1,0,0,0,0,0,0,0,0,0,1,0,0,0,1,0,0,0,0,1,0,Low,0.0
56.429593153061845,0.05642959315306185,2.0,40.0,0,23.0,34.0,0.0,0.0,0.0,0.0,0.0,0,0,0,0,0,0,0,0,1,0,0,0,0,0,1,0,0,0,1,0,0,0,1,0,0,0,0,Medium,29.27289896128424
108.12873704565136,0.10812873704565136,2.0,40.0,0,16.0,35.0,0.0,0.0,0.0,0.0,0.0,0,0,0,0,0,0,1,0,0,0,0,0,0,1,0,0,0,0,0,1,0,0,1,0,0,0,0,Medium,44.68366383380548
344.24268700903656,0.34424268700903654,2.0,40.0,1,7.333333333333333,24.333333333333332,0.3333333333333333,0.3333333333333333,0.0,0.0,0.0,0,0,0,0,1,0,0,0,0,0,0,0,0,0,0,1,0,1,0,0,0,0,1,0,0,0,0,Critical,77.48819641170915
11.128951144466008,0.011128951144466008,2.0,40.0,1,12.0,27.0,0.0,0.0,0.0,0.0,0.0,0,0,0,0,0,0,1,0,0,0,0,0,0,0,0,0,1,0,0,0,1,0,0,0,0,1,0,Low,0.0
294.2422360660082,0.29424223606600824,2.0,40.0,0,7.0,22.0,0.0,0.0,0.0,0.0,0.0,0,0,0,0,0,0,1,0,0,0,0,0,0,1,0,0,0,0,0,1,0,0,0,0,1,0,0,High,53.56940509915015
39.17473812249247,0.03917473812249247,2.0,40.0,0,12.0,27.0,0.0,0.0,0.0,0.0,0.0,0,0,0,0,0,0,1,0,0,0,0,0,0,0,0,0,1,0,0,0,1,0,0,0,0,1,0,Low,0.0
31.769080191244893,0.03176908019124489,2.0,40.0,0,12.0,27.0,0.0,0.0,0.0,0.0,0.0,0,0,0,0,0,0,1,0,0,0,0,0,0,0,0,0,1,0,0,0,1,0,0,0,0,1,0,Low,0.0
32.843216614607016,0.03284321661460701,2.0,40.0,0,9.0,25.0,1.0,0.0,0.0,0.0,0.0,0,0,0,0,0,0,0,0,1,0,0,0,0,0,1,0,0,1,0,0,0,0,1,0,0,0,0,Medium,49.405099150141645
23.82425904636463,0.02382425904636463,2.0,40.0,0,12.0,27.0,0.0,0.0,0.0,0.0,0.0,0,0,0,0,0,0,1,0,0,0,0,0,0,0,0,0,1,0,0,0,1,0,0,0,0,1,0,Low,0.0
129.84000472767036,0.12984000472767035,2.0,40.0,0,20.0,35.0,0.0,1.0,0.0,0.0,0.0,0,0,0,0,0,0,1,0,0,0,0,0,0,1,0,0,0,0,0,1,0,0,0,0,1,0,0,Medium,38.1586402266289
119.15580717372234,0.11915580717372233,2.0,40.0,0,20.0,29.0,0.0,0.0,0.0,0.0,0.0,0,0,0,0,0,0,1,0,0,0,0,0,0,0,1,0,0,1,0,0,0,0,1,0,0,0,0,High,64.97639282341832
129.53202193098022,0.12953202193098023,2.0,40.0,0,2.0,36.0,0.0,0.0,0.0,0.0,0.0,0,0,0,0,0,0,1,0,0,0,0,0,0,0,1,0,0,0,0,1,0,0,1,0,0,0,0,Medium,44.68366383380548
184.78145112431747,0.18478145112431746,2.0,40.0,0,9.0,17.0,1.0,0.0,0.0,0.0,0.0,0,0,0,0,0,0,1,0,0,0,0,0,0,1,0,0,0,1,0,0,0,0,0,1,0,0,0,Medium,33.9943342776204
430.1028380333456,0.43010283803334565,2.0,50.0,1,18.0,17.0,0.0,0.5,0.0,0.0,0.0,0,0,0,0,1,0,0,0,0,0,0,0,0,1,0,0,0,0,1,0,0,0,1,0,0,0,0,High,69.41454202077432
30.22038765335712,0.03022038765335712,2.0,40.0,0,8.0,33.0,1.0,0.0,0.0,0.0,0.0,0,0,0,0,0,0,1,0,0,0,0,0,0,0,0,1,0,1,0,0,0,0,1,0,0,0,0,Medium,33.9943342776204
159.567932503021,0.159567932503021,2.0,40.0,0,18.0,25.0,1.0,0.0,0.0,0.0,0.0,0,0,0,0,0,0,1,0,0,0,0,0,0,0,0,1,0,1,0,0,0,0,0,0,0,0,1,Medium,41.1614730878187
87.2912787397451,0.0872912787397451,2.0,40.0,0,12.0,27.0,0.0,0.0,0.0,0.0,0.0,0,0,0,0,0,0,1,0,0,0,0,0,0,0,0,0,1,0,0,0,1,0,0,0,0,1,0,Low,0.0
22.28039472790621,0.02228039472790621,2.0,40.0,0,12.0,27.0,0.0,0.0,0.0,0.0,0.0,0,0,0,0,0,0,0,0,1,0,0,0,0,0,0,0,1,0,0,0,1,0,0,0,0,1,0,Low,0.0
123.64566218147137,0.12364566218147137,2.0,40.0,0,10.0,30.0,1.0,0.0,0.0,0.0,0.0,0,0,0,0,0,0,1,0,0,0,0,0,0,0,1,0,0,1,0,0,0,0,1,0,0,0,0,High,60.19830028328612
202.78223510471184,0.20278223510471186,2.0,40.0,0,3.0,21.0,0.0,0.0,0.0,0.0,0.0,0,0,0,0,0,0,1,0,0,0,0,0,0,0,0,1,0,0,1,0,0,0,1,0,0,0,0,Medium,29.27289896128424
43.86727264005543,0.04386727264005543,2.0,40.0,0,18.0,35.0,1.0,0.0,0.0,0.0,0.0,0,0,0,0,0,0,1,0,0,0,0,0,0,0,0,1,0,1,0,0,0,0,1,0,0,0,0,Medium,49.405099150141645
49.74572329498068,0.04974572329498068,2.0,40.0,0,18.0,32.0,1.0,0.0,0.0,0.0,0.0,0,0,0,0,0,0,1,0,0,0,0,0,0,0,1,0,0,1,0,0,0,0,0,0,1,0,0,Medium,29.27289896128424
141.14280293703746,0.14114280293703746,2.0,40.0,0,19.0,34.0,1.0,0.0,0.0,0.0,0.0,0,0,0,0,0,0,1,0,0,0,0,0,0,0,0,1,0,0,0,1,0,0,0,0,1,0,0,High,56.57223796033995
163.48963071540214,0.16348963071540215,2.0,40.0,1,17.0,26.0,0.0,1.0,0.0,0.0,0.0,0,0,0,0,0,0,0,0,1,0,0,0,0,1,0,0,0,1,0,0,0,0,0,0,0,0,1,Critical,79.8300283286119
41.69277563476015,0.041692775634760156,2.0,40.0,0,12.0,27.0,0.0,0.0,0.0,0.0,0.0,0,0,0,0,0,0,0,1,0,0,0,0,0,0,0,0,1,0,0,0,1,0,0,0,0,1,0,Low,0.0
13.130938918351942,0.013130938918351943,2.0,40.0,0,12.0,27.0,0.0,0.0,0.0,0.0,0.0,0,0,0,0,0,0,1,0,0,0,0,0,0,0,0,0,1,0,0,0,1,0,0,0,0,1,0,Low,0.0
159.38868299544765,0.15938868299544764,2.0,40.0,0,13.0,15.0,0.0,0.0,0.0,0.0,0.0,0,0,0,0,0,0,1,0,0,0,0,0,0,0,0,1,0,0,0,1,0,0,0,1,0,0,0,Medium,33.9943342776204
42.04049644910926,0.04204049644910926,2.0,40.0,0,12.0,27.0,0.0,0.0,0.0,0.0,0.0,0,0,0,0,0,0,1,0,0,0,0,0,0,0,0,0,1,0,0,0,1,0,0,0,0,1,0,Low,0.0
180.7129061260572,0.1807129061260572,2.0,40.0,0,17.5,31.0,0.0,0.5,0.0,0.0,0.0,0,0,0,0,0,0,1,0,0,0,0,0,0,0,0,1,0,1,0,0,0,0,1,0,0,0,0,Critical,91.58640226628896
147.0552278911988,0.1470552278911988,2.0,40.0,0,4.0,39.0,0.0,1.0,0.0,0.0,0.0,0,0,0,0,0,0,0,0,1,0,0,0,0,0,0,1,0,0,1,0,0,1,0,0,0,0,0,High,64.97639282341832
113.97928858409986,0.11397928858409986,2.0,40.0,0,3.0,36.0,0.0,0.0,0.0,0.0,0.0,0,0,0,0,0,0,1,0,0,0,0,0,0,1,0,0,0,0,1,0,0,1,0,0,0,0,0,Medium,38.1586402266289
89.75605397567696,0.08975605397567696,2.0,40.0,0,11.266129032258064,27.806451612903224,0.25,0.2661290322580645,0.0,0.0,0.0,0,0,0,0,0,0,1,0,0,0,0,0,0,1,0,0,0,0,1,0,0,1,0,0,0,0,0,Critical,99.98111425873466
47.47189386845765,0.04747189386845765,2.0,40.0,0,12.0,27.0,0.0,0.0,0.0,0.0,0.0,0,0,0,0,0,0,1,0,0,0,0,0,0,0,0,0,1,0,0,0,1,0,0,0,0,1,0,Low,0.0
53.425719501662776,0.05342571950166278,2.0,40.0,0,5.0,36.0,0.0,0.0,0.0,0.0,0.0,0,0,0,0,0,0,1,0,0,0,0,0,0,0,1,0,0,1,0,0,0,0,0,0,1,0,0,Medium,44.68366383380548
65.22395387496424,0.06522395387496424,2.0,40.0,0,12.0,27.0,0.0,0.0,0.0,0.0,0.0,0,0,0,0,0,0,1,0,0,0,0,0,0,0,0,0,1,0,0,0,1,0,0,0,0,1,0,Low,0.0
71.27745706451658,0.07127745706451659,2.0,40.0,0,16.0,32.0,0.0,0.0,0.0,0.0,0.0,0,0,0,0,0,0,1,0,0,0,0,0,0,1,0,0,0,0,0,1,0,1,0,0,0,0,0,Medium,44.68366383380548
13.997008731791883,0.013997008731791884,2.0,40.0,0,12.0,27.0,0.0,0.0,0.0,0.0,0.0,0,0,0,0,0,0,1,0,0,0,0,0,0,0,0,0,1,0,0,0,1,0,0,0,0,1,0,Low,0.0
163.3967742578686,0.1633967742578686,2.0,40.0,0,12.0,18.0,0.0,0.0,0.0,0.0,0.0,0,0,0,0,0,0,1,0,0,0,0,0,0,0,1,0,0,1,0,0,0,0,0,1,0,0,0,High,58.72521246458924
28.75945621941337,0.02875945621941337,2.0,40.0,0,12.0,27.0,0.0,0.0,0.0,0.0,0.0,0,0,0,0,0,0,1,0,0,0,0,0,0,0,0,0,1,0,0,0,1,0,0,0,0,1,0,Low,0.0
201.6359888988605,0.2016359888988605,2.0,40.0,0,21.0,28.0,0.0,0.0,0.0,0.0,0.0,0,0,0,0,0,0,1,0,0,0,0,0,0,0,1,0,0,0,0,1,0,0,0,1,0,0,0,Medium,33.9943342776204
71.46258595225441,0.07146258595225441,2.0,40.0,0,11.0,34.0,0.0,0.0,0.0,0.0,0.0,0,0,0,0,0,0,1,0,0,0,0,0,0,0,1,0,0,0,0,1,0,0,0,0,0,0,1,Medium,33.9943342776204
266.8145496322858,0.2668145496322858,2.0,40.0,0,13.0,39.0,0.0,1.0,0.0,0.0,0.0,0,0,0,0,0,0,0,0,1,0,0,0,0,0,1,0,0,0,0,1,0,0,0,0,0,0,1,Medium,44.78753541076488
63.43232311319147,0.06343232311319147,2.0,40.0,0,12.0,27.0,0.0,0.0,0.0,0.0,0.0,0,0,0,0,0,0,0,0,1,0,0,0,0,0,0,0,1,0,0,0,1,0,0,0,0,1,0,Low,0.0
35.97803472086381,0.03597803472086381,2.0,40.0,0,12.0,27.0,0.0,0.0,0.0,0.0,0.0,0,0,0,0,0,0,1,0,0,0,0,0,0,0,0,0,1,0,0,0,1,0,0,0,0,1,0,Low,0.0
28.0413813755554,0.0280413813755554,2.0,40.0,0,22.0,33.0,0.0,0.0,0.0,0.0,0.0,0,0,0,0,0,0,1,0,0,0,0,0,0,0,1,0,0,0,1,0,0,0,0,0,0,0,1,Medium,41.1614730878187
157.20376925036172,0.15720376925036172,2.0,40.0,0,12.0,27.0,0.0,0.0,0.0,0.0,0.0,0,0,0,0,0,0,0,0,1,0,0,0,0,0,0,0,1,0,0,0,1,0,0,0,0,1,0,Low,0.0
16.887497325523427,0.016887497325523426,2.0,40.0,0,12.0,27.0,0.0,0.0,0.0,0.0,0.0,0,0,0,0,0,0,1,0,0,0,0,0,0,0,0,0,1,0,0,0,1,0,0,0,0,1,0,Low,0.0
99.3429972145305,0.09934299721453049,2.0,40.0,0,12.0,27.0,0.0,0.0,0.0,0.0,0.0,0,0,0,0,0,0,1,0,0,0,0,0,0,0,0,0,1,0,0,0,1,0,0,0,0,1,0,Low,0.0
112.9554985349631,0.1129554985349631,2.0,40.0,1,5.0,18.0,0.0,0.0,0.0,0.0,0.0,0,0,0,0,1,0,0,0,0,0,0,0,0,0,0,1,0,1,0,0,0,0,1,0,0,0,0,Medium,33.9943342776204
55.748014084894976,0.05574801408489498,2.0,40.0,0,12.0,28.294117647058822,0.35294117647058826,0.35294117647058826,0.0,0.0,0.0,0,0,0,0,0,0,1,0,0,0,0,0,0,0,1,0,0,1,0,0,0,1,0,0,0,0,0,Critical,99.28234183191692
231.80648597438355,0.23180648597438355,2.0,40.0,0,4.0,40.0,0.0,0.0,0.0,0.0,0.0,0,0,0,0,0,0,1,0,0,0,0,0,0,0,1,0,0,0,1,0,0,0,1,0,0,0,0,High,56.57223796033995
83.26542895873206,0.08326542895873205,2.0,40.0,0,17.0,22.0,1.0,1.0,0.0,0.0,0.0,0,0,0,0,0,0,1,0,0,0,0,0,0,0,1,0,0,1,0,0,0,0,0,0,0,0,1,Medium,33.9943342776204
63.313916123978906,0.06331391612397891,2.0,40.0,0,12.0,27.0,0.0,0.0,0.0,0.0,0.0,0,0,0,0,0,0,1,0,0,0,0,0,0,0,0,0,1,0,0,0,1,0,0,0,0,1,0,Low,0.0
92.93560253075304,0.09293560253075304,2.0,40.0,0,8.0,40.0,1.0,1.0,0.0,0.0,0.0,0,0,0,0,0,0,1,0,0,0,0,0,0,1,0,0,0,1,0,0,0,0,0,1,0,0,0,Medium,49.405099150141645
30.31271725365734,0.03031271725365734,2.0,40.0,0,12.0,27.0,0.0,0.0,0.0,0.0,0.0,0,0,0,0,0,0,1,0,0,0,0,0,0,0,0,0,1,0,0,0,1,0,0,0,0,1,0,Low,0.0
151.74796252557604,0.15174796252557604,2.0,40.0,0,17.0,20.0,1.0,0.0,0.0,0.0,0.0,0,0,0,0,0,0,1,0,0,0,0,0,0,1,0,0,0,0,0,1,0,0,0,1,0,0,0,Medium,49.405099150141645
24.55924178969452,0.02455924178969452,2.0,40.0,0,12.0,27.0,0.0,0.0,0.0,0.0,0.0,0,0,0,0,0,0,0,0,1,0,0,0,0,0,0,0,1,0,0,0,1,0,0,0,0,1,0,Low,0.0
162.65199411989596,0.16265199411989595,2.0,40.0,0,2.0,19.0,0.0,0.0,0.0,0.0,0.0,0,0,0,0,0,0,1,0,0,0,0,0,0,0,0,1,0,0,1,0,0,0,0,0,1,0,0,High,56.57223796033995
13.821103778266238,0.013821103778266237,2.0,40.0,0,22.0,19.0,0.0,1.0,0.0,0.0,0.0,0,0,0,0,0,0,1,0,0,0,0,0,0,1,0,0,0,0,1,0,0,1,0,0,0,0,0,Medium,33.9943342776204
126.36610220826998,0.12636610220827,2.0,40.0,1,12.0,27.0,0.0,0.0,0.0,0.0,0.0,0,0,0,0,0,0,0,1,0,0,0,0,0,0,0,0,1,0,0,0,1,0,0,0,0,1,0,Low,0.0
27.11491917529097,0.02711491917529097,2.0,40.0,0,12.0,27.0,0.0,0.0,0.0,0.0,0.0,0,0,0,0,0,0,1,0,0,0,0,0,0,0,0,0,1,0,0,0,1,0,0,0,0,1,0,Low,0.0
154.9541891820731,0.1549541891820731,2.0,40.0,0,23.0,28.0,0.0,0.0,0.0,0.0,0.0,0,0,0,0,0,0,1,0,0,0,0,0,0,0,1,0,0,0,0,1,0,0,1,0,0,0,0,High,67.12936732766761
140.15538226455504,0.14015538226455504,2.0,40.0,0,19.0,32.0,1.0,0.0,0.0,0.0,0.0,0,0,0,0,0,0,0,1,0,0,0,0,0,0,0,1,0,0,0,1,0,0,0,0,1,0,0,Medium,38.1586402266289
168.46740032917927,0.16846740032917926,2.0,40.0,0,12.0,27.0,0.0,0.0,0.0,0.0,0.0,0,0,0,0,0,0,1,0,0,0,0,0,0,0,0,0,1,0,0,0,1,0,0,0,0,1,0,Low,0.0
110.1559511734768,0.11015595117347679,2.0,40.0,0,12.0,27.0,0.0,0.0,0.0,0.0,0.0,0,0,0,0,0,0,1,0,0,0,0,0,0,0,0,0,1,0,0,0,1,0,0,0,0,1,0,Low,0.0
134.27216116485832,0.13427216116485832,2.0,40.0,0,16.0,27.5,0.0,0.0,0.0,0.0,0.0,0,0,0,0,0,0,1,0,0,0,0,0,0,1,0,0,0,0,1,0,0,1,0,0,0,0,0,Critical,89.92445703493863
57.40615697100277,0.05740615697100277,2.0,40.0,0,8.82,26.14,0.26,0.26,0.0,0.0,0.0,0,0,0,0,0,0,1,0,0,0,0,0,0,0,0,1,0,0,1,0,0,0,0,0,1,0,0,Critical,99.71671388101984
15.577066452882216,0.015577066452882215,2.0,40.0,0,12.0,27.0,0.0,0.0,0.0,0.0,0.0,0,0,0,0,0,0,1,0,0,0,0,0,0,0,0,0,1,0,0,0,1,0,0,0,0,1,0,Low,0.0
43.84327465620433,0.04384327465620433,2.0,40.0,0,12.0,27.0,0.0,0.0,0.0,0.0,0.0,0,0,0,0,0,0,1,0,0,0,0,0,0,0,0,0,1,0,0,0,1,0,0,0,0,1,0,Low,0.0
174.5377488198285,0.1745377488198285,2.0,40.0,1,16.0,38.0,0.0,1.0,0.0,0.0,0.0,0,0,0,0,0,0,1,0,0,0,0,0,0,0,1,0,0,0,0,1,0,0,0,1,0,0,0,Medium,29.27289896128424
95.9371506509496,0.0959371506509496,2.0,40.0,0,12.0,27.0,0.0,0.0,0.0,0.0,0.0,0,0,0,0,0,0,1,0,0,0,0,0,0,0,0,0,1,0,0,0,1,0,0,0,0,1,0,Low,0.0
116.87857892208426,0.11687857892208425,2.0,40.0,0,12.0,27.0,0.0,0.0,0.0,0.0,0.0,0,0,0,0,0,0,1,0,0,0,0,0,0,0,0,0,1,0,0,0,1,0,0,0,0,1,0,Low,0.0
40.19825141228068,0.040198251412280686,2.0,40.0,1,12.0,27.0,0.0,0.0,0.0,0.0,0.0,0,0,0,0,0,0,0,0,1,0,0,0,0,0,0,0,1,0,0,0,1,0,0,0,0,1,0,Low,0.0
153.24576670616003,0.15324576670616002,2.0,40.0,0,12.0,27.0,0.0,0.0,0.0,0.0,0.0,0,0,0,0,0,0,1,0,0,0,0,0,0,0,0,0,1,0,0,0,1,0,0,0,0,1,0,Low,0.0
259.7277728473277,0.2597277728473277,2.0,40.0,0,3.0,22.0,0.0,1.0,0.0,0.0,0.0,0,0,0,0,0,0,0,0,1,0,0,0,0,1,0,0,0,0,1,0,0,0,0,0,0,0,1,Medium,43.31444759206799
14.800032530734384,0.014800032530734385,2.0,40.0,0,12.0,27.0,0.0,0.0,0.0,0.0,0.0,0,0,0,0,0,0,1,0,0,0,0,0,0,0,0,0,1,0,0,0,1,0,0,0,0,1,0,Low,0.0
218.4128063170533,0.21841280631705332,2.0,40.0,0,21.0,29.0,0.0,1.0,0.0,0.0,0.0,0,0,0,0,0,0,0,0,1,0,0,0,0,0,1,0,0,0,1,0,0,1,0,0,0,0,0,Medium,49.405099150141645
108.2852233080274,0.1082852233080274,2.0,40.0,0,12.0,27.0,0.0,0.0,0.0,0.0,0.0,0,0,0,0,0,0,1,0,0,0,0,0,0,0,0,0,1,0,0,0,1,0,0,0,0,1,0,Low,0.0
201.5307647778491,0.2015307647778491,2.0,40.0,0,1.0,27.0,0.0,0.0,0.0,0.0,0.0,0,0,0,0,0,0,0,0,1,0,0,0,0,0,0,1,0,0,1,0,0,0,0,1,0,0,0,Medium,29.27289896128424
546.4286057128822,0.5464286057128822,3.0,40.0,1,9.0,21.0,1.0,0.0,0.0,0.0,0.0,0,0,0,0,1,0,0,0,0,0,0,0,0,0,1,0,0,0,1,0,0,0,0,1,0,0,0,Medium,33.9943342776204
71.9459930648372,0.07194599306483719,2.0,40.0,0,12.0,27.0,0.0,0.0,0.0,0.0,0.0,0,0,0,0,0,0,1,0,0,0,0,0,0,0,0,0,1,0,0,0,1,0,0,0,0,1,0,Low,0.0
44.00416457198784,0.044004164571987844,2.0,40.0,0,12.0,27.0,0.0,0.0,0.0,0.0,0.0,0,0,0,0,0,0,1,0,0,0,0,0,0,0,0,0,1,0,0,0,1,0,0,0,0,1,0,Low,0.0
26.30935563214829,0.026309355632148288,2.0,40.0,0,12.0,27.0,0.0,0.0,0.0,0.0,0.0,0,0,0,0,0,0,1,0,0,0,0,0,0,0,0,0,1,0,0,0,1,0,0,0,0,1,0,Low,0.0
32.34971837148784,0.03234971837148784,2.0,40.0,0,12.0,27.0,0.0,0.0,0.0,0.0,0.0,0,0,0,0,0,0,1,0,0,0,0,0,0,0,0,0,1,0,0,0,1,0,0,0,0,1,0,Low,0.0
167.72066217279246,0.16772066217279247,2.0,40.0,0,14.0,20.0,0.0,0.0,0.0,0.0,0.0,0,0,0,0,0,0,1,0,0,0,0,0,0,1,0,0,0,1,0,0,0,0,1,0,0,0,0,Medium,44.68366383380548
67.34467499114885,0.06734467499114885,2.0,40.0,0,12.0,27.0,0.0,0.0,0.0,0.0,0.0,0,0,0,0,0,0,0,0,1,0,0,0,0,0,0,0,1,0,0,0,1,0,0,0,0,1,0,Low,0.0
29.699069544964985,0.029699069544964984,2.0,40.0,0,12.0,27.0,0.0,0.0,0.0,0.0,0.0,0,0,0,0,0,0,1,0,0,0,0,0,0,0,0,0,1,0,0,0,1,0,0,0,0,1,0,Low,0.0
24.253245423298136,0.024253245423298136,2.0,40.0,0,12.0,27.0,0.0,0.0,0.0,0.0,0.0,0,0,0,0,0,0,1,0,0,0,0,0,0,0,0,0,1,0,0,0,1,0,0,0,0,1,0,Low,0.0
44.01247780268991,0.04401247780268991,2.0,40.0,0,7.0,39.0,0.0,0.0,0.0,0.0,0.0,0,0,0,0,0,0,1,0,0,0,0,0,0,1,0,0,0,1,0,0,0,0,0,1,0,0,0,Medium,38.1586402266289
132.9692589562142,0.1329692589562142,2.0,40.0,0,4.5,28.0,0.5,1.0,0.0,0.0,0.0,0,0,0,0,0,0,1,0,0,0,0,0,0,1,0,0,0,1,0,0,0,0,1,0,0,0,0,Critical,82.46458923512749
30.579799904337897,0.030579799904337897,2.0,40.0,0,12.0,27.0,0.0,0.0,0.0,0.0,0.0,0,0,0,0,0,0,1,0,0,0,0,0,0,0,0,0,1,0,0,0,1,0,0,0,0,1,0,Low,0.0
93.45097257652802,0.09345097257652801,2.0,40.0,0,7.0,31.0,0.0,0.0,0.0,0.0,0.0,0,0,0,0,0,0,1,0,0,0,0,0,0,0,1,0,0,1,0,0,0,0,0,0,0,0,1,Medium,43.31444759206799
116.54419242931596,0.11654419242931596,2.0,40.0,0,3.0,19.0,0.0,0.0,0.0,0.0,0.0,0,0,0,0,0,0,0,0,1,0,0,0,0,1,0,0,0,0,1,0,0,0,0,1,0,0,0,Medium,41.1614730878187
24.95002432635597,0.024950024326355968,2.0,40.0,0,4.0,33.0,0.0,0.0,0.0,0.0,0.0,0,0,0,0,0,0,1,0,0,0,0,0,0,0,1,0,0,0,1,0,0,0,0,0,0,0,1,Medium,29.27289896128424
113.26813556576032,0.11326813556576032,2.0,40.0,0,12.0,27.0,0.0,0.0,0.0,0.0,0.0,0,0,0,0,0,0,1,0,0,0,0,0,0,0,0,0,1,0,0,0,1,0,0,0,0,1,0,Low,0.0
38.311129842426375,0.03831112984242638,2.0,40.0,0,18.0,18.0,1.0,0.0,0.0,0.0,0.0,0,0,0,0,0,0,1,0,0,0,0,0,0,0,0,1,0,1,0,0,0,1,0,0,0,0,0,Medium,33.9943342776204
163.728091473353,0.16372809147335302,2.0,40.0,0,6.0,24.0,0.0,0.0,0.0,0.0,0.0,0,0,0,0,0,0,0,0,1,0,0,0,0,1,0,0,0,0,0,1,0,0,0,1,0,0,0,High,67.12936732766761
36.85010034320878,0.03685010034320878,2.0,40.0,0,12.0,27.0,0.0,0.0,0.0,0.0,0.0,0,0,0,0,0,0,1,0,0,0,0,0,0,0,0,0,1,0,0,0,1,0,0,0,0,1,0,Low,0.0
109.71571799450892,0.10971571799450892,2.0,40.0,0,9.0,33.0,1.0,0.0,0.0,0.0,0.0,0,0,0,0,0,0,1,0,0,0,0,0,0,1,0,0,0,1,0,0,0,1,0,0,0,0,0,High,53.56940509915015
25.25828388233601,0.02525828388233601,2.0,40.0,0,12.0,27.0,0.0,0.0,0.0,0.0,0.0,0,0,0,0,0,0,1,0,0,0,0,0,0,0,0,0,1,0,0,0,1,0,0,0,0,1,0,Low,0.0
33.86615302076102,0.03386615302076102,2.0,40.0,0,12.0,27.0,0.0,0.0,0.0,0.0,0.0,0,0,0,0,0,0,0,0,1,0,0,0,0,0,0,0,1,0,0,0,1,0,0,0,0,1,0,Low,0.0
10.46621117122558,0.01046621117122558,2.0,40.0,1,12.0,27.0,0.0,0.0,0.0,0.0,0.0,0,0,0,0,1,0,0,0,0,0,0,0,0,0,0,0,1,0,0,0,1,0,0,0,0,1,0,Low,0.0
14.74145794563772,0.01474145794563772,2.0,40.0,0,12.0,27.0,0.0,0.0,0.0,0.0,0.0,0,0,0,0,0,0,1,0,0,0,0,0,0,0,0,0,1,0,0,0,1,0,0,0,0,1,0,Low,0.0
11.708345425269576,0.011708345425269575,2.0,40.0,0,12.0,27.0,0.0,0.0,0.0,0.0,0.0,0,0,0,0,0,0,1,0,0,0,0,0,0,0,0,0,1,0,0,0,1,0,0,0,0,1,0,Low,0.0
343.1272677469013,0.3431272677469013,2.0,40.0,1,12.0,27.0,0.0,0.0,0.0,0.0,0.0,0,0,0,0,0,0,1,0,0,0,0,0,0,0,0,0,1,0,0,0,1,0,0,0,0,1,0,Low,0.0
50.8433948039372,0.0508433948039372,2.0,40.0,0,23.0,16.0,0.0,0.0,0.0,0.0,0.0,0,0,0,0,0,0,1,0,0,0,0,0,0,1,0,0,0,0,1,0,0,0,0,0,0,0,1,Medium,49.405099150141645
38.696373220910765,0.03869637322091077,2.0,40.0,0,18.0,26.0,1.0,1.0,0.0,0.0,0.0,0,0,0,0,0,0,1,0,0,0,0,0,0,0,1,0,0,1,0,0,0,0,1,0,0,0,0,Medium,44.78753541076488
115.5277376760559,0.11552773767605591,2.0,40.0,0,4.0,18.0,0.0,0.0,0.0,0.0,0.0,0,0,0,0,0,0,0,1,0,0,0,0,0,0,1,0,0,0,1,0,0,0,1,0,0,0,0,High,68.60245514636449
11.332157043488726,0.011332157043488725,2.0,40.0,0,17.0,28.0,1.0,0.0,0.0,0.0,0.0,0,0,0,0,0,0,1,0,0,0,0,0,0,0,0,1,0,1,0,0,0,0,0,1,0,0,0,High,61.97355996222852
390.4433786077871,0.3904433786077871,2.0,40.0,0,20.0,40.0,0.0,0.0,0.0,0.0,0.0,0,0,0,0,0,0,1,0,0,0,0,0,0,1,0,0,0,0,0,1,0,0,1,0,0,0,0,Medium,44.68366383380548
227.1061417453972,0.2271061417453972,2.0,40.0,0,14.0,26.0,0.0,0.0,0.0,0.0,0.0,0,0,0,0,0,0,1,0,0,0,0,0,0,0,0,1,0,0,0,1,0,0,0,1,0,0,0,Medium,38.1586402266289
32.060158084155255,0.03206015808415526,2.0,40.0,0,10.0,39.0,1.0,0.0,0.0,0.0,0.0,0,0,0,0,0,0,1,0,0,0,0,0,0,0,1,0,0,1,0,0,0,0,1,0,0,0,0,High,53.56940509915015
45.54045663741088,0.045540456637410874,2.0,40.0,0,23.0,32.0,0.0,1.0,0.0,0.0,0.0,0,0,0,0,0,0,1,0,0,0,0,0,0,0,1,0,0,1,0,0,0,0,0,0,1,0,0,High,61.97355996222852
18.70742219054619,0.01870742219054619,2.0,40.0,0,12.0,27.0,0.0,0.0,0.0,0.0,0.0,0,0,0,0,0,0,1,0,0,0,0,0,0,0,0,0,1,0,0,0,1,0,0,0,0,1,0,Low,0.0
19.902634080799466,0.019902634080799467,2.0,40.0,0,12.0,27.0,0.0,0.0,0.0,0.0,0.0,0,0,0,0,0,0,1,0,0,0,0,0,0,0,0,0,1,0,0,0,1,0,0,0,0,1,0,Low,0.0
107.46504214292044,0.10746504214292044,2.0,40.0,0,8.0,16.0,1.0,0.0,0.0,0.0,0.0,0,0,0,0,0,0,1,0,0,0,0,0,0,0,1,0,0,1,0,0,0,1,0,0,0,0,0,Medium,29.27289896128424
35.81671844596996,0.03581671844596996,2.0,40.0,0,12.0,27.0,0.0,0.0,0.0,0.0,0.0,0,0,0,0,0,0,1,0,0,0,0,0,0,0,0,0,1,0,0,0,1,0,0,0,0,1,0,Low,0.0
42.78383232402461,0.04278383232402461,2.0,40.0,0,12.0,27.0,0.0,0.0,0.0,0.0,0.0,0,0,0,0,0,0,1,0,0,0,0,0,0,0,0,0,1,0,0,0,1,0,0,0,0,1,0,Low,0.0
70.98739839331998,0.07098739839331998,2.0,40.0,0,12.0,27.0,0.0,0.0,0.0,0.0,0.0,0,0,0,0,0,0,0,0,1,0,0,0,0,0,0,0,1,0,0,0,1,0,0,0,0,1,0,Low,0.0
143.0033730079556,0.1430033730079556,2.0,40.0,0,14.0,16.0,0.0,1.0,0.0,0.0,0.0,0,0,0,0,0,0,1,0,0,0,0,0,0,1,0,0,0,0,1,0,0,0,0,0,0,0,1,High,68.60245514636449
44.23398976507515,0.04423398976507515,2.0,40.0,0,11.9,28.4,0.3,0.4,0.0,0.0,0.0,0,0,0,0,0,0,1,0,0,0,0,0,0,0,0,1,0,0,1,0,0,0,0,0,0,0,1,Critical,95.7318224740321
204.8464121490217,0.2048464121490217,2.0,40.0,0,20.0,27.0,0.0,0.0,0.0,0.0,0.0,0,0,0,0,0,0,1,0,0,0,0,0,0,1,0,0,0,0,0,1,0,0,0,0,1,0,0,Medium,38.1586402266289
55.092172761718906,0.055092172761718905,2.0,40.0,0,12.0,27.0,0.0,0.0,0.0,0.0,0.0,0,0,0,0,0,0,1,0,0,0,0,0,0,0,0,0,1,0,0,0,1,0,0,0,0,1,0,Low,0.0
22.973397808744977,0.022973397808744977,2.0,40.0,0,8.166666666666666,35.166666666666664,0.5,0.0,0.0,0.0,0.0,0,0,0,1,0,0,0,0,0,0,0,0,0,0,1,0,0,1,0,0,0,1,0,0,0,0,0,Critical,94.19263456090653
155.11726481395226,0.15511726481395227,2.0,40.0,0,11.0,40.0,0.0,0.0,0.0,0.0,0.0,0,0,0,0,0,0,0,0,0,1,0,0,0,1,0,0,0,0,0,1,0,1,0,0,0,0,0,Medium,33.9943342776204
173.05020095369846,0.17305020095369847,2.0,40.0,0,13.0,37.0,0.0,0.0,0.0,0.0,0.0,0,0,0,0,0,0,1,0,0,0,0,0,0,0,1,0,0,0,0,1,0,0,0,0,0,0,1,Medium,49.405099150141645
30.87448436521152,0.030874484365211518,2.0,40.0,0,12.0,27.0,0.0,0.0,0.0,0.0,0.0,0,0,0,0,0,0,1,0,0,0,0,0,0,0,0,0,1,0,0,0,1,0,0,0,0,1,0,Low,0.0
100.91590498141288,0.10091590498141288,2.0,40.0,0,22.0,18.0,0.0,0.0,0.0,0.0,0.0,0,0,0,0,0,0,0,0,1,0,0,0,0,1,0,0,0,1,0,0,0,0,0,0,1,0,0,High,68.60245514636449
47.99227921828148,0.04799227921828148,2.0,40.0,0,12.0,27.0,0.0,0.0,0.0,0.0,0.0,0,0,0,0,0,0,1,0,0,0,0,0,0,0,0,0,1,0,0,0,1,0,0,0,0,1,0,Low,0.0
36.47850952576125,0.036478509525761246,2.0,40.0,0,12.0,27.0,0.0,0.0,0.0,0.0,0.0,0,0,0,0,0,0,1,0,0,0,0,0,0,0,0,0,1,0,0,0,1,0,0,0,0,1,0,Low,0.0
3.168118081640071,0.0031681180816400707,2.0,40.0,0,12.0,27.0,0.0,0.0,0.0,0.0,0.0,0,0,0,0,0,0,1,0,0,0,0,0,0,0,0,0,1,0,0,0,1,0,0,0,0,1,0,Low,0.0
365.95366096017824,0.36595366096017823,2.0,40.0,0,19.0,25.0,1.0,1.0,0.0,0.0,0.0,0,0,0,0,0,0,1,0,0,0,0,0,0,0,0,1,0,0,1,0,0,0,1,0,0,0,0,Medium,41.1614730878187
849.8098334857899,0.8498098334857899,3.0,100.0,1,1.0,18.0,0.0,0.0,0.0,0.0,0.0,0,0,0,0,1,0,0,0,0,0,0,0,0,1,0,0,0,0,1,0,0,0,0,1,0,0,0,Medium,38.1586402266289
80.31085759337614,0.08031085759337614,2.0,40.0,0,15.0,30.0,0.0,0.0,0.0,0.0,0.0,0,0,0,0,0,0,1,0,0,0,0,0,0,1,0,0,0,1,0,0,0,0,0,0,0,0,1,Medium,29.27289896128424
38.52398828658453,0.038523988286584536,2.0,40.0,0,12.0,27.0,0.0,0.0,0.0,0.0,0.0,0,0,0,0,0,0,0,1,0,0,0,0,0,0,0,0,1,0,0,0,1,0,0,0,0,1,0,Low,0.0
36.98937364735509,0.036989373647355085,2.0,40.0,0,8.0,34.0,1.0,0.0,0.0,0.0,0.0,0,0,0,0,0,0,1,0,0,0,0,0,0,0,0,1,0,1,0,0,0,0,0,0,1,0,0,Medium,44.68366383380548
142.5530159004455,0.1425530159004455,2.0,40.0,1,5.0,24.0,0.0,1.0,0.0,0.0,0.0,0,0,0,0,0,0,0,0,1,0,0,0,0,1,0,0,0,0,0,1,0,1,0,0,0,0,0,Medium,29.27289896128424
112.7370335628066,0.11273703356280661,2.0,40.0,0,6.0,15.0,0.0,0.0,0.0,0.0,0.0,0,0,0,0,0,0,1,0,0,0,0,0,0,0,1,0,0,1,0,0,0,1,0,0,0,0,0,Medium,29.27289896128424
28.57541147073209,0.028575411470732087,2.0,40.0,0,15.0,31.0,0.0,1.0,0.0,0.0,0.0,0,0,0,0,0,0,0,0,1,0,0,0,0,0,1,0,0,0,0,1,0,0,1,0,0,0,0,High,57.80925401322001
114.86512177838428,0.11486512177838427,2.0,40.0,0,12.0,32.0,0.0,1.0,0.0,0.0,0.0,0,0,0,0,0,0,1,0,0,0,0,0,0,0,1,0,0,0,1,0,0,0,1,0,0,0,0,Medium,33.9943342776204
81.05385894423446,0.08105385894423446,2.0,40.0,0,17.0,18.0,1.0,0.0,0.0,0.0,0.0,0,0,0,0,0,0,0,0,1,0,0,0,0,0,1,0,0,1,0,0,0,0,0,1,0,0,0,Medium,44.68366383380548
48.30394040233608,0.048303940402336085,2.0,40.0,0,12.0,27.0,0.0,0.0,0.0,0.0,0.0,0,0,0,0,0,0,0,0,1,0,0,0,0,0,0,0,1,0,0,0,1,0,0,0,0,1,0,Low,0.0
32.599344613446604,0.0325993446134466,2.0,40.0,0,12.0,27.0,0.0,0.0,0.0,0.0,0.0,0,0,0,0,0,0,1,0,0,0,0,0,0,0,0,0,1,0,0,0,1,0,0,0,0,1,0,Low,0.0
49.89181983494588,0.04989181983494588,2.0,40.0,0,12.0,27.0,0.0,0.0,0.0,0.0,0.0,0,0,0,0,0,0,1,0,0,0,0,0,0,0,0,0,1,0,0,0,1,0,0,0,0,1,0,Low,0.0
122.1670964589568,0.1221670964589568,2.0,40.0,0,12.0,27.0,0.0,0.0,0.0,0.0,0.0,0,0,0,0,0,0,1,0,0,0,0,0,0,0,0,0,1,0,0,0,1,0,0,0,0,1,0,Low,0.0
36.71422186896349,0.03671422186896349,2.0,40.0,1,12.0,27.0,0.0,0.0,0.0,0.0,0.0,0,0,0,0,0,0,0,0,1,0,0,0,0,0,0,0,1,0,0,0,1,0,0,0,0,1,0,Low,0.0
38.09193611052217,0.03809193611052217,2.0,40.0,0,12.0,27.0,0.0,0.0,0.0,0.0,0.0,0,0,0,0,0,0,1,0,0,0,0,0,0,0,0,0,1,0,0,0,1,0,0,0,0,1,0,Low,0.0
41.50089810988577,0.04150089810988577,2.0,40.0,0,12.0,27.0,0.0,0.0,0.0,0.0,0.0,0,0,0,0,0,0,1,0,0,0,0,0,0,0,0,0,1,0,0,0,1,0,0,0,0,1,0,Low,0.0
48.48556266191473,0.04848556266191473,2.0,40.0,0,12.0,27.0,0.0,0.0,0.0,0.0,0.0,0,0,0,0,0,0,1,0,0,0,0,0,0,0,0,0,1,0,0,0,1,0,0,0,0,1,0,Low,0.0
34.24669548353325,0.03424669548353325,2.0,40.0,0,12.0,27.0,0.0,0.0,0.0,0.0,0.0,0,0,0,0,0,0,1,0,0,0,0,0,0,0,0,0,1,0,0,0,1,0,0,0,0,1,0,Low,0.0
24.416427591941748,0.024416427591941747,2.0,40.0,0,12.0,27.0,0.0,0.0,0.0,0.0,0.0,0,0,0,0,0,0,1,0,0,0,0,0,0,0,0,0,1,0,0,0,1,0,0,0,0,1,0,Low,0.0
40.9910140814303,0.0409910140814303,2.0,40.0,1,12.0,27.0,0.0,0.0,0.0,0.0,0.0,0,0,0,0,0,0,1,0,0,0,0,0,0,0,0,0,1,0,0,0,1,0,0,0,0,1,0,Low,0.0
7.729183085361798,0.007729183085361798,2.0,40.0,0,17.0,20.0,1.0,0.0,0.0,0.0,0.0,0,0,0,0,0,0,1,0,0,0,0,0,0,0,1,0,0,1,0,0,0,1,0,0,0,0,0,Medium,33.9943342776204
103.57940600606852,0.10357940600606852,2.0,40.0,1,18.0,28.0,1.0,0.0,0.0,0.0,0.0,0,0,0,0,0,0,0,0,1,0,0,0,0,0,0,1,0,1,0,0,0,0,0,0,1,0,0,High,57.80925401322001
42.41706375862985,0.04241706375862985,2.0,40.0,0,12.0,27.0,0.0,0.0,0.0,0.0,0.0,0,0,0,0,0,0,1,0,0,0,0,0,0,0,0,0,1,0,0,0,1,0,0,0,0,1,0,Low,0.0
191.48681637664973,0.19148681637664972,2.0,40.0,0,4.0,15.0,0.0,0.0,0.0,0.0,0.0,0,0,0,0,0,0,1,0,0,0,0,0,0,0,1,0,0,0,1,0,0,0,0,0,0,0,1,High,68.60245514636449
36.83893555835948,0.03683893555835948,2.0,40.0,0,12.0,27.0,0.0,0.0,0.0,0.0,0.0,0,0,0,0,0,0,1,0,0,0,0,0,0,0,0,0,1,0,0,0,1,0,0,0,0,1,0,Low,0.0
146.93337477793753,0.14693337477793753,2.0,40.0,0,15.0,30.6,0.0,0.2,0.0,0.0,0.0,0,0,0,0,0,0,1,0,0,0,0,0,0,1,0,0,0,1,0,0,0,1,0,0,0,0,0,Critical,89.7261567516525
132.11661030859355,0.13211661030859356,2.0,40.0,1,12.0,27.0,0.0,0.0,0.0,0.0,0.0,0,0,0,0,0,0,0,1,0,0,0,0,0,0,0,0,1,0,0,0,1,0,0,0,0,1,0,Low,0.0
72.10633350251206,0.07210633350251205,2.0,40.0,0,5.0,16.0,0.0,0.0,0.0,0.0,0.0,0,0,0,0,0,0,1,0,0,0,0,0,0,0,1,0,0,1,0,0,0,0,0,0,1,0,0,Medium,33.9943342776204
99.7684027851038,0.09976840278510381,2.0,40.0,0,11.1,25.75,0.1,0.2,0.0,0.0,0.0,0,0,0,0,0,0,1,0,0,0,0,0,0,1,0,0,0,0,1,0,0,0,0,1,0,0,0,Critical,98.19641170915958
34.693834996459,0.034693834996459005,2.0,40.0,0,12.0,27.0,0.0,0.0,0.0,0.0,0.0,0,0,0,0,0,0,1,0,0,0,0,0,0,0,0,0,1,0,0,0,1,0,0,0,0,1,0,Low,0.0
75.10395180909278,0.07510395180909278,2.0,40.0,0,13.0,29.0,0.0,0.0,0.0,0.0,0.0,0,0,0,0,0,0,1,0,0,0,0,0,0,0,0,1,0,1,0,0,0,0,0,0,0,0,1,High,68.60245514636449
38.28564855390759,0.03828564855390759,2.0,40.0,0,12.0,27.0,0.0,0.0,0.0,0.0,0.0,0,0,0,0,0,0,1,0,0,0,0,0,0,0,0,0,1,0,0,0,1,0,0,0,0,1,0,Low,0.0
64.59863647254028,0.06459863647254027,2.0,40.0,0,16.0,36.0,0.0,1.0,0.0,0.0,0.0,0,0,0,0,0,0,1,0,0,0,0,0,0,0,1,0,0,0,0,1,0,1,0,0,0,0,0,Medium,44.78753541076488
61.19784384674736,0.06119784384674736,3.0,40.0,1,12.0,27.0,0.0,0.0,0.0,0.0,0.0,0,0,0,0,0,0,1,0,0,0,0,0,0,0,0,0,1,0,0,0,1,0,0,0,0,1,0,Low,0.0
238.14210708062467,0.23814210708062467,2.0,40.0,0,6.0,32.0,0.0,1.0,0.0,0.0,0.0,0,0,0,0,0,0,1,0,0,0,0,0,0,0,1,0,0,0,1,0,0,0,0,0,1,0,0,Medium,49.405099150141645
105.00718763749842,0.10500718763749842,2.0,40.0,0,12.0,27.0,0.0,0.0,0.0,0.0,0.0,0,0,0,0,0,0,1,0,0,0,0,0,0,0,0,0,1,0,0,0,1,0,0,0,0,1,0,Low,0.0
78.99102218604698,0.07899102218604698,2.0,40.0,0,6.0,38.0,0.0,0.0,0.0,0.0,0.0,0,0,0,0,0,0,1,0,0,0,0,0,0,0,0,1,0,0,1,0,0,0,0,0,1,0,0,High,56.57223796033995
136.4570524021142,0.1364570524021142,2.0,40.0,0,0.0,26.0,0.0,1.0,0.0,0.0,0.0,0,1,0,0,0,0,0,0,0,0,0,0,0,0,0,1,0,0,1,0,0,0,1,0,0,0,0,High,68.60245514636449
39.549227997523104,0.039549227997523105,2.0,40.0,1,20.0,38.0,0.0,0.0,0.0,0.0,0.0,0,0,0,0,0,0,1,0,0,0,0,0,0,0,0,1,0,1,0,0,0,0,1,0,0,0,0,High,53.56940509915015
58.39187567675452,0.05839187567675452,2.0,40.0,0,5.0,32.0,0.0,0.0,0.0,0.0,0.0,0,0,0,0,0,0,1,0,0,0,0,0,0,0,0,1,0,1,0,0,0,0,1,0,0,0,0,Medium,41.1614730878187
32.25773512296647,0.03225773512296647,2.0,40.0,0,23.0,16.0,0.0,0.0,0.0,0.0,0.0,0,0,0,0,0,0,1,0,0,0,0,0,0,0,0,1,0,0,1,0,0,0,1,0,0,0,0,Medium,41.1614730878187
87.47667348378648,0.08747667348378649,2.0,40.0,0,12.0,27.0,0.0,0.0,0.0,0.0,0.0,0,0,0,0,0,0,0,0,1,0,0,0,0,0,0,0,1,0,0,0,1,0,0,0,0,1,0,Low,0.0
252.5428681294248,0.2525428681294248,2.0,40.0,0,16.0,26.0,0.0,0.0,0.0,0.0,0.0,0,0,0,0,0,0,1,0,0,0,0,0,0,0,0,1,0,1,0,0,0,0,0,0,0,0,1,Medium,41.1614730878187
120.04088906456376,0.12004088906456375,2.0,40.0,0,12.0,27.0,0.0,0.0,0.0,0.0,0.0,0,0,0,0,0,0,1,0,0,0,0,0,0,0,0,0,1,0,0,0,1,0,0,0,0,1,0,Low,0.0
52.23276543853752,0.05223276543853752,2.0,40.0,0,12.0,27.0,0.0,0.0,0.0,0.0,0.0,0,0,0,0,0,0,1,0,0,0,0,0,0,0,0,0,1,0,0,0,1,0,0,0,0,1,0,Low,0.0
109.9468357096084,0.10994683570960839,2.0,40.0,0,12.0,27.0,0.0,0.0,0.0,0.0,0.0,0,0,0,0,0,0,1,0,0,0,0,0,0,0,0,0,1,0,0,0,1,0,0,0,0,1,0,Low,0.0
96.12128679766724,0.09612128679766724,2.0,40.0,0,20.0,20.0,0.0,1.0,0.0,0.0,0.0,0,0,0,0,0,0,1,0,0,0,0,0,0,1,0,0,0,0,0,1,0,0,0,1,0,0,0,Medium,29.27289896128424
132.21581139366566,0.13221581139366567,2.0,40.0,1,10.0,21.0,1.0,1.0,0.0,0.0,0.0,0,0,0,0,0,0,0,0,1,0,0,0,0,0,0,1,0,0,0,1,0,0,1,0,0,0,0,High,61.97355996222852
50.23857471230177,0.05023857471230177,2.0,40.0,0,12.0,27.0,0.0,0.0,0.0,0.0,0.0,0,0,0,0,0,0,1,0,0,0,0,0,0,0,0,0,1,0,0,0,1,0,0,0,0,1,0,Low,0.0
115.41899620931784,0.11541899620931784,2.0,40.0,0,4.0,30.0,0.0,0.0,0.0,0.0,0.0,0,0,0,0,0,0,1,0,0,0,0,0,0,0,0,1,0,0,1,0,0,0,0,0,1,0,0,High,53.56940509915015
58.02332573835256,0.05802332573835256,2.0,40.0,0,13.0,26.0,0.0,0.0,0.0,0.0,0.0,0,0,0,0,0,0,1,0,0,0,0,0,0,0,0,1,0,1,0,0,0,0,0,0,1,0,0,High,61.97355996222852
100.7090483150497,0.1007090483150497,2.0,40.0,0,16.0,38.0,0.0,1.0,0.0,0.0,0.0,0,0,0,0,0,0,1,0,0,0,0,0,0,1,0,0,0,1,0,0,0,0,0,1,0,0,0,High,58.72521246458924
21.77261490728236,0.02177261490728236,2.0,40.0,0,12.0,27.0,0.0,0.0,0.0,0.0,0.0,0,0,0,0,0,0,1,0,0,0,0,0,0,0,0,0,1,0,0,0,1,0,0,0,0,1,0,Low,0.0
29.78679126930828,0.02978679126930828,2.0,40.0,0,12.0,27.0,0.0,0.0,0.0,0.0,0.0,0,0,0,0,0,0,1,0,0,0,0,0,0,0,0,0,1,0,0,0,1,0,0,0,0,1,0,Low,0.0
27.870936861106355,0.027870936861106355,2.0,40.0,0,0.0,29.0,0.0,0.0,0.0,0.0,0.0,0,0,0,0,0,0,1,0,0,0,0,0,0,0,1,0,0,0,1,0,0,0,0,1,0,0,0,High,67.12936732766761
36.58538044404309,0.03658538044404309,2.0,40.0,0,12.0,27.0,0.0,0.0,0.0,0.0,0.0,0,0,0,0,0,0,1,0,0,0,0,0,0,0,0,0,1,0,0,0,1,0,0,0,0,1,0,Low,0.0
31.72967220110132,0.03172967220110132,2.0,40.0,0,12.0,27.0,0.0,0.0,0.0,0.0,0.0,0,0,0,0,0,0,1,0,0,0,0,0,0,0,0,0,1,0,0,0,1,0,0,0,0,1,0,Low,0.0
104.7057005732472,0.1047057005732472,2.0,40.0,0,12.0,27.0,0.0,0.0,0.0,0.0,0.0,0,0,0,0,0,0,1,0,0,0,0,0,0,0,0,0,1,0,0,0,1,0,0,0,0,1,0,Low,0.0
77.94415675865719,0.0779441567586572,2.0,40.0,0,12.0,27.0,0.0,0.0,0.0,0.0,0.0,0,0,0,0,0,0,1,0,0,0,0,0,0,0,0,0,1,0,0,0,1,0,0,0,0,1,0,Low,0.0
26.30831225690962,0.02630831225690962,2.0,40.0,0,12.0,27.0,0.0,0.0,0.0,0.0,0.0,0,0,0,0,0,0,1,0,0,0,0,0,0,0,0,0,1,0,0,0,1,0,0,0,0,1,0,Low,0.0
91.22066512430688,0.09122066512430688,2.0,40.0,0,12.0,27.0,0.0,0.0,0.0,0.0,0.0,0,0,0,0,0,0,1,0,0,0,0,0,0,0,0,0,1,0,0,0,1,0,0,0,0,1,0,Low,0.0
38.37197988456625,0.038371979884566254,2.0,40.0,0,12.0,27.0,0.0,0.0,0.0,0.0,0.0,0,1,0,0,0,0,0,0,0,0,0,0,0,0,0,0,1,0,0,0,1,0,0,0,0,1,0,Low,0.0
67.23475193716415,0.06723475193716415,2.0,40.0,0,13.416666666666666,27.416666666666668,0.25,0.16666666666666666,0.0,0.0,0.0,0,0,0,0,0,0,1,0,0,0,0,0,0,0,1,0,0,0,0,1,0,0,0,1,0,0,0,Critical,96.28895184135978
147.17766867720016,0.14717766867720017,2.0,40.0,0,21.0,28.0,0.0,0.0,0.0,0.0,0.0,0,0,0,0,0,0,1,0,0,0,0,0,0,1,0,0,0,0,0,1,0,0,0,1,0,0,0,Medium,33.9943342776204
20.55869798641041,0.020558697986410412,2.0,40.0,0,12.0,27.0,0.0,0.0,0.0,0.0,0.0,0,0,0,0,0,0,1,0,0,0,0,0,0,0,0,0,1,0,0,0,1,0,0,0,0,1,0,Low,0.0
135.66698606575312,0.13566698606575311,2.0,40.0,0,2.0,32.0,0.0,0.0,0.0,0.0,0.0,0,0,0,0,0,0,0,1,0,0,0,0,0,0,1,0,0,0,1,0,0,0,0,0,1,0,0,Medium,29.27289896128424
152.7999158666429,0.1527999158666429,2.0,40.0,0,12.0,27.0,0.0,0.0,0.0,0.0,0.0,0,0,0,0,0,0,1,0,0,0,0,0,0,0,0,0,1,0,0,0,1,0,0,0,0,1,0,Low,0.0
22.84655127872381,0.022846551278723808,2.0,40.0,0,12.0,27.0,0.0,0.0,0.0,0.0,0.0,0,0,0,0,0,0,1,0,0,0,0,0,0,0,0,0,1,0,0,0,1,0,0,0,0,1,0,Low,0.0
27.69088776156339,0.02769088776156339,2.0,40.0,0,12.0,27.0,0.0,0.0,0.0,0.0,0.0,0,0,0,0,0,0,1,0,0,0,0,0,0,0,0,0,1,0,0,0,1,0,0,0,0,1,0,Low,0.0
75.24694269100988,0.07524694269100987,2.0,40.0,0,16.5,26.0,0.0,0.0,0.0,0.0,0.0,0,0,0,0,0,0,1,0,0,0,0,0,0,0,1,0,0,0,1,0,0,0,1,0,0,0,0,Critical,89.1501416430595
35.07934473634059,0.035079344736340584,2.0,40.0,0,10.511111111111111,28.044444444444444,0.35555555555555557,0.26666666666666666,0.0,0.0,0.0,0,0,0,0,0,0,1,0,0,0,0,0,0,0,0,1,0,1,0,0,0,0,0,0,1,0,0,Critical,99.60339943342775
113.67612502666324,0.11367612502666324,2.0,40.0,0,12.0,27.0,0.0,0.0,0.0,0.0,0.0,0,0,0,0,0,0,1,0,0,0,0,0,0,0,0,0,1,0,0,0,1,0,0,0,0,1,0,Low,0.0
19.081432543580828,0.01908143254358083,2.0,40.0,0,12.0,27.0,0.0,0.0,0.0,0.0,0.0,0,0,0,0,0,0,1,0,0,0,0,0,0,0,0,0,1,0,0,0,1,0,0,0,0,1,0,Low,0.0
30.889915862107745,0.030889915862107747,2.0,40.0,0,12.0,27.0,0.0,0.0,0.0,0.0,0.0,0,0,0,0,0,0,1,0,0,0,0,0,0,0,0,0,1,0,0,0,1,0,0,0,0,1,0,Low,0.0
6.327308056902728,0.006327308056902728,2.0,30.0,0,12.0,27.0,0.0,0.0,0.0,0.0,0.0,0,0,0,0,0,0,1,0,0,0,0,0,0,0,0,0,1,0,0,0,1,0,0,0,0,1,0,Low,0.0
122.21368417107742,0.12221368417107742,2.0,40.0,0,14.0,20.0,0.0,0.0,0.0,0.0,0.0,0,0,0,0,0,0,1,0,0,0,0,0,0,0,0,1,0,0,1,0,0,0,0,0,1,0,0,Medium,33.9943342776204
35.44412674441739,0.03544412674441739,2.0,40.0,0,10.0,16.0,1.0,0.0,0.0,0.0,0.0,0,0,0,0,0,0,1,0,0,0,0,0,0,1,0,0,0,1,0,0,0,0,0,0,1,0,0,Medium,29.27289896128424
1077.3444710688962,1.0773444710688962,2.0,50.0,1,10.5,17.5,0.0,0.5,0.0,0.0,0.0,0,0,0,0,0,0,0,1,0,0,0,0,0,0,0,1,0,0,1,0,0,0,1,0,0,0,0,Critical,88.45136921624174
143.3501686143089,0.1433501686143089,2.0,40.0,0,12.0,27.0,0.0,0.0,0.0,0.0,0.0,0,0,0,0,0,0,1,0,0,0,0,0,0,0,0,0,1,0,0,0,1,0,0,0,0,1,0,Low,0.0
270.79690617992105,0.270796906179921,2.0,40.0,1,11.272727272727273,29.681818181818183,0.18181818181818182,0.2727272727272727,0.0,0.0,0.0,0,0,0,0,0,0,0,0,1,0,0,0,0,0,0,1,0,0,1,0,0,0,0,1,0,0,0,Critical,98.45136921624172
35.72083038893,0.035720830388929994,2.0,40.0,0,3.0,28.0,0.0,0.0,0.0,0.0,0.0,0,0,0,0,0,0,1,0,0,0,0,0,0,1,0,0,0,0,1,0,0,1,0,0,0,0,0,Critical,83.93767705382437
34.56732310911525,0.03456732310911525,2.0,40.0,0,9.0,18.0,1.0,0.0,0.0,0.0,0.0,0,0,0,0,0,0,1,0,0,0,0,0,0,0,1,0,0,1,0,0,0,0,0,0,1,0,0,Medium,29.27289896128424
61.417781959245616,0.06141778195924562,2.0,40.0,0,8.0,23.0,1.0,0.0,0.0,0.0,0.0,0,0,0,0,0,0,1,0,0,0,0,0,0,0,1,0,0,0,0,1,0,1,0,0,0,0,0,High,57.80925401322001
104.35174643020164,0.10435174643020165,2.0,40.0,0,13.0,29.0,0.0,1.0,0.0,0.0,0.0,0,0,0,0,0,0,1,0,0,0,0,0,0,0,1,0,0,0,0,1,0,0,0,1,0,0,0,Medium,44.68366383380548
44.12776627787266,0.04412776627787266,2.0,40.0,0,13.0,18.0,0.0,0.0,0.0,0.0,0.0,0,0,0,0,0,0,1,0,0,0,0,0,0,1,0,0,0,0,1,0,0,0,0,1,0,0,0,Medium,29.27289896128424
34.39278077739067,0.03439278077739067,2.0,40.0,0,12.0,27.0,0.0,0.0,0.0,0.0,0.0,0,0,0,0,0,0,1,0,0,0,0,0,0,0,0,0,1,0,0,0,1,0,0,0,0,1,0,Low,0.0
201.30630335878897,0.20130630335878896,2.0,40.0,0,12.0,27.0,0.0,0.0,0.0,0.0,0.0,0,0,0,0,0,0,1,0,0,0,0,0,0,0,0,0,1,0,0,0,1,0,0,0,0,1,0,Low,0.0
25.65792361299464,0.02565792361299464,2.0,40.0,0,12.0,27.0,0.0,0.0,0.0,0.0,0.0,0,0,0,0,0,0,1,0,0,0,0,0,0,0,0,0,1,0,0,0,1,0,0,0,0,1,0,Low,0.0
61.58475776540032,0.061584757765400316,2.0,40.0,0,12.0,27.0,0.0,0.0,0.0,0.0,0.0,0,0,0,0,0,0,1,0,0,0,0,0,0,0,0,0,1,0,0,0,1,0,0,0,0,1,0,Low,0.0
278.33187921242046,0.2783318792124205,2.0,40.0,0,12.0,27.0,0.0,0.0,0.0,0.0,0.0,0,0,0,0,0,0,1,0,0,0,0,0,0,0,0,0,1,0,0,0,1,0,0,0,0,1,0,Low,0.0
76.93885823861021,0.07693885823861021,2.0,40.0,0,12.0,27.0,0.0,0.0,0.0,0.0,0.0,0,0,0,0,0,0,1,0,0,0,0,0,0,0,0,0,1,0,0,0,1,0,0,0,0,1,0,Low,0.0
495.7454829983407,0.4957454829983407,2.0,40.0,0,0.0,40.0,0.0,0.0,0.0,0.0,0.0,0,0,0,0,0,0,1,0,0,0,0,0,0,0,1,0,0,1,0,0,0,1,0,0,0,0,0,Medium,33.9943342776204
115.41065327660137,0.11541065327660137,2.0,40.0,0,12.0,27.0,0.0,0.0,0.0,0.0,0.0,0,0,0,0,0,0,1,0,0,0,0,0,0,0,0,0,1,0,0,0,1,0,0,0,0,1,0,Low,0.0
14.531894526914012,0.014531894526914012,2.0,40.0,0,12.0,27.0,0.0,0.0,0.0,0.0,0.0,0,0,0,0,0,0,1,0,0,0,0,0,0,0,0,0,1,0,0,0,1,0,0,0,0,1,0,Low,0.0
52.4689399665447,0.052468939966544705,2.0,40.0,0,19.0,26.0,1.0,0.0,0.0,0.0,0.0,0,0,0,0,0,0,1,0,0,0,0,0,0,0,1,0,0,1,0,0,0,0,0,0,1,0,0,High,57.80925401322001
168.6723291948991,0.1686723291948991,2.0,40.0,0,12.0,27.0,0.0,0.0,0.0,0.0,0.0,0,0,0,0,0,0,1,0,0,0,0,0,0,0,0,0,1,0,0,0,1,0,0,0,0,1,0,Low,0.0
692.4337004942206,0.6924337004942206,2.0,40.0,0,15.5,29.5,0.5,0.5,0.0,0.0,0.0,0,0,0,0,0,0,0,0,1,0,0,0,0,1,0,0,0,0,1,0,0,0,0,1,0,0,0,High,66.41170915958452
14.387563227571505,0.014387563227571504,2.0,40.0,0,12.0,27.0,0.0,0.0,0.0,0.0,0.0,0,0,0,0,0,0,1,0,0,0,0,0,0,0,0,0,1,0,0,0,1,0,0,0,0,1,0,Low,0.0
40.13063493743569,0.04013063493743569,2.0,40.0,1,12.0,27.0,0.0,0.0,0.0,0.0,0.0,0,0,0,0,0,0,1,0,0,0,0,0,0,0,0,0,1,0,0,0,1,0,0,0,0,1,0,Low,0.0
115.47473379067604,0.11547473379067603,2.0,40.0,0,11.0,28.5,0.5,0.5,0.0,0.0,0.0,0,0,0,0,0,0,1,0,0,0,0,0,0,0,0,1,0,1,0,0,0,1,0,0,0,0,0,High,73.04060434372049
320.166671260801,0.320166671260801,2.0,40.0,0,12.8,25.7,0.1,0.4,0.0,0.0,0.0,0,0,0,0,0,0,0,0,1,0,0,0,0,1,0,0,0,0,1,0,0,0,0,0,1,0,0,Critical,96.75165250236071
470.11868441101205,0.47011868441101207,2.0,40.0,1,1.0,36.0,0.0,0.0,0.0,0.0,0.0,0,0,0,0,0,0,0,0,1,0,0,0,0,0,1,0,0,0,1,0,0,0,0,0,0,0,1,High,57.80925401322001
12.709376491528342,0.012709376491528342,2.0,40.0,0,12.0,27.0,0.0,0.0,0.0,0.0,0.0,0,1,0,0,0,0,0,0,0,0,0,0,0,0,0,0,1,0,0,0,1,0,0,0,0,1,0,Low,0.0
31.318161464210565,0.03131816146421056,2.0,40.0,0,12.0,27.0,0.0,0.0,0.0,0.0,0.0,0,0,0,0,0,0,1,0,0,0,0,0,0,0,0,0,1,0,0,0,1,0,0,0,0,1,0,Low,0.0
14.65404190619168,0.014654041906191679,2.0,40.0,0,12.0,27.0,0.0,0.0,0.0,0.0,0.0,0,0,0,0,0,0,0,0,1,0,0,0,0,0,0,0,1,0,0,0,1,0,0,0,0,1,0,Low,0.0
146.8788556570653,0.1468788556570653,2.0,40.0,0,10.0,40.0,1.0,1.0,0.0,0.0,0.0,0,0,0,0,0,0,1,0,0,0,0,0,0,1,0,0,0,1,0,0,0,1,0,0,0,0,0,Medium,38.1586402266289
29.510763045607533,0.029510763045607534,2.0,40.0,0,12.0,27.0,0.0,0.0,0.0,0.0,0.0,0,0,0,0,0,0,1,0,0,0,0,0,0,0,0,0,1,0,0,0,1,0,0,0,0,1,0,Low,0.0
30.27694408945633,0.030276944089456328,2.0,40.0,0,12.1875,30.0,0.25,0.1875,0.0,0.0,0.0,0,0,0,0,0,0,1,0,0,0,0,0,0,0,1,0,0,0,0,1,0,0,0,1,0,0,0,Critical,97.83758262511805
59.59099666876237,0.05959099666876237,2.0,40.0,0,3.0,19.0,0.0,0.0,0.0,0.0,0.0,0,0,0,0,0,0,1,0,0,0,0,0,0,0,0,1,0,0,0,1,0,0,0,0,1,0,0,High,56.57223796033995
166.60636406169613,0.16660636406169613,2.0,40.0,0,4.0,25.0,0.0,1.0,0.0,0.0,0.0,0,0,0,0,0,0,1,0,0,0,0,0,0,1,0,0,0,0,1,0,0,0,1,0,0,0,0,Medium,38.1586402266289
96.60191310408464,0.09660191310408464,2.0,40.0,0,14.0,28.0,0.0,0.0,0.0,0.0,0.0,0,0,0,0,0,0,1,0,0,0,0,0,0,0,1,0,0,0,1,0,0,1,0,0,0,0,0,Medium,41.1614730878187
42.62195683986116,0.04262195683986116,2.0,40.0,0,14.0,38.0,0.0,1.0,0.0,0.0,0.0,0,0,0,0,0,0,1,0,0,0,0,0,0,1,0,0,0,1,0,0,0,0,0,1,0,0,0,Medium,43.31444759206799
134.60013108166254,0.13460013108166255,2.0,40.0,0,1.0,21.0,0.0,0.0,0.0,0.0,0.0,0,0,0,0,0,0,1,0,0,0,0,0,0,1,0,0,0,0,1,0,0,0,0,0,0,0,1,Medium,38.1586402266289
68.78145332230906,0.06878145332230906,2.0,40.0,0,12.0,27.0,0.0,0.0,0.0,0.0,0.0,0,0,0,0,0,0,1,0,0,0,0,0,0,0,0,0,1,0,0,0,1,0,0,0,0,1,0,Low,0.0
329.78747396904373,0.32978747396904373,2.0,40.0,0,22.0,26.0,0.0,0.0,0.0,0.0,0.0,0,0,0,0,0,0,1,0,0,0,0,0,0,1,0,0,0,1,0,0,0,0,0,0,1,0,0,High,68.60245514636449
349.5581655425623,0.3495581655425623,2.0,60.0,1,10.0,32.0,1.0,0.0,0.0,0.0,0.0,0,0,0,0,0,0,0,1,0,0,0,0,0,0,1,0,0,0,0,1,0,0,0,0,0,0,1,High,57.80925401322001
203.49902785733096,0.20349902785733096,2.0,40.0,0,17.0,23.0,1.0,0.0,0.0,0.0,0.0,0,0,0,0,0,0,1,0,0,0,0,0,0,1,0,0,0,0,1,0,0,0,0,0,1,0,0,Medium,38.1586402266289
84.39853657575041,0.08439853657575042,2.0,40.0,0,12.5,29.5,0.5,0.0,0.0,0.0,0.0,0,0,0,0,0,0,1,0,0,0,0,0,0,0,1,0,0,1,0,0,0,0,0,0,1,0,0,High,71.5675165250236
62.85880271664949,0.0628588027166495,2.0,40.0,0,12.0,27.0,0.0,0.0,0.0,0.0,0.0,0,0,0,0,0,0,1,0,0,0,0,0,0,0,0,0,1,0,0,0,1,0,0,0,0,1,0,Low,0.0
119.64951599654712,0.11964951599654712,2.0,40.0,0,12.0,27.0,0.0,0.0,0.0,0.0,0.0,0,0,0,0,0,0,1,0,0,0,0,0,0,0,0,0,1,0,0,0,1,0,0,0,0,1,0,Low,0.0
88.37491965917556,0.08837491965917556,2.0,40.0,0,12.0,27.0,0.0,0.0,0.0,0.0,0.0,0,0,0,0,0,0,1,0,0,0,0,0,0,0,0,0,1,0,0,0,1,0,0,0,0,1,0,Low,0.0
31.397870580777425,0.03139787058077743,2.0,40.0,0,12.0,27.0,0.0,0.0,0.0,0.0,0.0,0,0,0,0,0,0,1,0,0,0,0,0,0,0,0,0,1,0,0,0,1,0,0,0,0,1,0,Low,0.0
194.58117256064543,0.19458117256064542,2.0,40.0,1,8.0,34.0,1.0,0.0,0.0,0.0,0.0,0,0,0,0,0,0,1,0,0,0,0,0,0,1,0,0,0,1,0,0,0,0,0,0,0,0,1,High,67.12936732766761
124.94511203443552,0.12494511203443552,2.0,40.0,0,6.0,22.0,0.0,0.0,0.0,0.0,0.0,0,0,0,0,0,0,1,0,0,0,0,0,0,1,0,0,0,0,1,0,0,0,0,0,0,0,1,Medium,33.9943342776204
31.489813924768285,0.03148981392476829,2.0,40.0,0,12.0,27.0,0.0,0.0,0.0,0.0,0.0,0,0,0,0,0,0,1,0,0,0,0,0,0,0,0,0,1,0,0,0,1,0,0,0,0,1,0,Low,0.0
7.53841088672601,0.00753841088672601,2.0,40.0,0,4.0,30.0,0.0,0.0,0.0,0.0,0.0,0,0,0,0,0,0,1,0,0,0,0,0,0,0,0,1,0,0,1,0,0,0,0,0,0,0,1,Medium,44.68366383380548
16.91223082106325,0.01691223082106325,2.0,40.0,0,12.0,27.0,0.0,0.0,0.0,0.0,0.0,0,0,0,0,0,0,1,0,0,0,0,0,0,0,0,0,1,0,0,0,1,0,0,0,0,1,0,Low,0.0
17.78349221268785,0.01778349221268785,2.0,40.0,0,12.0,27.0,0.0,0.0,0.0,0.0,0.0,0,0,0,0,0,0,1,0,0,0,0,0,0,0,0,0,1,0,0,0,1,0,0,0,0,1,0,Low,0.0
823.5229362213795,0.8235229362213795,2.0,40.0,0,10.0,25.0,1.0,1.0,0.0,0.0,0.0,0,0,0,0,0,0,0,1,0,0,0,0,0,0,0,1,0,0,0,1,0,0,0,1,0,0,0,High,53.56940509915015
56.62621820334363,0.05662621820334363,2.0,40.0,1,12.0,27.0,0.0,0.0,0.0,0.0,0.0,0,0,0,0,0,0,0,0,1,0,0,0,0,0,0,0,1,0,0,0,1,0,0,0,0,1,0,Low,0.0
99.7473373393118,0.09974733733931179,2.0,40.0,0,20.0,20.0,0.0,0.0,0.0,0.0,0.0,0,0,0,0,0,0,0,1,0,0,0,0,0,0,1,0,0,0,0,1,0,0,0,0,1,0,0,Medium,41.1614730878187
118.3111587625911,0.1183111587625911,2.0,40.0,0,12.0,27.0,0.0,0.0,0.0,0.0,0.0,0,0,0,0,0,0,1,0,0,0,0,0,0,0,0,0,1,0,0,0,1,0,0,0,0,1,0,Low,0.0
78.3399725293452,0.0783399725293452,2.0,40.0,0,10.0,30.0,1.0,0.0,0.0,0.0,0.0,0,0,0,0,0,0,1,0,0,0,0,0,0,0,0,1,0,0,0,1,0,0,0,0,1,0,0,High,56.57223796033995
45.23182672840109,0.045231826728401085,2.0,40.0,0,12.0,27.0,0.0,0.0,0.0,0.0,0.0,0,0,0,0,0,0,1,0,0,0,0,0,0,0,0,0,1,0,0,0,1,0,0,0,0,1,0,Low,0.0
29.506807451766893,0.029506807451766894,2.0,40.0,0,12.0,27.0,0.0,0.0,0.0,0.0,0.0,0,1,0,0,0,0,0,0,0,0,0,0,0,0,0,0,1,0,0,0,1,0,0,0,0,1,0,Low,0.0
651.7798662613875,0.6517798662613875,2.0,40.0,1,14.5,32.0,1.0,0.0,0.0,0.0,0.0,0,0,0,0,0,0,0,0,1,0,0,0,0,0,1,0,0,1,0,0,0,0,1,0,0,0,0,High,62.24740321057601
3.786850508376904,0.003786850508376904,2.0,20.0,0,12.0,27.0,0.0,0.0,0.0,0.0,0.0,0,0,0,0,0,0,1,0,0,0,0,0,0,0,0,0,1,0,0,0,1,0,0,0,0,1,0,Low,0.0
51.43582792531649,0.05143582792531649,2.0,40.0,0,14.0,39.0,0.0,0.0,0.0,0.0,0.0,0,0,0,0,0,0,1,0,0,0,0,0,0,1,0,0,0,1,0,0,0,1,0,0,0,0,0,Medium,38.1586402266289
32.59754585567306,0.03259754585567306,2.0,40.0,0,21.0,31.0,0.0,0.0,0.0,0.0,0.0,0,0,0,0,0,0,1,0,0,0,0,0,0,1,0,0,0,1,0,0,0,0,1,0,0,0,0,Medium,44.68366383380548
171.0030328335317,0.17100303283353172,2.0,40.0,0,11.0,16.0,0.0,1.0,0.0,0.0,0.0,0,0,0,0,0,0,1,0,0,0,0,0,0,1,0,0,0,0,0,1,0,1,0,0,0,0,0,High,61.97355996222852
139.57774436534694,0.13957774436534695,2.0,40.0,0,5.0,17.0,0.0,0.0,0.0,0.0,0.0,0,0,0,0,0,0,1,0,0,0,0,0,0,1,0,0,0,0,1,0,0,0,0,1,0,0,0,Medium,49.405099150141645
25.84088918560366,0.02584088918560366,2.0,40.0,0,12.0,27.0,0.0,0.0,0.0,0.0,0.0,0,0,0,0,0,0,1,0,0,0,0,0,0,0,0,0,1,0,0,0,1,0,0,0,0,1,0,Low,0.0
38.557433159732426,0.038557433159732424,2.0,40.0,0,0.0,24.0,0.0,0.0,0.0,0.0,0.0,0,0,0,0,0,0,1,0,0,0,0,0,0,1,0,0,0,0,1,0,0,0,0,1,0,0,0,Medium,33.9943342776204
7.592774331205476,0.007592774331205475,2.0,40.0,1,3.0,38.0,0.0,0.0,0.0,0.0,0.0,0,0,0,0,0,0,0,1,0,0,0,0,0,0,1,0,0,0,1,0,0,0,0,0,0,0,1,Medium,44.68366383380548
36.36715468074749,0.03636715468074749,2.0,40.0,0,12.0,27.0,0.0,0.0,0.0,0.0,0.0,0,0,0,0,0,0,1,0,0,0,0,0,0,0,0,0,1,0,0,0,1,0,0,0,0,1,0,Low,0.0
49.26742106638928,0.04926742106638928,2.0,40.0,0,12.0,27.0,0.0,0.0,0.0,0.0,0.0,0,0,0,0,0,0,1,0,0,0,0,0,0,0,0,0,1,0,0,0,1,0,0,0,0,1,0,Low,0.0
88.92594882315389,0.08892594882315388,2.0,40.0,0,12.0,27.0,0.0,1.0,0.0,0.0,0.0,0,0,0,0,0,0,1,0,0,0,0,0,0,0,1,0,0,0,0,1,0,0,0,0,0,0,1,High,64.97639282341832
42.935030087122165,0.04293503008712216,2.0,40.0,0,12.0,27.0,0.0,0.0,0.0,0.0,0.0,0,0,0,0,0,0,1,0,0,0,0,0,0,0,0,0,1,0,0,0,1,0,0,0,0,1,0,Low,0.0
35.809886924289856,0.03580988692428986,2.0,40.0,0,17.0,29.0,1.0,0.0,0.0,0.0,0.0,0,0,0,0,0,0,0,0,1,0,0,0,0,0,0,1,0,1,0,0,0,0,0,0,1,0,0,Medium,41.1614730878187
40.6639971899738,0.0406639971899738,2.0,40.0,0,12.0,27.0,0.0,0.0,0.0,0.0,0.0,0,0,0,0,0,0,0,0,1,0,0,0,0,0,0,0,1,0,0,0,1,0,0,0,0,1,0,Low,0.0
30.46957929456134,0.030469579294561337,2.0,40.0,0,10.0,40.0,1.0,1.0,0.0,0.0,0.0,0,0,0,0,0,0,1,0,0,0,0,0,0,0,1,0,0,0,0,1,0,0,1,0,0,0,0,High,57.80925401322001
46.35652956196608,0.04635652956196608,2.0,40.0,0,12.0,27.0,0.0,0.0,0.0,0.0,0.0,0,0,0,0,0,0,1,0,0,0,0,0,0,0,0,0,1,0,0,0,1,0,0,0,0,1,0,Low,0.0
257.76953651235283,0.25776953651235285,2.0,40.0,0,4.0,26.0,0.0,0.0,0.0,0.0,0.0,0,0,0,0,0,0,1,0,0,0,0,0,0,1,0,0,0,0,1,0,0,0,0,1,0,0,0,High,61.97355996222852
439.41143803914383,0.43941143803914384,2.0,40.0,1,20.0,39.0,0.0,0.0,0.0,0.0,0.0,0,0,0,0,0,0,0,1,0,0,0,0,0,0,0,1,0,0,0,1,0,0,0,0,0,0,1,Medium,29.27289896128424
89.06338633886473,0.08906338633886474,2.0,40.0,0,7.0,28.0,0.0,0.0,0.0,0.0,0.0,0,0,0,0,0,0,1,0,0,0,0,0,0,0,0,1,0,1,0,0,0,0,1,0,0,0,0,Medium,43.31444759206799
34.8347783379429,0.0348347783379429,2.0,40.0,0,12.0,27.0,0.0,0.0,0.0,0.0,0.0,0,0,0,0,0,0,1,0,0,0,0,0,0,0,0,0,1,0,0,0,1,0,0,0,0,1,0,Low,0.0
414.122682944053,0.414122682944053,2.0,120.0,1,20.5,20.0,0.5,0.5,0.0,0.0,0.0,0,0,1,0,0,0,0,0,0,0,0,0,0,0,1,0,0,1,0,0,0,0,1,0,0,0,0,Critical,90.62322946175638
127.90636284640874,0.12790636284640874,2.0,40.0,0,7.0,18.0,0.0,1.0,0.0,0.0,0.0,0,0,0,0,0,0,1,0,0,0,0,0,0,0,0,1,0,0,0,1,0,1,0,0,0,0,0,Medium,38.1586402266289
104.7816395630866,0.1047816395630866,2.0,40.0,0,12.0,27.0,0.0,0.0,0.0,0.0,0.0,0,0,0,0,0,0,0,0,1,0,0,0,0,0,0,0,1,0,0,0,1,0,0,0,0,1,0,Low,0.0
51.84791706713294,0.05184791706713294,2.0,40.0,0,10.0,34.0,1.0,1.0,0.0,0.0,0.0,0,0,0,0,0,0,0,0,1,0,0,0,0,0,1,0,0,1,0,0,0,0,0,0,0,0,1,Medium,38.1586402266289
69.83923107578762,0.06983923107578763,2.0,40.0,0,4.0,15.0,0.0,1.0,0.0,0.0,0.0,0,0,0,0,0,0,1,0,0,0,0,0,0,0,1,0,0,0,1,0,0,0,0,0,0,0,1,Medium,33.9943342776204
67.68127499416049,0.06768127499416049,2.0,40.0,0,12.0,27.0,0.0,0.0,0.0,0.0,0.0,0,0,0,0,0,0,1,0,0,0,0,0,0,0,0,0,1,0,0,0,1,0,0,0,0,1,0,Low,0.0
19.46818046131166,0.01946818046131166,2.0,40.0,0,12.0,27.0,0.0,0.0,0.0,0.0,0.0,0,0,0,0,0,0,1,0,0,0,0,0,0,0,0,0,1,0,0,0,1,0,0,0,0,1,0,Low,0.0
129.87501656107375,0.12987501656107375,2.0,40.0,0,19.0,15.0,1.0,0.0,0.0,0.0,0.0,0,0,0,0,0,0,1,0,0,0,0,0,0,0,1,0,0,0,0,1,0,0,0,1,0,0,0,Medium,33.9943342776204
24.371144679382105,0.024371144679382107,2.0,40.0,0,10.0,17.0,1.0,0.0,0.0,0.0,0.0,0,0,0,0,0,0,1,0,0,0,0,0,0,0,1,0,0,0,1,0,0,0,1,0,0,0,0,High,68.60245514636449
95.40281978288252,0.09540281978288252,2.0,40.0,0,12.0,27.0,0.0,0.0,0.0,0.0,0.0,0,0,0,0,0,0,1,0,0,0,0,0,0,0,0,0,1,0,0,0,1,0,0,0,0,1,0,Low,0.0
24.911238790414565,0.024911238790414566,2.0,40.0,0,12.0,27.0,0.0,0.0,0.0,0.0,0.0,0,0,0,0,0,0,0,0,1,0,0,0,0,0,0,0,1,0,0,0,1,0,0,0,0,1,0,Low,0.0
662.4216781085174,0.6624216781085174,2.0,30.0,0,4.0,26.0,0.0,0.0,0.0,0.0,0.0,0,0,0,0,0,0,1,0,0,0,0,0,0,0,0,1,0,0,1,0,0,0,0,0,0,0,1,Medium,33.9943342776204
46.8001702302242,0.046800170230224196,2.0,40.0,0,19.0,25.0,1.0,1.0,0.0,0.0,0.0,0,0,0,0,0,0,0,0,1,0,0,0,0,0,1,0,0,1,0,0,0,1,0,0,0,0,0,High,67.12936732766761
436.4034521422231,0.4364034521422231,2.0,40.0,0,5.0,16.0,0.0,0.0,0.0,0.0,0.0,0,0,0,0,0,0,1,0,0,0,0,0,0,1,0,0,0,1,0,0,0,0,0,1,0,0,0,Medium,38.1586402266289
36.29605708910955,0.03629605708910955,2.0,40.0,0,12.0,27.0,0.0,0.0,0.0,0.0,0.0,0,0,0,0,0,0,1,0,0,0,0,0,0,0,0,0,1,0,0,0,1,0,0,0,0,1,0,Low,0.0
27.211764903204557,0.027211764903204556,2.0,40.0,0,12.0,27.0,0.0,0.0,0.0,0.0,0.0,0,0,0,0,0,0,1,0,0,0,0,0,0,0,0,0,1,0,0,0,1,0,0,0,0,1,0,Low,0.0
24.11276889066429,0.024112768890664292,2.0,40.0,0,12.0,27.0,0.0,0.0,0.0,0.0,0.0,0,0,0,0,0,0,1,0,0,0,0,0,0,0,0,0,1,0,0,0,1,0,0,0,0,1,0,Low,0.0
7.076699566039113,0.007076699566039113,2.0,40.0,0,12.0,27.0,0.0,0.0,0.0,0.0,0.0,0,0,0,0,0,0,1,0,0,0,0,0,0,0,0,0,1,0,0,0,1,0,0,0,0,1,0,Low,0.0
174.54100976826564,0.17454100976826564,2.0,40.0,0,12.0,27.0,0.0,0.0,0.0,0.0,0.0,0,0,0,0,0,0,1,0,0,0,0,0,0,0,0,0,1,0,0,0,1,0,0,0,0,1,0,Low,0.0
71.4241128334772,0.0714241128334772,2.0,40.0,0,11.5,19.5,0.0,0.5,0.0,0.0,0.0,0,0,0,0,0,0,0,1,0,0,0,0,0,0,1,0,0,1,0,0,0,0,1,0,0,0,0,High,73.91879131255902
52.471957540237575,0.052471957540237577,2.0,40.0,0,12.0,27.0,0.0,0.0,0.0,0.0,0.0,0,0,0,0,0,0,1,0,0,0,0,0,0,0,0,0,1,0,0,0,1,0,0,0,0,1,0,Low,0.0
36.11843871825192,0.036118438718251926,2.0,40.0,0,12.0,27.0,0.0,0.0,0.0,0.0,0.0,0,0,0,0,0,0,1,0,0,0,0,0,0,0,0,0,1,0,0,0,1,0,0,0,0,1,0,Low,0.0
207.7423201052873,0.2077423201052873,2.0,40.0,0,9.545454545454545,31.727272727272727,0.2727272727272727,0.0,0.0,0.0,0.0,0,0,0,0,0,0,0,1,0,0,0,0,0,0,0,1,0,0,1,0,0,1,0,0,0,0,0,Critical,96.25118035882907
179.55172051552483,0.17955172051552484,2.0,40.0,0,13.2,24.6,0.4,0.2,0.0,0.0,0.0,0,0,0,0,0,0,1,0,0,0,0,0,0,1,0,0,0,0,1,0,0,0,0,1,0,0,0,Critical,93.39943342776203
102.41125688441346,0.10241125688441347,2.0,40.0,0,9.0,22.0,1.0,1.0,0.0,0.0,0.0,0,0,0,0,0,0,1,0,0,0,0,0,0,1,0,0,0,1,0,0,0,0,0,1,0,0,0,High,57.80925401322001
187.9944532057812,0.1879944532057812,2.0,40.0,0,22.0,29.0,0.0,0.0,0.0,0.0,0.0,0,0,0,0,0,0,1,0,0,0,0,0,0,1,0,0,0,0,1,0,0,0,0,0,0,0,1,Medium,41.1614730878187
26.86044375815037,0.02686044375815037,2.0,40.0,0,12.0,27.0,0.0,0.0,0.0,0.0,0.0,0,0,0,0,0,0,1,0,0,0,0,0,0,0,0,0,1,0,0,0,1,0,0,0,0,1,0,Low,0.0
542.2009943861937,0.5422009943861936,3.0,30.0,1,4.0,24.0,0.0,1.0,0.0,0.0,0.0,0,0,0,0,0,0,0,1,0,0,0,0,0,1,0,0,0,0,1,0,0,0,0,0,0,0,1,Medium,33.9943342776204
153.796466536979,0.153796466536979,2.0,40.0,0,16.0,19.0,0.0,0.0,0.0,0.0,0.0,0,0,0,0,0,0,1,0,0,0,0,0,0,0,0,1,0,0,0,1,0,0,0,0,1,0,0,Medium,41.1614730878187
111.94156801425522,0.11194156801425523,2.0,40.0,0,12.0,27.0,0.0,0.0,0.0,0.0,0.0,0,0,0,0,0,0,1,0,0,0,0,0,0,0,0,0,1,0,0,0,1,0,0,0,0,1,0,Low,0.0
52.84695202082909,0.05284695202082909,2.0,40.0,0,13.133333333333333,27.2,0.26666666666666666,0.3333333333333333,0.0,0.0,0.0,0,0,0,0,0,0,1,0,0,0,0,0,0,1,0,0,0,1,0,0,0,0,0,1,0,0,0,Critical,99.14069877242684
49.18075443883365,0.04918075443883365,2.0,40.0,1,1.0,16.0,0.0,0.0,0.0,0.0,0.0,0,0,0,0,0,0,0,0,1,0,0,0,0,0,0,1,0,0,1,0,0,1,0,0,0,0,0,High,57.80925401322001
26.91499327548999,0.02691499327548999,2.0,40.0,0,12.0,27.0,0.0,0.0,0.0,0.0,0.0,0,0,0,0,0,0,1,0,0,0,0,0,0,0,0,0,1,0,0,0,1,0,0,0,0,1,0,Low,0.0
26.06913453545232,0.026069134535452322,2.0,40.0,0,7.0,36.0,0.0,0.3333333333333333,0.0,0.0,0.0,0,0,0,0,0,0,1,0,0,0,0,0,0,1,0,0,0,0,0,1,0,0,0,0,0,0,1,Critical,90.9631728045326
32.21333224576199,0.03221333224576199,2.0,40.0,0,14.487179487179487,27.512820512820515,0.2564102564102564,0.20512820512820512,0.0,0.0,0.0,0,0,0,0,0,0,1,0,0,0,0,0,0,0,0,1,0,0,1,0,0,0,0,1,0,0,0,Critical,99.49008498583572
17.030834035494273,0.017030834035494272,2.0,40.0,0,12.0,27.0,0.0,0.0,0.0,0.0,0.0,0,0,0,0,0,0,1,0,0,0,0,0,0,0,0,0,1,0,0,0,1,0,0,0,0,1,0,Low,0.0
102.88573220516616,0.10288573220516617,2.0,40.0,0,8.0,33.0,1.0,0.0,0.0,0.0,0.0,0,0,0,0,0,0,1,0,0,0,0,0,0,0,1,0,0,1,0,0,0,1,0,0,0,0,0,Medium,38.1586402266289
38.89965533586442,0.038899655335864425,2.0,40.0,0,12.0,27.0,0.0,0.0,0.0,0.0,0.0,0,0,0,0,0,0,1,0,0,0,0,0,0,0,0,0,1,0,0,0,1,0,0,0,0,1,0,Low,0.0
112.7764562599571,0.1127764562599571,2.0,40.0,0,12.0,27.0,0.0,0.0,0.0,0.0,0.0,0,0,0,0,0,0,1,0,0,0,0,0,0,0,0,0,1,0,0,0,1,0,0,0,0,1,0,Low,0.0
161.1140780910375,0.1611140780910375,2.0,40.0,0,12.0,27.0,0.0,0.0,0.0,0.0,0.0,0,0,0,0,0,0,1,0,0,0,0,0,0,0,0,0,1,0,0,0,1,0,0,0,0,1,0,Low,0.0
39.5042745538011,0.0395042745538011,2.0,40.0,0,12.0,27.0,0.0,0.0,0.0,0.0,0.0,0,0,0,0,0,0,1,0,0,0,0,0,0,0,0,0,1,0,0,0,1,0,0,0,0,1,0,Low,0.0
104.79790635197682,0.10479790635197682,2.0,40.0,0,2.0,15.0,0.0,1.0,0.0,0.0,0.0,0,0,0,0,0,0,1,0,0,0,0,0,0,1,0,0,0,0,1,0,0,0,0,1,0,0,0,Medium,33.9943342776204
181.78666209747425,0.18178666209747424,2.0,40.0,0,13.0,37.0,0.0,1.0,0.0,0.0,0.0,0,0,0,0,0,0,1,0,0,0,0,0,0,1,0,0,0,0,1,0,0,0,1,0,0,0,0,Medium,44.68366383380548
26.60615887344691,0.02660615887344691,2.0,40.0,0,0.0,17.0,0.0,0.0,0.0,0.0,0.0,0,0,0,0,0,0,1,0,0,0,0,0,0,0,1,0,0,1,0,0,0,0,0,0,0,0,1,Medium,29.27289896128424
58.67391298198508,0.058673912981985085,2.0,40.0,0,12.0,27.0,0.0,0.0,0.0,0.0,0.0,0,0,0,0,0,0,1,0,0,0,0,0,0,0,0,0,1,0,0,0,1,0,0,0,0,1,0,Low,0.0
61.41522580100707,0.06141522580100707,2.0,40.0,0,12.0,27.0,0.0,0.0,0.0,0.0,0.0,0,0,0,0,0,0,1,0,0,0,0,0,0,0,0,0,1,0,0,0,1,0,0,0,0,1,0,Low,0.0
42.85185024513162,0.04285185024513162,2.0,40.0,0,12.0,27.0,0.0,0.0,0.0,0.0,0.0,0,0,0,0,0,0,1,0,0,0,0,0,0,0,0,0,1,0,0,0,1,0,0,0,0,1,0,Low,0.0
47.91709159068826,0.04791709159068826,2.0,40.0,0,2.0,23.0,0.0,1.0,0.0,0.0,0.0,0,0,0,0,0,0,1,0,0,0,0,0,0,0,1,0,0,0,1,0,0,0,0,1,0,0,0,High,53.56940509915015
114.729661871375,0.114729661871375,2.0,40.0,0,0.0,29.0,0.0,0.0,0.0,0.0,0.0,0,0,0,0,0,0,1,0,0,0,0,0,0,0,0,1,0,0,1,0,0,0,0,0,0,0,1,Medium,33.9943342776204
598.6447227280036,0.5986447227280035,3.0,30.0,1,5.0,39.0,0.0,1.0,0.0,0.0,0.0,0,0,0,0,1,0,0,0,0,0,0,0,0,1,0,0,0,1,0,0,0,0,0,1,0,0,0,High,56.57223796033995
216.08701296657347,0.21608701296657346,2.0,40.0,0,15.0,39.0,0.0,0.0,0.0,0.0,0.0,0,0,0,0,0,0,1,0,0,0,0,0,0,1,0,0,0,0,1,0,0,0,0,1,0,0,0,Medium,41.1614730878187
54.62932324830065,0.05462932324830065,2.0,40.0,0,16.666666666666668,25.333333333333332,0.0,0.0,0.0,0.0,0.0,0,0,0,0,0,0,1,0,0,0,0,0,0,0,1,0,0,1,0,0,0,1,0,0,0,0,0,Critical,90.28328611898016
4.783816120403192,0.004783816120403192,2.0,40.0,0,12.0,27.0,0.0,0.0,0.0,0.0,0.0,0,0,0,0,0,0,1,0,0,0,0,0,0,0,0,0,1,0,0,0,1,0,0,0,0,1,0,Low,0.0
74.44381560228433,0.07444381560228433,2.0,40.0,0,12.0,27.0,0.0,0.0,0.0,0.0,0.0,0,0,0,0,0,0,1,0,0,0,0,0,0,0,0,0,1,0,0,0,1,0,0,0,0,1,0,Low,0.0
432.1428264561478,0.4321428264561478,2.0,40.0,1,13.0,17.0,0.0,1.0,0.0,0.0,0.0,0,0,0,0,0,0,0,0,0,0,1,0,0,0,0,1,0,0,0,1,0,0,1,0,0,0,0,High,53.56940509915015
33.47828629967694,0.03347828629967694,2.0,40.0,0,12.0,27.0,0.0,0.0,0.0,0.0,0.0,0,0,0,0,0,0,1,0,0,0,0,0,0,0,0,0,1,0,0,0,1,0,0,0,0,1,0,Low,0.0
305.79429918370806,0.30579429918370804,2.0,40.0,1,3.0,23.0,0.0,0.0,0.0,0.0,0.0,0,0,0,0,0,0,0,1,0,0,0,0,0,0,0,1,0,0,0,1,0,0,0,0,0,0,1,High,61.97355996222852
43.03479528320739,0.04303479528320739,2.0,40.0,0,18.0,18.0,1.0,0.0,0.0,0.0,0.0,0,1,0,0,0,0,0,0,0,0,0,0,0,0,1,0,0,0,0,1,0,1,0,0,0,0,0,High,61.97355996222852
40.479256624709976,0.040479256624709976,2.0,40.0,0,12.0,27.0,0.0,0.0,0.0,0.0,0.0,0,0,0,0,0,0,1,0,0,0,0,0,0,0,0,0,1,0,0,0,1,0,0,0,0,1,0,Low,0.0
22.311799043237517,0.022311799043237518,2.0,40.0,0,12.0,27.0,0.0,0.0,0.0,0.0,0.0,0,0,0,0,0,0,1,0,0,0,0,0,0,0,0,0,1,0,0,0,1,0,0,0,0,1,0,Low,0.0
24.4365769130237,0.0244365769130237,2.0,40.0,0,12.0,27.0,0.0,0.0,0.0,0.0,0.0,0,0,0,0,0,0,1,0,0,0,0,0,0,0,0,0,1,0,0,0,1,0,0,0,0,1,0,Low,0.0
67.0324372188163,0.0670324372188163,2.0,40.0,0,12.0,27.0,0.0,0.0,0.0,0.0,0.0,0,0,0,0,0,0,1,0,0,0,0,0,0,0,0,0,1,0,0,0,1,0,0,0,0,1,0,Low,0.0
256.0537478710165,0.25605374787101653,2.0,40.0,0,1.0,30.0,0.0,0.0,0.0,0.0,0.0,0,0,0,0,0,0,0,0,1,0,0,0,0,0,1,0,0,0,1,0,0,0,0,0,1,0,0,Medium,49.405099150141645
41.01127853049617,0.04101127853049617,2.0,40.0,0,12.0,27.0,0.0,0.0,0.0,0.0,0.0,0,0,0,0,0,0,1,0,0,0,0,0,0,0,0,0,1,0,0,0,1,0,0,0,0,1,0,Low,0.0
141.21887913359262,0.14121887913359263,2.0,40.0,0,1.0,19.0,0.0,1.0,0.0,0.0,0.0,0,1,0,0,0,0,0,0,0,0,0,0,0,0,1,0,0,0,0,1,0,1,0,0,0,0,0,Medium,49.405099150141645
220.443437939513,0.220443437939513,2.0,40.0,0,12.0,27.0,0.0,0.0,0.0,0.0,0.0,0,0,0,0,0,0,1,0,0,0,0,0,0,0,0,0,1,0,0,0,1,0,0,0,0,1,0,Low,0.0
175.64871016274202,0.17564871016274203,2.0,40.0,0,21.0,27.0,0.0,0.0,0.0,0.0,0.0,0,0,0,0,0,0,1,0,0,0,0,0,0,0,0,1,0,1,0,0,0,0,0,0,0,0,1,Medium,33.9943342776204
58.33322412444127,0.05833322412444127,2.0,40.0,0,12.0,27.0,0.0,0.0,0.0,0.0,0.0,0,0,0,0,0,0,0,0,1,0,0,0,0,0,0,0,1,0,0,0,1,0,0,0,0,1,0,Low,0.0
77.66135785358587,0.07766135785358587,2.0,40.0,0,12.0,27.0,0.0,0.0,0.0,0.0,0.0,0,0,0,0,0,0,1,0,0,0,0,0,0,0,0,0,1,0,0,0,1,0,0,0,0,1,0,Low,0.0
22.080312421510914,0.022080312421510914,2.0,40.0,0,12.0,27.0,0.0,0.0,0.0,0.0,0.0,0,0,0,0,0,0,0,0,1,0,0,0,0,0,0,0,1,0,0,0,1,0,0,0,0,1,0,Low,0.0
97.8989267052221,0.0978989267052221,2.0,40.0,0,20.0,32.0,0.0,0.0,0.0,0.0,0.0,0,0,0,0,0,0,1,0,0,0,0,0,0,0,0,1,0,1,0,0,0,0,0,0,0,0,1,Medium,33.9943342776204
160.54468494259186,0.16054468494259186,2.0,40.0,0,9.0,32.0,1.0,0.0,0.0,0.0,0.0,0,0,0,0,0,0,1,0,0,0,0,0,0,1,0,0,0,1,0,0,0,0,0,1,0,0,0,Medium,38.1586402266289
80.00376756346371,0.08000376756346371,2.0,40.0,0,12.0,27.0,0.0,0.0,0.0,0.0,0.0,0,0,0,0,0,0,1,0,0,0,0,0,0,0,0,0,1,0,0,0,1,0,0,0,0,1,0,Low,0.0
111.18822131992508,0.11118822131992508,2.0,40.0,0,16.0,36.0,0.0,0.0,0.0,0.0,0.0,0,0,0,0,0,0,1,0,0,0,0,0,0,0,1,0,0,0,0,1,0,0,0,0,1,0,0,Medium,33.9943342776204
21.972420188146547,0.021972420188146546,2.0,40.0,0,12.0,27.0,0.0,0.0,0.0,0.0,0.0,0,0,0,0,0,0,1,0,0,0,0,0,0,0,0,0,1,0,0,0,1,0,0,0,0,1,0,Low,0.0
28.44379046130968,0.028443790461309678,2.0,40.0,0,12.0,27.0,0.0,0.0,0.0,0.0,0.0,0,0,0,0,0,0,1,0,0,0,0,0,0,0,0,0,1,0,0,0,1,0,0,0,0,1,0,Low,0.0
31.717007957460336,0.03171700795746034,2.0,40.0,0,12.0,27.0,0.0,0.0,0.0,0.0,0.0,0,0,0,0,0,0,1,0,0,0,0,0,0,0,0,0,1,0,0,0,1,0,0,0,0,1,0,Low,0.0
13.23512970889682,0.01323512970889682,2.0,40.0,0,12.0,27.0,0.0,0.0,0.0,0.0,0.0,0,0,0,0,0,0,1,0,0,0,0,0,0,0,0,0,1,0,0,0,1,0,0,0,0,1,0,Low,0.0
306.11602525110254,0.30611602525110254,2.0,40.0,0,9.0,37.0,1.0,0.0,0.0,0.0,0.0,0,0,0,0,0,0,1,0,0,0,0,0,0,0,1,0,0,1,0,0,0,0,0,0,1,0,0,Medium,49.405099150141645
158.47271985788814,0.15847271985788813,2.0,40.0,0,1.0,33.0,0.0,0.0,0.0,0.0,0.0,0,0,0,0,0,0,1,0,0,0,0,0,0,0,1,0,0,0,1,0,0,0,1,0,0,0,0,Medium,33.9943342776204
32.77833641594572,0.032778336415945714,2.0,40.0,0,12.0,27.0,0.0,0.0,0.0,0.0,0.0,0,0,0,0,0,0,1,0,0,0,0,0,0,0,0,0,1,0,0,0,1,0,0,0,0,1,0,Low,0.0
95.60588691191626,0.09560588691191625,2.0,40.0,0,12.0,27.0,0.0,0.0,0.0,0.0,0.0,0,0,0,0,0,0,1,0,0,0,0,0,0,0,0,0,1,0,0,0,1,0,0,0,0,1,0,Low,0.0
88.07473409957166,0.08807473409957166,2.0,40.0,0,5.0,17.0,0.0,0.0,0.0,0.0,0.0,0,0,0,0,0,0,1,0,0,0,0,0,0,1,0,0,0,0,0,1,0,0,0,0,1,0,0,Medium,38.1586402266289
224.1144676000769,0.2241144676000769,2.0,40.0,0,15.0,39.0,0.0,1.0,0.0,0.0,0.0,0,0,0,0,0,0,1,0,0,0,0,0,0,0,1,0,0,0,0,1,0,0,1,0,0,0,0,Medium,33.9943342776204
1117.2321159083435,1.1172321159083436,2.0,40.0,0,11.0,29.0,0.0,1.0,0.0,0.0,0.0,0,0,0,0,0,0,0,0,1,0,0,0,0,1,0,0,0,1,0,0,0,0,1,0,0,0,0,Medium,38.1586402266289
34.367461442783274,0.03436746144278327,2.0,40.0,0,12.0,27.0,0.0,0.0,0.0,0.0,0.0,0,0,0,0,0,0,1,0,0,0,0,0,0,0,0,0,1,0,0,0,1,0,0,0,0,1,0,Low,0.0
27.726073460349188,0.027726073460349186,2.0,40.0,0,12.0,27.0,0.0,0.0,0.0,0.0,0.0,0,0,0,0,0,0,1,0,0,0,0,0,0,0,0,0,1,0,0,0,1,0,0,0,0,1,0,Low,0.0
24.64802771725792,0.024648027717257923,2.0,40.0,0,12.0,27.0,0.0,0.0,0.0,0.0,0.0,0,0,0,0,0,0,1,0,0,0,0,0,0,0,0,0,1,0,0,0,1,0,0,0,0,1,0,Low,0.0
30.65353256757048,0.03065353256757048,2.0,40.0,0,12.0,27.0,0.0,0.0,0.0,0.0,0.0,0,0,0,0,0,0,1,0,0,0,0,0,0,0,0,0,1,0,0,0,1,0,0,0,0,1,0,Low,0.0
29.164861347520272,0.029164861347520273,2.0,40.0,0,20.0,38.0,0.0,0.0,0.0,0.0,0.0,0,0,0,0,0,0,1,0,0,0,0,0,0,0,1,0,0,0,0,1,0,0,0,1,0,0,0,Medium,38.1586402266289
92.83839544475067,0.09283839544475067,2.0,40.0,0,3.0,22.0,0.0,1.0,0.0,0.0,0.0,0,0,0,0,0,0,1,0,0,0,0,0,0,0,0,1,0,1,0,0,0,0,1,0,0,0,0,Medium,49.405099150141645
68.7438319995771,0.06874383199957709,2.0,40.0,0,12.0,27.0,0.0,0.0,0.0,0.0,0.0,0,0,0,0,0,0,0,1,0,0,0,0,0,0,0,0,1,0,0,0,1,0,0,0,0,1,0,Low,0.0
44.68975613699969,0.04468975613699969,2.0,40.0,0,7.0,30.5,0.0,0.25,0.0,0.0,0.0,0,0,0,0,0,0,1,0,0,0,0,0,0,0,0,1,0,0,1,0,0,1,0,0,0,0,0,Critical,93.29556185080264
47.70048802631556,0.04770048802631556,2.0,40.0,0,12.0,27.0,0.0,0.0,0.0,0.0,0.0,0,0,0,0,0,0,0,0,1,0,0,0,0,0,0,0,1,0,0,0,1,0,0,0,0,1,0,Low,0.0
31.32916154413713,0.03132916154413713,2.0,40.0,0,12.0,27.0,0.0,0.0,0.0,0.0,0.0,0,0,0,0,0,0,1,0,0,0,0,0,0,0,0,0,1,0,0,0,1,0,0,0,0,1,0,Low,0.0
43.17372576374446,0.04317372576374446,2.0,40.0,0,15.0,30.0,0.0,0.0,0.0,0.0,0.0,0,0,0,0,0,0,1,0,0,0,0,0,0,1,0,0,0,1,0,0,0,1,0,0,0,0,0,Medium,38.1586402266289
46.81783911603114,0.046817839116031136,2.0,40.0,0,11.0,28.0,0.0,1.0,0.0,0.0,0.0,0,0,0,0,0,0,0,0,1,0,0,0,0,0,0,1,0,0,1,0,0,0,1,0,0,0,0,High,67.12936732766761
462.5363891828942,0.4625363891828942,2.0,40.0,0,14.0,40.0,0.0,1.0,0.0,0.0,0.0,0,0,0,0,0,0,0,0,1,0,0,0,0,1,0,0,0,0,0,1,0,1,0,0,0,0,0,High,53.56940509915015
38.228883594608426,0.03822888359460842,2.0,40.0,0,12.0,27.0,0.0,0.0,0.0,0.0,0.0,0,0,0,0,0,0,1,0,0,0,0,0,0,0,0,0,1,0,0,0,1,0,0,0,0,1,0,Low,0.0
82.9152027730558,0.0829152027730558,2.0,40.0,0,6.888888888888889,27.88888888888889,0.1111111111111111,0.2222222222222222,0.0,0.0,0.0,0,0,0,0,0,0,1,0,0,0,0,0,0,0,0,1,0,0,1,0,0,1,0,0,0,0,0,Critical,96.4211520302172
105.05208269301734,0.10505208269301734,2.0,40.0,0,19.0,16.0,1.0,0.0,0.0,0.0,0.0,0,0,0,0,0,0,1,0,0,0,0,0,0,0,0,1,0,1,0,0,0,0,0,0,0,0,1,Medium,33.9943342776204
160.76357407302137,0.1607635740730214,2.0,40.0,0,17.0,30.0,1.0,0.0,0.0,0.0,0.0,0,0,0,0,0,0,1,0,0,0,0,0,0,1,0,0,0,0,1,0,0,0,0,0,0,0,1,Medium,33.9943342776204
634.5852621594303,0.6345852621594302,2.0,40.0,0,6.0,21.0,0.0,0.0,0.0,0.0,0.0,0,0,0,0,0,0,1,0,0,0,0,0,0,0,1,0,0,0,0,1,0,0,0,0,0,0,1,Medium,29.27289896128424
9.22922021991439,0.00922922021991439,2.0,40.0,0,5.0,26.0,0.0,0.0,0.0,0.0,0.0,0,0,0,0,0,0,1,0,0,0,0,0,0,0,1,0,0,0,0,1,0,0,0,0,0,0,1,High,68.60245514636449
24.09825582807112,0.02409825582807112,2.0,40.0,0,4.0,27.0,0.0,0.0,0.0,0.0,0.0,0,0,0,0,0,0,1,0,0,0,0,0,0,0,0,1,0,0,1,0,0,0,0,1,0,0,0,Medium,44.68366383380548
180.0739728498003,0.1800739728498003,2.0,40.0,0,21.0,25.0,0.0,0.0,0.0,0.0,0.0,0,0,0,0,0,0,0,0,1,0,0,0,0,0,0,1,0,0,1,0,0,0,0,0,0,0,1,Medium,41.1614730878187
107.0923631534382,0.1070923631534382,2.0,40.0,0,9.0,17.0,1.0,0.0,0.0,0.0,0.0,0,0,0,0,0,0,1,0,0,0,0,0,0,0,0,1,0,0,0,1,0,0,0,0,0,0,1,Medium,33.9943342776204
59.66180890618502,0.05966180890618502,2.0,40.0,0,12.0,27.0,0.0,0.0,0.0,0.0,0.0,0,0,0,0,0,0,1,0,0,0,0,0,0,0,0,0,1,0,0,0,1,0,0,0,0,1,0,Low,0.0
96.44013666395703,0.09644013666395704,2.0,40.0,0,12.0,27.0,0.0,0.0,0.0,0.0,0.0,0,0,0,0,0,0,1,0,0,0,0,0,0,0,0,0,1,0,0,0,1,0,0,0,0,1,0,Low,0.0
91.0052352455761,0.0910052352455761,2.0,40.0,0,7.0,21.0,0.0,0.0,0.0,0.0,0.0,0,0,0,0,0,0,0,0,1,0,0,0,0,0,0,1,0,0,1,0,0,0,0,0,0,0,1,Medium,29.27289896128424
46.109732526729694,0.046109732526729695,2.0,40.0,0,2.0,39.0,0.0,0.0,0.0,0.0,0.0,0,0,0,0,0,0,1,0,0,0,0,0,0,1,0,0,0,0,0,1,0,1,0,0,0,0,0,Medium,38.1586402266289
41.23084621493045,0.04123084621493045,2.0,40.0,0,13.0,19.5,0.0,0.5,0.0,0.0,0.0,0,0,0,0,0,0,1,0,0,0,0,0,0,1,0,0,0,0,1,0,0,0,0,1,0,0,0,Critical,82.46458923512749
32.67299849233941,0.03267299849233941,2.0,40.0,0,12.0,27.0,0.0,0.0,0.0,0.0,0.0,0,0,0,0,0,0,1,0,0,0,0,0,0,0,0,0,1,0,0,0,1,0,0,0,0,1,0,Low,0.0
55.487808730877646,0.05548780873087764,2.0,40.0,0,12.0,27.0,0.0,0.0,0.0,0.0,0.0,0,0,0,0,0,0,1,0,0,0,0,0,0,0,0,0,1,0,0,0,1,0,0,0,0,1,0,Low,0.0
212.3759002784845,0.2123759002784845,2.0,40.0,1,18.0,36.0,1.0,0.0,0.0,0.0,0.0,0,0,0,0,1,0,0,0,0,0,0,0,0,0,0,1,0,1,0,0,0,0,0,0,1,0,0,Medium,29.27289896128424
67.89134209693366,0.06789134209693365,2.0,40.0,1,6.0,36.0,0.0,0.0,0.0,0.0,0.0,0,0,0,0,0,0,0,1,0,0,0,0,0,1,0,0,0,1,0,0,0,0,0,0,0,0,1,Medium,33.9943342776204
116.27598345103227,0.11627598345103228,2.0,40.0,0,12.0,27.0,0.0,0.0,0.0,0.0,0.0,0,0,0,0,0,0,1,0,0,0,0,0,0,0,0,0,1,0,0,0,1,0,0,0,0,1,0,Low,0.0
168.34217990381592,0.16834217990381592,2.0,40.0,0,14.0,15.0,0.0,1.0,0.0,0.0,0.0,0,0,0,0,0,0,1,0,0,0,0,0,0,0,1,0,0,1,0,0,0,1,0,0,0,0,0,Medium,41.1614730878187
51.31216876140087,0.05131216876140087,2.0,40.0,0,12.0,27.0,0.0,0.0,0.0,0.0,0.0,0,0,0,0,0,0,1,0,0,0,0,0,0,0,0,0,1,0,0,0,1,0,0,0,0,1,0,Low,0.0
10.00547683861067,0.01000547683861067,2.0,40.0,0,12.0,27.0,0.0,0.0,0.0,0.0,0.0,0,0,0,0,0,0,0,0,1,0,0,0,0,0,0,0,1,0,0,0,1,0,0,0,0,1,0,Low,0.0
515.1262987924368,0.5151262987924369,2.0,40.0,1,15.0,39.0,0.0,0.0,0.0,0.0,0.0,0,0,0,0,0,0,0,0,1,0,0,0,0,1,0,0,0,1,0,0,0,0,1,0,0,0,0,High,56.57223796033995
81.79779896381518,0.08179779896381519,2.0,40.0,0,3.0,22.0,0.0,1.0,0.0,0.0,0.0,0,0,0,0,0,0,1,0,0,0,0,0,0,0,0,1,0,0,1,0,0,0,0,1,0,0,0,Medium,49.405099150141645
155.64249950570942,0.15564249950570944,2.0,40.0,0,12.0,27.0,0.0,0.0,0.0,0.0,0.0,0,0,0,0,0,0,1,0,0,0,0,0,0,0,0,0,1,0,0,0,1,0,0,0,0,1,0,Low,0.0
299.46308614480563,0.29946308614480566,4.0,40.0,1,12.0,20.0,0.0,0.0,0.0,0.0,0.0,0,0,0,0,1,0,0,0,0,0,0,0,0,0,0,1,0,0,1,0,0,0,1,0,0,0,0,Medium,49.405099150141645
27.311652731357725,0.027311652731357727,2.0,40.0,0,12.0,27.0,0.0,0.0,0.0,0.0,0.0,0,0,0,0,0,0,0,0,1,0,0,0,0,0,0,0,1,0,0,0,1,0,0,0,0,1,0,Low,0.0
189.6730351950854,0.18967303519508538,2.0,40.0,0,3.0,35.0,0.0,1.0,0.0,0.0,0.0,0,0,0,0,0,0,1,0,0,0,0,0,0,0,1,0,0,0,1,0,0,0,0,0,1,0,0,Medium,41.1614730878187
31.12665355263275,0.03112665355263275,2.0,40.0,0,12.0,27.0,0.0,0.0,0.0,0.0,0.0,0,0,0,0,0,0,1,0,0,0,0,0,0,0,0,0,1,0,0,0,1,0,0,0,0,1,0,Low,0.0
35.00602578567939,0.03500602578567939,2.0,40.0,0,12.0,27.0,0.0,0.0,0.0,0.0,0.0,0,0,0,0,0,0,1,0,0,0,0,0,0,0,0,0,1,0,0,0,1,0,0,0,0,1,0,Low,0.0
72.98398890952649,0.07298398890952648,2.0,40.0,0,15.0,15.0,0.0,0.0,0.0,0.0,0.0,0,0,0,0,0,0,1,0,0,0,0,0,0,0,1,0,0,0,1,0,0,0,0,1,0,0,0,Medium,33.9943342776204
262.68636501345924,0.2626863650134592,2.0,40.0,0,3.0,38.0,0.0,1.0,0.0,0.0,0.0,0,0,0,0,0,0,1,0,0,0,0,0,0,1,0,0,0,0,1,0,0,0,1,0,0,0,0,Medium,38.1586402266289
130.45959739336703,0.13045959739336704,2.0,40.0,0,12.0,27.0,0.0,0.0,0.0,0.0,0.0,0,0,0,0,0,0,1,0,0,0,0,0,0,0,0,0,1,0,0,0,1,0,0,0,0,1,0,Low,0.0
33.090202637588945,0.033090202637588946,2.0,40.0,0,12.0,27.0,0.0,0.0,0.0,0.0,0.0,0,0,0,0,0,0,1,0,0,0,0,0,0,0,0,0,1,0,0,0,1,0,0,0,0,1,0,Low,0.0
58.35272015794431,0.058352720157944314,2.0,40.0,0,22.0,23.0,0.0,1.0,0.0,0.0,0.0,0,0,0,0,0,0,1,0,0,0,0,0,0,1,0,0,0,0,1,0,0,0,1,0,0,0,0,Medium,38.1586402266289
352.40272307476295,0.35240272307476295,2.0,40.0,0,13.0,24.0,0.0,1.0,0.0,0.0,0.0,0,0,0,0,1,0,0,0,0,0,0,0,0,0,0,1,0,0,0,1,0,0,0,1,0,0,0,Medium,29.27289896128424
202.29374887162444,0.20229374887162443,2.0,40.0,0,12.0,27.0,0.0,0.0,0.0,0.0,0.0,0,0,0,0,0,0,1,0,0,0,0,0,0,0,0,0,1,0,0,0,1,0,0,0,0,1,0,Low,0.0
303.82217320011347,0.30382217320011345,2.0,40.0,0,15.0,34.0,0.0,0.0,0.0,0.0,0.0,0,0,0,0,0,0,1,0,0,0,0,0,0,0,1,0,0,0,1,0,0,0,0,0,1,0,0,Medium,44.68366383380548
115.30231667030546,0.11530231667030545,2.0,40.0,0,3.0,40.0,0.0,1.0,0.0,0.0,0.0,0,0,0,0,0,0,1,0,0,0,0,0,0,1,0,0,0,0,1,0,0,0,0,1,0,0,0,Medium,43.31444759206799
15.039816765487595,0.015039816765487594,2.0,40.0,0,12.0,27.0,0.0,0.0,0.0,0.0,0.0,0,0,0,0,0,0,0,1,0,0,0,0,0,0,0,0,1,0,0,0,1,0,0,0,0,1,0,Low,0.0
15.353277681388278,0.015353277681388278,2.0,40.0,0,12.0,27.0,0.0,0.0,0.0,0.0,0.0,0,0,0,0,0,0,0,0,1,0,0,0,0,0,0,0,1,0,0,0,1,0,0,0,0,1,0,Low,0.0
54.34390728558122,0.054343907285581215,2.0,40.0,0,12.0,27.0,0.0,0.0,0.0,0.0,0.0,0,0,0,0,0,0,1,0,0,0,0,0,0,0,0,0,1,0,0,0,1,0,0,0,0,1,0,Low,0.0
52.91709448457816,0.05291709448457816,2.0,40.0,0,18.0,36.0,1.0,0.0,0.0,0.0,0.0,0,0,0,0,0,0,1,0,0,0,0,0,0,0,0,1,0,0,0,1,0,0,0,0,0,0,1,High,57.80925401322001
244.0901771308557,0.2440901771308557,2.0,40.0,1,14.0,24.0,0.0,0.0,0.0,0.0,0.0,0,0,0,0,0,0,0,1,0,0,0,0,0,0,0,1,0,0,0,1,0,0,1,0,0,0,0,Medium,29.27289896128424
34.29223308190934,0.03429223308190934,2.0,40.0,1,4.0,26.0,0.0,0.0,0.0,0.0,0.0,0,0,0,0,0,0,1,0,0,0,0,0,0,0,0,1,0,1,0,0,0,0,1,0,0,0,0,High,67.12936732766761
115.8782369958173,0.1158782369958173,2.0,40.0,0,5.0,35.0,0.0,0.0,0.0,0.0,0.0,0,0,0,0,0,0,1,0,0,0,0,0,0,0,1,0,0,1,0,0,0,0,0,1,0,0,0,Medium,33.9943342776204
203.4598797032837,0.2034598797032837,2.0,40.0,0,16.0,36.0,0.0,0.0,0.0,0.0,0.0,0,0,0,0,0,0,1,0,0,0,0,0,0,1,0,0,0,1,0,0,0,0,1,0,0,0,0,High,56.57223796033995
67.1568180125037,0.0671568180125037,2.0,40.0,0,6.0,33.0,0.0,0.0,0.0,0.0,0.0,0,0,0,0,0,0,1,0,0,0,0,0,0,1,0,0,0,1,0,0,0,0,1,0,0,0,0,Medium,43.31444759206799
17.86430103110427,0.017864301031104268,2.0,40.0,1,12.366666666666667,26.5,0.23333333333333334,0.26666666666666666,0.0,0.0,0.0,0,0,0,0,0,0,0,1,0,0,0,0,0,1,0,0,0,0,1,0,0,0,1,0,0,0,0,Critical,98.77242681775262
68.34803451195347,0.06834803451195347,2.0,40.0,0,0.0,17.0,0.0,0.0,0.0,0.0,0.0,0,0,0,0,0,0,1,0,0,0,0,0,0,1,0,0,0,0,0,1,0,1,0,0,0,0,0,Medium,33.9943342776204
186.049909328754,0.186049909328754,2.0,40.0,0,16.0,27.0,0.0,1.0,0.0,0.0,0.0,0,0,0,0,0,0,1,0,0,0,0,0,0,0,0,1,0,0,0,1,0,0,1,0,0,0,0,Medium,44.68366383380548
18.117401555967746,0.018117401555967746,2.0,40.0,0,20.0,15.0,0.0,1.0,0.0,0.0,0.0,0,0,0,0,0,0,1,0,0,0,0,0,0,0,1,0,0,1,0,0,0,0,0,1,0,0,0,High,67.12936732766761
20.189937106117647,0.020189937106117647,2.0,40.0,0,12.0,27.0,0.0,0.0,0.0,0.0,0.0,0,0,0,0,0,0,1,0,0,0,0,0,0,0,0,0,1,0,0,0,1,0,0,0,0,1,0,Low,0.0
79.26260989442231,0.07926260989442231,2.0,40.0,0,17.0,38.0,1.0,1.0,0.0,0.0,0.0,0,0,0,0,0,0,1,0,0,0,0,0,0,1,0,0,0,1,0,0,0,1,0,0,0,0,0,Medium,44.68366383380548
35.07550125872,0.035075501258720006,2.0,40.0,0,12.0,27.0,0.0,0.0,0.0,0.0,0.0,0,0,0,0,0,0,1,0,0,0,0,0,0,0,0,0,1,0,0,0,1,0,0,0,0,1,0,Low,0.0
102.34731301140869,0.10234731301140869,2.0,40.0,0,6.0,27.0,0.0,0.0,0.0,0.0,0.0,0,0,0,0,0,0,1,0,0,0,0,0,0,0,1,0,0,0,1,0,0,0,0,1,0,0,0,Medium,49.405099150141645
130.4976207575517,0.1304976207575517,2.0,40.0,0,15.0,25.0,0.0,1.0,0.0,0.0,0.0,0,0,0,0,0,0,1,0,0,0,0,0,0,1,0,0,0,1,0,0,0,0,0,0,0,0,1,High,61.97355996222852
69.40531147917855,0.06940531147917856,2.0,40.0,0,3.0,25.0,0.0,0.0,0.0,0.0,0.0,0,0,0,0,0,0,1,0,0,0,0,0,0,0,0,1,0,0,1,0,0,1,0,0,0,0,0,Medium,33.9943342776204
25.3765020572717,0.0253765020572717,2.0,40.0,0,9.0,26.0,1.0,0.0,0.0,0.0,0.0,0,0,0,0,0,0,0,0,0,0,0,0,1,0,0,1,0,0,0,1,0,0,0,0,0,0,1,Medium,29.27289896128424
30.8327223672356,0.0308327223672356,2.0,40.0,0,12.0,27.0,0.0,0.0,0.0,0.0,0.0,0,0,0,0,0,0,1,0,0,0,0,0,0,0,0,0,1,0,0,0,1,0,0,0,0,1,0,Low,0.0
56.04209941792941,0.056042099417929404,2.0,40.0,0,12.0,27.0,0.0,0.0,0.0,0.0,0.0,0,0,0,0,0,0,1,0,0,0,0,0,0,0,0,0,1,0,0,0,1,0,0,0,0,1,0,Low,0.0
80.7803761254599,0.0807803761254599,2.0,40.0,0,12.0,27.0,0.0,0.0,0.0,0.0,0.0,0,0,0,0,0,0,1,0,0,0,0,0,0,0,0,0,1,0,0,0,1,0,0,0,0,1,0,Low,0.0
97.27857558750348,0.09727857558750348,2.0,40.0,0,4.0,23.0,0.0,1.0,0.0,0.0,0.0,0,0,0,0,0,0,1,0,0,0,0,0,0,1,0,0,0,0,1,0,0,0,0,0,0,0,1,Medium,29.27289896128424
60.63383514911795,0.06063383514911795,2.0,40.0,0,12.0,27.0,0.0,0.0,0.0,0.0,0.0,0,0,0,0,0,0,1,0,0,0,0,0,0,0,0,0,1,0,0,0,1,0,0,0,0,1,0,Low,0.0
94.61081394893398,0.09461081394893398,2.0,40.0,0,12.0,27.0,0.0,0.0,0.0,0.0,0.0,0,1,0,0,0,0,0,0,0,0,0,0,0,0,0,0,1,0,0,0,1,0,0,0,0,1,0,Low,0.0
59.51110197394308,0.059511101973943076,2.0,40.0,0,13.0,32.0,0.0,0.0,0.0,0.0,0.0,0,0,0,0,0,0,1,0,0,0,0,0,0,1,0,0,0,1,0,0,0,0,0,0,0,0,1,Medium,29.27289896128424
117.91206820036992,0.11791206820036991,2.0,40.0,0,12.0,27.0,0.0,0.0,0.0,0.0,0.0,0,0,0,0,0,0,1,0,0,0,0,0,0,0,0,0,1,0,0,0,1,0,0,0,0,1,0,Low,0.0
104.53576576509371,0.10453576576509371,2.0,40.0,0,3.0,40.0,0.0,0.0,0.0,0.0,0.0,0,0,0,0,0,0,1,0,0,0,0,0,0,0,1,0,0,0,1,0,0,1,0,0,0,0,0,Medium,49.405099150141645
51.6161260512307,0.0516161260512307,2.0,40.0,0,21.0,40.0,0.0,0.0,0.0,0.0,0.0,0,0,0,0,0,0,1,0,0,0,0,0,0,0,1,0,0,0,1,0,0,0,0,1,0,0,0,Medium,33.9943342776204
46.26653582752036,0.046266535827520355,2.0,40.0,1,20.0,19.0,0.0,0.0,0.0,0.0,0.0,0,0,0,0,1,0,0,0,0,0,0,0,0,1,0,0,0,1,0,0,0,1,0,0,0,0,0,Medium,29.27289896128424
176.65872350801453,0.17665872350801454,2.0,40.0,0,12.0,17.0,0.0,0.0,0.0,0.0,0.0,0,0,0,0,0,0,1,0,0,0,0,0,0,1,0,0,0,1,0,0,0,0,1,0,0,0,0,High,56.57223796033995
137.7294541723673,0.1377294541723673,2.0,40.0,0,12.0,27.0,0.0,0.0,0.0,0.0,0.0,0,0,0,0,0,0,0,0,1,0,0,0,0,0,0,0,1,0,0,0,1,0,0,0,0,1,0,Low,0.0
181.40227872642893,0.18140227872642894,2.0,40.0,0,13.0,26.0,0.0,0.0,0.0,0.0,0.0,0,0,0,0,0,0,0,0,1,0,0,0,0,0,1,0,0,1,0,0,0,0,0,1,0,0,0,High,68.60245514636449
77.77820100458243,0.07777820100458242,2.0,40.0,1,20.0,32.0,0.0,1.0,0.0,0.0,0.0,0,0,0,0,0,0,0,0,1,0,0,0,0,0,0,1,0,0,1,0,0,0,0,0,1,0,0,Medium,38.1586402266289
77.85199335248237,0.07785199335248237,2.0,40.0,0,12.0,27.0,0.0,0.0,0.0,0.0,0.0,0,0,0,0,0,0,1,0,0,0,0,0,0,0,0,0,1,0,0,0,1,0,0,0,0,1,0,Low,0.0
150.89629218002807,0.15089629218002806,2.0,40.0,0,20.0,20.0,0.0,0.0,0.0,0.0,0.0,0,0,0,0,0,0,1,0,0,0,0,0,0,1,0,0,0,0,0,1,0,0,1,0,0,0,0,Medium,38.1586402266289
64.71142488208368,0.06471142488208367,2.0,40.0,0,12.0,27.0,0.0,0.0,0.0,0.0,0.0,0,0,0,0,0,0,1,0,0,0,0,0,0,0,0,0,1,0,0,0,1,0,0,0,0,1,0,Low,0.0
130.4691319597073,0.1304691319597073,2.0,40.0,0,16.0,29.0,0.0,0.0,0.0,0.0,0.0,0,0,0,0,0,0,1,0,0,0,0,0,0,0,0,1,0,1,0,0,0,0,0,0,1,0,0,High,64.97639282341832
930.5509344150672,0.9305509344150672,3.0,80.0,1,10.0,29.0,1.0,1.0,0.0,0.0,0.0,0,0,0,0,1,0,0,0,0,0,0,0,0,0,0,1,0,0,0,1,0,0,1,0,0,0,0,Medium,44.68366383380548
36.36897169026495,0.03636897169026495,2.0,40.0,0,12.0,27.0,0.0,0.0,0.0,0.0,0.0,0,0,0,0,0,0,1,0,0,0,0,0,0,0,0,0,1,0,0,0,1,0,0,0,0,1,0,Low,0.0
59.49249372680076,0.05949249372680076,2.0,40.0,0,12.0,27.0,0.0,0.0,0.0,0.0,0.0,0,0,0,0,0,0,1,0,0,0,0,0,0,0,0,0,1,0,0,0,1,0,0,0,0,1,0,Low,0.0
74.25719388821797,0.07425719388821797,2.0,40.0,0,12.0,27.0,0.0,0.0,0.0,0.0,0.0,0,0,0,0,0,0,1,0,0,0,0,0,0,0,0,0,1,0,0,0,1,0,0,0,0,1,0,Low,0.0
98.5322663081951,0.0985322663081951,2.0,40.0,0,14.0,27.0,0.0,0.0,0.0,0.0,0.0,0,0,0,0,0,0,1,0,0,0,0,0,0,0,0,1,0,0,0,1,0,0,0,0,1,0,0,High,64.97639282341832
471.56987593604015,0.47156987593604016,2.0,40.0,1,2.0,31.0,0.0,1.0,0.0,0.0,0.0,0,0,0,0,1,0,0,0,0,0,0,0,0,0,0,1,0,0,1,0,0,0,0,1,0,0,0,Medium,38.1586402266289
142.12377099077958,0.14212377099077958,2.0,40.0,0,12.0,27.0,0.0,0.0,0.0,0.0,0.0,0,0,0,0,0,0,1,0,0,0,0,0,0,0,0,0,1,0,0,0,1,0,0,0,0,1,0,Low,0.0
84.96797893774006,0.08496797893774005,2.0,40.0,0,18.0,33.0,1.0,1.0,0.0,0.0,0.0,0,0,0,0,0,0,1,0,0,0,0,0,0,0,0,1,0,0,0,1,0,0,0,0,1,0,0,Medium,29.27289896128424
36.53850986469481,0.03653850986469481,2.0,40.0,0,12.0,27.0,0.0,0.0,0.0,0.0,0.0,0,0,0,0,0,0,1,0,0,0,0,0,0,0,0,0,1,0,0,0,1,0,0,0,0,1,0,Low,0.0
30.5613833653714,0.0305613833653714,2.0,40.0,0,10.5,24.0,0.5,0.0,0.0,0.0,0.0,0,0,0,0,0,0,1,0,0,0,0,0,0,0,1,0,0,0,1,0,0,1,0,0,0,0,0,High,69.41454202077432
99.5248274829113,0.0995248274829113,2.0,40.0,0,12.0,27.0,0.0,0.0,0.0,0.0,0.0,0,0,0,0,0,0,1,0,0,0,0,0,0,0,0,0,1,0,0,0,1,0,0,0,0,1,0,Low,0.0
36.06206654499204,0.03606206654499204,2.0,40.0,0,12.0,27.0,0.0,0.0,0.0,0.0,0.0,0,0,0,0,0,0,1,0,0,0,0,0,0,0,0,0,1,0,0,0,1,0,0,0,0,1,0,Low,0.0
68.69775824860241,0.06869775824860241,2.0,40.0,0,16.0,31.0,0.0,0.0,0.0,0.0,0.0,0,0,0,0,0,0,1,0,0,0,0,0,0,0,0,1,0,1,0,0,0,1,0,0,0,0,0,Medium,49.405099150141645
36.07622357045196,0.03607622357045196,2.0,40.0,1,5.0,24.0,0.0,1.0,0.0,0.0,0.0,0,0,0,0,0,0,0,0,1,0,0,0,0,1,0,0,0,0,1,0,0,0,1,0,0,0,0,High,64.97639282341832
51.22434557830763,0.05122434557830763,2.0,40.0,0,22.0,35.0,0.0,1.0,0.0,0.0,0.0,0,0,0,0,0,0,1,0,0,0,0,0,0,1,0,0,0,1,0,0,0,0,1,0,0,0,0,Medium,38.1586402266289
48.27406127066367,0.04827406127066367,2.0,40.0,0,18.0,20.0,1.0,0.0,0.0,0.0,0.0,0,0,0,0,0,0,1,0,0,0,0,0,0,0,1,0,0,1,0,0,0,1,0,0,0,0,0,Medium,33.9943342776204
36.31528695484682,0.03631528695484682,2.0,40.0,0,12.0,27.0,0.0,0.0,0.0,0.0,0.0,0,0,0,0,0,0,1,0,0,0,0,0,0,0,0,0,1,0,0,0,1,0,0,0,0,1,0,Low,0.0
35.55761960905773,0.03555761960905773,2.0,40.0,0,12.0,27.0,0.0,0.0,0.0,0.0,0.0,0,0,0,0,0,0,1,0,0,0,0,0,0,0,0,0,1,0,0,0,1,0,0,0,0,1,0,Low,0.0
9.747082508336328,0.009747082508336329,2.0,40.0,0,12.0,27.0,0.0,0.0,0.0,0.0,0.0,0,0,0,0,0,0,1,0,0,0,0,0,0,0,0,0,1,0,0,0,1,0,0,0,0,1,0,Low,0.0
23.61553765871138,0.02361553765871138,2.0,40.0,0,12.0,27.0,0.0,0.0,0.0,0.0,0.0,0,0,0,0,0,0,0,1,0,0,0,0,0,0,0,0,1,0,0,0,1,0,0,0,0,1,0,Low,0.0
85.73186368209628,0.08573186368209627,2.0,40.0,0,23.0,29.0,0.0,1.0,0.0,0.0,0.0,0,0,0,0,0,0,1,0,0,0,0,0,0,1,0,0,0,1,0,0,0,0,1,0,0,0,0,Medium,29.27289896128424
21.41663960171823,0.021416639601718232,2.0,40.0,0,12.0,27.0,0.0,0.0,0.0,0.0,0.0,0,0,0,0,0,0,1,0,0,0,0,0,0,0,0,0,1,0,0,0,1,0,0,0,0,1,0,Low,0.0
86.90859351664163,0.08690859351664162,2.0,40.0,0,12.0,27.0,0.0,0.0,0.0,0.0,0.0,0,0,0,0,0,0,1,0,0,0,0,0,0,0,0,0,1,0,0,0,1,0,0,0,0,1,0,Low,0.0
110.17638698288822,0.11017638698288822,2.0,40.0,0,16.0,16.0,0.0,0.0,0.0,0.0,0.0,0,0,0,0,0,0,1,0,0,0,0,0,0,0,0,1,0,0,1,0,0,0,1,0,0,0,0,Medium,41.1614730878187
831.6360155739694,0.8316360155739694,2.0,40.0,0,2.0,32.0,0.0,0.0,0.0,0.0,0.0,0,0,0,0,0,0,1,0,0,0,0,0,0,1,0,0,0,0,1,0,0,0,0,0,0,0,1,Medium,33.9943342776204
5.567449307502543,0.005567449307502543,2.0,40.0,0,12.0,27.0,0.0,0.0,0.0,0.0,0.0,0,0,0,0,0,0,1,0,0,0,0,0,0,0,0,0,1,0,0,0,1,0,0,0,0,1,0,Low,0.0
27.2592453111829,0.0272592453111829,2.0,40.0,1,12.0,27.0,0.0,0.0,0.0,0.0,0.0,0,0,0,0,0,0,0,1,0,0,0,0,0,0,0,0,1,0,0,0,1,0,0,0,0,1,0,Low,0.0
663.449752967844,0.663449752967844,2.0,40.0,1,4.0,16.0,0.0,0.0,0.0,0.0,0.0,0,0,0,0,0,0,0,1,0,0,0,0,0,1,0,0,0,0,0,1,0,1,0,0,0,0,0,Medium,29.27289896128424
34.15144483543765,0.03415144483543765,2.0,40.0,0,12.0,27.0,0.0,0.0,0.0,0.0,0.0,0,0,0,0,0,0,1,0,0,0,0,0,0,0,0,0,1,0,0,0,1,0,0,0,0,1,0,Low,0.0
27.539569525702515,0.027539569525702516,2.0,40.0,0,12.0,27.0,0.0,0.0,0.0,0.0,0.0,0,0,0,0,0,0,0,0,1,0,0,0,0,0,0,0,1,0,0,0,1,0,0,0,0,1,0,Low,0.0
29.61882136949296,0.02961882136949296,2.0,40.0,0,12.0,27.0,0.0,0.0,0.0,0.0,0.0,0,0,0,0,0,0,1,0,0,0,0,0,0,0,0,0,1,0,0,0,1,0,0,0,0,1,0,Low,0.0
62.459183996447166,0.06245918399644717,2.0,40.0,0,6.0,27.0,0.0,1.0,0.0,0.0,0.0,0,0,0,0,0,0,1,0,0,0,0,0,0,0,1,0,0,0,0,1,0,0,0,0,0,0,1,Medium,43.31444759206799
93.2252304766403,0.0932252304766403,2.0,40.0,0,12.0,27.0,0.0,0.0,0.0,0.0,0.0,0,0,0,0,0,0,1,0,0,0,0,0,0,0,0,0,1,0,0,0,1,0,0,0,0,1,0,Low,0.0
78.58209910049383,0.07858209910049384,2.0,40.0,0,17.0,25.0,1.0,0.0,0.0,0.0,0.0,0,0,0,0,0,0,1,0,0,0,0,0,0,1,0,0,0,1,0,0,0,0,0,0,0,0,1,Medium,38.1586402266289
47.28283906743174,0.04728283906743174,2.0,40.0,0,12.0,27.0,0.0,0.0,0.0,0.0,0.0,0,0,0,0,0,0,1,0,0,0,0,0,0,0,0,0,1,0,0,0,1,0,0,0,0,1,0,Low,0.0
914.2541948404868,0.9142541948404868,2.0,40.0,0,8.0,30.0,1.0,0.0,0.0,0.0,0.0,0,0,0,0,0,0,1,0,0,0,0,0,0,0,0,1,0,1,0,0,0,0,1,0,0,0,0,High,53.56940509915015
86.79866280663354,0.08679866280663355,2.0,40.0,0,12.0,27.0,0.0,0.0,0.0,0.0,0.0,0,0,0,0,0,0,1,0,0,0,0,0,0,0,0,0,1,0,0,0,1,0,0,0,0,1,0,Low,0.0
24.932614802789704,0.024932614802789705,2.0,40.0,0,12.0,27.0,0.0,0.0,0.0,0.0,0.0,0,0,0,0,0,0,0,0,1,0,0,0,0,0,0,0,1,0,0,0,1,0,0,0,0,1,0,Low,0.0
550.7588555506574,0.5507588555506574,2.0,40.0,0,3.0,16.0,0.0,1.0,0.0,0.0,0.0,0,0,0,0,0,0,0,0,1,0,0,0,0,0,0,1,0,0,0,1,0,1,0,0,0,0,0,Medium,44.68366383380548
17.502321263909174,0.017502321263909174,2.0,40.0,0,12.0,27.0,0.0,0.0,0.0,0.0,0.0,0,0,0,0,0,0,1,0,0,0,0,0,0,0,0,0,1,0,0,0,1,0,0,0,0,1,0,Low,0.0
178.40764431198045,0.17840764431198045,2.0,40.0,0,2.0,36.0,0.0,0.0,0.0,0.0,0.0,0,0,0,0,0,0,1,0,0,0,0,0,0,0,0,1,0,0,1,0,0,0,0,0,1,0,0,Medium,38.1586402266289
84.11628988842267,0.08411628988842267,2.0,40.0,0,12.0,27.0,0.0,0.0,0.0,0.0,0.0,0,0,0,0,0,0,1,0,0,0,0,0,0,0,0,0,1,0,0,0,1,0,0,0,0,1,0,Low,0.0
114.87793055763598,0.11487793055763598,2.0,40.0,0,5.0,31.0,0.0,0.0,0.0,0.0,0.0,0,0,0,0,0,0,1,0,0,0,0,0,0,0,1,0,0,1,0,0,0,0,1,0,0,0,0,Medium,33.9943342776204
18.97886148640739,0.01897886148640739,2.0,40.0,0,12.0,27.0,0.0,0.0,0.0,0.0,0.0,0,0,0,0,0,0,1,0,0,0,0,0,0,0,0,0,1,0,0,0,1,0,0,0,0,1,0,Low,0.0
96.85560559203476,0.09685560559203477,2.0,40.0,0,6.0,20.0,0.0,1.0,0.0,0.0,0.0,0,0,0,0,0,0,1,0,0,0,0,0,0,1,0,0,0,0,1,0,0,0,0,1,0,0,0,Medium,49.405099150141645
38.18298262149907,0.03818298262149907,2.0,40.0,0,14.0,34.0,0.0,0.0,0.0,0.0,0.0,0,0,0,0,0,0,1,0,0,0,0,0,0,1,0,0,0,1,0,0,0,1,0,0,0,0,0,High,56.57223796033995
30.154526130841187,0.030154526130841186,2.0,40.0,0,12.0,27.0,0.0,0.0,0.0,0.0,0.0,0,0,0,0,0,0,1,0,0,0,0,0,0,0,0,0,1,0,0,0,1,0,0,0,0,1,0,Low,0.0
383.32995127294765,0.38332995127294767,3.0,80.0,1,18.0,25.0,1.0,0.0,0.0,0.0,0.0,0,0,0,0,0,0,0,0,0,0,1,0,0,1,0,0,0,1,0,0,0,1,0,0,0,0,0,High,53.56940509915015
24.10618954482289,0.02410618954482289,2.0,40.0,0,12.0,27.0,0.0,0.0,0.0,0.0,0.0,0,0,0,0,0,0,1,0,0,0,0,0,0,0,0,0,1,0,0,0,1,0,0,0,0,1,0,Low,0.0
30.615107489140645,0.030615107489140644,2.0,40.0,0,12.0,27.0,0.0,0.0,0.0,0.0,0.0,0,0,0,0,0,0,1,0,0,0,0,0,0,0,0,0,1,0,0,0,1,0,0,0,0,1,0,Low,0.0
135.81872848961112,0.13581872848961113,2.0,40.0,0,18.0,26.0,1.0,1.0,0.0,0.0,0.0,0,0,0,0,0,0,1,0,0,0,0,0,0,0,0,1,0,0,0,1,0,0,1,0,0,0,0,Medium,49.405099150141645
164.0392368773857,0.1640392368773857,2.0,40.0,0,2.0,18.0,0.0,1.0,0.0,0.0,0.0,0,0,0,0,0,0,1,0,0,0,0,0,0,0,0,1,0,0,0,1,0,0,1,0,0,0,0,Medium,43.31444759206799
60.11413516099847,0.06011413516099847,2.0,40.0,0,12.0,26.0,0.0,0.0,0.0,0.0,0.0,0,0,0,0,0,0,1,0,0,0,0,0,0,0,0,1,0,0,1,0,0,1,0,0,0,0,0,High,57.80925401322001
105.43234764088928,0.10543234764088928,2.0,40.0,0,14.0,30.0,0.0,0.0,0.0,0.0,0.0,0,0,0,0,0,0,1,0,0,0,0,0,0,0,0,1,0,0,1,0,0,1,0,0,0,0,0,Medium,38.1586402266289
105.58303301632824,0.10558303301632824,2.0,40.0,0,12.0,27.0,0.0,0.0,0.0,0.0,0.0,0,0,0,0,0,0,1,0,0,0,0,0,0,0,0,0,1,0,0,0,1,0,0,0,0,1,0,Low,0.0
88.27859799756693,0.08827859799756693,2.0,40.0,0,13.333333333333334,19.0,0.0,0.6666666666666666,0.0,0.0,0.0,0,0,0,0,0,0,1,0,0,0,0,0,0,1,0,0,0,1,0,0,0,1,0,0,0,0,0,Critical,81.65250236071766
77.77129333208387,0.07777129333208387,2.0,40.0,0,12.0,27.0,0.0,0.0,0.0,0.0,0.0,0,0,0,0,0,0,1,0,0,0,0,0,0,0,0,0,1,0,0,0,1,0,0,0,0,1,0,Low,0.0
14.21070364077819,0.01421070364077819,2.0,40.0,0,12.0,27.0,0.0,0.0,0.0,0.0,0.0,0,0,0,0,0,0,0,0,1,0,0,0,0,0,0,0,1,0,0,0,1,0,0,0,0,1,0,Low,0.0
111.37103474027948,0.11137103474027948,2.0,40.0,0,2.0,30.0,0.0,1.0,0.0,0.0,0.0,0,0,0,0,0,0,1,0,0,0,0,0,0,0,1,0,0,0,1,0,0,0,0,0,0,0,1,Medium,33.9943342776204
10.408086241666412,0.010408086241666413,2.0,40.0,0,12.0,27.0,0.0,0.0,0.0,0.0,0.0,0,0,0,0,0,0,1,0,0,0,0,0,0,0,0,0,1,0,0,0,1,0,0,0,0,1,0,Low,0.0
139.2556213155084,0.1392556213155084,2.0,40.0,0,10.0,34.0,1.0,0.0,0.0,0.0,0.0,0,0,0,0,0,0,1,0,0,0,0,0,0,0,1,0,0,1,0,0,0,0,0,1,0,0,0,Medium,29.27289896128424
32.69466075595439,0.03269466075595439,2.0,40.0,0,12.0,27.0,0.0,0.0,0.0,0.0,0.0,0,0,0,0,0,0,1,0,0,0,0,0,0,0,0,0,1,0,0,0,1,0,0,0,0,1,0,Low,0.0
96.99237109841108,0.09699237109841108,2.0,40.0,0,12.0,27.0,0.0,0.0,0.0,0.0,0.0,0,0,0,0,0,0,1,0,0,0,0,0,0,0,0,0,1,0,0,0,1,0,0,0,0,1,0,Low,0.0
13.08403699320963,0.01308403699320963,2.0,40.0,0,12.0,27.0,0.0,0.0,0.0,0.0,0.0,0,0,0,0,0,0,0,0,1,0,0,0,0,0,0,0,1,0,0,0,1,0,0,0,0,1,0,Low,0.0
108.62134726050456,0.10862134726050457,2.0,40.0,0,12.0,27.0,0.0,0.0,0.0,0.0,0.0,0,0,0,0,0,0,1,0,0,0,0,0,0,0,0,0,1,0,0,0,1,0,0,0,0,1,0,Low,0.0
5.361900556700788,0.005361900556700788,2.0,40.0,0,12.0,27.0,0.0,0.0,0.0,0.0,0.0,0,0,0,0,0,0,1,0,0,0,0,0,0,0,0,0,1,0,0,0,1,0,0,0,0,1,0,Low,0.0
41.75734799091903,0.04175734799091903,2.0,40.0,0,12.0,27.0,0.0,0.0,0.0,0.0,0.0,0,0,0,0,0,0,1,0,0,0,0,0,0,0,0,0,1,0,0,0,1,0,0,0,0,1,0,Low,0.0
47.64866432247703,0.04764866432247703,2.0,40.0,0,12.0,27.0,0.0,0.0,0.0,0.0,0.0,0,0,0,0,0,0,1,0,0,0,0,0,0,0,0,0,1,0,0,0,1,0,0,0,0,1,0,Low,0.0
57.46089613552153,0.05746089613552153,2.0,40.0,0,12.0,27.0,0.0,0.0,0.0,0.0,0.0,0,0,0,0,0,0,1,0,0,0,0,0,0,0,0,0,1,0,0,0,1,0,0,0,0,1,0,Low,0.0
34.82870910178772,0.03482870910178772,2.0,40.0,0,21.0,32.0,0.0,1.0,0.0,0.0,0.0,0,0,0,0,0,0,1,0,0,0,0,0,0,0,1,0,0,0,0,1,0,1,0,0,0,0,0,High,58.72521246458924
31.769937242884524,0.03176993724288452,2.0,40.0,0,12.0,27.0,0.0,0.0,0.0,0.0,0.0,0,0,0,0,0,0,1,0,0,0,0,0,0,0,0,0,1,0,0,0,1,0,0,0,0,1,0,Low,0.0
198.4584460027768,0.19845844600277682,2.0,40.0,0,23.0,28.0,0.0,0.0,0.0,0.0,0.0,0,0,0,0,0,0,1,0,0,0,0,0,0,1,0,0,0,0,1,0,0,0,0,0,1,0,0,Medium,49.405099150141645
120.88949010152726,0.12088949010152726,2.0,40.0,1,20.0,30.0,0.0,1.0,0.0,0.0,0.0,0,0,0,0,0,0,0,0,1,0,0,0,0,0,1,0,0,0,0,1,0,0,0,1,0,0,0,Medium,29.27289896128424
39.34959661666316,0.039349596616663166,2.0,40.0,1,12.0,27.0,0.0,0.0,0.0,0.0,0.0,0,0,0,0,0,0,0,1,0,0,0,0,0,0,0,0,1,0,0,0,1,0,0,0,0,1,0,Low,0.0
96.36123433214064,0.09636123433214064,2.0,40.0,0,1.0,21.0,0.0,1.0,0.0,0.0,0.0,0,0,0,0,0,0,1,0,0,0,0,0,0,0,1,0,0,0,1,0,0,0,0,0,0,0,1,Medium,33.9943342776204
115.56438146132908,0.11556438146132908,2.0,40.0,0,12.0,27.0,0.0,0.0,0.0,0.0,0.0,0,0,0,0,0,0,1,0,0,0,0,0,0,0,0,0,1,0,0,0,1,0,0,0,0,1,0,Low,0.0
22.41713859988507,0.022417138599885072,2.0,40.0,0,0.0,38.0,0.0,0.0,0.0,0.0,0.0,0,0,0,0,0,0,1,0,0,0,0,0,0,1,0,0,0,0,0,1,0,0,0,1,0,0,0,High,68.60245514636449
550.0696620561464,0.5500696620561464,2.0,40.0,0,17.0,37.0,1.0,0.0,0.0,0.0,0.0,0,0,0,0,0,0,1,0,0,0,0,0,0,0,0,1,0,1,0,0,0,0,0,0,1,0,0,Medium,49.405099150141645
227.59045026243908,0.22759045026243907,2.0,25.0,1,18.0,38.0,1.0,0.0,0.0,0.0,0.0,0,0,0,0,0,0,0,0,1,0,0,0,0,0,0,1,0,0,1,0,0,0,0,1,0,0,0,High,58.72521246458924
57.98087182528017,0.05798087182528017,2.0,40.0,0,12.0,27.0,0.0,0.0,0.0,0.0,0.0,0,0,0,0,0,0,1,0,0,0,0,0,0,0,0,0,1,0,0,0,1,0,0,0,0,1,0,Low,0.0
41.5108015882356,0.0415108015882356,2.0,40.0,0,12.0,27.0,0.0,0.0,0.0,0.0,0.0,0,0,0,0,0,0,1,0,0,0,0,0,0,0,0,0,1,0,0,0,1,0,0,0,0,1,0,Low,0.0
69.99437814213776,0.06999437814213776,2.0,40.0,0,16.0,28.0,0.0,0.0,0.0,0.0,0.0,0,0,0,0,0,0,1,0,0,0,0,0,0,0,0,1,0,0,0,1,0,0,0,1,0,0,0,Medium,49.405099150141645
32.12795535052163,0.03212795535052163,2.0,40.0,0,12.0,27.0,0.0,0.0,0.0,0.0,0.0,0,0,0,0,0,0,1,0,0,0,0,0,0,0,0,0,1,0,0,0,1,0,0,0,0,1,0,Low,0.0
6.46491207353499,0.0064649120735349895,2.0,40.0,0,12.0,27.0,0.0,0.0,0.0,0.0,0.0,0,0,0,0,0,0,1,0,0,0,0,0,0,0,0,0,1,0,0,0,1,0,0,0,0,1,0,Low,0.0
123.23249242039472,0.12323249242039472,2.0,40.0,0,12.0,27.0,0.0,0.0,0.0,0.0,0.0,0,0,0,0,0,0,0,0,1,0,0,0,0,0,0,0,1,0,0,0,1,0,0,0,0,1,0,Low,0.0
40.79330750722558,0.040793307507225575,2.0,40.0,0,13.0,26.0,0.0,0.0,0.0,0.0,0.0,0,0,0,0,0,0,0,0,1,0,0,0,0,0,0,1,0,0,1,0,0,0,0,0,1,0,0,Medium,33.9943342776204
6.08155315087591,0.006081553150875911,2.0,40.0,0,12.0,27.0,0.0,0.0,0.0,0.0,0.0,0,0,0,0,0,0,0,1,0,0,0,0,0,0,0,0,1,0,0,0,1,0,0,0,0,1,0,Low,0.0
25.974021843865675,0.025974021843865675,2.0,40.0,0,12.0,27.0,0.0,0.0,0.0,0.0,0.0,0,0,0,0,0,0,1,0,0,0,0,0,0,0,0,0,1,0,0,0,1,0,0,0,0,1,0,Low,0.0
34.72656375566344,0.034726563755663444,2.0,40.0,0,12.0,27.0,0.0,0.0,0.0,0.0,0.0,0,0,0,0,0,0,1,0,0,0,0,0,0,0,0,0,1,0,0,0,1,0,0,0,0,1,0,Low,0.0
52.29272827910553,0.052292728279105534,2.0,40.0,0,11.0,15.0,0.0,0.0,0.0,0.0,0.0,0,1,0,0,0,0,0,0,0,0,0,0,0,0,1,0,0,0,0,1,0,1,0,0,0,0,0,Medium,38.1586402266289
22.075947887642904,0.022075947887642906,2.0,40.0,0,12.0,27.0,0.0,0.0,0.0,0.0,0.0,0,0,0,0,0,0,1,0,0,0,0,0,0,0,0,0,1,0,0,0,1,0,0,0,0,1,0,Low,0.0
40.90591755782755,0.04090591755782755,2.0,40.0,0,12.0,27.0,0.0,0.0,0.0,0.0,0.0,0,0,0,0,0,0,1,0,0,0,0,0,0,0,0,0,1,0,0,0,1,0,0,0,0,1,0,Low,0.0
64.41609871368895,0.06441609871368895,2.0,40.0,0,12.0,27.0,0.0,0.0,0.0,0.0,0.0,0,0,0,0,0,0,1,0,0,0,0,0,0,0,0,0,1,0,0,0,1,0,0,0,0,1,0,Low,0.0
113.8953148234382,0.1138953148234382,2.0,40.0,0,11.0,39.0,0.0,0.0,0.0,0.0,0.0,0,0,0,0,0,0,1,0,0,0,0,0,0,0,1,0,0,0,1,0,0,0,0,0,1,0,0,Medium,43.31444759206799
149.31826971233727,0.14931826971233728,2.0,40.0,0,4.0,39.0,0.0,0.0,0.0,0.0,0.0,0,0,0,0,0,0,1,0,0,0,0,0,0,0,1,0,0,0,1,0,0,0,0,0,0,0,1,High,56.57223796033995
81.00527229878125,0.08100527229878125,2.0,40.0,0,10.0,25.0,1.0,0.0,0.0,0.0,0.0,0,0,0,0,0,0,1,0,0,0,0,0,0,0,0,1,0,1,0,0,0,0,0,0,0,0,1,High,64.97639282341832
32.023572365098715,0.032023572365098715,2.0,40.0,0,12.0,27.0,0.0,0.0,0.0,0.0,0.0,0,0,0,0,0,0,1,0,0,0,0,0,0,0,0,0,1,0,0,0,1,0,0,0,0,1,0,Low,0.0
281.4807233434183,0.2814807233434183,2.0,40.0,1,9.0,34.0,1.0,1.0,0.0,0.0,0.0,0,0,0,0,0,1,0,0,0,0,0,0,0,1,0,0,0,1,0,0,0,0,1,0,0,0,0,Medium,49.405099150141645
58.1381334937619,0.0581381334937619,2.0,40.0,0,12.0,27.0,0.0,0.0,0.0,0.0,0.0,0,0,0,0,0,0,1,0,0,0,0,0,0,0,0,0,1,0,0,0,1,0,0,0,0,1,0,Low,0.0
56.24279087647842,0.056242790876478425,2.0,40.0,0,12.0,27.0,0.0,0.0,0.0,0.0,0.0,0,0,0,0,0,0,1,0,0,0,0,0,0,0,0,0,1,0,0,0,1,0,0,0,0,1,0,Low,0.0
8.210009041971384,0.008210009041971384,2.0,40.0,0,12.0,27.0,0.0,0.0,0.0,0.0,0.0,0,0,0,0,0,0,1,0,0,0,0,0,0,0,0,0,1,0,0,0,1,0,0,0,0,1,0,Low,0.0
43.24713347106839,0.043247133471068386,2.0,40.0,0,12.0,27.0,0.0,0.0,0.0,0.0,0.0,0,0,0,0,0,0,1,0,0,0,0,0,0,0,0,0,1,0,0,0,1,0,0,0,0,1,0,Low,0.0
46.28309752906007,0.04628309752906007,2.0,40.0,1,19.0,38.0,1.0,0.0,0.0,0.0,0.0,0,0,0,0,1,0,0,0,0,0,0,0,0,1,0,0,0,0,1,0,0,0,0,1,0,0,0,Medium,49.405099150141645
154.4838666239946,0.1544838666239946,2.0,40.0,1,1.0,33.0,0.0,0.0,0.0,0.0,0.0,0,0,0,0,0,0,0,1,0,0,0,0,0,0,1,0,0,0,1,0,0,0,1,0,0,0,0,Medium,44.78753541076488
38.32176911514835,0.03832176911514835,2.0,40.0,0,12.0,27.0,0.0,0.0,0.0,0.0,0.0,0,0,0,0,0,0,1,0,0,0,0,0,0,0,0,0,1,0,0,0,1,0,0,0,0,1,0,Low,0.0
206.581955746109,0.206581955746109,2.0,40.0,0,12.0,27.0,0.0,0.0,0.0,0.0,0.0,0,0,0,0,0,0,1,0,0,0,0,0,0,0,0,0,1,0,0,0,1,0,0,0,0,1,0,Low,0.0
230.33618447256964,0.23033618447256965,2.0,40.0,0,21.0,38.0,0.0,1.0,0.0,0.0,0.0,0,0,0,0,0,0,1,0,0,0,0,0,0,1,0,0,0,1,0,0,0,0,1,0,0,0,0,Medium,44.68366383380548
46.62227433925195,0.04662227433925195,2.0,40.0,0,12.0,27.0,0.0,0.0,0.0,0.0,0.0,0,0,0,0,0,0,1,0,0,0,0,0,0,0,0,0,1,0,0,0,1,0,0,0,0,1,0,Low,0.0
72.59253655664558,0.07259253655664559,2.0,40.0,0,23.0,22.0,0.0,1.0,0.0,0.0,0.0,0,0,0,0,0,0,0,0,1,0,0,0,0,0,0,1,0,0,0,1,0,1,0,0,0,0,0,Medium,29.27289896128424
42.23622161076054,0.04223622161076054,2.0,40.0,0,12.0,27.0,0.0,0.0,0.0,0.0,0.0,0,0,0,0,0,0,1,0,0,0,0,0,0,0,0,0,1,0,0,0,1,0,0,0,0,1,0,Low,0.0
1268.0513210279344,1.2680513210279343,2.0,40.0,1,9.0,27.0,1.0,0.0,0.0,0.0,0.0,0,0,0,0,1,0,0,0,0,0,0,0,0,0,1,0,0,1,0,0,0,1,0,0,0,0,0,Medium,38.1586402266289
47.69842917284132,0.047698429172841325,2.0,40.0,0,12.0,27.0,0.0,0.0,0.0,0.0,0.0,0,0,0,0,0,0,1,0,0,0,0,0,0,0,0,0,1,0,0,0,1,0,0,0,0,1,0,Low,0.0
34.73905401351805,0.03473905401351805,2.0,40.0,0,7.0,30.5,0.0,0.0,0.0,0.0,0.0,0,0,0,0,0,0,1,0,0,0,0,0,0,0,1,0,0,0,1,0,0,0,0,0,1,0,0,Critical,86.29839471199246
116.82164275316734,0.11682164275316734,2.0,40.0,0,12.0,27.0,0.0,0.0,0.0,0.0,0.0,0,0,0,0,0,0,0,0,1,0,0,0,0,0,0,0,1,0,0,0,1,0,0,0,0,1,0,Low,0.0
111.75568811309996,0.11175568811309997,2.0,40.0,0,12.0,27.0,0.0,0.0,0.0,0.0,0.0,0,0,0,0,0,0,1,0,0,0,0,0,0,0,0,0,1,0,0,0,1,0,0,0,0,1,0,Low,0.0
343.7730175854575,0.34377301758545753,2.0,40.0,0,12.344827586206897,26.482758620689655,0.3448275862068966,0.3103448275862069,0.0,0.0,0.0,0,0,0,0,0,0,1,0,0,0,0,0,0,0,1,0,0,0,1,0,0,0,1,0,0,0,0,Critical,98.65911237016051
118.44350365238242,0.11844350365238242,2.0,40.0,0,9.0,17.0,1.0,0.0,0.0,0.0,0.0,0,0,0,0,0,0,1,0,0,0,0,0,0,0,0,1,0,0,0,1,0,0,0,0,1,0,0,Medium,44.78753541076488
96.41335899609486,0.09641335899609485,2.0,40.0,0,12.0,27.0,0.0,0.0,0.0,0.0,0.0,0,0,0,0,0,0,0,0,1,0,0,0,0,0,0,0,1,0,0,0,1,0,0,0,0,1,0,Low,0.0
159.00832003496194,0.15900832003496193,3.0,40.0,0,12.0,16.0,0.0,0.0,0.0,0.0,0.0,0,0,0,0,0,0,0,0,1,0,0,0,0,1,0,0,0,1,0,0,0,1,0,0,0,0,0,High,61.97355996222852
79.74498953505113,0.07974498953505113,2.0,40.0,0,12.0,27.0,0.0,0.0,0.0,0.0,0.0,0,0,0,0,0,0,1,0,0,0,0,0,0,0,0,0,1,0,0,0,1,0,0,0,0,1,0,Low,0.0
182.31001775635983,0.18231001775635983,2.0,40.0,0,12.0,27.0,0.0,0.0,0.0,0.0,0.0,1,0,0,0,0,0,0,0,0,0,0,0,0,0,0,0,1,0,0,0,1,0,0,0,0,1,0,Low,0.0
27.99294984793937,0.02799294984793937,2.0,40.0,0,12.0,27.0,0.0,0.0,0.0,0.0,0.0,0,0,0,0,0,0,1,0,0,0,0,0,0,0,0,0,1,0,0,0,1,0,0,0,0,1,0,Low,0.0
255.3764698151545,0.2553764698151545,2.0,25.0,0,6.0,30.0,0.0,0.0,0.0,0.0,0.0,0,0,0,0,0,0,0,0,1,0,0,0,0,0,1,0,0,1,0,0,0,1,0,0,0,0,0,Medium,38.1586402266289
182.09150788440843,0.18209150788440842,2.0,40.0,0,11.0,29.0,0.0,0.0,0.0,0.0,0.0,0,0,0,0,0,0,1,0,0,0,0,0,0,0,0,1,0,0,0,1,0,0,0,0,0,0,1,High,64.97639282341832
833.0478641254219,0.833047864125422,2.0,40.0,0,22.0,15.0,0.0,1.0,0.0,0.0,0.0,0,0,0,0,0,0,0,1,0,0,0,0,0,0,0,1,0,0,0,1,0,0,0,0,0,0,1,Medium,43.31444759206799
186.5676794930361,0.1865676794930361,2.0,40.0,0,1.0,30.0,0.0,0.0,0.0,0.0,0.0,0,0,0,0,0,0,1,0,0,0,0,0,0,0,0,1,0,1,0,0,0,1,0,0,0,0,0,High,53.56940509915015
2.995607969723137,0.002995607969723137,2.0,40.0,0,12.0,27.0,0.0,0.0,0.0,0.0,0.0,0,0,0,0,0,0,1,0,0,0,0,0,0,0,0,0,1,0,0,0,1,0,0,0,0,1,0,Low,0.0
263.1648621813797,0.2631648621813797,2.0,40.0,0,19.0,20.0,1.0,0.0,0.0,0.0,0.0,0,0,0,0,0,0,1,0,0,0,0,0,0,1,0,0,0,1,0,0,0,0,0,0,0,0,1,Medium,29.27289896128424
61.2705171345286,0.0612705171345286,2.0,40.0,0,12.0,27.0,0.0,0.0,0.0,0.0,0.0,0,0,0,0,0,0,1,0,0,0,0,0,0,0,0,0,1,0,0,0,1,0,0,0,0,1,0,Low,0.0
144.17839139897706,0.14417839139897706,2.0,40.0,0,12.0,39.0,0.0,1.0,0.0,0.0,0.0,0,0,0,0,0,0,1,0,0,0,0,0,0,1,0,0,0,0,0,1,0,0,0,0,0,0,1,Medium,44.68366383380548
170.8733463956092,0.1708733463956092,2.0,50.0,1,21.0,23.0,0.0,0.0,0.0,0.0,0.0,0,0,0,0,0,0,0,0,1,0,0,0,0,0,1,0,0,0,0,1,0,0,0,0,1,0,0,Medium,29.27289896128424
31.45939558140077,0.03145939558140077,2.0,40.0,0,12.0,27.0,0.0,0.0,0.0,0.0,0.0,0,0,0,0,0,0,1,0,0,0,0,0,0,0,0,0,1,0,0,0,1,0,0,0,0,1,0,Low,0.0
31.766671407585168,0.03176667140758517,2.0,40.0,0,12.0,27.0,0.0,0.0,0.0,0.0,0.0,0,0,0,0,0,0,1,0,0,0,0,0,0,0,0,0,1,0,0,0,1,0,0,0,0,1,0,Low,0.0
49.2224503495038,0.0492224503495038,2.0,40.0,0,12.0,27.0,0.0,0.0,0.0,0.0,0.0,0,0,0,0,0,0,1,0,0,0,0,0,0,0,0,0,1,0,0,0,1,0,0,0,0,1,0,Low,0.0
319.3416601752927,0.3193416601752927,2.0,40.0,0,0.0,39.0,0.0,0.0,0.0,0.0,0.0,0,0,0,0,0,0,0,1,0,0,0,0,0,0,0,1,0,0,1,0,0,0,1,0,0,0,0,Medium,38.1586402266289
11.626658114901398,0.011626658114901397,2.0,40.0,0,12.0,27.0,0.0,0.0,0.0,0.0,0.0,0,0,0,0,0,0,1,0,0,0,0,0,0,0,0,0,1,0,0,0,1,0,0,0,0,1,0,Low,0.0
53.87412600967739,0.05387412600967739,2.0,40.0,0,12.0,27.0,0.0,0.0,0.0,0.0,0.0,0,0,0,0,0,0,1,0,0,0,0,0,0,0,0,0,1,0,0,0,1,0,0,0,0,1,0,Low,0.0
123.4346792132075,0.1234346792132075,2.0,40.0,0,9.0,23.0,1.0,0.0,0.0,0.0,0.0,0,0,0,0,0,0,1,0,0,0,0,0,0,0,0,1,0,1,0,0,0,0,0,0,0,0,1,High,53.56940509915015
259.128722917354,0.259128722917354,2.0,40.0,1,9.0,40.0,1.0,0.0,0.0,0.0,0.0,0,0,0,0,0,0,0,0,0,0,0,0,1,0,1,0,0,1,0,0,0,0,0,1,0,0,0,Medium,29.27289896128424
3.422369356616996,0.003422369356616996,2.0,40.0,0,12.0,27.0,0.0,0.0,0.0,0.0,0.0,0,0,0,0,0,0,1,0,0,0,0,0,0,0,0,0,1,0,0,0,1,0,0,0,0,1,0,Low,0.0
35.42990567428815,0.03542990567428815,2.0,40.0,0,8.0,28.0,1.0,0.0,0.0,0.0,0.0,0,0,0,0,0,0,1,0,0,0,0,0,0,1,0,0,0,1,0,0,0,1,0,0,0,0,0,Medium,33.9943342776204
31.767465241295696,0.03176746524129569,2.0,40.0,0,12.0,27.0,0.0,0.0,0.0,0.0,0.0,0,0,0,0,0,0,1,0,0,0,0,0,0,0,0,0,1,0,0,0,1,0,0,0,0,1,0,Low,0.0
111.8844811922178,0.1118844811922178,2.0,40.0,0,11.0,30.0,0.0,1.0,0.0,0.0,0.0,0,0,0,0,0,0,1,0,0,0,0,0,0,1,0,0,0,0,1,0,0,0,0,0,0,0,1,Medium,29.27289896128424
136.05220040791414,0.13605220040791413,2.0,40.0,0,12.0,27.0,0.0,0.0,0.0,0.0,0.0,0,0,0,0,0,0,0,0,1,0,0,0,0,0,0,0,1,0,0,0,1,0,0,0,0,1,0,Low,0.0
267.6166524189374,0.2676166524189374,2.0,40.0,0,5.0,36.0,0.0,0.0,0.0,0.0,0.0,0,0,0,0,0,0,0,0,1,0,0,0,0,0,1,0,0,0,1,0,0,0,0,0,0,0,1,Medium,38.1586402266289
147.7697282724912,0.14776972827249119,2.0,40.0,0,12.0,27.0,0.0,0.0,0.0,0.0,0.0,0,0,0,0,0,0,1,0,0,0,0,0,0,0,0,0,1,0,0,0,1,0,0,0,0,1,0,Low,0.0
245.26322775681683,0.24526322775681683,2.0,40.0,0,12.0,27.0,0.0,0.0,0.0,0.0,0.0,0,0,0,0,0,0,1,0,0,0,0,0,0,0,0,0,1,0,0,0,1,0,0,0,0,1,0,Low,0.0
62.40088402810601,0.062400884028106014,2.0,40.0,0,9.0,38.0,1.0,0.0,0.0,0.0,0.0,0,0,0,0,0,0,1,0,0,0,0,0,0,0,1,0,0,0,0,1,0,0,1,0,0,0,0,Medium,44.78753541076488
734.5748580641673,0.7345748580641673,2.0,40.0,0,21.0,34.0,0.0,0.0,0.0,0.0,0.0,0,0,0,0,0,0,0,0,1,0,0,0,0,0,0,1,0,0,1,0,0,0,0,0,1,0,0,High,58.72521246458924
74.81113020897041,0.07481113020897041,2.0,40.0,0,12.0,19.0,0.0,1.0,0.0,0.0,0.0,0,0,0,0,0,0,1,0,0,0,0,0,0,1,0,0,0,0,0,1,0,0,0,0,1,0,0,Medium,33.9943342776204
26.425758868350265,0.026425758868350264,2.0,40.0,0,12.0,27.0,0.0,0.0,0.0,0.0,0.0,0,0,0,0,0,0,1,0,0,0,0,0,0,0,0,0,1,0,0,0,1,0,0,0,0,1,0,Low,0.0
255.979942045574,0.255979942045574,2.0,40.0,1,9.0,23.0,1.0,0.0,0.0,0.0,0.0,0,0,0,0,1,0,0,0,0,0,0,0,0,0,0,1,0,0,0,1,0,0,1,0,0,0,0,Medium,38.1586402266289
87.00058547762715,0.08700058547762715,2.0,40.0,0,18.0,32.0,1.0,1.0,0.0,0.0,0.0,0,0,0,0,0,0,1,0,0,0,0,0,0,0,0,1,0,1,0,0,0,0,0,0,1,0,0,Medium,33.9943342776204
14.668349490303113,0.014668349490303113,2.0,40.0,0,12.0,27.0,0.0,0.0,0.0,0.0,0.0,0,0,0,0,0,0,1,0,0,0,0,0,0,0,0,0,1,0,0,0,1,0,0,0,0,1,0,Low,0.0
110.86360133395704,0.11086360133395703,2.0,40.0,0,0.0,34.0,0.0,0.0,0.0,0.0,0.0,0,0,0,0,0,0,1,0,0,0,0,0,0,0,0,1,0,0,1,0,0,0,0,1,0,0,0,High,56.57223796033995
416.4268067099863,0.4164268067099863,2.0,40.0,0,16.0,16.0,0.0,1.0,0.0,0.0,0.0,0,0,0,0,0,0,1,0,0,0,0,0,0,1,0,0,0,0,0,1,0,0,1,0,0,0,0,Medium,33.9943342776204
61.16810510506775,0.061168105105067754,2.0,40.0,0,9.0,20.0,1.0,0.0,0.0,0.0,0.0,0,0,0,0,0,0,1,0,0,0,0,0,0,0,1,0,0,0,0,1,0,0,1,0,0,0,0,Medium,29.27289896128424
24.292762124509917,0.024292762124509915,2.0,40.0,0,12.0,27.0,0.0,0.0,0.0,0.0,0.0,0,0,0,0,0,0,1,0,0,0,0,0,0,0,0,0,1,0,0,0,1,0,0,0,0,1,0,Low,0.0
566.9966987187488,0.5669966987187488,2.0,40.0,1,5.0,37.0,0.0,0.0,0.0,0.0,0.0,0,0,0,0,0,0,0,1,0,0,0,0,0,0,1,0,0,1,0,0,0,0,1,0,0,0,0,High,57.80925401322001
173.77331034030064,0.17377331034030064,2.0,40.0,0,13.0,21.0,0.0,0.0,0.0,0.0,0.0,0,0,0,0,0,0,1,0,0,0,0,0,0,1,0,0,0,0,1,0,0,1,0,0,0,0,0,Medium,38.1586402266289
33.09861698193098,0.03309861698193098,2.0,40.0,0,12.0,27.0,0.0,0.0,0.0,0.0,0.0,0,0,0,0,0,0,1,0,0,0,0,0,0,0,0,0,1,0,0,0,1,0,0,0,0,1,0,Low,0.0
103.6452069723546,0.1036452069723546,2.0,40.0,0,15.0,17.0,0.0,0.0,0.0,0.0,0.0,0,0,0,0,0,0,1,0,0,0,0,0,0,0,1,0,0,1,0,0,0,0,1,0,0,0,0,High,56.57223796033995
53.36805155575686,0.05336805155575686,2.0,40.0,0,12.0,27.0,0.0,0.0,0.0,0.0,0.0,0,0,0,0,0,0,1,0,0,0,0,0,0,0,0,0,1,0,0,0,1,0,0,0,0,1,0,Low,0.0
336.715261773584,0.336715261773584,2.0,40.0,0,0.0,33.0,0.0,0.0,0.0,0.0,0.0,0,0,0,0,0,0,1,0,0,0,0,0,0,0,0,1,0,0,1,0,0,1,0,0,0,0,0,Medium,29.27289896128424
137.26036671661404,0.13726036671661404,2.0,40.0,0,18.0,36.0,1.0,0.0,0.0,0.0,0.0,0,0,0,0,0,0,1,0,0,0,0,0,0,0,0,1,0,0,0,1,0,0,0,0,1,0,0,High,68.60245514636449
11.843683009613375,0.011843683009613375,2.0,40.0,0,12.0,27.0,0.0,0.0,0.0,0.0,0.0,0,0,0,0,0,0,1,0,0,0,0,0,0,0,0,0,1,0,0,0,1,0,0,0,0,1,0,Low,0.0
27.740827324599174,0.027740827324599173,2.0,40.0,1,12.0,27.0,0.0,0.0,0.0,0.0,0.0,0,0,0,0,0,0,0,0,1,0,0,0,0,0,0,0,1,0,0,0,1,0,0,0,0,1,0,Low,0.0
13.212323749233605,0.013212323749233604,2.0,40.0,0,12.0,27.0,0.0,0.0,0.0,0.0,0.0,0,0,0,0,0,0,1,0,0,0,0,0,0,0,0,0,1,0,0,0,1,0,0,0,0,1,0,Low,0.0
45.680715703256304,0.045680715703256304,2.0,40.0,0,12.0,27.0,0.0,0.0,0.0,0.0,0.0,0,0,0,0,0,0,1,0,0,0,0,0,0,0,0,0,1,0,0,0,1,0,0,0,0,1,0,Low,0.0
19.418099293225765,0.019418099293225764,2.0,40.0,0,12.0,27.0,0.0,0.0,0.0,0.0,0.0,0,0,0,0,0,0,1,0,0,0,0,0,0,0,0,0,1,0,0,0,1,0,0,0,0,1,0,Low,0.0
43.96816579237151,0.043968165792371505,2.0,40.0,0,12.0,27.0,0.0,0.0,0.0,0.0,0.0,0,0,0,0,0,0,1,0,0,0,0,0,0,0,0,0,1,0,0,0,1,0,0,0,0,1,0,Low,0.0
52.58028690504259,0.05258028690504259,2.0,40.0,0,12.0,27.0,0.0,0.0,0.0,0.0,0.0,0,0,0,0,0,0,1,0,0,0,0,0,0,0,0,0,1,0,0,0,1,0,0,0,0,1,0,Low,0.0
20.906722596858767,0.020906722596858766,2.0,40.0,0,12.0,27.0,0.0,0.0,0.0,0.0,0.0,0,0,0,0,0,0,1,0,0,0,0,0,0,0,0,0,1,0,0,0,1,0,0,0,0,1,0,Low,0.0
33.452961767016376,0.03345296176701638,2.0,40.0,0,12.0,27.0,0.0,0.0,0.0,0.0,0.0,0,0,0,0,1,0,0,0,0,0,0,0,0,0,0,0,1,0,0,0,1,0,0,0,0,1,0,Low,0.0
334.3335396512261,0.3343335396512261,2.0,40.0,0,10.0,25.0,1.0,0.0,0.0,0.0,0.0,0,0,0,0,0,0,1,0,0,0,0,0,0,1,0,0,0,1,0,0,0,1,0,0,0,0,0,Medium,49.405099150141645
14.462333720128496,0.014462333720128496,2.0,40.0,0,12.0,27.0,0.0,0.0,0.0,0.0,0.0,0,0,0,0,0,0,1,0,0,0,0,0,0,0,0,0,1,0,0,0,1,0,0,0,0,1,0,Low,0.0
106.4074467304915,0.1064074467304915,2.0,40.0,0,12.0,27.0,0.0,0.0,0.0,0.0,0.0,0,0,0,0,0,0,1,0,0,0,0,0,0,0,0,0,1,0,0,0,1,0,0,0,0,1,0,Low,0.0
623.5566027338074,0.6235566027338074,2.0,40.0,0,17.666666666666668,23.0,0.3333333333333333,0.3333333333333333,0.0,0.0,0.0,0,0,0,0,0,0,1,0,0,0,0,0,0,1,0,0,0,1,0,0,0,1,0,0,0,0,0,Critical,76.25118035882909
18.792022443024205,0.018792022443024206,2.0,40.0,0,12.0,27.0,0.0,0.0,0.0,0.0,0.0,0,0,0,0,0,0,1,0,0,0,0,0,0,0,0,0,1,0,0,0,1,0,0,0,0,1,0,Low,0.0
110.28390479305934,0.11028390479305933,2.0,40.0,0,21.0,28.0,0.0,0.0,0.0,0.0,0.0,0,0,0,0,0,0,1,0,0,0,0,0,0,1,0,0,0,1,0,0,0,0,0,0,1,0,0,Medium,38.1586402266289
45.61826972227277,0.04561826972227277,2.0,40.0,1,12.11111111111111,34.0,0.0,0.3333333333333333,0.0,0.0,0.0,0,0,0,0,0,0,0,0,1,0,0,0,0,1,0,0,0,0,1,0,0,0,0,0,1,0,0,Critical,95.02360717658168
277.627915542417,0.277627915542417,2.0,40.0,1,18.0,25.0,1.0,0.0,0.0,0.0,0.0,0,0,0,0,0,0,0,0,0,0,1,0,0,0,1,0,0,1,0,0,0,0,0,1,0,0,0,Medium,38.1586402266289
246.75386873065767,0.24675386873065766,2.0,40.0,0,0.0,25.0,0.0,0.0,0.0,0.0,0.0,0,0,0,0,0,0,1,0,0,0,0,0,0,1,0,0,0,0,0,1,0,0,0,1,0,0,0,Medium,29.27289896128424
113.10859367761662,0.11310859367761662,2.0,40.0,0,4.0,19.0,0.0,0.0,0.0,0.0,0.0,0,0,0,0,0,0,0,0,1,0,0,0,0,1,0,0,0,1,0,0,0,0,0,0,0,0,1,Medium,49.405099150141645
40.28319632393576,0.04028319632393576,2.0,40.0,0,12.0,27.0,0.0,0.0,0.0,0.0,0.0,0,0,0,0,0,0,1,0,0,0,0,0,0,0,0,0,1,0,0,0,1,0,0,0,0,1,0,Low,0.0
29.18983014850822,0.029189830148508223,2.0,40.0,1,12.071428571428571,27.214285714285715,0.35714285714285715,0.35714285714285715,0.0,0.0,0.0,0,0,0,0,0,0,0,0,0,0,0,1,0,1,0,0,0,1,0,0,0,0,0,1,0,0,0,Critical,97.21435316336166
134.7396629142418,0.1347396629142418,2.0,40.0,0,12.0,27.0,0.0,0.0,0.0,0.0,0.0,0,0,0,0,0,0,1,0,0,0,0,0,0,0,0,0,1,0,0,0,1,0,0,0,0,1,0,Low,0.0
33.300773599235605,0.033300773599235604,2.0,40.0,0,12.0,27.0,0.0,0.0,0.0,0.0,0.0,0,0,0,0,0,0,1,0,0,0,0,0,0,0,0,0,1,0,0,0,1,0,0,0,0,1,0,Low,0.0
77.6405782236893,0.0776405782236893,2.0,40.0,0,12.0,27.0,0.0,0.0,0.0,0.0,0.0,0,0,0,0,0,0,1,0,0,0,0,0,0,0,0,0,1,0,0,0,1,0,0,0,0,1,0,Low,0.0
33.111943962162,0.033111943962162,2.0,40.0,0,12.0,27.0,0.0,0.0,0.0,0.0,0.0,0,0,0,0,0,0,1,0,0,0,0,0,0,0,0,0,1,0,0,0,1,0,0,0,0,1,0,Low,0.0
54.51993614891807,0.05451993614891807,2.0,40.0,0,12.0,27.0,0.0,0.0,0.0,0.0,0.0,0,0,0,0,0,0,1,0,0,0,0,0,0,0,0,0,1,0,0,0,1,0,0,0,0,1,0,Low,0.0
47.871223487114975,0.04787122348711498,2.0,40.0,0,12.0,27.0,0.0,0.0,0.0,0.0,0.0,0,0,0,0,0,0,1,0,0,0,0,0,0,0,0,0,1,0,0,0,1,0,0,0,0,1,0,Low,0.0
33.85834095354176,0.03385834095354176,2.0,40.0,0,12.0,27.0,0.0,0.0,0.0,0.0,0.0,0,0,0,0,0,0,1,0,0,0,0,0,0,0,0,0,1,0,0,0,1,0,0,0,0,1,0,Low,0.0
38.61689696884592,0.03861689696884592,2.0,40.0,0,12.0,27.0,0.0,0.0,0.0,0.0,0.0,0,0,0,0,0,0,1,0,0,0,0,0,0,0,0,0,1,0,0,0,1,0,0,0,0,1,0,Low,0.0
120.63035238685644,0.12063035238685645,2.0,40.0,1,1.0,22.0,0.0,0.0,0.0,0.0,0.0,0,0,0,0,0,0,0,1,0,0,0,0,0,1,0,0,0,0,1,0,0,0,0,0,0,0,1,Medium,29.27289896128424
17.206256844874996,0.017206256844874996,2.0,40.0,0,12.0,27.0,0.0,0.0,0.0,0.0,0.0,0,0,0,0,0,0,1,0,0,0,0,0,0,0,0,0,1,0,0,0,1,0,0,0,0,1,0,Low,0.0
92.05406010124216,0.09205406010124216,2.0,40.0,0,12.0,27.0,0.0,0.0,0.0,0.0,0.0,0,0,0,0,0,0,1,0,0,0,0,0,0,0,0,0,1,0,0,0,1,0,0,0,0,1,0,Low,0.0
5.83394916143969,0.0058339491614396895,2.0,40.0,0,12.0,27.0,0.0,0.0,0.0,0.0,0.0,0,0,0,0,0,0,0,0,1,0,0,0,0,0,0,0,1,0,0,0,1,0,0,0,0,1,0,Low,0.0
56.096649868842576,0.05609664986884257,2.0,40.0,0,12.0,27.0,0.0,0.0,0.0,0.0,0.0,0,0,0,0,0,0,1,0,0,0,0,0,0,0,0,0,1,0,0,0,1,0,0,0,0,1,0,Low,0.0
40.22965885704804,0.04022965885704804,2.0,40.0,0,12.0,27.0,0.0,0.0,0.0,0.0,0.0,0,0,0,0,0,0,0,1,0,0,0,0,0,0,0,0,1,0,0,0,1,0,0,0,0,1,0,Low,0.0
30.551526023881408,0.030551526023881406,2.0,40.0,0,12.0,27.0,0.0,0.0,0.0,0.0,0.0,0,0,0,0,0,0,1,0,0,0,0,0,0,0,0,0,1,0,0,0,1,0,0,0,0,1,0,Low,0.0
130.8890696112738,0.1308890696112738,2.0,40.0,0,12.0,27.0,0.0,0.0,0.0,0.0,0.0,0,0,0,0,0,0,1,0,0,0,0,0,0,0,0,0,1,0,0,0,1,0,0,0,0,1,0,Low,0.0
29.797400691912117,0.029797400691912116,2.0,40.0,0,12.0,27.0,0.0,0.0,0.0,0.0,0.0,0,0,0,0,0,0,1,0,0,0,0,0,0,0,0,0,1,0,0,0,1,0,0,0,0,1,0,Low,0.0
181.8394097360206,0.18183940973602059,2.0,40.0,0,10.714285714285714,25.0,0.42857142857142855,0.2857142857142857,0.0,0.0,0.0,0,0,0,0,0,0,1,0,0,0,0,0,0,1,0,0,0,1,0,0,0,1,0,0,0,0,0,Critical,95.09915014164308
13.613767779684832,0.013613767779684831,2.0,40.0,0,12.0,27.0,0.0,0.0,0.0,0.0,0.0,0,0,0,0,0,0,0,0,1,0,0,0,0,0,0,0,1,0,0,0,1,0,0,0,0,1,0,Low,0.0
37.50939753370103,0.037509397533701035,2.0,40.0,0,12.0,27.0,0.0,0.0,0.0,0.0,0.0,0,1,0,0,0,0,0,0,0,0,0,0,0,0,0,0,1,0,0,0,1,0,0,0,0,1,0,Low,0.0
76.3702053885164,0.0763702053885164,2.0,40.0,0,12.0,27.0,0.0,0.0,0.0,0.0,0.0,0,0,0,0,0,0,1,0,0,0,0,0,0,0,0,0,1,0,0,0,1,0,0,0,0,1,0,Low,0.0
200.4153927801202,0.2004153927801202,2.0,40.0,0,12.0,27.0,0.0,0.0,0.0,0.0,0.0,0,0,0,0,0,0,1,0,0,0,0,0,0,0,0,0,1,0,0,0,1,0,0,0,0,1,0,Low,0.0
168.4331583919276,0.1684331583919276,2.0,40.0,0,2.0,37.0,0.0,1.0,0.0,0.0,0.0,0,0,0,0,0,0,1,0,0,0,0,0,0,0,1,0,0,0,1,0,0,0,1,0,0,0,0,Medium,44.68366383380548
488.9160774125254,0.4889160774125254,2.0,40.0,0,16.375,30.75,0.125,0.375,0.0,0.0,0.0,0,0,0,0,0,0,1,0,0,0,0,0,0,0,0,1,0,0,1,0,0,0,0,1,0,0,0,Critical,95.30689329556184
120.56646150018132,0.12056646150018131,2.0,40.0,0,12.0,27.0,0.0,0.0,0.0,0.0,0.0,0,0,0,0,0,0,1,0,0,0,0,0,0,0,0,0,1,0,0,0,1,0,0,0,0,1,0,Low,0.0
201.8117603855843,0.2018117603855843,2.0,40.0,0,12.0,27.0,0.0,0.0,0.0,0.0,0.0,0,0,0,0,0,0,1,0,0,0,0,0,0,0,0,0,1,0,0,0,1,0,0,0,0,1,0,Low,0.0
9.46795217005127,0.00946795217005127,2.0,40.0,0,15.0,35.5,0.5,0.0,0.0,0.0,0.0,0,0,0,0,0,0,1,0,0,0,0,0,0,1,0,0,0,1,0,0,0,1,0,0,0,0,0,Critical,82.46458923512749
24.62413034795828,0.024624130347958278,2.0,40.0,0,12.0,27.0,0.0,0.0,0.0,0.0,0.0,0,0,0,0,0,0,1,0,0,0,0,0,0,0,0,0,1,0,0,0,1,0,0,0,0,1,0,Low,0.0
16.69046275774796,0.016690462757747958,2.0,40.0,0,12.0,27.0,0.0,0.0,0.0,0.0,0.0,0,0,0,0,0,0,0,1,0,0,0,0,0,0,0,0,1,0,0,0,1,0,0,0,0,1,0,Low,0.0
12.801807140641754,0.012801807140641754,2.0,40.0,0,12.0,27.0,0.0,0.0,0.0,0.0,0.0,0,0,0,0,0,0,1,0,0,0,0,0,0,0,0,0,1,0,0,0,1,0,0,0,0,1,0,Low,0.0
99.00546418376288,0.09900546418376288,1.0,40.0,1,6.0,37.0,0.0,1.0,0.0,0.0,0.0,0,0,0,0,0,0,0,0,1,0,0,0,0,0,0,1,0,0,0,1,0,0,0,0,0,0,1,Medium,33.9943342776204
76.57450971787574,0.07657450971787574,2.0,40.0,0,21.0,18.0,0.0,0.0,0.0,0.0,0.0,0,0,0,0,0,0,0,0,1,0,0,0,0,1,0,0,0,1,0,0,0,0,1,0,0,0,0,High,56.57223796033995
157.10743527476902,0.15710743527476903,2.0,40.0,0,8.0,21.0,1.0,0.0,0.0,0.0,0.0,0,0,0,0,0,0,1,0,0,0,0,0,0,1,0,0,0,1,0,0,0,0,0,0,1,0,0,Medium,49.405099150141645
23.447115898342304,0.023447115898342304,2.0,40.0,0,12.0,27.0,0.0,0.0,0.0,0.0,0.0,0,0,0,0,0,0,1,0,0,0,0,0,0,0,0,0,1,0,0,0,1,0,0,0,0,1,0,Low,0.0
61.97229191016698,0.06197229191016698,2.0,40.0,0,12.0,27.0,0.0,0.0,0.0,0.0,0.0,0,0,0,0,0,0,1,0,0,0,0,0,0,0,0,0,1,0,0,0,1,0,0,0,0,1,0,Low,0.0
71.50431071793128,0.07150431071793127,2.0,40.0,0,12.0,27.0,0.0,0.0,0.0,0.0,0.0,0,0,0,0,0,0,1,0,0,0,0,0,0,0,0,0,1,0,0,0,1,0,0,0,0,1,0,Low,0.0
27.45243528611045,0.027452435286110452,2.0,40.0,0,12.0,27.0,0.0,0.0,0.0,0.0,0.0,0,0,0,0,0,0,0,0,1,0,0,0,0,0,0,0,1,0,0,0,1,0,0,0,0,1,0,Low,0.0
22.87512815938636,0.02287512815938636,2.0,40.0,0,12.0,27.0,0.0,0.0,0.0,0.0,0.0,0,0,0,0,0,0,1,0,0,0,0,0,0,0,0,0,1,0,0,0,1,0,0,0,0,1,0,Low,0.0
33.14755450039548,0.03314755450039548,2.0,40.0,0,12.0,27.0,0.0,0.0,0.0,0.0,0.0,0,0,0,0,0,0,1,0,0,0,0,0,0,0,0,0,1,0,0,0,1,0,0,0,0,1,0,Low,0.0
47.92343023846292,0.04792343023846292,2.0,40.0,0,12.0,27.0,0.0,0.0,0.0,0.0,0.0,0,0,0,0,0,0,1,0,0,0,0,0,0,0,0,0,1,0,0,0,1,0,0,0,0,1,0,Low,0.0
61.61692042036664,0.06161692042036664,2.0,40.0,0,12.0,27.0,0.0,0.0,0.0,0.0,0.0,0,0,0,0,0,0,1,0,0,0,0,0,0,0,0,0,1,0,0,0,1,0,0,0,0,1,0,Low,0.0
40.79994852107083,0.040799948521070835,2.0,40.0,0,12.0,27.0,0.0,0.0,0.0,0.0,0.0,0,0,0,0,0,0,0,0,1,0,0,0,0,0,0,0,1,0,0,0,1,0,0,0,0,1,0,Low,0.0
108.5422154921788,0.1085422154921788,1.0,40.0,0,12.0,27.0,0.0,0.0,0.0,0.0,0.0,0,0,0,0,0,0,0,0,1,0,0,0,0,0,0,0,1,0,0,0,1,0,0,0,0,1,0,Low,0.0
39.83252820719169,0.03983252820719169,2.0,40.0,0,12.0,27.0,0.0,0.0,0.0,0.0,0.0,0,0,0,0,0,0,1,0,0,0,0,0,0,0,0,0,1,0,0,0,1,0,0,0,0,1,0,Low,0.0
22.84353252244231,0.022843532522442308,2.0,40.0,0,12.0,27.0,0.0,0.0,0.0,0.0,0.0,0,0,0,0,0,0,1,0,0,0,0,0,0,0,0,0,1,0,0,0,1,0,0,0,0,1,0,Low,0.0
46.692893898675145,0.04669289389867515,2.0,40.0,0,12.0,27.0,0.0,0.0,0.0,0.0,0.0,0,0,0,0,0,0,1,0,0,0,0,0,0,0,0,0,1,0,0,0,1,0,0,0,0,1,0,Low,0.0
11.437419675184618,0.011437419675184617,2.0,40.0,0,12.0,27.0,0.0,0.0,0.0,0.0,0.0,0,0,0,0,0,0,1,0,0,0,0,0,0,0,0,0,1,0,0,0,1,0,0,0,0,1,0,Low,0.0
91.12485553446716,0.09112485553446716,2.0,40.0,0,12.0,27.0,0.0,0.0,0.0,0.0,0.0,0,0,0,0,0,0,1,0,0,0,0,0,0,0,0,0,1,0,0,0,1,0,0,0,0,1,0,Low,0.0
46.32848836520765,0.04632848836520765,2.0,40.0,0,12.0,27.0,0.0,0.0,0.0,0.0,0.0,0,0,0,0,0,0,1,0,0,0,0,0,0,0,0,0,1,0,0,0,1,0,0,0,0,1,0,Low,0.0
85.4004851006526,0.0854004851006526,2.0,40.0,0,21.0,27.0,0.0,1.0,0.0,0.0,0.0,0,0,0,0,0,0,1,0,0,0,0,0,0,0,0,1,0,0,0,1,0,0,0,1,0,0,0,Medium,44.68366383380548
66.89314965140309,0.0668931496514031,2.0,40.0,0,13.0,27.25,1.0,0.25,0.0,0.0,0.0,0,0,0,0,0,0,1,0,0,0,0,0,0,0,0,1,0,1,0,0,0,1,0,0,0,0,0,Critical,93.7582625118036
361.735744120857,0.361735744120857,2.0,40.0,0,7.0,35.0,0.0,1.0,0.0,0.0,0.0,0,0,0,0,0,0,0,1,0,0,0,0,0,1,0,0,0,1,0,0,0,0,0,0,1,0,0,High,68.60245514636449
103.73716025690096,0.10373716025690097,2.0,40.0,0,12.0,27.0,0.0,0.0,0.0,0.0,0.0,0,0,0,0,0,0,1,0,0,0,0,0,0,0,0,0,1,0,0,0,1,0,0,0,0,1,0,Low,0.0
251.4177616017641,0.2514177616017641,2.0,40.0,0,17.0,18.0,1.0,0.0,0.0,0.0,0.0,0,0,0,0,0,0,1,0,0,0,0,0,0,0,1,0,0,0,0,1,0,0,0,0,0,0,1,Medium,44.68366383380548
144.13314146512576,0.14413314146512576,2.0,40.0,0,17.0,25.0,1.0,0.0,0.0,0.0,0.0,0,0,0,0,0,0,0,0,1,0,0,0,0,0,0,1,0,0,1,0,0,0,0,1,0,0,0,Medium,49.405099150141645
361.5617863254242,0.3615617863254242,2.0,40.0,1,3.0,31.0,0.0,0.0,0.0,0.0,0.0,0,0,0,0,0,0,0,1,0,0,0,0,0,0,1,0,0,0,1,0,0,1,0,0,0,0,0,Medium,41.1614730878187
70.98585641702371,0.07098585641702371,2.0,40.0,0,12.0,27.0,0.0,0.0,0.0,0.0,0.0,0,0,0,0,0,0,1,0,0,0,0,0,0,0,0,0,1,0,0,0,1,0,0,0,0,1,0,Low,0.0
36.62204930682323,0.03662204930682323,2.0,40.0,0,12.0,27.0,0.0,0.0,0.0,0.0,0.0,0,0,0,0,0,0,1,0,0,0,0,0,0,0,0,0,1,0,0,0,1,0,0,0,0,1,0,Low,0.0
64.25309617167582,0.06425309617167582,2.0,40.0,0,12.0,27.0,0.0,0.0,0.0,0.0,0.0,0,0,0,0,0,0,1,0,0,0,0,0,0,0,0,0,1,0,0,0,1,0,0,0,0,1,0,Low,0.0
209.0033721929,0.2090033721929,2.0,40.0,0,12.0,27.0,0.0,0.0,0.0,0.0,0.0,0,0,0,0,0,0,1,0,0,0,0,0,0,0,0,0,1,0,0,0,1,0,0,0,0,1,0,Low,0.0
176.58533452976832,0.17658533452976832,2.0,40.0,0,12.0,27.0,0.0,0.0,0.0,0.0,0.0,0,0,0,0,0,0,1,0,0,0,0,0,0,0,0,0,1,0,0,0,1,0,0,0,0,1,0,Low,0.0
118.43316866348373,0.11843316866348373,2.0,40.0,0,4.0,19.0,0.0,0.0,0.0,0.0,0.0,0,0,0,0,0,0,1,0,0,0,0,0,0,0,1,0,0,0,1,0,0,0,0,0,1,0,0,Medium,49.405099150141645
155.33733971940524,0.15533733971940525,2.0,40.0,0,12.0,27.0,0.0,0.0,0.0,0.0,0.0,0,0,0,0,0,0,1,0,0,0,0,0,0,0,0,0,1,0,0,0,1,0,0,0,0,1,0,Low,0.0
316.2494783080475,0.3162494783080475,2.0,40.0,0,2.0,19.0,0.0,0.0,0.0,0.0,0.0,0,0,0,0,0,0,1,0,0,0,0,0,0,0,0,1,0,1,0,0,0,0,0,0,1,0,0,High,56.57223796033995
30.81459631367417,0.03081459631367417,2.0,40.0,0,12.0,27.0,0.0,0.0,0.0,0.0,0.0,0,0,0,0,0,0,1,0,0,0,0,0,0,0,0,0,1,0,0,0,1,0,0,0,0,1,0,Low,0.0
45.61250225313034,0.045612502253130335,2.0,40.0,0,12.0,27.0,0.0,0.0,0.0,0.0,0.0,0,0,0,0,0,0,1,0,0,0,0,0,0,0,0,0,1,0,0,0,1,0,0,0,0,1,0,Low,0.0
28.942356686345697,0.028942356686345698,2.0,40.0,0,8.0,28.0,1.0,0.0,0.0,0.0,0.0,0,0,0,0,0,0,1,0,0,0,0,0,0,0,1,0,0,1,0,0,0,0,0,0,0,0,1,Medium,33.9943342776204
118.24519909741949,0.11824519909741948,2.0,40.0,0,12.0,27.0,0.0,0.0,0.0,0.0,0.0,0,0,0,0,0,0,1,0,0,0,0,0,0,0,0,0,1,0,0,0,1,0,0,0,0,1,0,Low,0.0
191.9903817604928,0.1919903817604928,2.0,40.0,0,12.0,27.0,0.0,0.0,0.0,0.0,0.0,0,0,0,0,0,0,1,0,0,0,0,0,0,0,0,0,1,0,0,0,1,0,0,0,0,1,0,Low,0.0
139.93485080386756,0.13993485080386756,2.0,40.0,0,0.0,35.0,0.0,0.0,0.0,0.0,0.0,0,0,0,0,0,0,1,0,0,0,0,0,0,1,0,0,0,0,1,0,0,0,0,1,0,0,0,Medium,41.1614730878187
63.00114003943688,0.06300114003943688,2.0,40.0,0,12.0,27.0,0.0,0.0,0.0,0.0,0.0,0,0,0,0,0,0,1,0,0,0,0,0,0,0,0,0,1,0,0,0,1,0,0,0,0,1,0,Low,0.0
123.4306529280774,0.1234306529280774,2.0,40.0,0,19.0,33.0,1.0,1.0,0.0,0.0,0.0,0,0,0,0,0,0,1,0,0,0,0,0,0,0,1,0,0,1,0,0,0,0,0,1,0,0,0,High,56.57223796033995
162.46284406622274,0.16246284406622274,2.0,40.0,1,0.0,20.0,0.0,1.0,0.0,0.0,0.0,0,0,0,0,0,0,0,1,0,0,0,0,0,1,0,0,0,0,1,0,0,0,0,0,0,0,1,High,61.97355996222852
96.01659002092718,0.09601659002092719,2.0,40.0,0,21.0,16.0,0.0,1.0,0.0,0.0,0.0,0,0,0,0,0,0,1,0,0,0,0,0,0,0,1,0,0,0,1,0,0,0,0,0,1,0,0,Medium,41.1614730878187
168.07837450319963,0.16807837450319962,2.0,40.0,0,12.0,27.0,0.0,0.0,0.0,0.0,0.0,0,0,0,0,0,0,1,0,0,0,0,0,0,0,0,0,1,0,0,0,1,0,0,0,0,1,0,Low,0.0
244.7765772858521,0.24477657728585211,2.0,40.0,0,8.0,28.0,1.0,0.0,0.0,0.0,0.0,0,0,0,0,0,0,1,0,0,0,0,0,0,0,1,0,0,0,1,0,0,1,0,0,0,0,0,Medium,44.68366383380548
419.5072880692445,0.41950728806924453,2.0,40.0,0,14.0,26.0,0.0,0.0,0.0,0.0,0.0,0,0,0,0,0,0,1,0,0,0,0,0,0,0,0,1,0,0,0,1,0,0,0,0,0,0,1,Medium,29.27289896128424
10.579732516002162,0.010579732516002163,2.0,40.0,0,12.0,27.0,0.0,0.0,0.0,0.0,0.0,0,0,0,0,0,0,1,0,0,0,0,0,0,0,0,0,1,0,0,0,1,0,0,0,0,1,0,Low,0.0
37.05467619515008,0.03705467619515008,2.0,40.0,0,12.0,27.0,0.0,0.0,0.0,0.0,0.0,0,0,0,0,0,0,1,0,0,0,0,0,0,0,0,0,1,0,0,0,1,0,0,0,0,1,0,Low,0.0
27.88374639597242,0.02788374639597242,2.0,40.0,0,12.0,27.0,0.0,0.0,0.0,0.0,0.0,0,0,0,0,0,0,1,0,0,0,0,0,0,0,0,0,1,0,0,0,1,0,0,0,0,1,0,Low,0.0
29.739478410493835,0.029739478410493833,2.0,40.0,1,13.0,22.0,0.0,0.0,0.0,0.0,0.0,0,0,0,0,0,0,0,0,1,0,0,0,0,0,0,1,0,0,1,0,0,0,1,0,0,0,0,Medium,33.9943342776204
23.29686649508877,0.02329686649508877,2.0,40.0,0,12.0,27.0,0.0,0.0,0.0,0.0,0.0,0,0,0,0,0,0,1,0,0,0,0,0,0,0,0,0,1,0,0,0,1,0,0,0,0,1,0,Low,0.0
805.7377223995844,0.8057377223995844,2.0,40.0,0,10.0,22.0,1.0,1.0,0.0,0.0,0.0,0,0,0,0,0,0,0,0,1,0,0,0,0,0,1,0,0,0,0,1,0,1,0,0,0,0,0,Medium,41.1614730878187
91.23163603050878,0.09123163603050878,2.0,40.0,0,19.0,34.0,1.0,0.0,0.0,0.0,0.0,0,0,0,0,0,0,1,0,0,0,0,0,0,0,1,0,0,0,0,1,0,1,0,0,0,0,0,Medium,33.9943342776204
105.66357052634676,0.10566357052634676,2.0,40.0,0,19.0,29.0,1.0,0.0,0.0,0.0,0.0,0,0,0,0,0,0,1,0,0,0,0,0,0,1,0,0,0,1,0,0,0,1,0,0,0,0,0,High,53.56940509915015
117.0102292388336,0.1170102292388336,2.0,40.0,0,6.0,30.0,0.0,0.0,0.0,0.0,0.0,0,0,0,0,0,0,1,0,0,0,0,0,0,1,0,0,0,0,0,1,0,0,0,0,0,0,1,Medium,29.27289896128424
97.06356117856808,0.09706356117856808,2.0,40.0,0,16.0,26.0,0.0,0.0,0.0,0.0,0.0,0,0,0,0,0,0,1,0,0,0,0,0,0,0,0,1,0,0,0,1,0,0,0,1,0,0,0,Medium,49.405099150141645
69.33693991476107,0.06933693991476107,2.0,40.0,0,0.0,30.0,0.0,1.0,0.0,0.0,0.0,0,0,0,0,0,0,1,0,0,0,0,0,0,1,0,0,0,0,1,0,0,0,1,0,0,0,0,Medium,44.68366383380548
64.61959618916782,0.06461959618916782,2.0,40.0,0,22.0,20.0,0.0,0.0,0.0,0.0,0.0,0,0,0,0,0,0,1,0,0,0,0,0,0,0,1,0,0,0,0,1,0,0,0,1,0,0,0,Medium,49.405099150141645
93.46128363964311,0.09346128363964311,2.0,40.0,0,12.0,27.0,0.0,0.0,0.0,0.0,0.0,0,0,0,0,0,0,1,0,0,0,0,0,0,0,0,0,1,0,0,0,1,0,0,0,0,1,0,Low,0.0
24.46189218743849,0.02446189218743849,2.0,40.0,0,12.0,27.0,0.0,0.0,0.0,0.0,0.0,0,0,0,0,0,0,1,0,0,0,0,0,0,0,0,0,1,0,0,0,1,0,0,0,0,1,0,Low,0.0
293.8403860847394,0.2938403860847394,3.0,60.0,1,13.0,24.0,0.0,0.0,0.0,0.0,0.0,0,0,0,0,0,0,0,0,0,0,1,0,0,1,0,0,0,1,0,0,0,0,0,0,1,0,0,High,57.52596789423985
713.3792793307782,0.7133792793307783,3.0,40.0,1,12.0,27.0,0.0,0.0,0.0,0.0,0.0,0,0,0,0,0,0,0,0,0,0,1,0,0,0,0,0,1,0,0,0,1,0,0,0,0,1,0,Low,0.0
72.79251972362044,0.07279251972362044,2.0,40.0,0,20.0,35.0,0.0,0.0,0.0,0.0,0.0,0,0,0,0,0,0,1,0,0,0,0,0,0,0,0,1,0,0,1,0,0,0,1,0,0,0,0,Medium,41.1614730878187
34.462972584283214,0.034462972584283214,2.0,40.0,0,12.0,27.0,0.0,0.0,0.0,0.0,0.0,0,0,0,0,0,0,1,0,0,0,0,0,0,0,0,0,1,0,0,0,1,0,0,0,0,1,0,Low,0.0
36.32311369255628,0.03632311369255627,2.0,40.0,0,3.0,31.0,0.0,0.0,0.0,0.0,0.0,0,0,0,0,0,0,1,0,0,0,0,0,0,1,0,0,0,0,1,0,0,1,0,0,0,0,0,Medium,38.1586402266289
30.72148304036489,0.030721483040364893,2.0,40.0,0,12.0,27.0,0.0,0.0,0.0,0.0,0.0,0,0,0,0,0,0,0,0,1,0,0,0,0,0,0,0,1,0,0,0,1,0,0,0,0,1,0,Low,0.0
615.8276299746182,0.6158276299746182,2.0,40.0,1,13.0,27.0,0.0,0.0,0.0,0.0,0.0,0,0,0,0,1,0,0,0,0,0,0,0,0,0,0,1,0,0,0,1,0,0,1,0,0,0,0,Medium,44.68366383380548
207.6534175933185,0.20765341759331848,2.0,40.0,0,12.0,27.0,0.0,0.0,0.0,0.0,0.0,0,0,0,0,0,0,1,0,0,0,0,0,0,0,0,0,1,0,0,0,1,0,0,0,0,1,0,Low,0.0
610.6316982030899,0.6106316982030898,2.0,40.0,0,4.0,27.0,0.0,0.0,0.0,0.0,0.0,0,0,0,0,0,0,0,0,1,0,0,0,0,0,1,0,0,0,1,0,0,0,1,0,0,0,0,High,68.60245514636449
23.67076222528209,0.02367076222528209,2.0,40.0,0,12.0,27.0,0.0,0.0,0.0,0.0,0.0,0,0,0,0,0,0,1,0,0,0,0,0,0,0,0,0,1,0,0,0,1,0,0,0,0,1,0,Low,0.0
136.31931762220756,0.13631931762220756,2.0,40.0,0,0.0,37.0,0.0,0.0,0.0,0.0,0.0,0,0,0,0,0,0,1,0,0,0,0,0,0,0,0,1,0,0,0,1,0,1,0,0,0,0,0,Medium,29.27289896128424
152.50681298658066,0.15250681298658064,2.0,40.0,0,1.0,31.0,0.0,0.0,0.0,0.0,0.0,0,0,0,0,0,0,0,0,1,0,0,0,0,1,0,0,0,0,0,1,0,0,1,0,0,0,0,High,53.56940509915015
81.38373033135211,0.08138373033135211,2.0,40.0,0,15.0,38.0,0.0,0.0,0.0,0.0,0.0,0,0,0,0,0,0,1,0,0,0,0,0,0,0,0,1,0,1,0,0,0,1,0,0,0,0,0,Medium,38.1586402266289
7.102821222761401,0.007102821222761401,2.0,40.0,0,12.0,27.0,0.0,0.0,0.0,0.0,0.0,0,0,0,0,0,0,1,0,0,0,0,0,0,0,0,0,1,0,0,0,1,0,0,0,0,1,0,Low,0.0
62.44419775058854,0.06244419775058854,2.0,40.0,0,12.0,27.0,0.0,0.0,0.0,0.0,0.0,0,0,0,0,0,0,1,0,0,0,0,0,0,0,0,0,1,0,0,0,1,0,0,0,0,1,0,Low,0.0
1003.2374761199366,1.0032374761199365,2.0,40.0,0,17.0,30.0,1.0,1.0,0.0,0.0,0.0,0,0,0,0,0,0,0,0,1,0,0,0,0,0,0,1,0,1,0,0,0,0,0,1,0,0,0,Medium,29.27289896128424
35.62188275060069,0.03562188275060069,2.0,40.0,0,14.0,25.0,0.0,0.0,0.0,0.0,0.0,0,0,0,0,0,0,1,0,0,0,0,0,0,0,1,0,0,0,0,1,0,0,0,0,1,0,0,Medium,33.9943342776204
46.40561189104657,0.04640561189104657,2.0,40.0,0,12.0,27.0,0.0,0.0,0.0,0.0,0.0,0,0,0,0,0,0,0,0,1,0,0,0,0,0,0,0,1,0,0,0,1,0,0,0,0,1,0,Low,0.0
66.59035102384469,0.0665903510238447,2.0,40.0,0,11.0,15.0,0.0,0.0,0.0,0.0,0.0,0,0,0,0,0,0,1,0,0,0,0,0,0,0,1,0,0,1,0,0,0,1,0,0,0,0,0,Medium,29.27289896128424
299.93211495407775,0.29993211495407773,2.0,40.0,0,20.0,34.0,0.5,0.5,0.0,0.0,0.0,0,0,0,0,0,0,1,0,0,0,0,0,0,1,0,0,0,0,1,0,0,0,0,0,1,0,0,High,66.41170915958452
127.78969947113237,0.12778969947113236,2.0,40.0,0,13.0,38.0,0.0,0.0,0.0,0.0,0.0,0,0,0,0,0,0,1,0,0,0,0,0,0,1,0,0,0,0,1,0,0,0,0,0,1,0,0,Medium,49.405099150141645
117.59071975815212,0.11759071975815212,2.0,40.0,0,12.0,27.0,0.0,0.0,0.0,0.0,0.0,0,0,0,0,0,0,1,0,0,0,0,0,0,0,0,0,1,0,0,0,1,0,0,0,0,1,0,Low,0.0
163.76860796732186,0.16376860796732184,2.0,40.0,0,7.0,26.0,0.0,1.0,0.0,0.0,0.0,0,0,0,0,0,0,1,0,0,0,0,0,0,1,0,0,0,0,0,1,0,0,1,0,0,0,0,Medium,29.27289896128424
69.97809637081787,0.06997809637081787,2.0,40.0,0,19.0,34.0,1.0,0.0,0.0,0.0,0.0,0,0,0,0,0,0,1,0,0,0,0,0,0,0,1,0,0,1,0,0,0,1,0,0,0,0,0,High,67.12936732766761
46.88276582271924,0.04688276582271924,2.0,40.0,0,19.0,15.0,1.0,0.0,0.0,0.0,0.0,0,0,0,0,0,0,1,0,0,0,0,0,0,1,0,0,0,0,0,1,0,0,1,0,0,0,0,Medium,33.9943342776204
208.2147516883581,0.2082147516883581,2.0,40.0,0,16.0,31.0,0.0,0.0,0.0,0.0,0.0,0,0,0,0,0,0,0,0,1,0,0,0,0,0,1,0,0,1,0,0,0,1,0,0,0,0,0,Medium,44.68366383380548
9.36240663276736,0.00936240663276736,2.0,40.0,1,10.0,30.88888888888889,0.4444444444444444,0.2222222222222222,0.0,0.0,0.0,0,0,0,0,0,0,0,1,0,0,0,0,0,1,0,0,0,1,0,0,0,0,0,0,0,0,1,Critical,95.62795089707272
54.66448213571518,0.05466448213571518,2.0,40.0,0,15.5,24.0,0.5,0.5,0.0,0.0,0.0,0,0,0,0,0,0,1,0,0,0,0,0,0,0,0,1,0,1,0,0,0,1,0,0,0,0,0,Critical,82.46458923512749
19.447428393540903,0.019447428393540904,2.0,40.0,0,12.0,27.0,0.0,0.0,0.0,0.0,0.0,0,0,0,0,0,0,1,0,0,0,0,0,0,0,0,0,1,0,0,0,1,0,0,0,0,1,0,Low,0.0
38.97852260355262,0.03897852260355262,2.0,40.0,0,12.0,27.0,0.0,0.0,0.0,0.0,0.0,0,0,0,0,0,0,1,0,0,0,0,0,0,0,0,0,1,0,0,0,1,0,0,0,0,1,0,Low,0.0
183.2354748593584,0.1832354748593584,2.0,40.0,0,10.0,31.0,1.0,0.0,0.0,0.0,0.0,0,0,0,0,0,0,1,0,0,0,0,0,0,0,1,0,0,0,0,1,0,0,1,0,0,0,0,Medium,38.1586402266289
43.88737777800223,0.04388737777800223,2.0,40.0,1,20.0,37.0,0.0,1.0,0.0,0.0,0.0,0,0,0,0,0,0,0,1,0,0,0,0,0,0,1,0,0,0,1,0,0,0,1,0,0,0,0,Medium,29.27289896128424
94.87937780234157,0.09487937780234157,2.0,40.0,0,12.0,26.0,0.0,0.0,0.0,0.0,0.0,0,0,0,0,0,0,1,0,0,0,0,0,0,1,0,0,0,0,0,1,0,0,0,1,0,0,0,High,67.12936732766761
45.34619667575782,0.045346196675757816,2.0,40.0,0,12.0,27.0,0.0,0.0,0.0,0.0,0.0,0,0,0,0,0,0,1,0,0,0,0,0,0,0,0,0,1,0,0,0,1,0,0,0,0,1,0,Low,0.0
42.319613490282144,0.04231961349028215,2.0,40.0,0,1.0,38.0,0.0,1.0,0.0,0.0,0.0,0,0,0,0,0,0,1,0,0,0,0,0,0,1,0,0,0,0,1,0,0,0,1,0,0,0,0,Medium,41.1614730878187
55.02597072334763,0.05502597072334763,2.0,40.0,0,9.428571428571429,28.714285714285715,0.2857142857142857,0.2857142857142857,0.0,0.0,0.0,0,0,0,0,0,0,1,0,0,0,0,0,0,1,0,0,0,1,0,0,0,0,0,0,0,0,1,Critical,94.62700661000945
31.194693114388905,0.031194693114388904,2.0,40.0,0,12.0,27.0,0.0,0.0,0.0,0.0,0.0,0,0,0,0,0,0,1,0,0,0,0,0,0,0,0,0,1,0,0,0,1,0,0,0,0,1,0,Low,0.0
29.870582382187123,0.029870582382187122,2.0,40.0,0,12.0,27.0,0.0,0.0,0.0,0.0,0.0,0,0,0,0,0,0,1,0,0,0,0,0,0,0,0,0,1,0,0,0,1,0,0,0,0,1,0,Low,0.0
36.87668900511827,0.03687668900511827,2.0,40.0,0,12.0,27.0,0.0,0.0,0.0,0.0,0.0,0,0,0,0,0,0,1,0,0,0,0,0,0,0,0,0,1,0,0,0,1,0,0,0,0,1,0,Low,0.0
128.429678872083,0.128429678872083,2.0,40.0,0,12.0,27.0,0.0,0.0,0.0,0.0,0.0,0,0,0,0,0,0,1,0,0,0,0,0,0,0,0,0,1,0,0,0,1,0,0,0,0,1,0,Low,0.0
154.57205027242446,0.15457205027242446,2.0,40.0,0,15.5,28.5,0.0,0.0,0.0,0.0,0.0,0,0,0,0,0,0,1,0,0,0,0,0,0,0,1,0,0,1,0,0,0,1,0,0,0,0,0,Critical,83.93767705382437
185.1729345162397,0.1851729345162397,2.0,40.0,0,12.0,27.0,0.0,0.0,0.0,0.0,0.0,0,0,0,0,0,0,1,0,0,0,0,0,0,0,0,0,1,0,0,0,1,0,0,0,0,1,0,Low,0.0
29.59523775541929,0.02959523775541929,2.0,40.0,0,12.0,27.0,0.0,0.0,0.0,0.0,0.0,0,0,0,0,0,0,1,0,0,0,0,0,0,0,0,0,1,0,0,0,1,0,0,0,0,1,0,Low,0.0
47.75617084214138,0.04775617084214138,2.0,40.0,0,17.0,15.0,1.0,0.0,0.0,0.0,0.0,0,0,0,0,0,0,1,0,0,0,0,0,0,0,1,0,0,1,0,0,0,1,0,0,0,0,0,Medium,29.27289896128424
214.698148730818,0.214698148730818,2.0,40.0,0,12.0,27.0,0.0,0.0,0.0,0.0,0.0,0,0,0,0,0,0,1,0,0,0,0,0,0,0,0,0,1,0,0,0,1,0,0,0,0,1,0,Low,0.0
67.63974814429776,0.06763974814429775,2.0,40.0,0,12.0,27.0,0.0,0.0,0.0,0.0,0.0,0,0,0,0,0,0,1,0,0,0,0,0,0,0,0,0,1,0,0,0,1,0,0,0,0,1,0,Low,0.0
230.15472249578443,0.23015472249578442,2.0,40.0,1,16.0,34.0,0.0,1.0,0.0,0.0,0.0,0,0,0,0,0,0,0,1,0,0,0,0,0,0,1,0,0,0,0,1,0,0,0,1,0,0,0,Medium,49.405099150141645
61.66551394300628,0.06166551394300628,2.0,40.0,0,12.0,27.0,0.0,0.0,0.0,0.0,0.0,0,0,0,0,0,0,0,0,1,0,0,0,0,0,0,0,1,0,0,0,1,0,0,0,0,1,0,Low,0.0
178.84939914973077,0.17884939914973078,2.0,40.0,0,2.0,25.0,0.0,1.0,0.0,0.0,0.0,0,0,0,0,0,0,1,0,0,0,0,0,0,0,0,1,0,0,1,0,0,0,0,1,0,0,0,Medium,43.31444759206799
43.18744506352848,0.04318744506352848,2.0,40.0,0,12.0,27.0,0.0,0.0,0.0,0.0,0.0,0,0,0,0,0,0,1,0,0,0,0,0,0,0,0,0,1,0,0,0,1,0,0,0,0,1,0,Low,0.0
69.92002937303518,0.06992002937303518,2.0,40.0,0,12.0,27.0,0.0,0.0,0.0,0.0,0.0,0,0,0,0,0,0,1,0,0,0,0,0,0,0,0,0,1,0,0,0,1,0,0,0,0,1,0,Low,0.0
130.42870324828945,0.13042870324828945,4.0,60.0,0,22.0,28.0,0.0,1.0,0.0,0.0,0.0,0,0,0,0,0,0,0,0,1,0,0,0,0,0,0,1,0,0,0,1,0,1,0,0,0,0,0,Medium,38.1586402266289
189.12485759403967,0.18912485759403966,2.0,40.0,0,1.0,36.0,0.0,0.0,0.0,0.0,0.0,0,0,0,0,0,0,0,0,1,0,0,0,0,0,0,1,0,0,0,1,0,0,0,1,0,0,0,Medium,38.1586402266289
24.9950505547807,0.024995050554780702,2.0,40.0,0,2.0,36.0,0.0,0.0,0.0,0.0,0.0,0,0,0,0,0,0,1,0,0,0,0,0,0,1,0,0,0,0,1,0,0,0,0,1,0,0,0,Medium,49.405099150141645
35.15966884563061,0.03515966884563061,2.0,40.0,0,13.166666666666666,30.166666666666668,0.4166666666666667,0.16666666666666666,0.0,0.0,0.0,0,0,0,0,0,0,1,0,0,0,0,0,0,1,0,0,0,0,1,0,0,0,1,0,0,0,0,Critical,96.69499527856468
79.02141055560706,0.07902141055560706,2.0,40.0,0,12.0,21.0,0.0,1.0,0.0,0.0,0.0,0,0,0,0,0,0,1,0,0,0,0,0,0,1,0,0,0,1,0,0,0,0,0,0,0,0,1,High,68.60245514636449
35.93534899581544,0.035935348995815436,2.0,40.0,0,12.0,27.0,0.0,0.0,0.0,0.0,0.0,0,0,0,0,0,0,1,0,0,0,0,0,0,0,0,0,1,0,0,0,1,0,0,0,0,1,0,Low,0.0
105.29668937518944,0.10529668937518945,2.0,40.0,0,13.0,32.0,0.0,1.0,0.0,0.0,0.0,0,0,0,0,0,0,1,0,0,0,0,0,0,0,1,0,0,0,0,1,0,0,0,0,0,0,1,Medium,29.27289896128424
35.39406744705486,0.03539406744705486,2.0,40.0,0,12.0,27.0,0.0,0.0,0.0,0.0,0.0,0,0,0,0,0,0,0,0,1,0,0,0,0,0,0,0,1,0,0,0,1,0,0,0,0,1,0,Low,0.0
92.31680917215192,0.09231680917215192,2.0,40.0,0,18.0,34.0,1.0,0.0,0.0,0.0,0.0,0,0,0,0,0,0,1,0,0,0,0,0,0,1,0,0,0,0,0,1,0,0,1,0,0,0,0,High,61.97355996222852
200.76758814466984,0.20076758814466986,2.0,40.0,0,14.0,17.0,0.0,1.0,0.0,0.0,0.0,0,0,0,0,0,0,0,0,1,0,0,0,0,1,0,0,0,0,1,0,0,0,0,1,0,0,0,Medium,41.1614730878187
41.03934575737696,0.04103934575737696,3.0,60.0,1,12.0,27.0,0.0,0.0,0.0,0.0,0.0,0,0,0,0,0,0,0,0,0,0,1,0,0,0,0,0,1,0,0,0,1,0,0,0,0,1,0,Low,0.0
487.633313891388,0.48763331389138803,2.0,40.0,0,23.0,34.0,0.0,1.0,0.0,0.0,0.0,0,0,0,0,0,0,0,0,1,0,0,0,0,0,0,1,0,0,0,1,0,0,0,0,0,0,1,Medium,49.405099150141645
38.564427136433125,0.03856442713643313,2.0,40.0,0,12.0,27.0,0.0,0.0,0.0,0.0,0.0,0,0,0,0,0,0,1,0,0,0,0,0,0,0,0,0,1,0,0,0,1,0,0,0,0,1,0,Low,0.0
25.664602797983,0.025664602797983,2.0,40.0,0,7.0,28.0,0.0,1.0,0.0,0.0,0.0,0,0,0,0,0,0,1,0,0,0,0,0,0,1,0,0,0,0,1,0,0,0,0,0,0,0,1,Medium,29.27289896128424
35.248596334865766,0.03524859633486577,2.0,40.0,0,12.0,27.0,0.0,0.0,0.0,0.0,0.0,0,0,0,0,0,0,1,0,0,0,0,0,0,0,0,0,1,0,0,0,1,0,0,0,0,1,0,Low,0.0
88.5722726458614,0.0885722726458614,2.0,40.0,0,15.0,27.0,0.0,0.0,0.0,0.0,0.0,0,1,0,0,0,0,0,0,0,0,0,0,0,0,0,1,0,0,1,0,0,0,0,0,1,0,0,High,58.72521246458924
35.16897304225683,0.03516897304225683,2.0,40.0,0,12.0,27.0,0.0,0.0,0.0,0.0,0.0,0,0,0,0,0,0,1,0,0,0,0,0,0,0,0,0,1,0,0,0,1,0,0,0,0,1,0,Low,0.0
111.11644345503694,0.11111644345503695,2.0,40.0,0,12.0,27.0,0.0,0.0,0.0,0.0,0.0,0,0,0,0,0,0,1,0,0,0,0,0,0,0,0,0,1,0,0,0,1,0,0,0,0,1,0,Low,0.0
83.78710689955533,0.08378710689955532,2.0,40.0,0,12.0,27.0,0.0,0.0,0.0,0.0,0.0,0,0,0,0,0,0,1,0,0,0,0,0,0,0,0,0,1,0,0,0,1,0,0,0,0,1,0,Low,0.0
116.51859502905272,0.11651859502905272,2.0,40.0,0,11.0,24.0,0.0,0.0,0.0,0.0,0.0,0,0,0,0,0,0,1,0,0,0,0,0,0,0,0,1,0,1,0,0,0,0,0,0,1,0,0,Medium,29.27289896128424
36.275257822060375,0.036275257822060376,2.0,40.0,0,12.0,27.0,0.0,0.0,0.0,0.0,0.0,0,0,0,0,0,0,1,0,0,0,0,0,0,0,0,0,1,0,0,0,1,0,0,0,0,1,0,Low,0.0
52.23879077368173,0.05223879077368173,2.0,40.0,0,23.0,30.0,0.0,0.0,0.0,0.0,0.0,0,0,0,0,0,0,1,0,0,0,0,0,0,0,0,1,0,1,0,0,0,1,0,0,0,0,0,Medium,33.9943342776204
100.0207787576834,0.1000207787576834,2.0,40.0,0,12.0,27.0,0.0,0.0,0.0,0.0,0.0,0,0,0,0,0,0,1,0,0,0,0,0,0,0,0,0,1,0,0,0,1,0,0,0,0,1,0,Low,0.0
112.98935013275334,0.11298935013275334,2.0,40.0,0,16.0,34.0,0.0,1.0,0.0,0.0,0.0,0,0,0,0,0,0,1,0,0,0,0,0,0,1,0,0,0,0,1,0,0,0,1,0,0,0,0,Medium,33.9943342776204
224.524802907184,0.22452480290718402,2.0,40.0,1,10.0,19.0,1.0,1.0,0.0,0.0,0.0,0,0,0,0,1,0,0,0,0,0,0,0,0,1,0,0,0,0,0,1,0,0,0,0,1,0,0,High,67.12936732766761
45.670455425716455,0.045670455425716454,2.0,40.0,0,13.0,39.0,0.0,0.0,0.0,0.0,0.0,0,0,0,0,0,0,1,0,0,0,0,0,0,0,1,0,0,0,1,0,0,0,1,0,0,0,0,Medium,38.1586402266289
42.10170133500585,0.04210170133500585,2.0,40.0,0,15.0,21.0,0.0,0.0,0.0,0.0,0.0,0,0,0,0,0,0,1,0,0,0,0,0,0,0,0,1,0,1,0,0,0,0,1,0,0,0,0,High,64.97639282341832
4.620258606652332,0.004620258606652332,2.0,40.0,0,12.0,27.0,0.0,0.0,0.0,0.0,0.0,0,0,0,0,0,0,1,0,0,0,0,0,0,0,0,0,1,0,0,0,1,0,0,0,0,1,0,Low,0.0
26.86498940734438,0.02686498940734438,2.0,40.0,0,4.0,29.0,0.0,0.0,0.0,0.0,0.0,0,0,0,0,0,0,0,0,1,0,0,0,0,1,0,0,0,0,1,0,0,0,0,0,1,0,0,High,56.57223796033995
161.236689902554,0.161236689902554,2.0,40.0,0,13.0,20.0,0.0,0.0,0.0,0.0,0.0,0,0,0,0,0,0,1,0,0,0,0,0,0,0,0,1,0,0,1,0,0,0,0,0,0,0,1,Medium,33.9943342776204
354.2980000654279,0.3542980000654279,2.0,40.0,0,6.0,27.0,0.0,0.6666666666666666,0.0,0.0,0.0,0,0,0,0,0,0,1,0,0,0,0,0,0,1,0,0,0,0,1,0,0,1,0,0,0,0,0,Critical,84.65533522190746
62.16110847005272,0.06216110847005272,2.0,40.0,0,12.0,27.0,0.0,0.0,0.0,0.0,0.0,0,0,0,0,0,0,0,0,1,0,0,0,0,0,0,0,1,0,0,0,1,0,0,0,0,1,0,Low,0.0
58.110135599533216,0.058110135599533215,2.0,40.0,1,12.0,27.0,0.0,0.0,0.0,0.0,0.0,0,0,0,0,0,0,0,0,0,0,1,0,0,0,0,0,1,0,0,0,1,0,0,0,0,1,0,Low,0.0
19.589254250411575,0.019589254250411574,2.0,40.0,0,12.0,27.0,0.0,0.0,0.0,0.0,0.0,0,0,0,0,0,0,1,0,0,0,0,0,0,0,0,0,1,0,0,0,1,0,0,0,0,1,0,Low,0.0
35.3913692658189,0.0353913692658189,2.0,40.0,0,12.0,27.0,0.0,0.0,0.0,0.0,0.0,0,0,0,0,0,0,1,0,0,0,0,0,0,0,0,0,1,0,0,0,1,0,0,0,0,1,0,Low,0.0
31.88100216355099,0.03188100216355099,2.0,40.0,0,3.0,26.0,0.0,0.0,0.0,0.0,0.0,0,0,0,0,0,0,1,0,0,0,0,0,0,0,0,1,0,0,0,1,0,1,0,0,0,0,0,Medium,49.405099150141645
33.225342498673264,0.03322534249867327,2.0,40.0,0,12.0,27.0,0.0,0.0,0.0,0.0,0.0,0,0,0,0,0,0,1,0,0,0,0,0,0,0,0,0,1,0,0,0,1,0,0,0,0,1,0,Low,0.0
316.67350568359313,0.31667350568359315,2.0,40.0,1,22.0,28.0,0.0,0.0,0.0,0.0,0.0,0,0,0,0,0,0,0,1,0,0,0,0,0,0,1,0,0,0,0,1,0,0,0,0,1,0,0,Medium,33.9943342776204
53.35656236755953,0.053356562367559535,2.0,40.0,0,13.764705882352942,24.764705882352942,0.23529411764705882,0.17647058823529413,0.0,0.0,0.0,0,0,0,0,0,0,1,0,0,0,0,0,0,0,1,0,0,1,0,0,0,0,0,0,0,0,1,Critical,97.85646836638338
20.247332229096088,0.02024733222909609,2.0,40.0,0,12.0,27.0,0.0,0.0,0.0,0.0,0.0,0,0,0,0,0,0,1,0,0,0,0,0,0,0,0,0,1,0,0,0,1,0,0,0,0,1,0,Low,0.0
51.37451987615589,0.051374519876155884,2.0,40.0,0,12.0,27.0,0.0,0.0,0.0,0.0,0.0,0,0,0,0,0,0,1,0,0,0,0,0,0,0,0,0,1,0,0,0,1,0,0,0,0,1,0,Low,0.0
103.30452851800524,0.10330452851800524,2.0,40.0,0,12.0,27.0,0.0,0.0,0.0,0.0,0.0,0,0,0,0,0,0,1,0,0,0,0,0,0,0,0,0,1,0,0,0,1,0,0,0,0,1,0,Low,0.0
115.28546051634682,0.11528546051634682,2.0,40.0,0,12.0,27.0,0.0,0.0,0.0,0.0,0.0,0,0,0,0,0,0,1,0,0,0,0,0,0,0,0,0,1,0,0,0,1,0,0,0,0,1,0,Low,0.0
140.2282473350006,0.14022824733500058,2.0,40.0,0,12.0,27.0,0.0,0.0,0.0,0.0,0.0,0,0,0,0,0,0,1,0,0,0,0,0,0,0,0,0,1,0,0,0,1,0,0,0,0,1,0,Low,0.0
103.96331782338378,0.10396331782338378,2.0,40.0,0,13.0,40.0,0.0,0.0,0.0,0.0,0.0,0,0,0,0,0,0,0,0,1,0,0,0,0,0,0,1,0,0,1,0,0,0,0,0,1,0,0,Medium,33.9943342776204
81.55533144947498,0.08155533144947498,2.0,40.0,0,1.0,32.0,0.0,1.0,0.0,0.0,0.0,0,0,0,0,0,0,0,0,1,0,0,0,0,1,0,0,0,0,1,0,0,0,0,0,0,0,1,Medium,29.27289896128424
55.31839378757361,0.05531839378757361,2.0,40.0,0,12.0,27.0,0.0,0.0,0.0,0.0,0.0,0,0,0,0,0,0,1,0,0,0,0,0,0,0,0,0,1,0,0,0,1,0,0,0,0,1,0,Low,0.0
36.34446957794321,0.03634446957794321,2.0,40.0,0,21.0,40.0,0.0,0.0,0.0,0.0,0.0,0,0,0,0,0,0,1,0,0,0,0,0,0,1,0,0,0,0,0,1,0,0,0,0,0,0,1,Medium,38.1586402266289
213.32392608479432,0.21332392608479434,2.0,40.0,0,6.0,31.0,0.0,0.0,0.0,0.0,0.0,0,0,0,0,0,0,0,0,1,0,0,0,0,0,0,1,0,1,0,0,0,1,0,0,0,0,0,Medium,41.1614730878187
22.55902041878283,0.02255902041878283,2.0,40.0,0,12.0,27.0,0.0,0.0,0.0,0.0,0.0,0,0,0,0,0,0,1,0,0,0,0,0,0,0,0,0,1,0,0,0,1,0,0,0,0,1,0,Low,0.0
39.63026499908005,0.039630264999080046,2.0,40.0,0,12.0,27.0,0.0,0.0,0.0,0.0,0.0,0,0,0,0,0,0,1,0,0,0,0,0,0,0,0,0,1,0,0,0,1,0,0,0,0,1,0,Low,0.0
42.84558925937711,0.042845589259377106,2.0,40.0,0,12.0,27.0,0.0,0.0,0.0,0.0,0.0,0,0,0,0,0,0,1,0,0,0,0,0,0,0,0,0,1,0,0,0,1,0,0,0,0,1,0,Low,0.0
28.32793632177696,0.02832793632177696,2.0,40.0,0,12.0,27.0,0.0,0.0,0.0,0.0,0.0,0,0,0,0,0,0,1,0,0,0,0,0,0,0,0,0,1,0,0,0,1,0,0,0,0,1,0,Low,0.0
378.4272610315056,0.37842726103150565,2.0,40.0,1,2.0,25.0,0.0,1.0,0.0,0.0,0.0,0,0,0,0,0,0,0,0,1,0,0,0,0,0,1,0,0,0,1,0,0,0,1,0,0,0,0,Medium,41.1614730878187
18.94205953131387,0.01894205953131387,2.0,40.0,0,12.0,27.0,0.0,0.0,0.0,0.0,0.0,0,0,0,0,0,0,1,0,0,0,0,0,0,0,0,0,1,0,0,0,1,0,0,0,0,1,0,Low,0.0
47.03130009684124,0.04703130009684124,2.0,40.0,0,5.5,20.0,0.5,0.0,0.0,0.0,0.0,0,0,0,0,0,0,1,0,0,0,0,0,0,0,1,0,0,0,1,0,0,1,0,0,0,0,0,High,68.42304060434373
55.95240184625804,0.05595240184625804,2.0,40.0,0,12.0,18.0,0.0,0.0,0.0,0.0,0.0,0,0,0,0,0,0,0,1,0,0,0,0,0,0,0,1,0,1,0,0,0,0,1,0,0,0,0,High,61.97355996222852
14.053050917905086,0.014053050917905086,2.0,40.0,0,12.0,27.0,0.0,0.0,0.0,0.0,0.0,0,0,0,0,0,0,1,0,0,0,0,0,0,0,0,0,1,0,0,0,1,0,0,0,0,1,0,Low,0.0
53.14650564525244,0.05314650564525244,2.0,40.0,1,3.0,33.0,0.0,1.0,0.0,0.0,0.0,0,0,0,0,0,0,0,0,1,0,0,0,0,1,0,0,0,0,1,0,0,1,0,0,0,0,0,High,53.56940509915015
358.806628679503,0.35880662867950297,2.0,40.0,0,3.0,35.0,0.0,0.0,0.0,0.0,0.0,0,0,0,0,0,0,0,0,1,0,0,0,0,0,0,1,0,0,1,0,0,0,0,1,0,0,0,High,64.97639282341832
175.6737566977658,0.1756737566977658,2.0,40.0,0,22.0,29.0,0.0,1.0,0.0,0.0,0.0,0,0,0,0,0,0,0,1,0,0,0,0,0,0,1,0,0,0,1,0,0,0,0,0,0,0,1,Medium,44.78753541076488
275.5228411126021,0.2755228411126021,2.0,40.0,0,10.0,16.0,1.0,0.0,0.0,0.0,0.0,0,0,0,0,0,0,1,0,0,0,0,0,0,1,0,0,0,0,0,1,0,0,0,1,0,0,0,Medium,38.1586402266289
30.204306330584007,0.03020430633058401,2.0,40.0,0,15.0,25.0,0.0,0.0,0.0,0.0,0.0,0,0,0,0,0,0,1,0,0,0,0,0,0,1,0,0,0,0,0,1,0,0,0,0,0,0,1,Medium,29.27289896128424
121.0241793780321,0.1210241793780321,2.0,40.0,0,23.0,22.0,0.0,0.0,0.0,0.0,0.0,0,0,0,0,0,0,1,0,0,0,0,0,0,0,1,0,0,1,0,0,0,1,0,0,0,0,0,Medium,44.68366383380548
49.14951494181062,0.04914951494181062,2.0,40.0,0,12.0,27.0,0.0,0.0,0.0,0.0,0.0,0,0,0,0,0,0,1,0,0,0,0,0,0,0,0,0,1,0,0,0,1,0,0,0,0,1,0,Low,0.0
419.2153951383521,0.4192153951383521,2.0,40.0,1,14.0,27.0,0.0,1.0,0.0,0.0,0.0,0,0,0,0,0,0,0,0,1,0,0,0,0,0,1,0,0,0,1,0,0,0,1,0,0,0,0,High,53.56940509915015
174.50846648289084,0.17450846648289084,2.0,20.0,0,21.0,28.0,0.0,1.0,0.0,0.0,0.0,0,0,0,0,0,0,1,0,0,0,0,0,0,1,0,0,0,1,0,0,0,1,0,0,0,0,0,Medium,43.31444759206799
96.35131826967093,0.09635131826967093,2.0,40.0,0,1.0,33.0,0.0,0.0,0.0,0.0,0.0,0,0,0,0,0,0,1,0,0,0,0,0,0,0,0,1,0,0,1,0,0,0,1,0,0,0,0,Medium,38.1586402266289
50.73133286638016,0.05073133286638016,2.0,40.0,0,15.666666666666666,31.0,0.0,0.6666666666666666,0.0,0.0,0.0,0,0,0,0,0,0,1,0,0,0,0,0,0,1,0,0,0,0,1,0,0,1,0,0,0,0,0,Critical,90.28328611898016
196.36536093079465,0.19636536093079465,2.0,40.0,0,12.0,27.0,0.0,0.0,0.0,0.0,0.0,0,0,0,0,0,0,1,0,0,0,0,0,0,0,0,0,1,0,0,0,1,0,0,0,0,1,0,Low,0.0
99.89979508094984,0.09989979508094984,2.0,40.0,0,12.0,27.0,0.0,0.0,0.0,0.0,0.0,0,0,0,0,0,0,1,0,0,0,0,0,0,0,0,0,1,0,0,0,1,0,0,0,0,1,0,Low,0.0
139.12693659567515,0.13912693659567515,2.0,40.0,0,12.0,27.0,0.0,0.0,0.0,0.0,0.0,0,0,0,0,0,0,1,0,0,0,0,0,0,0,0,0,1,0,0,0,1,0,0,0,0,1,0,Low,0.0
15.02904494496292,0.015029044944962919,2.0,40.0,0,12.0,27.0,0.0,0.0,0.0,0.0,0.0,0,0,0,0,0,0,0,1,0,0,0,0,0,0,0,0,1,0,0,0,1,0,0,0,0,1,0,Low,0.0
27.016978218476744,0.027016978218476744,2.0,40.0,0,19.0,24.0,1.0,0.0,0.0,0.0,0.0,0,0,0,0,0,0,1,0,0,0,0,0,0,1,0,0,0,1,0,0,0,0,0,1,0,0,0,Medium,38.1586402266289
67.04157571409982,0.06704157571409983,2.0,40.0,0,12.0,27.0,0.0,0.0,0.0,0.0,0.0,0,0,0,0,0,0,1,0,0,0,0,0,0,0,0,0,1,0,0,0,1,0,0,0,0,1,0,Low,0.0
128.1558897852837,0.1281558897852837,2.0,40.0,0,12.0,27.0,0.0,0.0,0.0,0.0,0.0,0,0,0,0,0,0,1,0,0,0,0,0,0,0,0,0,1,0,0,0,1,0,0,0,0,1,0,Low,0.0
34.17678006348162,0.03417678006348162,2.0,40.0,0,12.0,27.0,0.0,0.0,0.0,0.0,0.0,0,0,0,0,0,0,1,0,0,0,0,0,0,0,0,0,1,0,0,0,1,0,0,0,0,1,0,Low,0.0
220.13569059436105,0.22013569059436106,2.0,40.0,0,23.0,22.0,0.0,0.0,0.0,0.0,0.0,0,0,0,0,0,0,0,0,1,0,0,0,0,0,0,1,0,0,1,0,0,1,0,0,0,0,0,Medium,41.1614730878187
23.279023074530883,0.023279023074530884,2.0,40.0,0,12.0,27.0,0.0,0.0,0.0,0.0,0.0,0,0,0,0,0,0,1,0,0,0,0,0,0,0,0,0,1,0,0,0,1,0,0,0,0,1,0,Low,0.0
33.857932045718165,0.033857932045718166,2.0,40.0,0,5.0,26.0,0.0,1.0,0.0,0.0,0.0,0,0,0,0,0,0,0,1,0,0,0,0,0,0,1,0,0,0,1,0,0,0,0,0,0,0,1,Medium,49.405099150141645
33.2595135312627,0.0332595135312627,2.0,40.0,0,12.0,19.0,0.0,0.0,0.0,0.0,0.0,0,0,0,0,0,0,1,0,0,0,0,0,0,0,1,0,0,0,1,0,0,0,0,1,0,0,0,High,56.57223796033995
216.9934099581629,0.2169934099581629,2.0,25.0,1,13.0,18.0,0.0,0.0,0.0,0.0,0.0,0,0,0,0,0,0,0,0,1,0,0,0,0,0,0,1,0,1,0,0,0,0,0,0,1,0,0,Medium,44.68366383380548
48.00746307409977,0.04800746307409977,2.0,40.0,0,12.0,27.0,0.0,0.0,0.0,0.0,0.0,0,0,0,0,0,0,1,0,0,0,0,0,0,0,0,0,1,0,0,0,1,0,0,0,0,1,0,Low,0.0
122.31063979651982,0.12231063979651982,2.0,40.0,0,12.4,27.2,0.6,0.2,0.0,0.0,0.0,0,0,0,0,0,0,1,0,0,0,0,0,0,1,0,0,0,1,0,0,0,0,0,0,1,0,0,Critical,94.0982058545798
432.7239524968334,0.43272395249683343,2.0,40.0,1,14.0,25.333333333333332,0.3333333333333333,0.0,0.0,0.0,0.0,0,0,0,0,0,0,0,1,0,0,0,0,0,1,0,0,0,1,0,0,0,1,0,0,0,0,0,Critical,88.98016997167139
35.45265217112275,0.03545265217112275,2.0,40.0,0,12.0,27.0,0.0,0.0,0.0,0.0,0.0,0,0,0,0,0,0,1,0,0,0,0,0,0,0,0,0,1,0,0,0,1,0,0,0,0,1,0,Low,0.0
22.24160624093972,0.02224160624093972,2.0,40.0,0,12.0,27.0,0.0,0.0,0.0,0.0,0.0,0,0,0,0,0,0,1,0,0,0,0,0,0,0,0,0,1,0,0,0,1,0,0,0,0,1,0,Low,0.0
76.12102316368124,0.07612102316368125,2.0,40.0,0,10.5,23.5,0.5,0.5,0.0,0.0,0.0,0,0,0,0,0,0,1,0,0,0,0,0,0,1,0,0,0,1,0,0,0,0,0,1,0,0,0,Critical,90.62322946175638
20.192994150410467,0.020192994150410468,2.0,40.0,0,12.0,27.0,0.0,0.0,0.0,0.0,0.0,0,0,0,0,0,0,1,0,0,0,0,0,0,0,0,0,1,0,0,0,1,0,0,0,0,1,0,Low,0.0
488.9046697688633,0.4889046697688633,2.0,40.0,1,5.0,18.0,0.0,1.0,0.0,0.0,0.0,0,0,0,0,0,0,0,0,1,0,0,0,0,1,0,0,0,1,0,0,0,0,0,0,0,0,1,Medium,33.9943342776204
7.606631472831294,0.007606631472831294,2.0,40.0,0,12.0,27.0,0.0,0.0,0.0,0.0,0.0,0,0,0,0,0,0,1,0,0,0,0,0,0,0,0,0,1,0,0,0,1,0,0,0,0,1,0,Low,0.0
27.21736418544675,0.027217364185446753,2.0,40.0,0,9.0,31.0,1.0,1.0,0.0,0.0,0.0,0,0,0,0,0,0,1,0,0,0,0,0,0,1,0,0,0,1,0,0,0,1,0,0,0,0,0,Medium,49.405099150141645
116.8121600319272,0.11681216003192721,2.0,40.0,0,2.0,22.0,0.0,1.0,0.0,0.0,0.0,0,0,0,0,0,0,0,0,1,0,0,0,0,0,0,1,0,1,0,0,0,1,0,0,0,0,0,Medium,38.1586402266289
213.70837796279253,0.21370837796279252,2.0,40.0,0,16.0,39.0,0.0,1.0,0.0,0.0,0.0,0,0,0,0,0,0,1,0,0,0,0,0,0,1,0,0,0,0,1,0,0,0,0,0,0,0,1,Medium,29.27289896128424
140.541390862304,0.14054139086230402,2.0,40.0,0,6.0,18.0,0.0,0.0,0.0,0.0,0.0,0,0,0,0,0,0,0,1,0,0,0,0,0,0,0,1,0,0,1,0,0,0,1,0,0,0,0,Medium,29.27289896128424
24.038933752102267,0.024038933752102268,2.0,40.0,0,12.0,27.0,0.0,0.0,0.0,0.0,0.0,0,0,0,0,0,0,1,0,0,0,0,0,0,0,0,0,1,0,0,0,1,0,0,0,0,1,0,Low,0.0
75.01068715315822,0.07501068715315821,2.0,40.0,0,8.0,28.0,1.0,0.0,0.0,0.0,0.0,0,0,0,0,0,0,1,0,0,0,0,0,0,0,0,1,0,0,0,1,0,0,1,0,0,0,0,Medium,41.1614730878187
80.86599160948613,0.08086599160948613,2.0,40.0,0,12.0,27.0,0.0,0.0,0.0,0.0,0.0,0,0,0,0,0,0,1,0,0,0,0,0,0,0,0,0,1,0,0,0,1,0,0,0,0,1,0,Low,0.0
41.58795939001213,0.04158795939001213,2.0,40.0,0,16.0,29.0,0.0,1.0,0.0,0.0,0.0,0,0,0,0,0,0,1,0,0,0,0,0,0,1,0,0,0,0,0,1,0,0,0,0,1,0,0,Medium,33.9943342776204
195.96900232220992,0.19596900232220993,2.0,60.0,1,10.571428571428571,28.357142857142858,0.21428571428571427,0.42857142857142855,0.0,0.0,0.0,0,0,0,0,0,0,0,0,0,0,1,0,0,0,0,1,0,0,1,0,0,0,0,1,0,0,0,Critical,96.98772426817752
33.65302119964366,0.03365302119964366,2.0,40.0,0,12.0,27.0,0.0,0.0,0.0,0.0,0.0,0,0,0,0,0,0,1,0,0,0,0,0,0,0,0,0,1,0,0,0,1,0,0,0,0,1,0,Low,0.0
20.060832005856764,0.020060832005856764,2.0,40.0,0,18.5,35.0,0.0,0.5,0.0,0.0,0.0,0,0,0,0,0,0,1,0,0,0,0,0,0,0,1,0,0,1,0,0,0,1,0,0,0,0,0,High,74.409820585458
51.335565442250456,0.05133556544225046,2.0,40.0,0,6.0,38.0,0.0,0.0,0.0,0.0,0.0,0,0,0,0,0,0,1,0,0,0,0,0,0,0,0,1,0,0,0,1,0,0,0,1,0,0,0,Medium,33.9943342776204
19.880609707549684,0.019880609707549686,2.0,40.0,0,12.0,27.0,0.0,0.0,0.0,0.0,0.0,0,0,0,0,0,0,1,0,0,0,0,0,0,0,0,0,1,0,0,0,1,0,0,0,0,1,0,Low,0.0
28.9664734553303,0.028966473455330297,2.0,40.0,0,12.0,27.0,0.0,0.0,0.0,0.0,0.0,0,0,0,0,0,0,1,0,0,0,0,0,0,0,0,0,1,0,0,0,1,0,0,0,0,1,0,Low,0.0
53.33436174782456,0.053334361747824556,2.0,40.0,0,14.0,16.0,0.0,1.0,0.0,0.0,0.0,0,0,0,0,0,0,1,0,0,0,0,0,0,1,0,0,0,0,0,1,0,0,0,1,0,0,0,Medium,38.1586402266289
55.914109194528734,0.05591410919452874,2.0,40.0,0,13.0,21.142857142857142,0.2857142857142857,0.0,0.0,0.0,0.0,0,0,0,0,0,0,1,0,0,0,0,0,0,1,0,0,0,0,1,0,0,0,0,0,1,0,0,Critical,91.9830028328612
118.79988276601536,0.11879988276601536,2.0,40.0,0,12.0,27.0,0.0,0.0,0.0,0.0,0.0,0,0,0,0,0,0,1,0,0,0,0,0,0,0,0,0,1,0,0,0,1,0,0,0,0,1,0,Low,0.0
35.29070139443764,0.03529070139443764,2.0,40.0,0,12.0,27.0,0.0,0.0,0.0,0.0,0.0,0,0,0,0,0,0,1,0,0,0,0,0,0,0,0,0,1,0,0,0,1,0,0,0,0,1,0,Low,0.0
193.55936494895136,0.19355936494895135,2.0,40.0,0,21.0,24.0,0.0,0.0,0.0,0.0,0.0,0,0,0,0,0,0,1,0,0,0,0,0,0,1,0,0,0,0,1,0,0,0,0,0,0,0,1,High,53.56940509915015
30.60326031813331,0.030603260318133308,2.0,40.0,0,12.0,27.0,0.0,0.0,0.0,0.0,0.0,0,0,0,0,0,0,1,0,0,0,0,0,0,0,0,0,1,0,0,0,1,0,0,0,0,1,0,Low,0.0
61.15901905997757,0.06115901905997757,2.0,40.0,0,1.0,33.0,0.0,0.0,0.0,0.0,0.0,0,0,0,0,0,0,1,0,0,0,0,0,0,1,0,0,0,0,1,0,0,1,0,0,0,0,0,Medium,33.9943342776204
141.06647653814838,0.14106647653814838,2.0,40.0,0,12.0,27.0,0.0,0.0,0.0,0.0,0.0,0,0,0,0,0,0,1,0,0,0,0,0,0,0,0,0,1,0,0,0,1,0,0,0,0,1,0,Low,0.0
90.46453234468092,0.09046453234468092,2.0,40.0,0,23.0,25.0,0.0,1.0,0.0,0.0,0.0,0,0,0,0,0,0,1,0,0,0,0,0,0,0,0,1,0,1,0,0,0,0,0,0,0,0,1,High,57.80925401322001
37.38082748490167,0.03738082748490167,2.0,40.0,0,12.0,27.0,0.0,0.0,0.0,0.0,0.0,0,0,0,0,0,0,1,0,0,0,0,0,0,0,0,0,1,0,0,0,1,0,0,0,0,1,0,Low,0.0
45.12080388485643,0.045120803884856425,2.0,40.0,0,12.0,27.0,0.0,0.0,0.0,0.0,0.0,0,0,0,0,0,0,1,0,0,0,0,0,0,0,0,0,1,0,0,0,1,0,0,0,0,1,0,Low,0.0
82.84640973785858,0.08284640973785858,2.0,40.0,0,12.0,27.0,0.0,0.0,0.0,0.0,0.0,0,0,0,0,0,0,1,0,0,0,0,0,0,0,0,0,1,0,0,0,1,0,0,0,0,1,0,Low,0.0
150.11220972006015,0.15011220972006015,2.0,40.0,0,12.0,27.0,0.0,0.0,0.0,0.0,0.0,0,0,0,0,0,0,1,0,0,0,0,0,0,0,0,0,1,0,0,0,1,0,0,0,0,1,0,Low,0.0
32.46602104370146,0.03246602104370146,2.0,40.0,0,12.0,28.0,0.0,0.0,0.0,0.0,0.0,0,0,0,0,0,0,1,0,0,0,0,0,0,0,0,1,0,1,0,0,0,0,0,1,0,0,0,Medium,33.9943342776204
