u,v,key,accident_count,severity_score,total_casualties,frequency_norm,severity_norm,casualty_norm,risk_score,risk_level,road_length,highway,lanes,maxspeed,oneway
62011481,334473795,0,1,1,0,0.0,0.0,0.0,0.0,Low,174.5377488198285,residential,2,,True
247974066,247974064,0,1,1,2,0.0,0.0,0.009389671361502348,0.18779342723004697,Low,277.627915542417,trunk,2,,True
248459812,248459811,0,1,1,1,0.0,0.0,0.004694835680751174,0.09389671361502348,Low,187.35522397938067,secondary,2,25,True
248459877,248455485,0,1,1,0,0.0,0.0,0.0,0.0,Low,113.19620720360308,primary,,40,True
248525409,10289145755,0,1,1,0,0.0,0.0,0.0,0.0,Low,212.37590027848447,primary,2,,True
248810153,503975983,0,1,3,3,0.0,0.007434944237918215,0.014084507042253521,0.5790879103617991,Low,120.77905083862859,residential,,,False
249075659,303935969,0,1,1,1,0.0,0.0,0.004694835680751174,0.09389671361502348,Low,209.64147750351086,secondary,,,True
249137583,1277414198,0,1,1,0,0.0,0.0,0.0,0.0,Low,115.32273046791177,residential,,,False
249585508,3533173819,0,1,3,1,0.0,0.007434944237918215,0.004694835680751174,0.3912944831317521,Low,46.28309752906007,primary,,,True
249775639,4830093914,0,1,3,1,0.0,0.007434944237918215,0.004694835680751174,0.3912944831317521,Low,50.843394803937194,residential,,,False
251104952,325107559,0,1,1,4,0.0,0.0,0.018779342723004695,0.37558685446009393,Low,427.2426178117555,tertiary,2,30,True
251106828,251106717,0,1,1,1,0.0,0.0,0.004694835680751174,0.09389671361502348,Low,662.4216781085174,residential,,30,False
254665655,10121050217,0,1,1,2,0.0,0.0,0.009389671361502348,0.18779342723004697,Low,346.5836621198856,primary,2,,True
264845751,2206930282,0,1,1,5,0.0,0.0,0.023474178403755867,0.4694835680751174,Low,175.6737566977658,secondary,2,,False
266274986,10094586223,0,1,1,4,0.0,0.0,0.018779342723004695,0.37558685446009393,Low,178.84939914973077,residential,,,False
267216122,267216110,0,3,7,6,0.016260162601626018,0.022304832713754646,0.028169014084507043,2.1059800943053673,Low,320.74792588240956,tertiary,2,,False
267217102,267217059,0,1,1,0,0.0,0.0,0.0,0.0,Low,663.449752967844,secondary,,,True
272717139,3034593622,0,1,5,3,0.0,0.01486988847583643,0.014084507042253521,0.8764856798785278,Low,130.4691319597073,residential,,,False
287899763,287897029,0,1,1,5,0.0,0.0,0.023474178403755867,0.4694835680751174,Low,287.30529595387446,tertiary,,,False
292563598,11888184756,0,30,62,39,0.23577235772357724,0.22676579925650558,0.18309859154929578,22.163498110189227,Low,17.86430103110427,secondary,,,True
292569173,7465485353,0,1,1,2,0.0,0.0,0.009389671361502348,0.18779342723004697,Low,96.35131826967091,residential,,,False
292571164,292571165,0,1,1,0,0.0,0.0,0.0,0.0,Low,140.541390862304,secondary,2,,False
298774979,269699408,0,1,3,0,0.0,0.007434944237918215,0.0,0.29739776951672864,Low,181.78666209747422,residential,2,,False
298774979,269699862,0,1,5,2,0.0,0.01486988847583643,0.009389671361502348,0.7825889662635042,Low,125.94560994015339,residential,,,False
298830791,298774979,0,1,3,0,0.0,0.007434944237918215,0.0,0.29739776951672864,Low,360.83868919876835,residential,2,,False
303916736,303916859,0,1,3,3,0.0,0.007434944237918215,0.014084507042253521,0.5790879103617991,Low,262.1582013613282,residential,,,False
303975877,459820551,0,1,3,3,0.0,0.007434944237918215,0.014084507042253521,0.5790879103617991,Low,38.18298262149907,residential,,,False
306587086,1088037381,0,1,1,0,0.0,0.0,0.0,0.0,Low,267.7114255856764,tertiary,,,True
306589626,3931954080,0,1,1,0,0.0,0.0,0.0,0.0,Low,135.66698606575312,secondary,2,,False
306617098,266276754,0,1,1,2,0.0,0.0,0.009389671361502348,0.18779342723004697,Low,121.92150770117105,residential,,,False
308063937,10081235960,0,1,3,1,0.0,0.007434944237918215,0.004694835680751174,0.3912944831317521,Low,1696.356320419458,secondary,,,False
308229996,11446070485,0,1,1,0,0.0,0.0,0.0,0.0,Low,95.22321167545519,tertiary,2,,True
308230869,960247494,0,1,5,3,0.0,0.01486988847583643,0.014084507042253521,0.8764856798785278,Low,26.8960958223504,secondary,2,40,False
308231942,426941479,0,1,1,2,0.0,0.0,0.009389671361502348,0.18779342723004697,Low,140.15538226455504,secondary,,,False
308448870,960247083,0,1,1,0,0.0,0.0,0.0,0.0,Low,81.55533144947498,tertiary,,,False
308448881,959253530,0,1,3,0,0.0,0.007434944237918215,0.0,0.29739776951672864,Low,186.04990932875393,residential,,,False
308448882,959510088,0,1,1,3,0.0,0.0,0.014084507042253521,0.28169014084507044,Low,99.7473373393118,secondary,2,,False
308461043,362471357,0,1,1,4,0.0,0.0,0.018779342723004695,0.37558685446009393,Low,164.0392368773857,residential,,,False
308466204,2550219096,0,1,3,2,0.0,0.007434944237918215,0.009389671361502348,0.4851911967467756,Low,115.41899620931784,residential,,,False
308468446,308468528,0,1,3,1,0.0,0.007434944237918215,0.004694835680751174,0.3912944831317521,Low,61.16872212504141,residential,,,False
308807686,309595874,0,1,3,0,0.0,0.007434944237918215,0.0,0.29739776951672864,Low,208.2147516883581,tertiary,,,False
309596299,249075221,0,1,1,2,0.0,0.0,0.009389671361502348,0.18779342723004697,Low,90.26433375632418,tertiary,,,True
312440405,312426612,0,1,5,3,0.0,0.01486988847583643,0.014084507042253521,0.8764856798785278,Low,119.15580717372234,residential,2,,False
313460477,306618704,0,1,1,0,0.0,0.0,0.0,0.0,Low,74.97054090117153,tertiary,4,,False
331151839,331151836,0,1,1,2,0.0,0.0,0.009389671361502348,0.18779342723004697,Low,237.10109185971214,tertiary,,,False
333512467,11896576907,0,1,3,3,0.0,0.007434944237918215,0.014084507042253521,0.5790879103617991,Low,130.42852600393746,tertiary,,,False
343601824,6194946707,0,1,1,1,0.0,0.0,0.004694835680751174,0.09389671361502348,Low,107.0923631534382,residential,,,False
352930062,9903952376,0,1,1,1,0.0,0.0,0.004694835680751174,0.09389671361502348,Low,716.9438528955988,tertiary,,,True
355840357,7410650516,0,1,1,0,0.0,0.0,0.0,0.0,Low,67.43025688199107,tertiary,,,False
364644500,364644685,0,1,1,1,0.0,0.0,0.004694835680751174,0.09389671361502348,Low,88.12926956214358,residential,,,False
378714706,10951087533,0,1,1,0,0.0,0.0,0.0,0.0,Low,352.40272307476295,primary,,,False
387554418,387554424,0,1,3,0,0.0,0.007434944237918215,0.0,0.29739776951672864,Low,57.16475694651817,residential,,,False
391929261,4490108936,0,2,2,3,0.008130081300813009,0.0037174721189591076,0.014084507042253521,0.755592277635955,Low,430.10283803334556,primary,2,50,True
412944373,412944366,0,1,1,4,0.0,0.0,0.018779342723004695,0.37558685446009393,Low,113.8953148234382,residential,,,False
419638216,10750192276,0,1,5,1,0.0,0.01486988847583643,0.004694835680751174,0.6886922526484808,Low,307.57796248842726,residential,,,False
426941437,6904564288,0,1,3,1,0.0,0.007434944237918215,0.004694835680751174,0.3912944831317521,Low,148.27943025967573,secondary,,,True
426962404,427593220,0,1,1,0,0.0,0.0,0.0,0.0,Low,92.84438252266138,residential,,,False
427593190,427593191,0,1,1,1,0.0,0.0,0.004694835680751174,0.09389671361502348,Low,72.10633350251206,residential,,,False
428457171,428457162,0,1,3,0,0.0,0.007434944237918215,0.0,0.29739776951672864,Low,254.25007953527796,primary,2,,True
429001126,456181470,0,1,3,1,0.0,0.007434944237918215,0.004694835680751174,0.3912944831317521,Low,96.31999240715693,tertiary,,20,True
429001244,10121158788,0,1,1,2,0.0,0.0,0.009389671361502348,0.18779342723004697,Low,71.96271259730108,tertiary,2,,True
429286749,429286745,0,1,1,1,0.0,0.0,0.004694835680751174,0.09389671361502348,Low,124.94511203443552,residential,,,False
429780762,429780764,0,1,1,3,0.0,0.0,0.014084507042253521,0.28169014084507044,Low,116.54419242931597,tertiary,2,,False
430043664,12075650278,0,1,3,2,0.0,0.007434944237918215,0.009389671361502348,0.4851911967467756,Low,362.57894041044165,secondary,2,,False
430043741,10848479271,0,1,3,1,0.0,0.007434944237918215,0.004694835680751174,0.3912944831317521,Low,230.15472249578445,secondary,,,True
431536109,10094639268,0,1,3,1,0.0,0.007434944237918215,0.004694835680751174,0.3912944831317521,Low,358.1983370414652,residential,,30,False
433824950,12740700861,0,2,2,3,0.008130081300813009,0.0037174721189591076,0.014084507042253521,0.755592277635955,Low,710.2869173095183,tertiary,,,False
442107171,442107170,0,1,3,0,0.0,0.007434944237918215,0.0,0.29739776951672864,Low,203.63781445011193,tertiary,,,False
442437528,442438064,0,1,1,3,0.0,0.0,0.014084507042253521,0.28169014084507044,Low,159.567932503021,residential,,,False
442437656,442437657,0,1,1,2,0.0,0.0,0.009389671361502348,0.18779342723004697,Low,43.895496395077885,residential,,,False
442438288,1572978285,0,1,5,5,0.0,0.01486988847583643,0.023474178403755867,1.0642791071085747,Low,53.69825705481789,tertiary,,,False
443262608,6755797922,0,1,1,4,0.0,0.0,0.018779342723004695,0.37558685446009393,Low,457.3826696460829,tertiary,,,False
443655369,443655368,0,1,1,2,0.0,0.0,0.009389671361502348,0.18779342723004697,Low,61.073042362730135,residential,,,False
446860604,1553419962,0,1,1,4,0.0,0.0,0.018779342723004695,0.37558685446009393,Low,81.75475440952656,tertiary,,,False
448116510,446860596,0,1,1,5,0.0,0.0,0.023474178403755867,0.4694835680751174,Low,266.8145496322858,tertiary,,,False
448306751,448306747,0,1,1,2,0.0,0.0,0.009389671361502348,0.18779342723004697,Low,134.60013108166254,residential,,,False
454141778,7435569343,0,1,1,0,0.0,0.0,0.0,0.0,Low,144.66104534178035,residential,,,False
456029935,456029936,0,1,1,2,0.0,0.0,0.009389671361502348,0.18779342723004697,Low,74.48197712113812,residential,,,False
456086229,456086228,0,1,1,2,0.0,0.0,0.009389671361502348,0.18779342723004697,Low,125.59867219778607,residential,,,False
456156849,12153028221,0,1,5,1,0.0,0.01486988847583643,0.004694835680751174,0.6886922526484808,Low,103.57940600606852,tertiary,2,,True
456181456,429001097,0,2,8,1,0.008130081300813009,0.026022304832713755,0.004694835680751174,1.459992158956094,Low,163.48963071540214,tertiary,,,True
456181620,10026725121,0,1,5,5,0.0,0.01486988847583643,0.023474178403755867,1.0642791071085747,Low,13.418320177290202,residential,,,False
459781826,459781803,0,1,1,4,0.0,0.0,0.018779342723004695,0.37558685446009393,Low,259.7277728473277,tertiary,,,False
459793770,459793820,0,1,1,2,0.0,0.0,0.009389671361502348,0.18779342723004697,Low,23.861061434646263,residential,,,False
459801176,459801125,0,1,3,0,0.0,0.007434944237918215,0.0,0.29739776951672864,Low,208.5202703753651,tertiary,,,False
459815975,248455457,0,1,5,4,0.0,0.01486988847583643,0.018779342723004695,0.9703823934935512,Low,354.9964516402959,tertiary,2,30,False
461754752,461754742,0,1,1,0,0.0,0.0,0.0,0.0,Low,31.57747268608333,residential,,,False
461789832,461789835,0,1,1,4,0.0,0.0,0.018779342723004695,0.37558685446009393,Low,123.89991316316187,residential,2,,False
463393075,463393205,0,1,3,0,0.0,0.007434944237918215,0.0,0.29739776951672864,Low,108.10778364558006,tertiary,,,False
463681063,426941403,0,1,1,2,0.0,0.0,0.009389671361502348,0.18779342723004697,Low,51.84791706713294,tertiary,,,False
463681269,463681271,0,1,3,4,0.0,0.007434944237918215,0.018779342723004695,0.6729846239768226,Low,100.7090483150497,residential,,,False
472595277,385619738,0,1,1,3,0.0,0.0,0.014084507042253521,0.28169014084507044,Low,378.4272610315056,tertiary,,,True
483411896,483412014,0,1,1,0,0.0,0.0,0.0,0.0,Low,56.429593153061845,tertiary,,,False
493530832,248766831,0,1,5,2,0.0,0.01486988847583643,0.009389671361502348,0.7825889662635042,Low,305.79429918370806,secondary,2,,True
503065534,305091596,0,1,5,4,0.0,0.01486988847583643,0.018779342723004695,0.9703823934935512,Low,154.9541891820731,residential,,,False
503260639,503260583,0,1,3,3,0.0,0.007434944237918215,0.014084507042253521,0.5790879103617991,Low,123.43065292807741,residential,,,False
503260823,2039941750,0,1,5,2,0.0,0.01486988847583643,0.009389671361502348,0.7825889662635042,Low,147.1145064597925,residential,,,False
503260914,503260912,0,1,3,0,0.0,0.007434944237918215,0.0,0.29739776951672864,Low,71.27745706451658,residential,,,False
503471249,308230774,0,1,3,2,0.0,0.007434944237918215,0.009389671361502348,0.4851911967467756,Low,152.50681298658066,tertiary,2,,False
520197469,7164393107,0,1,1,3,0.0,0.0,0.014084507042253521,0.28169014084507044,Low,246.97624655008713,tertiary,,,False
521144213,598947957,0,1,3,0,0.0,0.007434944237918215,0.0,0.29739776951672864,Low,65.52900002656223,residential,,,False
529277344,529018446,0,1,3,0,0.0,0.007434944237918215,0.0,0.29739776951672864,Low,166.530835316399,tertiary,,,False
529359433,529359463,0,1,1,1,0.0,0.0,0.004694835680751174,0.09389671361502348,Low,201.63598889886046,residential,,,False
529359463,529359461,0,1,1,1,0.0,0.0,0.004694835680751174,0.09389671361502348,Low,40.79330750722558,tertiary,,,False
555674932,11408879537,0,1,1,2,0.0,0.0,0.009389671361502348,0.18779342723004697,Low,44.01247780268991,residential,,,False
580250771,10028825558,0,1,1,0,0.0,0.0,0.0,0.0,Low,451.9336900936879,residential,,,False
582576111,582576095,0,1,1,2,0.0,0.0,0.009389671361502348,0.18779342723004697,Low,172.59264674092705,residential,,,False
583463456,1942789828,0,1,3,0,0.0,0.007434944237918215,0.0,0.29739776951672864,Low,39.050555152644485,residential,,,False
594599815,1384797785,0,1,5,1,0.0,0.01486988847583643,0.004694835680751174,0.6886922526484808,Low,52.4689399665447,residential,,,False
597084152,597084032,0,1,3,4,0.0,0.007434944237918215,0.018779342723004695,0.6729846239768226,Low,114.94644371220842,primary_link,2,,True
599212271,599212251,0,1,1,2,0.0,0.0,0.009389671361502348,0.18779342723004697,Low,129.84000472767036,residential,,,False
599212655,599212654,0,1,3,1,0.0,0.007434944237918215,0.004694835680751174,0.3912944831317521,Low,59.98634709789608,residential,,,False
599226644,599226647,0,1,1,0,0.0,0.0,0.0,0.0,Low,246.75386873065767,residential,,,False
616610402,7453315454,0,1,1,3,0.0,0.0,0.014084507042253521,0.28169014084507044,Low,762.6615113982639,tertiary,,,False
618253127,11893410411,0,1,1,0,0.0,0.0,0.0,0.0,Low,439.41143803914383,secondary,2,,True
619175171,619176856,0,1,3,0,0.0,0.007434944237918215,0.0,0.29739776951672864,Low,109.21799971738423,secondary,2,,True
631546901,631546932,0,1,3,1,0.0,0.007434944237918215,0.004694835680751174,0.3912944831317521,Low,92.83839544475067,residential,,,False
631576920,631576941,0,1,3,1,0.0,0.007434944237918215,0.004694835680751174,0.3912944831317521,Low,151.74796252557604,residential,,,False
652353468,7384902384,0,1,1,3,0.0,0.0,0.014084507042253521,0.28169014084507044,Low,53.932014486802316,residential,,,False
665794086,3874448340,0,1,5,4,0.0,0.01486988847583643,0.018779342723004695,0.9703823934935512,Low,46.81783911603114,tertiary,,,False
674076781,5661087699,0,1,1,4,0.0,0.0,0.018779342723004695,0.37558685446009393,Low,63.370917754729135,secondary,2,,False
678585712,7456293912,0,1,3,0,0.0,0.007434944237918215,0.0,0.29739776951672864,Low,392.6350258254787,residential,,,False
678585732,1469644102,0,1,1,2,0.0,0.0,0.009389671361502348,0.18779342723004697,Low,173.77331034030064,residential,,,False
683067804,683067566,0,1,1,0,0.0,0.0,0.0,0.0,Low,183.52371956110906,residential,,,False
683067831,683067934,0,1,1,1,0.0,0.0,0.004694835680751174,0.09389671361502348,Low,143.46321104920216,residential,,,False
683067997,12436675838,0,1,3,0,0.0,0.007434944237918215,0.0,0.29739776951672864,Low,129.53202193098022,residential,,,False
699704342,1835530503,0,1,1,2,0.0,0.0,0.009389671361502348,0.18779342723004697,Low,817.2846391626423,trunk,2,60,True
699722357,2250391934,0,1,3,0,0.0,0.007434944237918215,0.0,0.29739776951672864,Low,930.5509344150673,primary,3,80,True
736207341,1212302832,0,1,3,4,0.0,0.007434944237918215,0.018779342723004695,0.6729846239768226,Low,79.28654626377221,residential,,,False
736207377,736207313,0,1,1,2,0.0,0.0,0.009389671361502348,0.18779342723004697,Low,84.80595667776211,residential,,,False
736207469,736207281,0,1,3,2,0.0,0.007434944237918215,0.009389671361502348,0.4851911967467756,Low,193.55936494895136,residential,,,False
736207530,13373931597,0,1,3,0,0.0,0.007434944237918215,0.0,0.29739776951672864,Low,49.69131188287061,primary,2,,True
737857061,737857272,0,1,3,3,0.0,0.007434944237918215,0.014084507042253521,0.5790879103617991,Low,141.14280293703746,residential,,,False
747667394,7298937444,0,20,42,37,0.15447154471544716,0.1524163568773234,0.17370892018779344,15.749694467466691,Low,99.76840278510379,residential,,,False
766836088,12189381643,0,1,5,4,0.0,0.01486988847583643,0.018779342723004695,0.9703823934935512,Low,69.97809637081787,residential,,,False
766836659,766836612,0,1,5,2,0.0,0.01486988847583643,0.009389671361502348,0.7825889662635042,Low,121.5491261559868,residential,,,False
955696066,9937603726,0,1,1,0,0.0,0.0,0.0,0.0,Low,377.8368118476869,primary,2,,True
960246958,960247130,0,1,1,0,0.0,0.0,0.0,0.0,Low,202.78223510471182,residential,,,False
993020500,1727298843,0,1,5,5,0.0,0.01486988847583643,0.023474178403755867,1.0642791071085747,Low,276.3980833509826,tertiary,,,False
1003719464,1003725908,0,1,3,0,0.0,0.007434944237918215,0.0,0.29739776951672864,Low,197.09081864975042,primary,2,,True
1010036519,5692639491,0,1,3,3,0.0,0.007434944237918215,0.014084507042253521,0.5790879103617991,Low,734.7473540696728,primary,2,,True
1037170545,1037174674,0,1,1,0,0.0,0.0,0.0,0.0,Low,47.00132508213861,residential,,,False
1104250537,10284858598,0,1,1,5,0.0,0.0,0.023474178403755867,0.4694835680751174,Low,345.5201185721174,primary,2,,True
1118407824,2419063907,0,1,3,4,0.0,0.007434944237918215,0.018779342723004695,0.6729846239768226,Low,734.5748580641673,tertiary,,,False
1118407824,7383827814,0,1,1,0,0.0,0.0,0.0,0.0,Low,149.5119656650605,residential,,,False
1118408090,7358192561,0,1,5,4,0.0,0.01486988847583643,0.018779342723004695,0.9703823934935512,Low,163.728091473353,tertiary,,,False
1141995265,10079434837,0,1,1,2,0.0,0.0,0.009389671361502348,0.18779342723004697,Low,319.3416601752927,secondary,,,False
1252231267,3683418902,0,1,3,1,0.0,0.007434944237918215,0.004694835680751174,0.3912944831317521,Low,83.92858582209324,residential,,,False
1273685326,1273685338,0,1,3,0,0.0,0.007434944237918215,0.0,0.29739776951672864,Low,87.1337933682433,tertiary,2,,False
1289949428,1289949458,0,1,1,2,0.0,0.0,0.009389671361502348,0.18779342723004697,Low,262.68636501345924,residential,,,False
1305577009,1748486107,0,1,1,2,0.0,0.0,0.009389671361502348,0.18779342723004697,Low,255.37646981515454,tertiary,2,25,False
1317118609,1500590866,0,1,3,3,0.0,0.007434944237918215,0.014084507042253521,0.5790879103617991,Low,149.31826971233727,residential,,,False
1328155432,12107761071,0,1,3,4,0.0,0.007434944237918215,0.018779342723004695,0.6729846239768226,Low,227.59045026243908,tertiary,,25,True
1339732539,1339732314,0,1,1,1,0.0,0.0,0.004694835680751174,0.09389671361502348,Low,175.64871016274202,residential,,,False
1344698628,1911102922,0,1,1,1,0.0,0.0,0.004694835680751174,0.09389671361502348,Low,51.6161260512307,residential,,,False
1347490084,7290391057,0,1,3,0,0.0,0.007434944237918215,0.0,0.29739776951672864,Low,256.9974018223202,residential,,,False
1366802616,11370592015,0,1,1,1,0.0,0.0,0.004694835680751174,0.09389671361502348,Low,113.60071346499493,residential,2,20,False
1368117382,1103012303,0,1,1,1,0.0,0.0,0.004694835680751174,0.09389671361502348,Low,831.6360155739694,residential,,,False
1371947813,1371947536,0,1,5,4,0.0,0.01486988847583643,0.018779342723004695,0.9703823934935512,Low,137.8003605917989,residential,,,False
1376905667,1376905672,0,1,5,1,0.0,0.01486988847583643,0.004694835680751174,0.6886922526484808,Low,102.41125688441346,residential,,,False
1377687513,13304505627,0,1,3,1,0.0,0.007434944237918215,0.004694835680751174,0.3912944831317521,Low,198.45844600277678,residential,,,False
1383118854,1383118621,0,1,5,3,0.0,0.01486988847583643,0.014084507042253521,0.8764856798785278,Low,42.10170133500585,residential,,40,False
1384798022,1384798094,0,1,1,0,0.0,0.0,0.0,0.0,Low,44.91682923753806,residential,,,False
1386328980,1386329031,0,1,3,2,0.0,0.007434944237918215,0.009389671361502348,0.4851911967467756,Low,97.91540240921218,residential,,,False
1386329030,3289430509,0,1,3,3,0.0,0.007434944237918215,0.014084507042253521,0.5790879103617991,Low,182.4276261668107,tertiary,,,False
1386329194,1386329196,0,1,5,3,0.0,0.01486988847583643,0.014084507042253521,0.8764856798785278,Low,147.0552278911988,tertiary,,,False
1387622147,4824685916,0,1,3,2,0.0,0.007434944237918215,0.009389671361502348,0.4851911967467756,Low,419.21539513835205,tertiary,,40,True
1388143561,1388143136,0,1,3,1,0.0,0.007434944237918215,0.004694835680751174,0.3912944831317521,Low,151.2792311678006,residential,,,False
1388143661,1851132489,0,1,1,1,0.0,0.0,0.004694835680751174,0.09389671361502348,Low,38.9582447683064,secondary,,,False
1414410909,7175175825,0,45,101,72,0.35772357723577236,0.37174721189591076,0.3380281690140845,35.93939494554902,Medium,35.07934473634059,residential,,,False
1419382138,3149456103,0,1,3,1,0.0,0.007434944237918215,0.004694835680751174,0.3912944831317521,Low,126.39716345474321,residential,,,False
1420113201,1420113208,0,1,3,2,0.0,0.007434944237918215,0.009389671361502348,0.4851911967467756,Low,75.74549134877121,living_street,,,False
1435578872,1435578885,0,1,5,2,0.0,0.01486988847583643,0.009389671361502348,0.7825889662635042,Low,132.21581139366566,tertiary,,,True
1436132709,1837722602,0,1,5,5,0.0,0.01486988847583643,0.023474178403755867,1.0642791071085747,Low,111.31355821953726,tertiary,,50,False
1438379105,1438379182,0,1,5,2,0.0,0.01486988847583643,0.009389671361502348,0.7825889662635042,Low,112.81364254987594,residential,,,False
1440182057,10041340686,0,1,1,5,0.0,0.0,0.023474178403755867,0.4694835680751174,Low,67.16285972778715,residential,,,False
1442364672,1442364342,0,1,1,2,0.0,0.0,0.009389671361502348,0.18779342723004697,Low,203.49902785733096,residential,,,False
1448640369,1448640368,0,1,3,4,0.0,0.007434944237918215,0.018779342723004695,0.6729846239768226,Low,44.60541331465012,residential,,,False
1464768744,1529223290,0,1,3,4,0.0,0.007434944237918215,0.018779342723004695,0.6729846239768226,Low,149.45466553976672,residential,,,False
1466580394,1466580391,0,1,1,5,0.0,0.0,0.023474178403755867,0.4694835680751174,Low,116.40664372732421,residential,,,False
1466669154,7465377011,0,1,5,3,0.0,0.01486988847583643,0.014084507042253521,0.8764856798785278,Low,36.07622357045196,tertiary,,,True
1470833614,253448524,0,1,3,4,0.0,0.007434944237918215,0.018779342723004695,0.6729846239768226,Low,148.43606633424426,tertiary,2,,False
1473223931,1473223930,0,1,3,1,0.0,0.007434944237918215,0.004694835680751174,0.3912944831317521,Low,24.94105963452243,residential,,,False
1473276793,1473276506,0,1,3,5,0.0,0.007434944237918215,0.023474178403755867,0.766881337591846,Low,123.64566218147135,residential,,,False
1473871954,1473871926,0,1,1,5,0.0,0.0,0.023474178403755867,0.4694835680751174,Low,33.12582843877059,residential,,,False
1485686869,10062966618,0,1,5,2,0.0,0.01486988847583643,0.009389671361502348,0.7825889662635042,Low,957.8069920355867,tertiary,2,,False
1485692883,9611955609,0,1,1,2,0.0,0.0,0.009389671361502348,0.18779342723004697,Low,267.6166524189374,tertiary,,,False
1485714957,13238383942,0,1,3,1,0.0,0.007434944237918215,0.004694835680751174,0.3912944831317521,Low,24.9950505547807,residential,,,False
1486984186,7484505205,0,1,5,5,0.0,0.01486988847583643,0.023474178403755867,1.0642791071085747,Low,183.87415379533235,residential,,,False
1492519184,248459829,0,1,3,0,0.0,0.007434944237918215,0.0,0.29739776951672864,Low,216.99340995816294,tertiary,2,25,True
1512512233,1512512244,0,1,1,0,0.0,0.0,0.0,0.0,Low,84.96797893774006,residential,,,False
1517891997,1517891982,0,1,3,0,0.0,0.007434944237918215,0.0,0.29739776951672864,Low,32.59754585567306,residential,,,False
1521343648,620136264,0,1,3,0,0.0,0.007434944237918215,0.0,0.29739776951672864,Low,95.12818865236152,residential,,,False
1521347840,1521347802,0,1,1,0,0.0,0.0,0.0,0.0,Low,91.41403841437324,residential,,,False
1524719781,1524720238,0,1,1,0,0.0,0.0,0.0,0.0,Low,156.15184822163977,residential,,,False
1524719787,446860588,0,1,1,3,0.0,0.0,0.014084507042253521,0.28169014084507044,Low,99.19675197922491,tertiary,2,,False
1529423230,1529423070,0,1,5,4,0.0,0.01486988847583643,0.018779342723004695,0.9703823934935512,Low,30.91394828456396,residential,,,False
1532648899,1532648931,0,1,1,1,0.0,0.0,0.004694835680751174,0.09389671361502348,Low,87.00058547762715,residential,,,False
1532648947,1532648823,0,1,5,3,0.0,0.01486988847583643,0.014084507042253521,0.8764856798785278,Low,30.393808489170123,residential,,,False
1532827593,3525307780,0,1,1,4,0.0,0.0,0.018779342723004695,0.37558685446009393,Low,153.24705297409895,residential,,,False
1537837544,1537837550,0,1,1,0,0.0,0.0,0.0,0.0,Low,163.76860796732186,residential,,,False
1548807119,10063849796,0,1,1,2,0.0,0.0,0.009389671361502348,0.18779342723004697,Low,45.670455425716455,residential,,,False
1551518396,1551518400,0,1,3,3,0.0,0.007434944237918215,0.014084507042253521,0.5790879103617991,Low,103.64520697235459,residential,,,False
1551616171,1438409686,0,1,3,1,0.0,0.007434944237918215,0.004694835680751174,0.3912944831317521,Low,49.540057287685954,residential,,,False
1552286448,1552286444,0,1,1,1,0.0,0.0,0.004694835680751174,0.09389671361502348,Low,184.78145112431747,residential,,,False
1559013091,483412681,0,1,1,1,0.0,0.0,0.004694835680751174,0.09389671361502348,Low,103.96331782338378,tertiary,,,False
1559233431,9187790194,0,1,1,1,0.0,0.0,0.004694835680751174,0.09389671361502348,Low,91.23163603050878,residential,,,False
1560168993,687332600,0,1,3,1,0.0,0.007434944237918215,0.004694835680751174,0.3912944831317521,Low,281.4807233434183,primary_link,,,True
1561816151,1561804539,0,1,3,0,0.0,0.007434944237918215,0.0,0.29739776951672864,Low,88.36655729375263,residential,,,False
1562366625,1562366343,0,1,3,1,0.0,0.007434944237918215,0.004694835680751174,0.3912944831317521,Low,34.45833340603917,residential,,,False
1562830359,1562830375,0,1,1,1,0.0,0.0,0.004694835680751174,0.09389671361502348,Low,155.7846743055879,residential,,,False
1563683641,1563683764,0,1,3,1,0.0,0.007434944237918215,0.004694835680751174,0.3912944831317521,Low,35.566245393448916,residential,,,False
1564615243,4151992467,0,1,1,2,0.0,0.0,0.009389671361502348,0.18779342723004697,Low,71.03712543815725,residential,,,False
1564616161,1564615063,0,1,3,0,0.0,0.007434944237918215,0.0,0.29739776951672864,Low,195.7399233041813,residential,,,False
1568938189,1568938192,0,1,5,5,0.0,0.01486988847583643,0.023474178403755867,1.0642791071085747,Low,83.62171168088767,residential,,,False
1568944694,1568944692,0,1,1,0,0.0,0.0,0.0,0.0,Low,129.06392429592862,residential,,,False
1569081486,766836612,0,1,5,5,0.0,0.01486988847583643,0.023474178403755867,1.0642791071085747,Low,79.02141055560706,residential,,,False
1570902836,1570907490,0,1,1,3,0.0,0.0,0.014084507042253521,0.28169014084507044,Low,216.08701296657347,residential,,,False
1570937222,7410134722,0,1,1,3,0.0,0.0,0.014084507042253521,0.28169014084507044,Low,180.97379700744585,residential,,,False
1575576729,1575576667,0,1,1,2,0.0,0.0,0.009389671361502348,0.18779342723004697,Low,110.28390479305934,residential,,,False
1593071548,1593071312,0,1,3,0,0.0,0.007434944237918215,0.0,0.29739776951672864,Low,336.9919441007937,residential,,,False
1595757924,1595758036,0,1,5,1,0.0,0.01486988847583643,0.004694835680751174,0.6886922526484808,Low,217.96255230106544,residential,,,False
1597724579,9682415622,0,1,1,0,0.0,0.0,0.0,0.0,Low,204.86165137300372,residential,,,False
1597724629,1597724575,0,1,1,1,0.0,0.0,0.004694835680751174,0.09389671361502348,Low,38.311129842426375,residential,,,False
1600050825,11402484380,0,1,5,2,0.0,0.01486988847583643,0.009389671361502348,0.7825889662635042,Low,214.8840731669663,residential,,,False
1600051209,1600051184,0,1,3,1,0.0,0.007434944237918215,0.004694835680751174,0.3912944831317521,Low,96.85560559203475,residential,,,False
1600051209,1600051369,0,3,11,6,0.016260162601626018,0.03717472118959108,0.028169014084507043,2.7007756333388246,Low,106.91508834308306,residential,,,False
1600051369,1600050843,0,6,10,4,0.04065040650406504,0.03345724907063197,0.018779342723004695,3.3398930774479743,Low,22.98083139836246,residential,,,False
1600051369,1600051209,0,1,1,2,0.0,0.0,0.009389671361502348,0.18779342723004697,Low,106.91508834308306,residential,,,False
1600082690,1600082894,0,1,3,1,0.0,0.007434944237918215,0.004694835680751174,0.3912944831317521,Low,135.81872848961112,residential,,,False
1600082702,1600082743,0,2,4,4,0.008130081300813009,0.011152416356877323,0.018779342723004695,1.1468867607677073,Low,54.66448213571518,residential,,,False
1600083182,1600082793,0,1,1,1,0.0,0.0,0.004694835680751174,0.09389671361502348,Low,83.30072132432699,residential,,,False
1600130614,1600131203,0,1,3,3,0.0,0.007434944237918215,0.014084507042253521,0.5790879103617991,Low,17.888299553800092,residential,,,False
1601001843,10209016990,0,1,1,3,0.0,0.0,0.014084507042253521,0.28169014084507044,Low,132.55347718774368,tertiary,,,False
1602149154,1602148696,0,1,3,0,0.0,0.007434944237918215,0.0,0.29739776951672864,Low,104.35174643020163,residential,,,False
1614268210,1614268211,0,1,1,1,0.0,0.0,0.004694835680751174,0.09389671361502348,Low,83.26542895873206,residential,,,False
1615691332,1487272633,0,1,3,3,0.0,0.007434944237918215,0.014084507042253521,0.5790879103617991,Low,71.26221649396064,residential,,,False
1615691351,1615692091,0,1,1,4,0.0,0.0,0.018779342723004695,0.37558685446009393,Low,34.021845618624084,residential,,,False
1615705245,10060140623,0,1,1,2,0.0,0.0,0.009389671361502348,0.18779342723004697,Low,121.63033486049287,residential,,,False
1615766946,1615767016,0,1,1,3,0.0,0.0,0.014084507042253521,0.28169014084507044,Low,324.03224993122626,tertiary,,,False
1616724742,10060858432,0,1,1,0,0.0,0.0,0.0,0.0,Low,99.71977552483902,residential,,,False
1625433776,10303999378,0,1,5,3,0.0,0.01486988847583643,0.014084507042253521,0.8764856798785278,Low,358.806628679503,tertiary,,,False
1625434050,1625434149,0,1,1,0,0.0,0.0,0.0,0.0,Low,82.41392506607839,residential,,,False
1632150395,6182545630,0,1,3,1,0.0,0.007434944237918215,0.004694835680751174,0.3912944831317521,Low,166.03892212049263,residential,,,False
1632150416,1632150249,0,1,5,1,0.0,0.01486988847583643,0.004694835680751174,0.6886922526484808,Low,91.26163098892502,residential,,,False
1635307802,1635308092,0,1,1,0,0.0,0.0,0.0,0.0,Low,97.27857558750347,residential,,,False
1635323075,1635323240,0,1,5,5,0.0,0.01486988847583643,0.023474178403755867,1.0642791071085747,Low,137.26036671661404,residential,,,False
1646559732,1646559858,0,1,1,1,0.0,0.0,0.004694835680751174,0.09389671361502348,Low,53.76459983443692,residential,,,False
1646559740,7411355269,0,1,1,2,0.0,0.0,0.009389671361502348,0.18779342723004697,Low,113.97928858409986,residential,,,False
1646559857,7413599894,0,1,1,1,0.0,0.0,0.004694835680751174,0.09389671361502348,Low,13.821103778266238,residential,,,False
1657396754,11168785875,0,1,1,0,0.0,0.0,0.0,0.0,Low,105.21783102584978,residential,,,False
1681763293,9751329211,0,1,3,3,0.0,0.007434944237918215,0.014084507042253521,0.5790879103617991,Low,34.2352728535975,tertiary,,,False
1681844123,335643616,0,1,1,0,0.0,0.0,0.0,0.0,Low,213.70837796279253,residential,,,False
1702636549,11380911894,0,1,1,0,0.0,0.0,0.0,0.0,Low,72.59253655664558,tertiary,2,,False
1702639455,1702639457,0,1,1,3,0.0,0.0,0.014084507042253521,0.28169014084507044,Low,47.80327835566318,residential,,,False
1714984609,8403844099,0,1,5,2,0.0,0.01486988847583643,0.009389671361502348,0.7825889662635042,Low,11.332157043488726,residential,,,False
1720796272,841805564,0,3,3,10,0.016260162601626018,0.007434944237918215,0.046948356807511735,1.886771409732004,Low,6884.930632425227,motorway,3,120,True
1726148405,13929364696,0,1,1,1,0.0,0.0,0.004694835680751174,0.09389671361502348,Low,542.2009943861937,secondary,3,30,True
1741224080,2123371057,0,1,3,0,0.0,0.007434944237918215,0.0,0.29739776951672864,Low,51.1278720798574,tertiary,,,False
1791639647,1791639594,0,1,3,1,0.0,0.007434944237918215,0.004694835680751174,0.3912944831317521,Low,71.5383893598952,secondary,2,,False
1808727734,251142771,0,1,3,3,0.0,0.007434944237918215,0.014084507042253521,0.5790879103617991,Low,89.47503887230039,primary,2,,True
1817556150,3872407617,0,1,1,0,0.0,0.0,0.0,0.0,Low,139.65261707427157,tertiary,2,40,False
1835530529,10001010497,0,1,5,2,0.0,0.01486988847583643,0.009389671361502348,0.7825889662635042,Low,159.00832003496194,tertiary,3,,False
1836940227,1836940202,0,1,1,3,0.0,0.0,0.014084507042253521,0.28169014084507044,Low,168.34217990381592,residential,,,False
1836983534,11204574011,0,1,1,4,0.0,0.0,0.018779342723004695,0.37558685446009393,Low,42.62195683986116,residential,,,False
1837285030,10068662142,0,1,3,1,0.0,0.007434944237918215,0.004694835680751174,0.3912944831317521,Low,1232.7685348306436,primary,2,,True
1837285037,767436686,0,2,4,1,0.008130081300813009,0.011152416356877323,0.004694835680751174,0.8651966199226366,Low,859.3587281317926,primary,2,,True
1838768142,1838768198,0,1,3,1,0.0,0.007434944237918215,0.004694835680751174,0.3912944831317521,Low,92.93560253075303,residential,,,False
1851131109,1851131094,0,1,1,1,0.0,0.0,0.004694835680751174,0.09389671361502348,Low,160.76357407302137,residential,,,False
1859880540,1859880547,0,1,1,1,0.0,0.0,0.004694835680751174,0.09389671361502348,Low,112.98935013275334,residential,,,False
1883683005,11878415552,0,1,1,1,0.0,0.0,0.004694835680751174,0.09389671361502348,Low,469.663032295892,primary,2,,True
1942843613,1836983152,0,1,1,0,0.0,0.0,0.0,0.0,Low,6821.549341937894,motorway,4,80,True
1989490864,2248276819,0,1,1,0,0.0,0.0,0.0,0.0,Low,104.11662240212702,residential,,,False
1990620068,13974859349,0,1,1,4,0.0,0.0,0.018779342723004695,0.37558685446009393,Low,16.06450526138339,residential,,,False
2066388579,1014648217,0,1,1,1,0.0,0.0,0.004694835680751174,0.09389671361502348,Low,601.9878385481106,tertiary,2,,False
2090790508,2090790505,0,1,1,0,0.0,0.0,0.0,0.0,Low,100.40649595642714,residential,,,False
2108906868,2108906871,0,1,1,1,0.0,0.0,0.004694835680751174,0.09389671361502348,Low,41.587959390012124,residential,,,False
2120440976,10081431361,0,1,1,0,0.0,0.0,0.0,0.0,Low,154.89784681841266,residential,,,False
2124745535,13851353727,0,1,3,2,0.0,0.007434944237918215,0.009389671361502348,0.4851911967467756,Low,823.5229362213795,secondary,2,,False
2124789523,7373953366,0,1,1,1,0.0,0.0,0.004694835680751174,0.09389671361502348,Low,416.4268067099863,residential,,,False
2125917517,6144246624,0,3,5,1,0.016260162601626018,0.01486988847583643,0.004694835680751174,1.3390987567135213,Low,344.24268700903656,primary,,,True
2146206446,2146206445,0,1,1,2,0.0,0.0,0.009389671361502348,0.18779342723004697,Low,53.61577366091485,residential,,,False
2183098861,594599952,0,1,5,5,0.0,0.01486988847583643,0.023474178403755867,1.0642791071085747,Low,670.4598528519002,residential,,,False
2193998043,2193998070,0,1,1,2,0.0,0.0,0.009389671361502348,0.18779342723004697,Low,178.40764431198045,residential,,,False
2194027981,2194027983,1,1,1,2,0.0,0.0,0.009389671361502348,0.18779342723004697,Low,436.40345214222305,residential,,,False
2206930266,3148668114,0,1,1,1,0.0,0.0,0.004694835680751174,0.09389671361502348,Low,191.00476675003637,residential,,,False
2220605679,2220746670,0,1,1,1,0.0,0.0,0.004694835680751174,0.09389671361502348,Low,27.18939405119747,residential,,,False
2220746597,2220746606,0,1,1,0,0.0,0.0,0.0,0.0,Low,322.43788967074374,residential,,,False
2220746629,1796697769,0,1,1,0,0.0,0.0,0.0,0.0,Low,43.88737777800223,secondary,,,True
2220792358,1383042716,0,1,1,1,0.0,0.0,0.004694835680751174,0.09389671361502348,Low,69.84567741071024,residential,,,False
2221565600,2221565613,0,1,5,4,0.0,0.01486988847583643,0.018779342723004695,0.9703823934935512,Low,108.54453217484388,residential,,,False
2223841017,956323389,0,1,5,3,0.0,0.01486988847583643,0.014084507042253521,0.8764856798785278,Low,67.71333950789433,residential,,,False
2223925853,2223925856,0,1,1,0,0.0,0.0,0.0,0.0,Low,54.32274115626015,residential,,,False
2224557025,1575576909,0,1,1,0,0.0,0.0,0.0,0.0,Low,61.16810510506775,residential,,,False
2225131596,2225131494,0,1,5,3,0.0,0.01486988847583643,0.014084507042253521,0.8764856798785278,Low,220.8804996500831,residential,,,False
2225132092,7265786665,0,1,1,0,0.0,0.0,0.0,0.0,Low,25.664602797982997,residential,,,False
2225133947,6748996049,0,1,1,0,0.0,0.0,0.0,0.0,Low,257.54044661607713,residential,,,False
2225134272,5958974793,0,1,3,0,0.0,0.007434944237918215,0.0,0.29739776951672864,Low,308.913228510602,residential,,,False
2228006131,249144295,0,1,1,0,0.0,0.0,0.0,0.0,Low,31.480162327677235,residential,,,False
2228165561,2228165568,0,1,3,0,0.0,0.007434944237918215,0.0,0.29739776951672864,Low,41.57478351129038,residential,,,False
2228279529,2228279531,0,1,3,0,0.0,0.007434944237918215,0.0,0.29739776951672864,Low,25.55339046725731,residential,,,False
2228386535,2228386532,0,1,1,2,0.0,0.0,0.009389671361502348,0.18779342723004697,Low,51.22434557830763,residential,,,False
2228386746,3524948068,0,1,1,0,0.0,0.0,0.0,0.0,Low,54.58426048039871,residential,,,False
2228426764,1474195337,0,1,1,1,0.0,0.0,0.004694835680751174,0.09389671361502348,Low,55.64471700683179,residential,,,False
2244731055,2244731040,0,1,1,3,0.0,0.0,0.014084507042253521,0.28169014084507044,Low,189.6730351950854,residential,,,False
2244731089,2244731020,0,1,1,0,0.0,0.0,0.0,0.0,Low,312.68342570198024,residential,,,False
2244731844,9605784279,0,1,3,0,0.0,0.007434944237918215,0.0,0.29739776951672864,Low,67.58840451159017,residential,,,False
2244849438,2244849375,0,1,3,0,0.0,0.007434944237918215,0.0,0.29739776951672864,Low,64.57300172542494,residential,,,False
2244849567,11411731176,0,1,3,4,0.0,0.007434944237918215,0.018779342723004695,0.6729846239768226,Low,118.00204429052829,tertiary,2,40,False
2244849699,2244849493,0,1,1,0,0.0,0.0,0.0,0.0,Low,229.962328440006,residential,,,False
2244849751,2244849743,0,1,1,0,0.0,0.0,0.0,0.0,Low,71.87059351180007,residential,,,False
2244850062,2244850069,0,1,3,5,0.0,0.007434944237918215,0.023474178403755867,0.766881337591846,Low,30.624458484224224,residential,,,False
2244850383,2246587863,0,4,6,2,0.024390243902439025,0.01858736059479554,0.009389671361502348,1.9068976071194295,Low,25.063965282458316,tertiary,,,False
2244851032,2244851014,0,1,1,1,0.0,0.0,0.004694835680751174,0.09389671361502348,Low,72.98398890952649,residential,,,False
2244861904,2244861911,0,1,1,0,0.0,0.0,0.0,0.0,Low,293.78455681332986,residential,,,False
2244947611,7263189859,0,1,1,2,0.0,0.0,0.009389671361502348,0.18779342723004697,Low,275.5228411126021,residential,,,False
2245002552,2245022047,0,1,1,4,0.0,0.0,0.018779342723004695,0.37558685446009393,Low,121.83459162509209,tertiary,,,False
2245034401,2245034471,0,1,3,0,0.0,0.007434944237918215,0.0,0.29739776951672864,Low,168.4331583919276,residential,,,False
2245034560,2245034545,0,1,3,2,0.0,0.007434944237918215,0.009389671361502348,0.4851911967467756,Low,52.952597161059536,residential,,,False
2246195741,2246195715,0,1,1,0,0.0,0.0,0.0,0.0,Low,72.37794681994225,residential,,,False
2246195752,2246195760,0,1,1,4,0.0,0.0,0.018779342723004695,0.37558685446009393,Low,67.1568180125037,residential,,,False
2246494446,2246494447,0,1,1,1,0.0,0.0,0.004694835680751174,0.09389671361502348,Low,32.17543029416534,primary,2,,False
2246494717,2246494744,0,1,1,5,0.0,0.0,0.023474178403755867,0.4694835680751174,Low,54.49034214700587,residential,,,False
2246587790,2246587739,0,1,1,0,0.0,0.0,0.0,0.0,Low,114.14275239012278,residential,,,False
2246587798,3868550662,0,1,1,1,0.0,0.0,0.004694835680751174,0.09389671361502348,Low,268.35993255639323,residential,,,False
2246587932,2246587961,0,1,3,4,0.0,0.007434944237918215,0.018779342723004695,0.6729846239768226,Low,128.77949535364874,residential,,,False
2247838143,2247838122,0,1,5,2,0.0,0.01486988847583643,0.009389671361502348,0.7825889662635042,Low,311.78200776187003,residential,,,False
2247888198,7278911745,0,1,3,2,0.0,0.007434944237918215,0.009389671361502348,0.4851911967467756,Low,582.2068658629759,tertiary,,,False
2247896995,10044674405,0,1,3,3,0.0,0.007434944237918215,0.014084507042253521,0.5790879103617991,Low,18.779542619459026,residential,,,False
2247897181,2247897290,0,1,1,0,0.0,0.0,0.0,0.0,Low,118.58728198610615,residential,,,False
2247897408,2247897399,0,1,1,1,0.0,0.0,0.004694835680751174,0.09389671361502348,Low,61.15901905997757,residential,,,False
2247911828,1851131178,0,1,3,0,0.0,0.007434944237918215,0.0,0.29739776951672864,Low,136.36726790644875,tertiary,,,False
2247911842,2247911841,0,1,1,3,0.0,0.0,0.014084507042253521,0.28169014084507044,Low,33.27327073760488,residential,,,False
2248079844,2248079774,0,2,2,6,0.008130081300813009,0.0037174721189591076,0.028169014084507043,1.0372824184810256,Low,233.32076438452907,residential,,,False
2248440667,2248440707,0,1,1,1,0.0,0.0,0.004694835680751174,0.09389671361502348,Low,90.84507581343793,residential,,,False
2248442331,2248442333,0,1,1,3,0.0,0.0,0.014084507042253521,0.28169014084507044,Low,153.796466536979,residential,,,False
2248459623,2248506118,0,1,1,1,0.0,0.0,0.004694835680751174,0.09389671361502348,Low,46.24867432908372,tertiary,2,50,False
2248506232,2248506208,0,1,1,3,0.0,0.0,0.014084507042253521,0.28169014084507044,Low,200.76758814466984,tertiary,,,False
2248543639,2248543631,0,1,1,1,0.0,0.0,0.004694835680751174,0.09389671361502348,Low,147.17766867720016,residential,,,False
2248546175,10020519595,0,1,3,0,0.0,0.007434944237918215,0.0,0.29739776951672864,Low,63.97963490345756,residential,,,False
2248663135,10039209758,0,1,3,2,0.0,0.007434944237918215,0.009389671361502348,0.4851911967467756,Low,47.91709159068826,residential,,,False
2248663223,2248663190,0,1,5,1,0.0,0.01486988847583643,0.004694835680751174,0.6886922526484808,Low,68.27167063587241,residential,,,False
2248663691,9612008955,0,2,4,4,0.008130081300813009,0.011152416356877323,0.018779342723004695,1.1468867607677073,Low,1205.418277406312,tertiary,,,False
2248664475,10081303331,0,1,1,2,0.0,0.0,0.009389671361502348,0.18779342723004697,Low,53.33436174782456,residential,,,False
2248737921,1572829962,0,1,5,1,0.0,0.01486988847583643,0.004694835680751174,0.6886922526484808,Low,47.372668611960705,residential,,,False
2250057681,2250057704,0,1,1,5,0.0,0.0,0.023474178403755867,0.4694835680751174,Low,118.44350365238242,residential,,,False
2250057704,7466952556,0,1,3,2,0.0,0.007434944237918215,0.009389671361502348,0.4851911967467756,Low,171.81287876774084,residential,,,False
2250058012,2250057981,0,1,3,3,0.0,0.007434944237918215,0.014084507042253521,0.5790879103617991,Low,78.99102218604698,residential,,,False
2250095833,2146172667,0,1,1,1,0.0,0.0,0.004694835680751174,0.09389671361502348,Low,123.13859195814729,residential,,,False
2250119617,2250119610,0,1,1,0,0.0,0.0,0.0,0.0,Low,25.936840335512233,residential,,,False
2250119628,2250119621,0,1,3,0,0.0,0.007434944237918215,0.0,0.29739776951672864,Low,144.74236638972872,residential,,,False
2250119646,2250119645,0,1,1,0,0.0,0.0,0.0,0.0,Low,35.38599254614952,residential,,,False
2250345106,2250345116,0,1,3,4,0.0,0.007434944237918215,0.018779342723004695,0.6729846239768226,Low,77.98852414365882,residential,,,False
2250391996,12114065446,0,1,3,3,0.0,0.007434944237918215,0.014084507042253521,0.5790879103617991,Low,95.00493211910099,primary,2,100,True
2268121158,2268121213,0,1,3,1,0.0,0.007434944237918215,0.004694835680751174,0.3912944831317521,Low,58.12885421673082,residential,,,False
2268546089,2268546086,1,1,1,1,0.0,0.0,0.004694835680751174,0.09389671361502348,Low,166.51408571508665,residential,,,False
2272931048,6152750687,0,1,1,0,0.0,0.0,0.0,0.0,Low,26.60615887344691,residential,,,False
2317410822,6462247775,0,1,3,0,0.0,0.007434944237918215,0.0,0.29739776951672864,Low,36.98937364735509,residential,,,False
2334256467,2334256465,0,1,1,0,0.0,0.0,0.0,0.0,Low,48.059819696777694,living_street,,,False
2376774417,13720252591,0,1,3,2,0.0,0.007434944237918215,0.009389671361502348,0.4851911967467756,Low,294.2422360660082,residential,,,False
2387385680,2406079712,0,2,4,2,0.008130081300813009,0.011152416356877323,0.009389671361502348,0.9590933335376602,Low,208.31374558593672,tertiary,2,30,True
2389377295,2389377314,0,1,1,0,0.0,0.0,0.0,0.0,Low,26.27203868089247,residential,,30,False
2396330514,265518317,0,1,1,1,0.0,0.0,0.004694835680751174,0.09389671361502348,Low,3124.6315621818117,motorway,3,120,True
2421937956,2421937986,0,1,1,0,0.0,0.0,0.0,0.0,Low,52.05439072872769,residential,,,False
2447240415,2246494451,0,1,5,2,0.0,0.01486988847583643,0.009389671361502348,0.7825889662635042,Low,10.438681780553724,primary,2,,False
2448242729,10207024011,0,1,1,4,0.0,0.0,0.018779342723004695,0.37558685446009393,Low,34.44164304661341,residential,,,False
2450331357,2450331338,0,1,5,4,0.0,0.01486988847583643,0.018779342723004695,0.9703823934935512,Low,49.23728706005117,residential,,,False
2450331367,2450331352,0,1,1,0,0.0,0.0,0.0,0.0,Low,191.508656777922,residential,,,False
2450331372,2450331337,0,1,5,1,0.0,0.01486988847583643,0.004694835680751174,0.6886922526484808,Low,129.0912711642147,residential,,,False
2451394260,2451394261,0,1,1,1,0.0,0.0,0.004694835680751174,0.09389671361502348,Low,105.05208269301734,residential,,,False
2451394268,2451394255,0,1,1,0,0.0,0.0,0.0,0.0,Low,30.72847059392038,residential,,,False
2451421961,2451421894,0,1,1,1,0.0,0.0,0.004694835680751174,0.09389671361502348,Low,114.23173240117123,residential,,,False
2455290927,2454285286,0,1,1,2,0.0,0.0,0.009389671361502348,0.18779342723004697,Low,849.8098334857899,primary,3,100,True
2456827093,2456827067,0,1,3,2,0.0,0.007434944237918215,0.009389671361502348,0.4851911967467756,Low,109.71571799450892,residential,,,False
2460238680,2460238680,0,1,3,1,0.0,0.007434944237918215,0.004694835680751174,0.3912944831317521,Low,348.0128389933354,residential,,,False
2460302051,2460302048,0,1,3,0,0.0,0.007434944237918215,0.0,0.29739776951672864,Low,105.06994916139428,tertiary,,,False
2460375002,7172904984,0,1,1,1,0.0,0.0,0.004694835680751174,0.09389671361502348,Low,161.88384932494859,tertiary,3,,True
2460385254,2460393224,0,1,1,3,0.0,0.0,0.014084507042253521,0.28169014084507044,Low,57.298802565818015,residential,,,False
2464023110,9184290485,0,1,1,2,0.0,0.0,0.009389671361502348,0.18779342723004697,Low,183.2354748593584,residential,,,False
2464033450,574368994,0,1,1,2,0.0,0.0,0.009389671361502348,0.18779342723004697,Low,189.12485759403978,tertiary,,,False
2468924534,6132237143,0,1,1,4,0.0,0.0,0.018779342723004695,0.37558685446009393,Low,86.57250878961358,primary,,,True
2470691119,6298505892,0,1,5,3,0.0,0.01486988847583643,0.014084507042253521,0.8764856798785278,Low,60.64587701329228,residential,,,False
2523956764,2523956770,0,1,1,0,0.0,0.0,0.0,0.0,Low,110.71577461918795,residential,,,False
2578344246,6567087755,0,2,6,5,0.008130081300813009,0.01858736059479554,0.023474178403755867,1.5381812438994593,Low,1099.608445989069,tertiary,,,True
2641942716,2641942716,1,1,3,1,0.0,0.007434944237918215,0.004694835680751174,0.3912944831317521,Low,334.3335396512261,residential,,,False
2641950444,2641948118,0,2,6,0,0.008130081300813009,0.01858736059479554,0.0,1.068697675824342,Low,20.060832005856764,residential,,,False
2645199677,7440718031,0,1,5,5,0.0,0.01486988847583643,0.023474178403755867,1.0642791071085747,Low,136.45705240211421,living_street,,,False
2645311181,2645311175,0,1,3,0,0.0,0.007434944237918215,0.0,0.29739776951672864,Low,121.0241793780321,residential,,,False
2645311239,7451389256,0,1,3,3,0.0,0.007434944237918215,0.014084507042253521,0.5790879103617991,Low,231.80648597438355,residential,,,False
2645312046,2645312046,1,1,1,2,0.0,0.0,0.009389671361502348,0.18779342723004697,Low,227.10614174539717,residential,,,False
2653581160,2653581159,0,1,3,0,0.0,0.007434944237918215,0.0,0.29739776951672864,Low,46.795098856632265,residential,,,False
2668105134,2668105131,0,1,1,3,0.0,0.0,0.014084507042253521,0.28169014084507044,Low,42.319613490282144,residential,,,False
2685122690,2685122692,0,1,3,2,0.0,0.007434944237918215,0.009389671361502348,0.4851911967467756,Low,105.66357052634676,residential,,,False
2696066735,12196580089,0,2,4,1,0.008130081300813009,0.011152416356877323,0.004694835680751174,0.8651966199226366,Low,17.050199214923467,residential,,,False
2703669994,251361763,0,1,1,2,0.0,0.0,0.009389671361502348,0.18779342723004697,Low,649.3600387265623,trunk,2,60,True
2723746993,6132935647,0,1,5,1,0.0,0.01486988847583643,0.004694835680751174,0.6886922526484808,Low,349.5581655425623,secondary,,60,True
2787014188,2787014182,0,1,5,4,0.0,0.01486988847583643,0.018779342723004695,0.9703823934935512,Low,46.8001702302242,tertiary,,,False
2787014195,2787014189,0,1,3,0,0.0,0.007434944237918215,0.0,0.29739776951672864,Low,69.33693991476107,residential,,,False
2876357602,1947653247,0,1,1,2,0.0,0.0,0.009389671361502348,0.18779342723004697,Low,183.83851633296155,primary,2,60,True
2991247480,2991247475,0,1,1,1,0.0,0.0,0.004694835680751174,0.09389671361502348,Low,115.8782369958173,residential,,,False
2999494951,1434179296,0,1,5,1,0.0,0.01486988847583643,0.004694835680751174,0.6886922526484808,Low,566.9966987187488,secondary,2,,True
3034669980,3034669979,0,1,1,1,0.0,0.0,0.004694835680751174,0.09389671361502348,Low,161.236689902554,residential,,,False
3034670015,3034670014,0,1,3,2,0.0,0.007434944237918215,0.009389671361502348,0.4851911967467756,Low,123.4346792132075,residential,,,False
3038860964,3038860963,0,1,5,3,0.0,0.01486988847583643,0.014084507042253521,0.8764856798785278,Low,81.00527229878125,residential,,,False
3038945359,7290391039,0,1,3,0,0.0,0.007434944237918215,0.0,0.29739776951672864,Low,167.72066217279246,residential,,,False
3141475567,11182448718,0,1,5,1,0.0,0.01486988847583643,0.004694835680751174,0.6886922526484808,Low,1370.3693600409422,tertiary,2,20,False
3148609358,818630839,0,1,1,0,0.0,0.0,0.0,0.0,Low,1003.2374761199366,tertiary,,,False
3148645692,3148645664,0,1,3,1,0.0,0.007434944237918215,0.004694835680751174,0.3912944831317521,Low,102.34731301140869,residential,,,False
3149180537,3149180538,0,1,1,3,0.0,0.0,0.014084507042253521,0.28169014084507044,Low,31.931049886949637,residential,,,False
3149351927,2145322156,0,1,3,0,0.0,0.007434944237918215,0.0,0.29739776951672864,Low,89.63240627966124,residential,,,False
3149469566,7432551899,0,1,1,2,0.0,0.0,0.009389671361502348,0.18779342723004697,Low,255.61489000651477,residential,2,40,False
3149567591,1328581949,0,1,1,0,0.0,0.0,0.0,0.0,Low,152.43313150808012,residential,2,,False
3150076282,3150076274,0,1,1,3,0.0,0.0,0.014084507042253521,0.28169014084507044,Low,35.809886924289856,tertiary,,,False
3157708822,3157708823,0,1,5,4,0.0,0.01486988847583643,0.018779342723004695,0.9703823934935512,Low,12.106569693352473,residential,,,False
3157718057,3157719167,0,1,1,2,0.0,0.0,0.009389671361502348,0.18779342723004697,Low,38.31340283778622,residential,,,False
3158788651,1469644287,0,1,1,3,0.0,0.0,0.014084507042253521,0.28169014084507044,Low,122.79615108511297,residential,,,False
3161220982,3161220978,0,1,1,1,0.0,0.0,0.004694835680751174,0.09389671361502348,Low,104.60522045739455,residential,,,False
3168013854,3168013853,0,1,1,4,0.0,0.0,0.018779342723004695,0.37558685446009393,Low,89.06338633886473,residential,,,False
3168015473,388584249,0,1,5,4,0.0,0.01486988847583643,0.018779342723004695,0.9703823934935512,Low,94.87937780234157,residential,,,False
3235639721,3235639718,0,1,3,3,0.0,0.007434944237918215,0.014084507042253521,0.5790879103617991,Low,66.22386039263775,residential,,,False
3298857094,3298857093,0,1,1,0,0.0,0.0,0.0,0.0,Low,62.59869856697586,residential,,,False
3313866974,1328155414,0,1,1,4,0.0,0.0,0.018779342723004695,0.37558685446009393,Low,33.859254705893264,tertiary,,,False
3367402842,3367402840,0,1,1,4,0.0,0.0,0.018779342723004695,0.37558685446009393,Low,38.28822510711081,residential,,,False
3396931058,3396931054,0,1,1,0,0.0,0.0,0.0,0.0,Low,45.74589193335671,residential,,,False
3396931095,3396931089,0,1,3,1,0.0,0.007434944237918215,0.004694835680751174,0.3912944831317521,Low,35.18709576245223,residential,,,False
3396985354,3396985373,0,1,1,2,0.0,0.0,0.009389671361502348,0.18779342723004697,Low,55.74345966593435,residential,,,False
3423321105,3423321117,0,1,5,2,0.0,0.01486988847583643,0.009389671361502348,0.7825889662635042,Low,105.89298581978412,residential,,,False
3423321117,3423321118,0,2,4,5,0.008130081300813009,0.011152416356877323,0.023474178403755867,1.2407834743827306,Low,31.366261496897277,residential,,,False
3504349796,6758558444,0,1,1,0,0.0,0.0,0.0,0.0,Low,191.62879919182274,residential,,,False
3505695783,14166358377,0,1,1,5,0.0,0.0,0.023474178403755867,0.4694835680751174,Low,13.292486242082331,residential,,,False
3520978671,3520978672,0,1,1,0,0.0,0.0,0.0,0.0,Low,209.0152962726118,residential,,,False
3527330468,3527330475,0,1,1,1,0.0,0.0,0.004694835680751174,0.09389671361502348,Low,114.729661871375,residential,,,False
3528034343,11434710893,0,1,5,1,0.0,0.01486988847583643,0.004694835680751174,0.6886922526484808,Low,131.04252737105193,tertiary,,,False
3530570658,1078399210,0,1,1,2,0.0,0.0,0.009389671361502348,0.18779342723004697,Low,64.85829946047521,residential,,,False
3544518980,6194122694,0,1,1,1,0.0,0.0,0.004694835680751174,0.09389671361502348,Low,71.46258595225441,residential,,,False
3544519408,9189188882,0,2,6,4,0.008130081300813009,0.01858736059479554,0.018779342723004695,1.444284530284436,Low,18.06089369135666,residential,,,False
3672795811,1557118072,0,1,5,3,0.0,0.01486988847583643,0.014084507042253521,0.8764856798785278,Low,70.88751232092986,residential,,,False
3739201969,2408528591,0,1,3,2,0.0,0.007434944237918215,0.009389671361502348,0.4851911967467756,Low,383.32995127294765,trunk,3,80,True
3751669631,3751669632,0,1,1,3,0.0,0.0,0.014084507042253521,0.28169014084507044,Low,102.71263734106702,residential,,,False
3752511414,3752511417,0,1,1,3,0.0,0.0,0.014084507042253521,0.28169014084507044,Low,105.90603385518047,residential,,,False
3758521583,3648814512,0,3,5,3,0.016260162601626018,0.01486988847583643,0.014084507042253521,1.5268921839435683,Low,571.63927847489,secondary,,,False
3820268557,3820268556,0,1,1,0,0.0,0.0,0.0,0.0,Low,120.63035238685644,secondary,2,,True
3836800948,3836800949,0,1,5,2,0.0,0.01486988847583643,0.009389671361502348,0.7825889662635042,Low,148.97746871261234,residential,,,False
3844927207,13118755131,0,1,3,3,0.0,0.007434944237918215,0.014084507042253521,0.5790879103617991,Low,515.1262987924368,tertiary,2,,True
3844927213,9184290487,0,1,5,5,0.0,0.01486988847583643,0.023474178403755867,1.0642791071085747,Low,329.78747396904373,residential,,,False
3865371964,12640604206,0,3,7,3,0.016260162601626018,0.022304832713754646,0.014084507042253521,1.824289953460297,Low,642.7278633124474,secondary,,,False
3868574353,12401455468,0,124,270,213,1.0,1.0,1.0,100.0,Critical,89.75605397567696,residential,,,False
3868574354,12401455470,0,1,1,3,0.0,0.0,0.014084507042253521,0.28169014084507044,Low,88.72479116692163,residential,,,False
3868574356,12401455468,0,2,6,5,0.008130081300813009,0.01858736059479554,0.023474178403755867,1.5381812438994593,Low,134.27216116485832,residential,,,False
3868642631,1595757983,0,1,1,5,0.0,0.0,0.023474178403755867,0.4694835680751174,Low,38.696373220910765,residential,,,False
3868675929,3868675751,0,1,5,5,0.0,0.01486988847583643,0.023474178403755867,1.0642791071085747,Low,41.41949089476824,tertiary,,,False
3868683831,6194699512,0,2,2,1,0.008130081300813009,0.0037174721189591076,0.004694835680751174,0.5677988504059082,Low,104.2339513504809,tertiary,,,False
3868683842,7405622380,0,1,3,0,0.0,0.007434944237918215,0.0,0.29739776951672864,Low,230.33618447256964,residential,,,False
3868729253,3868729561,0,1,1,2,0.0,0.0,0.009389671361502348,0.18779342723004697,Low,39.74126889071268,residential,,,False
3870439580,3870439578,0,1,1,3,0.0,0.0,0.014084507042253521,0.28169014084507044,Low,96.60191310408464,residential,,,False
3872475873,3872498882,0,1,1,0,0.0,0.0,0.0,0.0,Low,116.51859502905273,residential,,,False
3872487124,3872487129,0,1,3,1,0.0,0.007434944237918215,0.004694835680751174,0.3912944831317521,Low,139.57774436534694,residential,,,False
3872498891,3872498899,0,8,8,6,0.056910569105691054,0.026022304832713755,0.028169014084507043,3.880695239226333,Low,88.02557631916079,residential,,,False
3872503762,6152725205,0,1,1,0,0.0,0.0,0.0,0.0,Low,249.13664623267877,residential,,,False
3872554315,3872554316,0,1,1,3,0.0,0.0,0.014084507042253521,0.28169014084507044,Low,75.01068715315822,residential,,,False
3872675416,3872675424,0,1,1,0,0.0,0.0,0.0,0.0,Low,107.46504214292045,residential,,,False
3874227764,3874227762,0,1,3,2,0.0,0.007434944237918215,0.009389671361502348,0.4851911967467756,Low,117.36336803724978,residential,,,False
3874237276,3874235856,0,1,1,2,0.0,0.0,0.009389671361502348,0.18779342723004697,Low,272.8196306034875,tertiary,,,False
3874463730,3874463731,0,1,1,0,0.0,0.0,0.0,0.0,Low,111.88448119221779,residential,,,False
3874476266,11414435391,0,1,3,0,0.0,0.007434944237918215,0.0,0.29739776951672864,Low,157.8927363768875,residential,,,False
3914359674,1534147563,0,1,3,1,0.0,0.007434944237918215,0.004694835680751174,0.3912944831317521,Low,220.94209945428614,residential,,,False
3942868673,3942868672,0,1,5,1,0.0,0.01486988847583643,0.004694835680751174,0.6886922526484808,Low,90.46453234468092,residential,,,False
4041189495,1589241349,0,1,3,1,0.0,0.007434944237918215,0.004694835680751174,0.3912944831317521,Low,89.10068033969631,residential,,,False
4041189580,11395593597,0,18,42,36,0.13821138211382114,0.1524163568773234,0.16901408450704225,15.005391249786628,Low,182.22173684397362,residential,,,False
4041189639,4041189551,0,3,5,2,0.016260162601626018,0.01486988847583643,0.009389671361502348,1.432995470328545,Low,88.27859799756693,residential,,,False
4041189707,4041189546,0,1,5,1,0.0,0.01486988847583643,0.004694835680751174,0.6886922526484808,Low,52.91709448457816,residential,,,False
4044517559,4044517811,0,40,76,65,0.3170731707317073,0.2788104089219331,0.3051643192488263,29.938629571122142,Medium,244.7079337763882,residential,,,False
4197704733,309600801,0,1,5,3,0.0,0.01486988847583643,0.014084507042253521,0.8764856798785278,Low,182.09150788440843,residential,,,False
4294218124,4294224252,0,1,3,3,0.0,0.007434944237918215,0.014084507042253521,0.5790879103617991,Low,598.6447227280036,primary,3,30,True
4308356541,269710413,0,1,1,1,0.0,0.0,0.004694835680751174,0.09389671361502348,Low,488.9046697688633,tertiary,,,True
4316622360,2558406916,0,1,1,3,0.0,0.0,0.014084507042253521,0.28169014084507044,Low,252.54286812942473,residential,,,False
4316622788,4316622741,0,1,1,3,0.0,0.0,0.014084507042253521,0.28169014084507044,Low,110.17638698288822,residential,,,False
4380549695,11455011720,0,1,1,3,0.0,0.0,0.014084507042253521,0.28169014084507044,Low,294.4243846499778,residential,2,,False
4397411428,4397411430,0,1,1,0,0.0,0.0,0.0,0.0,Low,49.627954788818876,residential,,20,False
4443068940,10207067574,0,1,1,3,0.0,0.0,0.014084507042253521,0.28169014084507044,Low,120.95192685941899,tertiary,2,,False
4458722522,4458722721,0,1,3,0,0.0,0.007434944237918215,0.0,0.29739776951672864,Low,157.06566616304963,residential,,,False
4469903724,4469903722,0,1,3,5,0.0,0.007434944237918215,0.023474178403755867,0.766881337591846,Low,103.15558703271466,residential,,,False
4527984245,10091708985,0,1,5,5,0.0,0.01486988847583643,0.023474178403755867,1.0642791071085747,Low,169.75498989614547,residential,,,False
4533883485,956034560,0,1,1,3,0.0,0.0,0.014084507042253521,0.28169014084507044,Low,167.3653261871495,residential,,,False
4544191533,4950784857,0,1,1,3,0.0,0.0,0.014084507042253521,0.28169014084507044,Low,139.93485080386756,residential,,,False
4590824591,410860076,0,1,1,1,0.0,0.0,0.004694835680751174,0.09389671361502348,Low,282.24764347780274,residential,,,False
4591991813,4591991814,0,1,1,0,0.0,0.0,0.0,0.0,Low,234.80473260771072,residential,,,False
4671306317,4671306298,0,1,3,1,0.0,0.007434944237918215,0.004694835680751174,0.3912944831317521,Low,306.11602525110254,residential,,,False
4696742612,4696742610,0,1,1,0,0.0,0.0,0.0,0.0,Low,170.8733463956092,tertiary,2,50,True
4918188102,1377861104,0,1,3,1,0.0,0.007434944237918215,0.004694835680751174,0.3912944831317521,Low,104.53576576509371,residential,,,False
4948112938,4948112940,0,1,1,2,0.0,0.0,0.009389671361502348,0.18779342723004697,Low,46.664967060957565,unclassified,,,False
4948430324,4948430328,0,1,1,0,0.0,0.0,0.0,0.0,Low,35.44412674441739,residential,,,False
4948430333,13105804913,0,1,1,2,0.0,0.0,0.009389671361502348,0.18779342723004697,Low,130.42870324828945,tertiary,4,60,False
4948430603,4948430599,0,1,1,0,0.0,0.0,0.0,0.0,Low,108.39450128085396,residential,,,False
4948430644,4948430643,0,1,1,0,0.0,0.0,0.0,0.0,Low,113.22800362731306,residential,,,False
4948650894,11419666780,0,3,7,8,0.016260162601626018,0.022304832713754646,0.03755868544600939,2.2937735215354147,Low,19.981812399454093,residential,,,False
4948727680,4948727688,0,1,1,1,0.0,0.0,0.004694835680751174,0.09389671361502348,Low,48.274061270663665,residential,,,False
4948727693,4948727690,0,1,3,1,0.0,0.007434944237918215,0.004694835680751174,0.3912944831317521,Low,184.39700952338177,residential,,,False
4948835755,960240719,0,1,5,5,0.0,0.01486988847583643,0.023474178403755867,1.0642791071085747,Low,24.371144679382102,residential,,,False
4950155142,4950155141,0,12,22,18,0.08943089430894309,0.07806691449814127,0.08450704225352113,8.390053197353797,Low,67.23475193716415,residential,,,False
4950155164,11399915641,0,11,23,14,0.08130081300813008,0.08178438661710037,0.06572769953051644,7.837961975619548,Low,101.69911677177018,residential,,,False
4950155167,4950155148,0,10,16,21,0.07317073170731707,0.055762081784386616,0.09859154929577464,7.129143525583641,Low,44.23398976507515,residential,,,False
4950225557,4950225527,0,1,1,1,0.0,0.0,0.004694835680751174,0.09389671361502348,Low,35.62188275060069,residential,,,False
4950262839,4950262836,0,1,1,1,0.0,0.0,0.004694835680751174,0.09389671361502348,Low,230.34193196560048,residential,,,False
4950292398,4950331731,0,1,3,1,0.0,0.007434944237918215,0.004694835680751174,0.3912944831317521,Low,238.14210708062467,residential,,,False
4950292682,4950292684,0,1,1,1,0.0,0.0,0.004694835680751174,0.09389671361502348,Low,91.27306027645875,residential,,,False
4950460596,13818070190,0,1,1,3,0.0,0.0,0.014084507042253521,0.28169014084507044,Low,4.785779416093666,residential,,,False
4950655288,4950655286,0,83,205,149,0.6666666666666666,0.758364312267658,0.6995305164319249,70.99184948601149,High,95.7024487156987,residential,,,False
4950655435,4950714188,0,1,1,3,0.0,0.0,0.014084507042253521,0.28169014084507044,Low,213.32392608479432,tertiary,,,False
4950714180,4950714179,0,1,3,1,0.0,0.007434944237918215,0.004694835680751174,0.3912944831317521,Low,69.99437814213776,residential,,,False
4950818807,4479375777,0,2,6,6,0.008130081300813009,0.01858736059479554,0.028169014084507043,1.6320779575144828,Low,76.12102316368124,residential,,,False
4952439191,4948782268,0,1,3,3,0.0,0.007434944237918215,0.014084507042253521,0.5790879103617991,Low,203.45987970328366,residential,,,False
4952439930,4952439939,0,1,1,1,0.0,0.0,0.004694835680751174,0.09389671361502348,Low,224.11446760007695,residential,,,False
4952632554,4952632550,0,1,1,0,0.0,0.0,0.0,0.0,Low,29.64609317754816,tertiary,,,False
4952632667,2460393312,0,1,1,2,0.0,0.0,0.009389671361502348,0.18779342723004697,Low,104.38826020838789,residential,1,,False
4952656463,4952656462,0,1,5,1,0.0,0.01486988847583643,0.004694835680751174,0.6886922526484808,Low,49.18075443883365,tertiary,2,,True
4952686885,4952686888,0,1,1,0,0.0,0.0,0.0,0.0,Low,116.16867877439944,residential,,,False
4952686912,4952686910,0,1,1,0,0.0,0.0,0.0,0.0,Low,85.73186368209628,residential,,,False
4952686983,2611179197,0,1,1,1,0.0,0.0,0.004694835680751174,0.09389671361502348,Low,364.7107415648126,residential,,,False
4958076554,4950655283,0,3,5,2,0.016260162601626018,0.01486988847583643,0.009389671361502348,1.432995470328545,Low,126.97846509114683,residential,,,False
4973105485,4973105484,0,1,1,0,0.0,0.0,0.0,0.0,Low,47.75617084214138,residential,,,False
5133070906,5133070907,0,1,1,1,0.0,0.0,0.004694835680751174,0.09389671361502348,Low,104.79790635197682,residential,,,False
5267369424,836238561,0,1,1,1,0.0,0.0,0.004694835680751174,0.09389671361502348,Low,205.51739116891838,residential,,,False
5274915539,426841169,0,1,1,1,0.0,0.0,0.004694835680751174,0.09389671361502348,Low,477.4568033850199,secondary,2,,True
5283308423,5283308421,0,1,3,1,0.0,0.007434944237918215,0.004694835680751174,0.3912944831317521,Low,118.43316866348371,residential,,,False
5328726965,5328658178,0,1,1,1,0.0,0.0,0.004694835680751174,0.09389671361502348,Low,79.84619327306548,residential,,,False
5329082270,5329082288,0,1,5,2,0.0,0.01486988847583643,0.009389671361502348,0.7825889662635042,Low,146.61898659776537,residential,,,False
5330504370,569884939,0,1,5,5,0.0,0.01486988847583643,0.023474178403755867,1.0642791071085747,Low,72.02220560679231,tertiary,2,30,False
5330647541,10216329996,0,1,1,2,0.0,0.0,0.009389671361502348,0.18779342723004697,Low,20.96374924490455,residential,,,False
5330659841,1572997598,0,1,1,0,0.0,0.0,0.0,0.0,Low,53.89650412985515,tertiary,,,False
5330659866,6410933521,0,1,1,1,0.0,0.0,0.004694835680751174,0.09389671361502348,Low,146.13518283743122,residential,,,False
5331115103,5331115115,0,1,1,5,0.0,0.0,0.023474178403755867,0.4694835680751174,Low,517.5171830132397,residential,,,False
5395545376,6528482683,0,1,3,3,0.0,0.007434944237918215,0.014084507042253521,0.5790879103617991,Low,38.4065490390083,residential,,,False
5535976757,997846397,0,1,1,1,0.0,0.0,0.004694835680751174,0.09389671361502348,Low,225.62887425215393,residential,2,20,False
5588649590,2396948276,0,1,1,0,0.0,0.0,0.0,0.0,Low,245.04902757170413,primary,2,,True
5825728711,5825728714,0,1,1,2,0.0,0.0,0.009389671361502348,0.18779342723004697,Low,42.78689757290459,living_street,,,False
5930997555,10175064193,0,3,5,1,0.016260162601626018,0.01486988847583643,0.004694835680751174,1.3390987567135213,Low,85.17441717798107,residential,,,False
5966255503,5966255501,0,1,1,1,0.0,0.0,0.004694835680751174,0.09389671361502348,Low,69.40531147917855,residential,,,False
6056942840,7308880623,0,2,4,7,0.008130081300813009,0.011152416356877323,0.03286384976525822,1.4285769016127776,Low,647.5312513924127,secondary,2,,False
6131903446,6131903449,0,1,3,1,0.0,0.007434944237918215,0.004694835680751174,0.3912944831317521,Low,173.05020095369846,residential,,,False
6133175096,11411574088,0,1,3,3,0.0,0.007434944237918215,0.014084507042253521,0.5790879103617991,Low,316.2494783080475,residential,,,False
6137917607,1838767849,0,1,1,1,0.0,0.0,0.004694835680751174,0.09389671361502348,Low,159.38868299544765,residential,,,False
6142424112,6749564262,0,1,1,0,0.0,0.0,0.0,0.0,Low,511.24035198908695,residential,,,False
6144032622,442438276,0,1,1,2,0.0,0.0,0.009389671361502348,0.18779342723004697,Low,342.3806290794011,residential,,,False
6144400670,5330536435,0,1,3,1,0.0,0.007434944237918215,0.004694835680751174,0.3912944831317521,Low,259.6166112462804,residential,,,False
6152718053,6152718054,0,1,1,1,0.0,0.0,0.004694835680751174,0.09389671361502348,Low,30.22038765335712,residential,,,False
6152844618,10097122302,0,1,1,4,0.0,0.0,0.018779342723004695,0.37558685446009393,Low,62.459183996447166,residential,,,False
6180365750,6180365753,0,1,5,2,0.0,0.01486988847583643,0.009389671361502348,0.7825889662635042,Low,109.32721635236419,residential,,,False
6180385237,11038574241,0,1,5,4,0.0,0.01486988847583643,0.018779342723004695,0.9703823934935512,Low,300.57455257579875,residential,,,False
6194003059,6194003058,0,1,3,4,0.0,0.007434944237918215,0.018779342723004695,0.6729846239768226,Low,109.11909432874482,residential,,,False
6194008055,3148667924,0,1,1,0,0.0,0.0,0.0,0.0,Low,263.1648621813797,residential,,,False
6194196465,6194196461,0,1,1,2,0.0,0.0,0.009389671361502348,0.18779342723004697,Low,82.88557154597035,residential,,,False
6194216269,10170830042,0,1,5,2,0.0,0.01486988847583643,0.009389671361502348,0.7825889662635042,Low,1531.364176718617,primary,2,,True
6194253003,1388142899,0,1,1,1,0.0,0.0,0.004694835680751174,0.09389671361502348,Low,90.45533802834642,residential,,,False
6194313706,6194313697,0,1,3,1,0.0,0.007434944237918215,0.004694835680751174,0.3912944831317521,Low,171.6386510454259,residential,,,False
6195355490,10154239380,0,1,5,2,0.0,0.01486988847583643,0.009389671361502348,0.7825889662635042,Low,19.096182424435796,residential,,,False
6195367797,3039641658,0,1,3,0,0.0,0.007434944237918215,0.0,0.29739776951672864,Low,251.41776160176414,residential,,,False
6195684273,287912299,0,1,3,3,0.0,0.007434944237918215,0.014084507042253521,0.5790879103617991,Low,114.89146563960597,tertiary,,25,True
6226329981,248677965,0,1,1,0,0.0,0.0,0.0,0.0,Low,1032.8916571348673,trunk,2,60,True
6285630134,6285630136,0,1,1,1,0.0,0.0,0.004694835680751174,0.09389671361502348,Low,158.47271985788814,residential,,,False
6298505899,6298505897,0,1,1,0,0.0,0.0,0.0,0.0,Low,33.02184789935566,tertiary,,,False
6403451401,7398254781,0,1,3,1,0.0,0.007434944237918215,0.004694835680751174,0.3912944831317521,Low,273.21304124884074,residential,,,False
6504533922,308924477,0,1,1,3,0.0,0.0,0.014084507042253521,0.28169014084507044,Low,220.13569059436105,tertiary,,,False
6518252282,10055455570,0,1,1,3,0.0,0.0,0.014084507042253521,0.28169014084507044,Low,96.01659002092718,residential,,,False
6521888756,1309736989,0,1,5,2,0.0,0.01486988847583643,0.009389671361502348,0.7825889662635042,Low,55.95240184625804,secondary,,,False
6528148984,6528167685,0,1,3,1,0.0,0.007434944237918215,0.004694835680751174,0.3912944831317521,Low,31.88100216355099,residential,,,False
6528782908,3872579730,0,1,1,0,0.0,0.0,0.0,0.0,Low,45.33633707334152,residential,,,False
6532341932,4952656270,0,1,5,3,0.0,0.01486988847583643,0.014084507042253521,0.8764856798785278,Low,31.943190131584405,residential,,,False
6536415841,12157364887,0,2,2,2,0.008130081300813009,0.0037174721189591076,0.009389671361502348,0.6616955640209317,Low,692.4337004942206,tertiary,,,False
6536708552,10575940332,0,1,1,2,0.0,0.0,0.009389671361502348,0.18779342723004697,Low,150.89629218002807,residential,,,False
6562194967,2749514806,0,1,1,0,0.0,0.0,0.0,0.0,Low,100.07777557779563,residential,,,False
6575118683,1977975568,0,1,1,0,0.0,0.0,0.0,0.0,Low,374.24930728193,secondary,,,True
6617328981,1633904686,0,1,3,1,0.0,0.007434944237918215,0.004694835680751174,0.3912944831317521,Low,97.68069954186305,tertiary,,,False
6745641824,6745641848,1,1,1,3,0.0,0.0,0.014084507042253521,0.28169014084507044,Low,66.17314876673088,tertiary,,,True
6746631372,5295568654,0,1,1,2,0.0,0.0,0.009389671361502348,0.18779342723004697,Low,58.35272015794431,residential,,,False
6746702140,6746702132,0,1,1,0,0.0,0.0,0.0,0.0,Low,400.76008404023116,residential,,,False
6749682822,10266750996,0,1,5,4,0.0,0.01486988847583643,0.018779342723004695,0.9703823934935512,Low,124.68706622116531,residential,,,False
6802107177,1096956298,0,1,1,3,0.0,0.0,0.014084507042253521,0.28169014084507044,Low,361.56178632542424,secondary,2,,True
6809938713,6809938711,0,1,3,0,0.0,0.007434944237918215,0.0,0.29739776951672864,Low,70.41229749958912,residential,,,False
6810046561,6810023225,0,1,1,1,0.0,0.0,0.004694835680751174,0.09389671361502348,Low,142.78697223414858,residential,,,False
6861885471,5329111658,0,1,1,2,0.0,0.0,0.009389671361502348,0.18779342723004697,Low,160.54468494259186,residential,,,False
6884281243,6884281244,0,1,1,0,0.0,0.0,0.0,0.0,Low,39.678136759071606,residential,,,False
6884298293,6884298291,0,1,3,0,0.0,0.007434944237918215,0.0,0.29739776951672864,Low,198.65898283709885,tertiary,,,True
6884327538,1446278459,0,1,1,1,0.0,0.0,0.004694835680751174,0.09389671361502348,Low,58.66368976906803,residential,,,False
6901280942,11944239451,0,1,3,1,0.0,0.007434944237918215,0.004694835680751174,0.3912944831317521,Low,567.6578454241896,residential,,,False
6901590984,6901590980,0,1,1,1,0.0,0.0,0.004694835680751174,0.09389671361502348,Low,218.90809786902005,secondary,,,True
7088469651,7088469654,0,1,1,2,0.0,0.0,0.009389671361502348,0.18779342723004697,Low,52.29272827910553,living_street,,,False
7089243679,7089243678,0,2,4,5,0.008130081300813009,0.011152416356877323,0.023474178403755867,1.2407834743827306,Low,35.72083038893,residential,,,False
7090776373,7090777397,0,116,270,208,0.9349593495934959,1.0,0.9765258215962441,96.92889041566472,Critical,215.78891734910852,residential,,,False
7090777400,7090777397,1,8,18,9,0.056910569105691054,0.06319702602230483,0.04225352112676056,5.649374227655048,Low,203.3572081606174,residential,,,False
7121595595,7121595593,0,1,3,0,0.0,0.007434944237918215,0.0,0.29739776951672864,Low,131.3884228664789,residential,,,False
7121595606,7121595597,0,8,8,12,0.056910569105691054,0.026022304832713755,0.056338028169014086,4.444075520916474,Low,253.28180237250365,residential,,,False
7121595628,7121595624,0,7,11,13,0.04878048780487805,0.03717472118959108,0.06103286384976526,4.65886563677407,Low,55.02597072334763,residential,,,False
7121595634,7121595628,0,15,37,28,0.11382113821138211,0.13382899628252787,0.13145539906103287,12.535113360977057,Low,30.352397895029934,residential,,,False
7142697210,7424591822,0,1,1,5,0.0,0.0,0.023474178403755867,0.4694835680751174,Low,78.77859922594077,residential,,,False
7146517859,7378174449,0,1,5,4,0.0,0.01486988847583643,0.018779342723004695,0.9703823934935512,Low,194.58117256064546,residential,,,True
7146681134,7146681137,0,1,3,1,0.0,0.007434944237918215,0.004694835680751174,0.3912944831317521,Low,176.60369962509864,residential,,,False
7146681145,7466199493,0,2,6,7,0.008130081300813009,0.01858736059479554,0.03286384976525822,1.7259746711295063,Low,111.21855292367253,residential,,,False
7146806640,7146806636,0,1,5,2,0.0,0.01486988847583643,0.009389671361502348,0.7825889662635042,Low,123.90825567093891,residential,,,False
7148495601,10039209842,0,1,1,0,0.0,0.0,0.0,0.0,Low,33.13138284135626,residential,,,False
7175175831,7175175830,0,1,1,0,0.0,0.0,0.0,0.0,Low,30.204306330584007,residential,,,False
7175396251,1208603120,0,1,3,1,0.0,0.007434944237918215,0.004694835680751174,0.3912944831317521,Low,126.81088293756349,primary,2,,True
7207641453,7207641452,0,1,1,1,0.0,0.0,0.004694835680751174,0.09389671361502348,Low,103.04873242498041,residential,,,False
7207641473,7453283623,0,1,1,2,0.0,0.0,0.009389671361502348,0.18779342723004697,Low,39.362659899951865,residential,,,False
7207641480,7207641473,0,1,1,2,0.0,0.0,0.009389671361502348,0.18779342723004697,Low,127.90636284640874,residential,,,False
7208334848,7208334847,0,1,5,1,0.0,0.01486988847583643,0.004694835680751174,0.6886922526484808,Low,14.838627202675307,residential,,,False
7208382379,7208382380,0,1,3,1,0.0,0.007434944237918215,0.004694835680751174,0.3912944831317521,Low,68.69775824860241,residential,,,False
7208384011,10181936005,0,32,70,56,0.25203252032520324,0.25650557620817843,0.26291079812206575,25.599739823776584,Medium,517.9974624651395,residential,,,False
7208384018,7208384015,0,1,1,5,0.0,0.0,0.023474178403755867,0.4694835680751174,Low,62.40088402810601,residential,,,False
7211280699,10041240369,0,1,3,4,0.0,0.007434944237918215,0.018779342723004695,0.6729846239768226,Low,275.3508168659226,residential,,,False
7218644880,7218644883,0,1,1,0,0.0,0.0,0.0,0.0,Low,220.71270364927506,residential,,,False
7218644884,11395649433,0,1,3,2,0.0,0.007434944237918215,0.009389671361502348,0.4851911967467756,Low,114.12711290140564,residential,,,False
7228222026,2464024966,0,1,1,2,0.0,0.0,0.009389671361502348,0.18779342723004697,Low,36.32311369255628,residential,,,False
7259994478,1208611208,0,14,36,14,0.10569105691056911,0.13011152416356878,0.06572769953051644,10.746657233575844,Low,7.958272863789317,tertiary,2,,False
7265565025,7265565024,0,1,1,3,0.0,0.0,0.014084507042253521,0.28169014084507044,Low,86.84725805622823,residential,,,False
7265621063,11411943405,0,1,1,5,0.0,0.0,0.023474178403755867,0.4694835680751174,Low,105.77947712309438,residential,,,False
7265733821,7265733814,0,1,5,2,0.0,0.01486988847583643,0.009389671361502348,0.7825889662635042,Low,257.76953651235283,residential,,,False
7266012702,4016425345,0,1,3,1,0.0,0.007434944237918215,0.004694835680751174,0.3912944831317521,Low,302.6907443172987,unclassified,,,True
7270994832,10862180936,0,1,5,3,0.0,0.01486988847583643,0.014084507042253521,0.8764856798785278,Low,121.25975495803677,residential,,,False
7271027039,7271027038,0,2,2,6,0.008130081300813009,0.0037174721189591076,0.028169014084507043,1.0372824184810256,Low,29.274633052952275,residential,,,False
7271589253,7271589265,0,1,3,1,0.0,0.007434944237918215,0.004694835680751174,0.3912944831317521,Low,241.67542844424494,residential,,,False
7279005505,1851131437,0,1,3,1,0.0,0.007434944237918215,0.004694835680751174,0.3912944831317521,Low,293.2850804091955,residential,,,False
7279290943,7279291030,0,5,17,9,0.032520325203252036,0.05947955390334572,0.04225352112676056,4.525065586799122,Low,96.48246349914946,residential,,,False
7279291138,9605401075,0,29,49,46,0.22764227642276422,0.17843866171003717,0.215962441314554,20.562486351603138,Low,343.7730175854575,residential,,,False
7279470783,2247888246,0,2,6,4,0.008130081300813009,0.01858736059479554,0.018779342723004695,1.444284530284436,Low,319.57474150614627,residential,,,False
7287467675,249075498,0,1,5,5,0.0,0.01486988847583643,0.023474178403755867,1.0642791071085747,Low,181.40227872642893,tertiary,,,False
7287483093,309595963,0,1,1,0,0.0,0.0,0.0,0.0,Low,54.68139071314213,tertiary,,,False
7287505911,609006762,0,1,3,3,0.0,0.007434944237918215,0.014084507042253521,0.5790879103617991,Low,76.57450971787574,tertiary,,,False
7287581961,2030144607,0,1,1,2,0.0,0.0,0.009389671361502348,0.18779342723004697,Low,259.2869182457846,residential,,,False
7288094046,7288094047,0,1,1,1,0.0,0.0,0.004694835680751174,0.09389671361502348,Low,58.804505424656135,residential,,,False
7290798756,7290798753,0,1,1,3,0.0,0.0,0.014084507042253521,0.28169014084507044,Low,63.53498139444618,residential,,,False
7291406297,3032560253,0,1,5,5,0.0,0.01486988847583643,0.023474178403755867,1.0642791071085747,Low,201.4370334953392,residential,,,False
7291452500,1148858402,0,1,3,1,0.0,0.007434944237918215,0.004694835680751174,0.3912944831317521,Low,157.10743527476902,residential,,,False
7298163666,4597826524,0,1,1,2,0.0,0.0,0.009389671361502348,0.18779342723004697,Low,1117.2321159083435,tertiary,2,40,False
7298163666,7298163669,1,17,31,22,0.13008130081300814,0.11152416356877323,0.10328638497652583,11.729946274801772,Low,50.64264177056067,tertiary,2,40,False
7298163669,9805586375,0,9,31,22,0.06504065040650407,0.11152416356877323,0.10328638497652583,9.128320258541608,Low,82.9152027730558,residential,,,False
7298265021,10207253603,0,1,1,1,0.0,0.0,0.004694835680751174,0.09389671361502348,Low,269.33457816125417,residential,,,False
7298937062,7298937069,0,18,48,35,0.13821138211382114,0.17472118959107807,0.1643192488262911,15.803687844721793,Low,115.73524777792824,residential,,,False
7298937156,12011815295,0,1,3,2,0.0,0.007434944237918215,0.009389671361502348,0.4851911967467756,Low,66.9932471577578,residential,,,False
7298937170,12154153170,0,1,1,0,0.0,0.0,0.0,0.0,Low,139.2556213155084,residential,,,False
7298937635,1817571248,0,1,1,4,0.0,0.0,0.018779342723004695,0.37558685446009393,Low,833.0478641254219,secondary,2,,False
7305383393,12165336146,0,9,15,9,0.06504065040650407,0.05204460966542751,0.04225352112676056,5.528480825412475,Low,45.618269722272764,tertiary,,,True
7311563267,7311563264,0,1,1,3,0.0,0.0,0.014084507042253521,0.28169014084507044,Low,72.79251972362044,residential,,,False
7311630873,12151782590,0,1,1,0,0.0,0.0,0.0,0.0,Low,148.0972124194788,residential,,,False
7311630883,7311630889,0,1,1,3,0.0,0.0,0.014084507042253521,0.28169014084507044,Low,81.51360045932238,residential,,,False
7328007827,7328007822,0,4,10,9,0.024390243902439025,0.03345724907063197,0.04225352112676056,3.1589701414580516,Low,66.89314965140309,residential,,,False
7331215051,7265999725,0,3,7,4,0.016260162601626018,0.022304832713754646,0.018779342723004695,1.9181866670753205,Low,50.73133286638016,residential,,,False
7331215088,4032342086,0,2,4,5,0.008130081300813009,0.011152416356877323,0.023474178403755867,1.2407834743827306,Low,154.57205027242446,residential,,,False
7345511207,11436858454,0,8,16,17,0.056910569105691054,0.055762081784386616,0.07981220657276995,6.103150167058506,Low,488.9160774125254,residential,,,False
7357508054,7357508047,0,6,14,8,0.04065040650406504,0.048327137546468404,0.03755868544600939,4.3102754709415265,Low,98.00474761429942,residential,,,False
7357555440,10593568065,0,1,3,4,0.0,0.007434944237918215,0.018779342723004695,0.6729846239768226,Low,14.036363241679123,residential,,,False
7361705104,3034669943,0,1,5,2,0.0,0.01486988847583643,0.009389671361502348,0.7825889662635042,Low,63.082808299124366,residential,,,False
7370985229,2463919035,0,1,1,0,0.0,0.0,0.0,0.0,Low,96.12128679766724,residential,,,False
7371583597,11266490612,0,1,5,4,0.0,0.01486988847583643,0.018779342723004695,0.9703823934935512,Low,34.29223308190934,residential,,,True
7372049142,7372049141,0,1,3,0,0.0,0.007434944237918215,0.0,0.29739776951672864,Low,35.94108150216034,residential,,,False
7374251281,4958076554,0,1,1,0,0.0,0.0,0.0,0.0,Low,634.5852621594303,residential,,,False
7374276412,1336687458,0,1,3,2,0.0,0.007434944237918215,0.009389671361502348,0.4851911967467756,Low,462.5363891828942,tertiary,,,False
7377606289,2250207748,0,1,5,1,0.0,0.01486988847583643,0.004694835680751174,0.6886922526484808,Low,61.417781959245616,residential,,,False
7377821387,13787730870,0,1,1,2,0.0,0.0,0.009389671361502348,0.18779342723004697,Low,78.58209910049383,residential,2,,False
7377821479,7377821468,0,1,1,1,0.0,0.0,0.004694835680751174,0.09389671361502348,Low,35.42990567428815,residential,,,False
7384110691,7384110702,0,10,24,32,0.07317073170731707,0.08550185873605948,0.15023474178403756,9.351598453415813,Low,44.610947056214016,residential,,,False
7384187444,7384187446,0,1,1,4,0.0,0.0,0.018779342723004695,0.37558685446009393,Low,154.1247458069413,residential,,,False
7384329668,555674872,0,1,3,3,0.0,0.007434944237918215,0.014084507042253521,0.5790879103617991,Low,78.3399725293452,residential,,,False
7396736280,6403451401,0,7,21,9,0.04878048780487805,0.07434944237918216,0.04225352112676056,5.77026762989762,Low,181.8394097360206,residential,,,False
7398254781,7398254791,0,23,57,49,0.17886178861788618,0.20817843866171004,0.2300469483568075,20.08254805832,Low,103.94061134274135,residential,,,False
7401262870,7401262868,0,1,1,1,0.0,0.0,0.004694835680751174,0.09389671361502348,Low,22.96346683017848,residential,,,False
7401552868,7401552867,0,1,3,0,0.0,0.007434944237918215,0.0,0.29739776951672864,Low,108.12873704565135,residential,,,False
7401559955,6521515830,0,1,1,0,0.0,0.0,0.0,0.0,Low,80.31085759337614,residential,,,False
7401660108,2247956011,0,1,1,1,0.0,0.0,0.004694835680751174,0.09389671361502348,Low,71.13566204270714,residential,,,False
7402050709,7402050778,0,13,27,28,0.0975609756097561,0.09665427509293681,0.13145539906103287,10.397718009328374,Low,39.680137146656136,residential,,,False
7404150093,7404150090,0,2,4,4,0.008130081300813009,0.011152416356877323,0.018779342723004695,1.1468867607677073,Low,97.15305152860353,unclassified,,,False
7404449091,7404449114,0,5,5,7,0.032520325203252036,0.01486988847583643,0.03286384976525822,2.552885542468703,Low,146.93337477793753,residential,,,False
7404449188,7404449180,0,3,11,4,0.016260162601626018,0.03717472118959108,0.018779342723004695,2.512982206108778,Low,219.74875988674629,residential,,,False
7404474523,13826455860,0,1,3,3,0.0,0.007434944237918215,0.014084507042253521,0.5790879103617991,Low,162.65199411989596,residential,,,False
7405194403,7405194395,0,1,1,2,0.0,0.0,0.009389671361502348,0.18779342723004697,Low,125.37707084927953,residential,,,False
7409465908,7409465907,0,1,1,1,0.0,0.0,0.004694835680751174,0.09389671361502348,Low,38.557433159732426,residential,,,False
7409828318,1836982892,0,1,3,1,0.0,0.007434944237918215,0.004694835680751174,0.3912944831317521,Low,218.4128063170533,tertiary,,,False
7409828326,7409828345,0,1,3,0,0.0,0.007434944237918215,0.0,0.29739776951672864,Low,78.83874543185365,residential,,,False
7410650605,7410650606,0,2,2,3,0.008130081300813009,0.0037174721189591076,0.014084507042253521,0.755592277635955,Low,39.11193765813679,residential,,,False
7410650620,11027056816,0,1,3,1,0.0,0.007434944237918215,0.004694835680751174,0.3912944831317521,Low,52.12336763730651,residential,,,False
7413278926,6143268790,0,1,1,0,0.0,0.0,0.0,0.0,Low,110.22705042663651,residential,,,False
7413596782,9860627678,0,1,3,1,0.0,0.007434944237918215,0.004694835680751174,0.3912944831317521,Low,144.13314146512576,tertiary,,,False
7413599891,1386329058,0,1,1,2,0.0,0.0,0.009389671361502348,0.18779342723004697,Low,141.42371072390011,residential,,,False
7413982761,7413982762,0,1,1,0,0.0,0.0,0.0,0.0,Low,136.31931762220756,residential,,,False
7414033014,7424885298,0,1,1,1,0.0,0.0,0.004694835680751174,0.09389671361502348,Low,68.34803451195347,residential,,,False
7425453148,7425453147,0,1,1,2,0.0,0.0,0.009389671361502348,0.18779342723004697,Low,77.77820100458243,tertiary,2,,True
7428520708,7413982747,0,1,3,1,0.0,0.007434944237918215,0.004694835680751174,0.3912944831317521,Low,33.857932045718165,secondary,,,False
7428733994,2633816047,0,1,1,1,0.0,0.0,0.004694835680751174,0.09389671361502348,Low,111.37103474027948,residential,,,False
7433399760,7433399761,0,2,4,4,0.008130081300813009,0.011152416356877323,0.018779342723004695,1.1468867607677073,Low,132.9692589562142,residential,,,False
7433399761,419795557,0,11,23,19,0.08130081300813008,0.08178438661710037,0.0892018779342723,8.307445543694666,Low,207.74232010528726,secondary,,,False
7433770436,1837299984,0,2,2,7,0.008130081300813009,0.0037174721189591076,0.03286384976525822,1.1311791320960491,Low,71.4241128334772,secondary,,,False
7433770487,1837299984,0,1,1,4,0.0,0.0,0.018779342723004695,0.37558685446009393,Low,25.393737477009047,tertiary,,,False
7434990649,7434990719,0,1,5,5,0.0,0.01486988847583643,0.023474178403755867,1.0642791071085747,Low,46.68879684134972,residential,,,False
7435095012,7435095011,0,1,1,1,0.0,0.0,0.004694835680751174,0.09389671361502348,Low,61.89135197374511,residential,,,False
7436726542,10216330010,0,1,3,0,0.0,0.007434944237918215,0.0,0.29739776951672864,Low,107.25074284972294,residential,,,False
7436997165,5328658242,0,1,1,4,0.0,0.0,0.018779342723004695,0.37558685446009393,Low,90.68513352221893,residential,,,False
7437638272,13086177511,0,1,3,1,0.0,0.007434944237918215,0.004694835680751174,0.3912944831317521,Low,256.0537478710165,tertiary,,,False
7438052168,2246825540,0,1,5,5,0.0,0.01486988847583643,0.023474178403755867,1.0642791071085747,Low,100.91590498141287,tertiary,,,False
7438052176,1851132654,0,1,3,1,0.0,0.007434944237918215,0.004694835680751174,0.3912944831317521,Low,113.10859367761662,tertiary,,,False
7441193578,10229690104,0,3,5,6,0.016260162601626018,0.01486988847583643,0.028169014084507043,1.808582324788639,Low,432.7239524968334,secondary,2,,True
7451422700,7451422701,0,1,3,1,0.0,0.007434944237918215,0.004694835680751174,0.3912944831317521,Low,51.48695027812676,residential,,,False
7452739635,7452512555,0,1,1,3,0.0,0.0,0.014084507042253521,0.28169014084507044,Low,356.72053953947307,residential,,,False
7452904592,7483009491,0,3,5,3,0.016260162601626018,0.01486988847583643,0.014084507042253521,1.5268921839435683,Low,354.2980000654279,residential,,,False
7453259802,1529422790,0,1,1,1,0.0,0.0,0.004694835680751174,0.09389671361502348,Low,111.18822131992509,residential,,,False
7453315454,7453315455,0,1,1,1,0.0,0.0,0.004694835680751174,0.09389671361502348,Low,40.43744656965277,residential,,,False
7456061738,7456061744,0,1,3,2,0.0,0.007434944237918215,0.009389671361502348,0.4851911967467756,Low,82.9797706546538,residential,,,False
7457472567,7457472570,0,1,1,0,0.0,0.0,0.0,0.0,Low,94.08180391405996,residential,,,False
7457639696,10095249368,0,1,3,0,0.0,0.007434944237918215,0.0,0.29739776951672864,Low,28.065211742269433,residential,,,False
7461717250,10081050097,0,1,5,5,0.0,0.01486988847583643,0.023474178403755867,1.0642791071085747,Low,115.5277376760559,secondary,,,False
7462101986,11294837803,0,2,4,4,0.008130081300813009,0.011152416356877323,0.018779342723004695,1.1468867607677073,Low,9.46795217005127,residential,,,False
7462101991,9953920240,0,25,67,44,0.1951219512195122,0.24535315985130113,0.20657276995305165,21.750459841893573,Low,34.66040587852507,residential,2,,False
7462417671,7462417670,0,1,1,3,0.0,0.0,0.014084507042253521,0.28169014084507044,Low,45.181347560989686,residential,,,False
7462733017,6143206904,0,2,6,4,0.008130081300813009,0.01858736059479554,0.018779342723004695,1.444284530284436,Low,152.41190263420953,secondary,2,,True
7462766534,3039021473,0,1,5,2,0.0,0.01486988847583643,0.009389671361502348,0.7825889662635042,Low,58.023325738352554,residential,,,False
7462942224,7462942225,0,1,1,3,0.0,0.0,0.014084507042253521,0.28169014084507044,Low,40.506180005019374,residential,,,False
7462942252,3872498748,0,1,3,2,0.0,0.007434944237918215,0.009389671361502348,0.4851911967467756,Low,33.764415685385,residential,,,False
7462946369,6901564555,0,50,120,86,0.3983739837398374,0.4423791821561338,0.40375586854460094,41.70524400673087,Medium,57.40615697100277,residential,,,False
7463040541,7378948837,0,1,1,2,0.0,0.0,0.009389671361502348,0.18779342723004697,Low,166.60636406169613,residential,,,False
7463374967,13301020314,0,1,1,3,0.0,0.0,0.014084507042253521,0.28169014084507044,Low,98.86653434621793,residential,,,False
7463488412,7463684265,0,1,3,1,0.0,0.007434944237918215,0.004694835680751174,0.3912944831317521,Low,487.63331389138796,tertiary,,,False
7463750592,7463750628,0,1,1,0,0.0,0.0,0.0,0.0,Low,144.8665643885643,residential,,,False
7463750604,7463750613,0,2,10,6,0.008130081300813009,0.03345724907063197,0.028169014084507043,2.22687349654794,Low,106.88827405531953,residential,,,False
7465559480,7465559478,0,1,1,0,0.0,0.0,0.0,0.0,Low,24.455416712178543,residential,,,False
7465614109,11419974289,0,1,1,3,0.0,0.0,0.014084507042253521,0.28169014084507044,Low,113.07034454306259,residential,,,False
7465614211,12686971432,0,3,9,8,0.016260162601626018,0.02973977695167286,0.03755868544600939,2.5911712910521434,Low,499.97906451865924,residential,,,False
7465950644,7456293796,0,1,5,5,0.0,0.01486988847583643,0.023474178403755867,1.0642791071085747,Low,610.6316982030899,tertiary,2,40,False
7467127515,9787663613,0,1,3,0,0.0,0.007434944237918215,0.0,0.29739776951672864,Low,303.82217320011347,residential,,,False
7467198430,7467198433,0,1,1,0,0.0,0.0,0.0,0.0,Low,40.70899012486773,residential,,,False
7467198445,7467198444,0,1,5,3,0.0,0.01486988847583643,0.014084507042253521,0.8764856798785278,Low,88.92594882315389,residential,,,False
7477677629,1365464817,0,1,3,3,0.0,0.007434944237918215,0.014084507042253521,0.5790879103617991,Low,26.86498940734438,tertiary,2,,False
7478132603,6144133801,0,1,5,2,0.0,0.01486988847583643,0.009389671361502348,0.7825889662635042,Low,73.69480006135184,residential,,,False
7478154729,7478154725,0,1,1,1,0.0,0.0,0.004694835680751174,0.09389671361502348,Low,155.11726481395226,tertiary_link,,,False
7478154776,7478154773,0,1,1,0,0.0,0.0,0.0,0.0,Low,44.12776627787266,residential,,,False
7479298148,7479779547,0,1,5,1,0.0,0.01486988847583643,0.004694835680751174,0.6886922526484808,Low,165.9711392629771,tertiary,,,False
7479630857,7479630859,0,1,3,3,0.0,0.007434944237918215,0.014084507042253521,0.5790879103617991,Low,59.59099666876237,residential,,,False
7479631149,3148655268,0,1,5,1,0.0,0.01486988847583643,0.004694835680751174,0.6886922526484808,Low,28.575411470732092,tertiary,2,,False
7479631182,7479631187,0,1,3,0,0.0,0.007434944237918215,0.0,0.29739776951672864,Low,88.42466655061082,residential,,,False
7480804808,7480804806,0,1,3,4,0.0,0.007434944237918215,0.018779342723004695,0.6729846239768226,Low,163.3967742578686,residential,2,,False
7484286236,3145279008,0,1,1,2,0.0,0.0,0.009389671361502348,0.18779342723004697,Low,51.43582792531649,residential,,,False
7484804808,599226377,0,1,1,2,0.0,0.0,0.009389671361502348,0.18779342723004697,Low,204.84641214902166,residential,,,False
7484941125,7484941124,0,4,8,7,0.024390243902439025,0.026022304832713755,0.03286384976525822,2.673778944711276,Low,44.68975613699969,residential,,,False
7485097448,1586948390,0,1,3,0,0.0,0.007434944237918215,0.0,0.29739776951672864,Low,181.98835022481367,residential,,,False
7486236381,7486236374,0,1,3,0,0.0,0.007434944237918215,0.0,0.29739776951672864,Low,244.77657728585214,residential,,,False
7553059088,9903727590,0,1,1,2,0.0,0.0,0.009389671361502348,0.18779342723004697,Low,230.16544493365546,tertiary,,,False
8239947030,12040966310,0,1,1,0,0.0,0.0,0.0,0.0,Low,3795.173977919972,primary,2,40,True
9184290745,503471475,0,1,3,0,0.0,0.007434944237918215,0.0,0.29739776951672864,Low,45.06990020284153,residential,1,,False
9184294951,10170918928,0,1,5,1,0.0,0.01486988847583643,0.004694835680751174,0.6886922526484808,Low,78.93848581782835,residential,,,False
9184318023,574368921,0,1,1,2,0.0,0.0,0.009389671361502348,0.18779342723004697,Low,116.8121600319272,tertiary,,,False
9184326332,4122368428,0,1,1,1,0.0,0.0,0.004694835680751174,0.09389671361502348,Low,28.942356686345697,residential,,,False
9187817115,2248439866,0,1,5,1,0.0,0.01486988847583643,0.004694835680751174,0.6886922526484808,Low,60.114135160998465,residential,,,False
9187864903,9187864908,0,1,1,0,0.0,0.0,0.0,0.0,Low,34.56732310911525,residential,,,False
9192403445,1473775642,0,1,1,1,0.0,0.0,0.004694835680751174,0.09389671361502348,Low,74.81113020897041,residential,,,False
9192439376,1526635341,0,1,1,4,0.0,0.0,0.018779342723004695,0.37558685446009393,Low,100.8801292143591,residential,,,False
9605401025,9605401026,0,1,1,1,0.0,0.0,0.004694835680751174,0.09389671361502348,Low,129.87501656107375,residential,,,False
9605401076,9605401088,0,13,23,22,0.0975609756097561,0.08178438661710037,0.10328638497652583,9.239542188604776,Low,118.82029639156724,residential,,,False
9605728811,12114567040,0,1,5,5,0.0,0.01486988847583643,0.023474178403755867,1.0642791071085747,Low,137.28141405608025,residential,,,False
9612093071,2246812083,0,1,5,3,0.0,0.01486988847583643,0.014084507042253521,0.8764856798785278,Low,59.76388848907923,residential,,,False
9613161441,9613161436,0,1,5,1,0.0,0.01486988847583643,0.004694835680751174,0.6886922526484808,Low,149.96833515022678,residential,,,False
9695761683,11385460446,0,1,1,0,0.0,0.0,0.0,0.0,Low,25.3765020572717,unclassified,,,False
9696585737,12211429450,0,1,1,2,0.0,0.0,0.009389671361502348,0.18779342723004697,Low,543.5615667958717,residential,,,False
9700303095,12961466054,0,1,3,0,0.0,0.007434944237918215,0.0,0.29739776951672864,Low,7.592774331205476,secondary,2,,True
9720149317,9720119216,0,1,1,2,0.0,0.0,0.009389671361502348,0.18779342723004697,Low,102.88573220516615,residential,,,False
9751468700,2248441184,0,1,1,1,0.0,0.0,0.004694835680751174,0.09389671361502348,Low,112.9554985349631,primary,2,,True
9778491238,9778491242,0,12,26,23,0.08943089430894309,0.09293680297397769,0.107981220657277,9.454332304462373,Low,35.15966884563061,residential,,,False
9778491245,9778491243,0,28,66,47,0.21951219512195122,0.241635687732342,0.22065727699530516,22.859060854077836,Low,88.02257233517223,residential,,,False
9780481931,6194321364,0,1,1,2,0.0,0.0,0.009389671361502348,0.18779342723004697,Low,177.78415651730646,residential,,,False
9780498417,7211287116,0,1,3,1,0.0,0.007434944237918215,0.004694835680751174,0.3912944831317521,Low,64.61959618916782,residential,,,False
9780516120,10026247067,0,1,1,0,0.0,0.0,0.0,0.0,Low,100.44275918169555,residential,,,False
9784696350,559375851,0,39,95,80,0.3089430894308943,0.34944237918215615,0.3755868544600939,33.847155833723896,Medium,32.21333224576199,residential,,,False
9784696353,11404888322,0,7,13,4,0.04878048780487805,0.04460966542750929,0.018779342723004695,4.111192983755588,Low,55.914109194528734,residential,,,False
9836494458,9836494459,0,1,1,1,0.0,0.0,0.004694835680751174,0.09389671361502348,Low,546.4286057128822,primary,3,,True
9837904706,13328136113,0,1,1,4,0.0,0.0,0.018779342723004695,0.37558685446009393,Low,849.5100610577134,residential,,,False
9857069406,9857069359,0,1,3,0,0.0,0.007434944237918215,0.0,0.29739776951672864,Low,502.65796189380444,unclassified,,,True
9898893783,9187757834,0,2,4,4,0.008130081300813009,0.011152416356877323,0.018779342723004695,1.1468867607677073,Low,41.23084621493045,residential,,,False
9898893784,9187757834,0,13,29,17,0.0975609756097561,0.10408921933085502,0.07981220657276995,9.662251929079844,Low,63.87317109658293,residential,,,False
9901476095,9901476094,0,1,1,2,0.0,0.0,0.009389671361502348,0.18779342723004697,Low,36.34446957794321,residential,,,False
9953920276,13380680073,0,1,3,2,0.0,0.007434944237918215,0.009389671361502348,0.4851911967467756,Low,53.14650564525244,tertiary,,,True
9959161576,9914370188,0,1,1,1,0.0,0.0,0.004694835680751174,0.09389671361502348,Low,308.7784245574202,secondary,2,40,True
9994821257,6536735131,0,1,5,1,0.0,0.01486988847583643,0.004694835680751174,0.6886922526484808,Low,192.7789668784251,residential,,,False
10017876318,10017876318,1,1,3,1,0.0,0.007434944237918215,0.004694835680751174,0.3912944831317521,Low,127.78969947113237,residential,,,False
10017876325,583206322,0,1,3,1,0.0,0.007434944237918215,0.004694835680751174,0.3912944831317521,Low,144.12902375889473,residential,,,False
10017912936,13235869155,0,1,5,5,0.0,0.01486988847583643,0.023474178403755867,1.0642791071085747,Low,99.3328710763969,residential,,,False
10018043605,10018043611,0,1,5,1,0.0,0.01486988847583643,0.004694835680751174,0.6886922526484808,Low,108.44204000699432,residential,,,False
10020407177,10020407176,0,1,1,0,0.0,0.0,0.0,0.0,Low,112.7370335628066,residential,,,False
10020519594,2248546167,0,1,1,0,0.0,0.0,0.0,0.0,Low,59.51110197394308,residential,,,False
10020593104,10020593103,0,1,1,3,0.0,0.0,0.014084507042253521,0.28169014084507044,Low,32.3949700038591,residential,,,False
10021135957,10021135956,0,1,3,2,0.0,0.007434944237918215,0.009389671361502348,0.4851911967467756,Low,59.09642226772071,living_street,,,False
10023967356,10023967351,0,1,3,2,0.0,0.007434944237918215,0.009389671361502348,0.4851911967467756,Low,32.976247496837395,residential,,,False
10026247108,2248738158,0,1,1,2,0.0,0.0,0.009389671361502348,0.18779342723004697,Low,27.133791449980617,residential,,,False
10026279300,10026279295,0,1,1,1,0.0,0.0,0.004694835680751174,0.09389671361502348,Low,97.8989267052221,residential,,,False
10026337224,1566568723,0,1,1,2,0.0,0.0,0.009389671361502348,0.18779342723004697,Low,29.164861347520272,residential,,,False
10029047569,1586879198,0,1,1,0,0.0,0.0,0.0,0.0,Low,105.29668937518943,residential,,,False
10034231484,12134224862,0,1,3,1,0.0,0.007434944237918215,0.004694835680751174,0.3912944831317521,Low,246.06576546392552,primary,2,,True
10036010699,9188742944,0,1,3,0,0.0,0.007434944237918215,0.0,0.29739776951672864,Low,48.83460353922882,residential,,,False
10036070922,9190133653,0,1,1,0,0.0,0.0,0.0,0.0,Low,117.0102292388336,residential,,,False
10038653723,1542668712,0,1,3,0,0.0,0.007434944237918215,0.0,0.29739776951672864,Low,85.4004851006526,residential,,,False
10038856356,10038856359,0,1,1,0,0.0,0.0,0.0,0.0,Low,49.74572329498068,residential,,,False
10039201679,7232607771,0,1,1,1,0.0,0.0,0.004694835680751174,0.09389671361502348,Low,114.87793055763598,residential,,,False
10041064440,10039032064,0,1,1,0,0.0,0.0,0.0,0.0,Low,256.4311708472557,residential,,,False
10041221621,10041221622,0,1,3,0,0.0,0.007434944237918215,0.0,0.29739776951672864,Low,70.10786961359408,unclassified,,,False
10044159705,10044159707,0,1,3,4,0.0,0.007434944237918215,0.018779342723004695,0.6729846239768226,Low,34.828709101787716,residential,,,False
10044274781,9780516209,0,1,1,2,0.0,0.0,0.009389671361502348,0.18779342723004697,Low,88.07473409957166,residential,,,False
10044274856,10044274864,0,1,3,1,0.0,0.007434944237918215,0.004694835680751174,0.3912944831317521,Low,32.9078883205331,tertiary,,,False
10044534380,9780516209,0,2,2,3,0.008130081300813009,0.0037174721189591076,0.014084507042253521,0.755592277635955,Low,46.83718235969924,residential,,,False
10055294891,10861612634,0,1,1,2,0.0,0.0,0.009389671361502348,0.18779342723004697,Low,81.38373033135211,residential,,,False
10057802003,10057802002,0,1,1,1,0.0,0.0,0.004694835680751174,0.09389671361502348,Low,51.335565442250456,residential,,,False
10057951025,10057951023,0,1,3,1,0.0,0.007434944237918215,0.004694835680751174,0.3912944831317521,Low,49.10091519727711,tertiary,,,False
10060063612,10060063611,0,1,3,5,0.0,0.007434944237918215,0.023474178403755867,0.766881337591846,Low,23.178929343702425,residential,,,False
10060830774,10060830773,0,1,5,4,0.0,0.01486988847583643,0.018779342723004695,0.9703823934935512,Low,48.51537435774857,residential,,,False
10063048704,10063048703,0,1,5,5,0.0,0.01486988847583643,0.023474178403755867,1.0642791071085747,Low,12.376621753425448,living_street,,,False
10063105910,10063105911,0,1,1,2,0.0,0.0,0.009389671361502348,0.18779342723004697,Low,35.351548304322144,residential,,,False
10063169681,10063169679,0,1,3,0,0.0,0.007434944237918215,0.0,0.29739776951672864,Low,27.217831480764918,residential,,,False
10064058021,6194562558,0,1,1,1,0.0,0.0,0.004694835680751174,0.09389671361502348,Low,265.08499347027873,residential,,,False
10068662143,1837285037,0,1,3,2,0.0,0.007434944237918215,0.009389671361502348,0.4851911967467756,Low,1227.4329193745446,primary,2,,True
10072561234,2145322151,0,1,5,5,0.0,0.01486988847583643,0.023474178403755867,1.0642791071085747,Low,191.48681637664973,residential,,,False
10072721852,10072721853,0,1,1,1,0.0,0.0,0.004694835680751174,0.09389671361502348,Low,52.23879077368173,residential,,,False
10074904404,7287215953,0,1,1,4,0.0,0.0,0.018779342723004695,0.37558685446009393,Low,43.154878662803256,secondary,2,25,True
10079132776,10079132778,0,1,1,0,0.0,0.0,0.0,0.0,Low,89.35462235552399,residential,,,False
10079198531,11143274007,0,1,3,2,0.0,0.007434944237918215,0.009389671361502348,0.4851911967467756,Low,69.1772277843771,residential,,,False
10081230066,10081230068,0,1,1,1,0.0,0.0,0.004694835680751174,0.09389671361502348,Low,31.40753352284301,residential,,,False
10081303331,2248664475,0,1,1,2,0.0,0.0,0.009389671361502348,0.18779342723004697,Low,53.33436174782456,residential,,,False
10081327929,442107254,0,1,1,1,0.0,0.0,0.004694835680751174,0.09389671361502348,Low,96.36123433214065,residential,,,False
10081408683,10091505352,0,1,3,0,0.0,0.007434944237918215,0.0,0.29739776951672864,Low,24.098255828071114,residential,,,False
10081533734,442437947,0,1,1,5,0.0,0.0,0.023474178403755867,0.4694835680751174,Low,64.59863647254028,residential,,,False
10088635252,1533848366,0,1,1,1,0.0,0.0,0.004694835680751174,0.09389671361502348,Low,131.9102140534929,residential,,,False
10088676639,1838768174,0,1,5,1,0.0,0.01486988847583643,0.004694835680751174,0.6886922526484808,Low,30.46957929456134,residential,,,False
10089395873,3157719170,0,1,1,4,0.0,0.0,0.018779342723004695,0.37558685446009393,Low,93.45097257652802,residential,,,False
10091596936,3543182229,0,1,3,0,0.0,0.007434944237918215,0.0,0.29739776951672864,Low,79.26260989442231,residential,,,False
10091815498,10091815497,0,1,1,3,0.0,0.0,0.014084507042253521,0.28169014084507044,Low,32.25773512296647,residential,,,False
10093892286,2268179673,0,1,3,1,0.0,0.007434944237918215,0.004694835680751174,0.3912944831317521,Low,40.449520131808484,living_street,,,False
10094763086,10094763087,0,1,1,2,0.0,0.0,0.009389671361502348,0.18779342723004697,Low,43.17372576374446,residential,,,False
10094802602,10094802601,0,1,1,2,0.0,0.0,0.009389671361502348,0.18779342723004697,Low,27.016978218476744,residential,,,False
10094934190,12560654631,0,1,1,1,0.0,0.0,0.004694835680751174,0.09389671361502348,Low,53.30451170251995,residential,,,False
10095028627,3448477074,0,1,1,4,0.0,0.0,0.018779342723004695,0.37558685446009393,Low,115.30231667030546,residential,,,False
10095028672,6755784879,0,2,2,5,0.008130081300813009,0.0037174721189591076,0.023474178403755867,0.943385704866002,Low,78.04923916780712,residential,,,False
10095039119,7484941156,0,1,1,0,0.0,0.0,0.0,0.0,Low,336.715261773584,residential,,,False
10108259639,10841360401,0,1,3,1,0.0,0.007434944237918215,0.004694835680751174,0.3912944831317521,Low,125.47647704247692,residential,,,False
10129524861,597084152,0,1,3,1,0.0,0.007434944237918215,0.004694835680751174,0.3912944831317521,Low,299.46308614480563,primary,4,,True
10148760737,10148760742,0,18,48,32,0.13821138211382114,0.17472118959107807,0.15023474178403756,15.521997703876721,Low,67.27042269790127,residential,,,False
10148771374,10148771375,0,12,34,16,0.08943089430894309,0.12267657992565056,0.07511737089201878,9.986646387224123,Low,16.10467662286898,motorway_link,,,False
10148895277,1088515849,0,1,1,4,0.0,0.0,0.018779342723004695,0.37558685446009393,Low,174.50846648289084,residential,,20,False
10156014549,667924891,0,1,3,0,0.0,0.007434944237918215,0.0,0.29739776951672864,Low,358.64376462297145,tertiary,,,False
10156524603,10156524603,1,1,1,1,0.0,0.0,0.004694835680751174,0.09389671361502348,Low,93.44394190553575,residential,,,False
10156644104,10156644105,0,1,5,2,0.0,0.01486988847583643,0.009389671361502348,0.7825889662635042,Low,16.49146927635741,residential,,,False
10156911965,1388143191,0,1,5,2,0.0,0.01486988847583643,0.009389671361502348,0.7825889662635042,Low,238.09568073877006,residential,,,False
10164774551,10164774552,0,2,6,3,0.008130081300813009,0.01858736059479554,0.014084507042253521,1.3503878166694123,Low,40.4928133233944,residential,,,False
10165837360,10165837359,0,1,1,2,0.0,0.0,0.009389671361502348,0.18779342723004697,Low,116.38298542603144,residential,,,False
10170824069,3800587400,0,1,3,1,0.0,0.007434944237918215,0.004694835680751174,0.3912944831317521,Low,32.843216614607016,tertiary,,,False
10171151283,10171151282,0,1,1,1,0.0,0.0,0.004694835680751174,0.09389671361502348,Low,69.83923107578762,residential,,,False
10171153662,2829453028,0,1,1,1,0.0,0.0,0.004694835680751174,0.09389671361502348,Low,432.41425496728647,tertiary,,40,False
10187795085,10187795084,0,16,38,33,0.12195121951219512,0.137546468401487,0.15492957746478872,13.478499065843058,Low,30.276944089456332,residential,,,False
10206682537,1485693061,0,5,7,9,0.032520325203252036,0.022304832713754646,0.04225352112676056,3.0380767392154793,Low,179.55172051552483,residential,,,False
10206790746,10206790752,0,1,1,0,0.0,0.0,0.0,0.0,Low,24.950024326355972,residential,,,False
10206957249,2247837808,0,1,3,3,0.0,0.007434944237918215,0.014084507042253521,0.5790879103617991,Low,176.65872350801453,residential,,,False
10206957249,10206957230,0,3,3,3,0.016260162601626018,0.007434944237918215,0.014084507042253521,1.2294944144268398,Low,623.5566027338074,residential,,,False
10207253603,3421557762,0,2,8,4,0.008130081300813009,0.026022304832713755,0.018779342723004695,1.7416822998011643,Low,61.08827689479725,tertiary,,,False
10207288621,6434094655,0,1,3,1,0.0,0.007434944237918215,0.004694835680751174,0.3912944831317521,Low,27.21736418544675,residential,,,False
10208770221,10208770223,0,1,1,4,0.0,0.0,0.018779342723004695,0.37558685446009393,Low,112.75634053279433,tertiary,,,False
10209054685,7461560142,0,1,3,0,0.0,0.007434944237918215,0.0,0.29739776951672864,Low,53.425719501662776,residential,,,False
10209086815,10209086816,0,1,3,0,0.0,0.007434944237918215,0.0,0.29739776951672864,Low,98.12732357988322,residential,,,False
10209515909,269699229,0,1,1,1,0.0,0.0,0.004694835680751174,0.09389671361502348,Low,32.46602104370146,residential,,,False
10213527257,10213527258,0,1,1,2,0.0,0.0,0.009389671361502348,0.18779342723004697,Low,351.62081655207623,residential,,,False
10216395658,6753376859,0,1,1,1,0.0,0.0,0.004694835680751174,0.09389671361502348,Low,81.13998855548736,tertiary,,,False
10230279231,7414267588,0,1,1,0,0.0,0.0,0.0,0.0,Low,419.5072880692445,residential,,,False
10266793585,10266793584,0,1,3,0,0.0,0.007434944237918215,0.0,0.29739776951672864,Low,87.45475576034787,residential,,,False
10293847444,6194792840,0,1,3,0,0.0,0.007434944237918215,0.0,0.29739776951672864,Low,39.14978701707823,living_street,,,False
10312578422,567320461,0,1,1,3,0.0,0.0,0.014084507042253521,0.28169014084507044,Low,180.0739728498003,tertiary,,,False
10312578422,12243740336,0,1,1,4,0.0,0.0,0.018779342723004695,0.37558685446009393,Low,14.542015262160959,tertiary,,,False
10653965927,10653965926,0,6,10,10,0.04065040650406504,0.03345724907063197,0.046948356807511735,3.9032733591381152,Low,22.973397808744977,motorway_link,,,False
10695037231,1942843699,0,1,1,0,0.0,0.0,0.0,0.0,Low,6810.075535887765,motorway,4,80,True
10768415280,10055294923,0,1,3,1,0.0,0.007434944237918215,0.004694835680751174,0.3912944831317521,Low,97.06356117856808,residential,,,False
10803713420,10803713418,0,1,3,2,0.0,0.007434944237918215,0.009389671361502348,0.4851911967467756,Low,186.5676794930361,residential,,,False
10848088936,10848088918,0,1,3,0,0.0,0.007434944237918215,0.0,0.29739776951672864,Low,7.53841088672601,residential,,,False
10948126480,7479631444,0,1,1,0,0.0,0.0,0.0,0.0,Low,290.9793506261847,unclassified,1,30,False
10982345438,4950714653,0,1,1,3,0.0,0.0,0.014084507042253521,0.28169014084507044,Low,48.75190541999966,residential,,,False
10991331317,13260889460,0,1,5,4,0.0,0.01486988847583643,0.018779342723004695,0.9703823934935512,Low,27.870936861106355,residential,,,False
10994190170,7461717251,0,1,1,2,0.0,0.0,0.009389671361502348,0.18779342723004697,Low,46.109732526729694,residential,,,False
10994493304,10994537105,0,1,5,5,0.0,0.01486988847583643,0.023474178403755867,1.0642791071085747,Low,22.41713859988507,residential,,,False
10996777702,6180297958,0,1,5,2,0.0,0.01486988847583643,0.009389671361502348,0.7825889662635042,Low,92.31680917215193,residential,,,False
11001047656,1381904910,0,1,1,2,0.0,0.0,0.009389671361502348,0.18779342723004697,Low,159.27331130819798,residential,,,False
11001060527,11001060526,0,2,6,3,0.008130081300813009,0.01858736059479554,0.014084507042253521,1.3503878166694123,Low,34.73905401351805,residential,,,False
11001065720,2224183024,0,1,1,2,0.0,0.0,0.009389671361502348,0.18779342723004697,Low,12.443019687988222,residential,,,False
11002608083,13347226823,0,1,3,0,0.0,0.007434944237918215,0.0,0.29739776951672864,Low,390.44337860778705,residential,,,False
11006844112,10028897999,0,1,3,3,0.0,0.007434944237918215,0.014084507042253521,0.5790879103617991,Low,110.86360133395704,residential,,,False
11006961759,7290391067,0,1,1,2,0.0,0.0,0.009389671361502348,0.18779342723004697,Low,146.8788556570653,residential,,,False
11012060277,6505832556,0,1,1,1,0.0,0.0,0.004694835680751174,0.09389671361502348,Low,7.729183085361798,residential,,,False
11012060278,4824686426,0,1,1,3,0.0,0.0,0.014084507042253521,0.28169014084507044,Low,19.778428078108412,unclassified,,,False
11012070941,11012070946,0,1,1,4,0.0,0.0,0.018779342723004695,0.37558685446009393,Low,88.17718558271028,residential,,,False
11013374681,13043372724,0,1,5,3,0.0,0.01486988847583643,0.014084507042253521,0.8764856798785278,Low,625.6229646539114,residential,,,False
11024828508,9695716670,0,1,1,4,0.0,0.0,0.018779342723004695,0.37558685446009393,Low,42.17810115865093,residential,,,False
11027168698,7479630588,0,2,2,5,0.008130081300813009,0.0037174721189591076,0.023474178403755867,0.943385704866002,Low,115.47473379067605,residential,,,False
11027400303,11027400302,0,1,1,1,0.0,0.0,0.004694835680751174,0.09389671361502348,Low,29.739478410493835,tertiary,,,True
11029867128,7478155078,0,1,3,1,0.0,0.007434944237918215,0.004694835680751174,0.3912944831317521,Low,37.30023692160986,residential,,,False
11030024306,13928795673,0,1,5,1,0.0,0.01486988847583643,0.004694835680751174,0.6886922526484808,Low,48.0625407926316,residential,,,False
11031759567,2244731722,0,1,1,3,0.0,0.0,0.014084507042253521,0.28169014084507044,Low,58.39187567675452,residential,,,False
11031969821,9885034139,0,1,1,3,0.0,0.0,0.014084507042253521,0.28169014084507044,Low,187.99445320578116,residential,,,False
11033916351,12696050650,0,1,1,2,0.0,0.0,0.009389671361502348,0.18779342723004697,Low,1268.0513210279344,primary,2,,True
11121286748,11121286749,0,2,4,0,0.008130081300813009,0.011152416356877323,0.0,0.7712999063076132,Low,47.031300096841235,residential,,,False
11125103350,1808746149,0,1,1,1,0.0,0.0,0.004694835680751174,0.09389671361502348,Low,28.360341958894118,residential,,,False
11149723638,11149723637,0,1,3,1,0.0,0.007434944237918215,0.004694835680751174,0.3912944831317521,Low,43.867272640055425,residential,,,False
11155831174,247984863,0,1,1,3,0.0,0.0,0.014084507042253521,0.28169014084507044,Low,32.92615361227942,tertiary,2,,False
11169041185,9696585711,0,1,1,3,0.0,0.0,0.014084507042253521,0.28169014084507044,Low,172.99000197318077,tertiary,,,False
11173722869,11173722867,0,1,5,4,0.0,0.01486988847583643,0.018779342723004695,0.9703823934935512,Low,18.117401555967746,residential,,,False
11176643974,12183448059,0,1,3,3,0.0,0.007434944237918215,0.014084507042253521,0.5790879103617991,Low,38.5623049862638,residential,,,False
11182448718,3141475567,0,1,3,1,0.0,0.007434944237918215,0.004694835680751174,0.3912944831317521,Low,1370.3693600409417,tertiary,2,20,False
11235520041,11235520042,0,11,33,18,0.08130081300813008,0.11895910780669144,0.08450704225352113,9.700537677663284,Low,23.487194603536743,residential,,,False
11235520042,11235520041,0,1,1,2,0.0,0.0,0.009389671361502348,0.18779342723004697,Low,23.487194603536743,residential,,,False
11235520044,11235520042,0,26,62,45,0.2032520325203252,0.22676579925650558,0.2112676056338028,21.426065383749286,Low,129.47802680144005,residential,,,False
11235520045,11235520044,0,1,3,2,0.0,0.007434944237918215,0.009389671361502348,0.4851911967467756,Low,32.060158084155255,residential,,,False
11235520055,11235520056,0,2,4,3,0.008130081300813009,0.011152416356877323,0.014084507042253521,1.0529900471526836,Low,57.50091623931828,residential,,,False
11235520061,11235520055,0,13,27,25,0.0975609756097561,0.09665427509293681,0.11737089201877934,10.116027868483304,Low,94.76324121069918,residential,,,False
11235520072,11235520075,0,3,7,4,0.016260162601626018,0.022304832713754646,0.018779342723004695,1.9181866670753205,Low,54.62932324830065,residential,,,False
11245714088,5292300571,0,1,1,1,0.0,0.0,0.004694835680751174,0.09389671361502348,Low,122.21368417107742,residential,,,False
11259345552,11301462500,0,1,3,1,0.0,0.007434944237918215,0.004694835680751174,0.3912944831317521,Low,550.0696620561464,residential,,,False
11265823308,11402776662,0,1,5,5,0.0,0.01486988847583643,0.023474178403755867,1.0642791071085747,Low,87.11290399812992,residential,,,False
11301481489,2558406845,0,1,3,2,0.0,0.007434944237918215,0.009389671361502348,0.4851911967467756,Low,131.49639572468078,secondary,2,40,True
11350295594,11350295595,0,1,1,2,0.0,0.0,0.009389671361502348,0.18779342723004697,Low,70.20784726839629,residential,,,False
11372752664,7450070000,0,1,1,1,0.0,0.0,0.004694835680751174,0.09389671361502348,Low,97.21564440698886,residential,,,False
11381038735,11381038733,0,1,1,3,0.0,0.0,0.014084507042253521,0.28169014084507044,Low,28.041381375555396,residential,,,False
11383014055,12141951672,0,1,5,2,0.0,0.01486988847583643,0.009389671361502348,0.7825889662635042,Low,171.0030328335317,residential,,,False
11383038919,11383462354,0,1,5,2,0.0,0.01486988847583643,0.009389671361502348,0.7825889662635042,Low,130.4976207575517,residential,,,False
11385233257,6193989064,0,1,1,1,0.0,0.0,0.004694835680751174,0.09389671361502348,Low,168.21176104255625,residential,,,False
11385460447,11385460446,0,1,3,1,0.0,0.007434944237918215,0.004694835680751174,0.3912944831317521,Low,38.428354718086894,residential,,,False
11385524295,463681950,0,1,1,1,0.0,0.0,0.004694835680751174,0.09389671361502348,Low,150.3282058248983,residential,,,False
11385559828,11385559821,0,1,5,2,0.0,0.01486988847583643,0.009389671361502348,0.7825889662635042,Low,45.540456637410884,residential,,,False
11387370297,521157787,0,1,1,0,0.0,0.0,0.0,0.0,Low,228.17198266105254,secondary,,,True
11395723235,13249347760,0,1,5,2,0.0,0.01486988847583643,0.009389671361502348,0.7825889662635042,Low,11.562054734076337,residential,,,False
11397522157,11397522158,0,1,5,3,0.0,0.01486988847583643,0.014084507042253521,0.8764856798785278,Low,98.5322663081951,residential,,,False
11397613409,2447924340,0,1,3,0,0.0,0.007434944237918215,0.0,0.29739776951672864,Low,144.17839139897706,residential,,,False
11397632762,11397646930,0,2,2,2,0.008130081300813009,0.0037174721189591076,0.009389671361502348,0.6616955640209317,Low,299.93211495407775,residential,,,False
11399731835,11399731830,0,13,31,33,0.0975609756097561,0.11152416356877323,0.15492957746478872,11.46199711643695,Low,161.96166886895338,residential,,,False
11408879536,11408879537,0,1,1,2,0.0,0.0,0.009389671361502348,0.18779342723004697,Low,65.06047387077764,residential,,,False
11411501025,4950460617,0,1,1,1,0.0,0.0,0.004694835680751174,0.09389671361502348,Low,740.1388108158251,residential,,,False
11411565870,7414033009,0,1,5,5,0.0,0.01486988847583643,0.023474178403755867,1.0642791071085747,Low,75.10395180909278,residential,,,False
11411858114,7425452621,0,1,1,1,0.0,0.0,0.004694835680751174,0.09389671361502348,Low,495.7454829983407,residential,,,False
11414499616,7461904506,0,1,5,5,0.0,0.01486988847583643,0.023474178403755867,1.0642791071085747,Low,9.22922021991439,residential,,,False
11419666780,11419666781,0,12,18,10,0.08943089430894309,0.06319702602230483,0.046948356807511735,7.044083949400151,Low,34.22270976288564,residential,,,False
11419933649,11419933650,0,1,1,0,0.0,0.0,0.0,0.0,Low,79.56780201057272,residential,,,False
11425473459,11425473460,0,1,1,3,0.0,0.0,0.014084507042253521,0.28169014084507044,Low,27.106964764221626,residential,,,False
11431558280,11431570036,0,1,3,2,0.0,0.007434944237918215,0.009389671361502348,0.4851911967467756,Low,32.50210360823091,residential,,,False
11431559323,11431558280,0,12,18,14,0.08943089430894309,0.06319702602230483,0.06572769953051644,7.419670803860246,Low,29.86148450856446,residential,,,False
11431570036,7279291013,0,8,16,13,0.056910569105691054,0.055762081784386616,0.06103286384976526,5.727563312598413,Low,86.01750205329337,residential,,,False
11434328347,12196580076,0,5,15,7,0.032520325203252036,0.05204460966542751,0.03286384976525822,4.039874390052346,Low,20.377207851092628,residential,,,False
11434328348,11434328347,0,3,3,3,0.016260162601626018,0.007434944237918215,0.014084507042253521,1.2294944144268398,Low,98.633318804908,residential,,,False
11434440441,7298384808,0,10,24,11,0.07317073170731707,0.08550185873605948,0.051643192488262914,7.37976746750032,Low,573.7231250274036,residential,,,False
11434513784,11434513787,0,2,8,4,0.008130081300813009,0.026022304832713755,0.018779342723004695,1.7416822998011643,Low,75.24694269100988,residential,,,False
11436618001,11436614604,0,1,1,0,0.0,0.0,0.0,0.0,Low,24.159359885221242,residential,,,False
11436700603,6142056158,0,10,32,26,0.07317073170731707,0.11524163568773234,0.12206572769953052,9.977809249792587,Low,320.166671260801,tertiary,,,False
11436858454,7345511207,0,1,1,0,0.0,0.0,0.0,0.0,Low,488.9160774125254,residential,,,False
11436858464,11436858463,0,1,1,1,0.0,0.0,0.004694835680751174,0.09389671361502348,Low,64.35491650387343,residential,,,False
11454801023,9695738152,0,1,1,2,0.0,0.0,0.009389671361502348,0.18779342723004697,Low,64.84178617368143,residential,,,False
11486387657,3732415824,0,14,32,19,0.10569105691056911,0.11524163568773234,0.0892018779342723,10.621345262617504,Low,29.18983014850822,trunk_link,,,True
11486387657,13851353728,0,6,14,13,0.04065040650406504,0.048327137546468404,0.06103286384976526,4.779759039016644,Low,77.55890082809236,trunk,3,80,True
11554362419,431533438,0,2,6,4,0.008130081300813009,0.01858736059479554,0.018779342723004695,1.444284530284436,Low,1077.3444710688962,secondary,2,50,True
11584397727,11584397731,0,1,1,0,0.0,0.0,0.0,0.0,Low,259.128722917354,unclassified,2,,True
11669547569,10824347341,0,14,26,22,0.10569105691056911,0.09293680297397769,0.10328638497652583,10.01084209491239,Low,195.96900232220992,trunk,2,60,True
11812221695,6620856859,0,1,1,0,0.0,0.0,0.0,0.0,Low,120.88949010152726,tertiary,,,True
11818189318,11818189319,0,1,3,3,0.0,0.007434944237918215,0.014084507042253521,0.5790879103617991,Low,33.2595135312627,residential,,,False
11824482166,11824482168,0,1,5,5,0.0,0.01486988847583643,0.023474178403755867,1.0642791071085747,Low,143.0033730079556,residential,,,False
11827253885,3530426108,0,1,3,0,0.0,0.007434944237918215,0.0,0.29739776951672864,Low,550.7588555506574,tertiary,2,,False
11842969943,4692323129,0,1,3,0,0.0,0.007434944237918215,0.0,0.29739776951672864,Low,615.8276299746182,primary,,,True
11849751725,11849664512,0,1,1,0,0.0,0.0,0.0,0.0,Low,46.26653582752036,primary,2,,True
11878415552,6275105557,0,1,3,0,0.0,0.007434944237918215,0.0,0.29739776951672864,Low,147.98857034789512,primary,2,,True
11882781147,11882781149,0,1,1,2,0.0,0.0,0.009389671361502348,0.18779342723004697,Low,544.2803587457175,secondary,2,40,True
11886201284,11886201281,0,1,1,2,0.0,0.0,0.009389671361502348,0.18779342723004697,Low,365.69111160406123,tertiary,,,True
11888193783,292563598,0,9,15,7,0.06504065040650407,0.05204460966542751,0.03286384976525822,5.340687398182428,Low,11.222446761025415,secondary,,,True
11888193797,11888193784,0,1,1,0,0.0,0.0,0.0,0.0,Low,557.2520106562713,trunk,3,80,True
11896565552,11896576908,0,1,1,0,0.0,0.0,0.0,0.0,Low,142.5530159004455,tertiary,,,True
11900650072,7405316785,0,1,1,2,0.0,0.0,0.009389671361502348,0.18779342723004697,Low,97.18863903485106,secondary,,,True
11909429990,10653965926,0,2,6,6,0.008130081300813009,0.01858736059479554,0.028169014084507043,1.6320779575144828,Low,414.122682944053,motorway,,120,True
11911948726,324663036,0,1,3,0,0.0,0.007434944237918215,0.0,0.29739776951672864,Low,81.05385894423446,tertiary,,,False
11913485759,11044471520,0,1,1,0,0.0,0.0,0.0,0.0,Low,244.0901771308557,secondary,2,,True
11919250252,7290333271,0,1,1,1,0.0,0.0,0.004694835680751174,0.09389671361502348,Low,99.00546418376288,tertiary,1,,True
11932064927,4950833457,0,1,3,3,0.0,0.007434944237918215,0.014084507042253521,0.5790879103617991,Low,51.33685391394318,residential,,,False
11932127242,11932127244,0,2,8,6,0.008130081300813009,0.026022304832713755,0.028169014084507043,1.9294757270312115,Low,49.44256126389895,residential,,,False
11932127246,11932127245,0,5,13,8,0.032520325203252036,0.04460966542750929,0.03755868544600939,3.836373334150641,Low,122.31063979651982,residential,,,False
11932127247,11932127242,0,1,1,3,0.0,0.0,0.014084507042253521,0.28169014084507044,Low,40.01211031434632,residential,,,False
11936380278,648119847,0,2,2,1,0.008130081300813009,0.0037174721189591076,0.004694835680751174,0.5677988504059082,Low,651.7798662613875,tertiary,2,,True
11944239442,11944239437,0,1,3,0,0.0,0.007434944237918215,0.0,0.29739776951672864,Low,84.2561298707272,residential,,,False
12075650278,11849948564,0,1,1,1,0.0,0.0,0.004694835680751174,0.09389671361502348,Low,254.80108369411232,primary,2,,True
12075650279,4030004532,0,1,1,2,0.0,0.0,0.009389671361502348,0.18779342723004697,Low,471.56987593604015,primary,2,,True
12078798115,1094079327,0,1,1,2,0.0,0.0,0.009389671361502348,0.18779342723004697,Low,255.979942045574,primary,2,,True
12114065423,12114065413,0,1,1,0,0.0,0.0,0.0,0.0,Low,34.45979031880031,residential,,,False
12114145818,12114145817,1,2,10,6,0.008130081300813009,0.03345724907063197,0.028169014084507043,2.22687349654794,Low,180.71290612605716,residential,,,False
12115111694,12951130519,0,1,1,0,0.0,0.0,0.0,0.0,Low,153.7629241619084,residential,,,False
12148059333,3667423530,0,1,3,3,0.0,0.007434944237918215,0.014084507042253521,0.5790879103617991,Low,277.22871054711646,residential,2,,True
12154153171,12154153170,0,1,1,1,0.0,0.0,0.004694835680751174,0.09389671361502348,Low,410.380724759493,tertiary,,,False
12157495771,7361705121,0,1,3,1,0.0,0.007434944237918215,0.004694835680751174,0.3912944831317521,Low,32.371830338494455,residential,,,False
12174325305,12174325307,0,1,1,1,0.0,0.0,0.004694835680751174,0.09389671361502348,Low,45.156281031505515,residential,,,False
12174325308,12174325307,0,34,78,55,0.2682926829268293,0.2862453531598513,0.25821596244131456,27.345840692293518,Medium,55.748014084894976,residential,,,False
12186005568,2387385680,0,1,1,3,0.0,0.0,0.014084507042253521,0.28169014084507044,Low,741.3676021300988,primary,2,,True
12188089369,5319569131,0,1,1,0,0.0,0.0,0.0,0.0,Low,91.0052352455761,tertiary,,,False
12196931957,12196931958,0,2,2,3,0.008130081300813009,0.0037174721189591076,0.014084507042253521,0.755592277635955,Low,30.5613833653714,residential,,,False
12211564059,6888027941,0,1,1,1,0.0,0.0,0.004694835680751174,0.09389671361502348,Low,100.5177255492711,residential,,,False
12241127190,12241127189,0,1,3,0,0.0,0.007434944237918215,0.0,0.29739776951672864,Low,39.030528120068965,residential,,,False
12300657068,12993646207,0,1,5,4,0.0,0.01486988847583643,0.018779342723004695,0.9703823934935512,Low,224.524802907184,primary,2,,True
12314495849,12314495850,0,1,3,1,0.0,0.007434944237918215,0.004694835680751174,0.3912944831317521,Low,141.21887913359262,living_street,,,False
12346534940,13860462299,0,1,3,2,0.0,0.007434944237918215,0.009389671361502348,0.4851911967467756,Low,417.7194230957197,tertiary,4,60,False
12346579321,12346579319,0,1,3,0,0.0,0.007434944237918215,0.0,0.29739776951672864,Low,42.559309860010586,residential,,,False
12397885592,12397885592,0,1,1,1,0.0,0.0,0.004694835680751174,0.09389671361502348,Low,151.1784326580177,residential,,,False
12397931773,4033838906,0,2,6,2,0.008130081300813009,0.01858736059479554,0.009389671361502348,1.256491103054389,Low,31.47911303240712,residential,,,False
12479777815,2248441190,0,1,1,5,0.0,0.0,0.023474178403755867,0.4694835680751174,Low,97.78763655677204,residential,,,False
12496073771,13095798078,0,1,3,1,0.0,0.007434944237918215,0.004694835680751174,0.3912944831317521,Low,81.79779896381518,residential,,,False
12607435267,10060517343,0,1,1,1,0.0,0.0,0.004694835680751174,0.09389671361502348,Low,67.89134209693366,secondary,,,True
12662376674,7266042589,0,1,1,0,0.0,0.0,0.0,0.0,Low,756.3463572907572,residential,,,False
12732525820,13787010485,0,1,1,1,0.0,0.0,0.004694835680751174,0.09389671361502348,Low,68.13792267579791,tertiary,2,,True
12740873658,11449187227,0,1,5,1,0.0,0.01486988847583643,0.004694835680751174,0.6886922526484808,Low,845.1714591106119,tertiary,2,,True
12781999514,6131973902,0,1,3,3,0.0,0.007434944237918215,0.014084507042253521,0.5790879103617991,Low,88.02771787841348,secondary,2,,True
12809451103,10079377679,0,1,5,2,0.0,0.01486988847583643,0.009389671361502348,0.7825889662635042,Low,43.03479528320739,living_street,,,False
12822455068,1473350074,0,1,1,0,0.0,0.0,0.0,0.0,Low,141.73083206668758,tertiary,2,30,True
12836145981,582589274,0,1,1,0,0.0,0.0,0.0,0.0,Low,66.98377587516386,residential,,30,False
12882769513,11888193797,0,1,3,2,0.0,0.007434944237918215,0.009389671361502348,0.4851911967467756,Low,432.1428264561478,trunk,2,,True
12912009762,2250391934,0,1,5,5,0.0,0.01486988847583643,0.023474178403755867,1.0642791071085747,Low,361.735744120857,secondary,,,False
12951126183,13785180784,0,39,73,61,0.3089430894308943,0.26765799256505574,0.2863849765258216,28.791742810354435,Medium,38.98162253698086,residential,,,False
12951130515,12951130518,0,1,1,5,0.0,0.0,0.023474178403755867,0.4694835680751174,Low,154.4838666239946,secondary,,,True
12951130523,14056154835,0,3,11,4,0.016260162601626018,0.03717472118959108,0.018779342723004695,2.512982206108778,Low,26.06913453545232,residential,,,False
12956032840,13907778644,0,1,3,4,0.0,0.007434944237918215,0.018779342723004695,0.6729846239768226,Low,88.5722726458614,living_street,,,False
12961466046,9700303095,0,9,21,13,0.06504065040650407,0.07434944237918216,0.06103286384976526,6.7962609884227545,Low,9.362406632767359,secondary,2,,True
12963900368,12169759726,0,1,3,0,0.0,0.007434944237918215,0.0,0.29739776951672864,Low,310.2767980589539,secondary,2,,False
12993646207,12993645884,0,1,3,2,0.0,0.007434944237918215,0.009389671361502348,0.4851911967467756,Low,914.2541948404869,residential,,,False
13001216629,4044263592,0,1,5,2,0.0,0.01486988847583643,0.009389671361502348,0.7825889662635042,Low,162.46284406622274,secondary,2,,True
13088924516,9994790365,0,1,1,1,0.0,0.0,0.004694835680751174,0.09389671361502348,Low,316.67350568359313,secondary,2,40,True
13097775122,13097775118,0,1,3,0,0.0,0.007434944237918215,0.0,0.29739776951672864,Low,63.06421946567366,residential,,,False
13119702903,4950155146,0,2,6,6,0.008130081300813009,0.01858736059479554,0.028169014084507043,1.6320779575144828,Low,113.78832329278389,residential,,,False
13130383419,13130383419,0,1,3,2,0.0,0.007434944237918215,0.009389671361502348,0.4851911967467756,Low,39.549227997523104,residential,,,True
13130934764,13130934766,0,17,35,37,0.13008130081300814,0.12639405204460966,0.17370892018779344,13.733192518060584,Low,53.35656236755953,residential,,,False
13235177932,10020119392,0,1,1,0,0.0,0.0,0.0,0.0,Low,117.88132776825024,residential,,,False
13260780851,3034670071,0,1,1,1,0.0,0.0,0.004694835680751174,0.09389671361502348,Low,358.752588640169,residential,,,False
13282426116,9143702776,0,2,2,0,0.008130081300813009,0.0037174721189591076,0.0,0.4739021367908847,Low,293.8403860847394,trunk,3,60,True
13287242152,2250058098,0,1,3,2,0.0,0.007434944237918215,0.009389671361502348,0.4851911967467756,Low,114.77816887485972,residential,,,False
13353132231,7175175824,0,1,3,2,0.0,0.007434944237918215,0.009389671361502348,0.4851911967467756,Low,82.99992811019331,residential,,,False
13353132245,7205265854,0,1,1,3,0.0,0.0,0.014084507042253521,0.28169014084507044,Low,365.95366096017824,residential,,,False
13380680074,10905648447,0,22,50,42,0.17073170731707318,0.1821561338289963,0.19718309859154928,18.059175617673766,Low,270.79690617992105,tertiary,,,True
13381230394,13381230395,0,1,1,1,0.0,0.0,0.004694835680751174,0.09389671361502348,Low,73.94466610238834,residential,,,False
13503202475,12531369251,0,1,1,0,0.0,0.0,0.0,0.0,Low,91.30110558350486,secondary,2,,True
13640631110,13640631111,0,1,1,1,0.0,0.0,0.004694835680751174,0.09389671361502348,Low,114.86512177838428,residential,,,False
13644458594,1168427929,0,2,6,5,0.008130081300813009,0.01858736059479554,0.023474178403755867,1.5381812438994593,Low,775.6136370738776,residential,,,False
13645830401,13645830402,0,1,3,2,0.0,0.007434944237918215,0.009389671361502348,0.4851911967467756,Low,61.905110648051945,residential,,,False
13747607771,11001477386,0,1,1,3,0.0,0.0,0.014084507042253521,0.28169014084507044,Low,805.7377223995844,tertiary,,,False
13785180787,13785180798,0,30,74,56,0.23577235772357724,0.27137546468401486,0.26291079812206575,25.544128858744998,Medium,52.84695202082909,residential,,,False
13785287069,3758521555,0,6,18,10,0.04065040650406504,0.06319702602230483,0.046948356807511735,5.09286443720503,Low,82.18726106532905,secondary,,,True
13787730870,7377821387,0,2,6,4,0.008130081300813009,0.01858736059479554,0.018779342723004695,1.444284530284436,Low,78.58209910049383,residential,2,,False
13790920637,13790920640,0,2,2,4,0.008130081300813009,0.0037174721189591076,0.018779342723004695,0.8494889912509787,Low,84.39853657575041,residential,,,False
13800870730,4294218124,0,1,1,0,0.0,0.0,0.0,0.0,Low,719.1584349090984,primary,2,30,True
13810626172,6531359664,0,1,3,1,0.0,0.007434944237918215,0.004694835680751174,0.3912944831317521,Low,163.42108954328134,residential,,,False
13811792564,13811792565,0,1,1,2,0.0,0.0,0.009389671361502348,0.18779342723004697,Low,105.43234764088929,residential,,,False
13830284640,308185159,0,1,1,0,0.0,0.0,0.0,0.0,Low,201.5307647778491,tertiary,,,False
13851353728,960168779,0,1,3,1,0.0,0.007434944237918215,0.004694835680751174,0.3912944831317521,Low,4312.991144363948,trunk,3,80,True
13877530781,12956054174,0,1,5,1,0.0,0.01486988847583643,0.004694835680751174,0.6886922526484808,Low,470.11868441101205,tertiary,,,True
13944712127,7440973784,0,1,1,1,0.0,0.0,0.004694835680751174,0.09389671361502348,Low,69.61603218737497,residential,,,False
13961744385,1837634342,0,1,1,1,0.0,0.0,0.004694835680751174,0.09389671361502348,Low,30.23109607782316,tertiary,1,,True
14022277906,7377821480,0,1,1,1,0.0,0.0,0.004694835680751174,0.09389671361502348,Low,46.882765822719236,residential,,,False
14040891864,13787384225,0,1,1,2,0.0,0.0,0.009389671361502348,0.18779342723004697,Low,476.2590846167551,secondary,,,True
14040912735,14040912736,0,1,1,0,0.0,0.0,0.0,0.0,Low,13.12177879158217,residential,,,False
14091369953,14091369965,0,1,5,1,0.0,0.01486988847583643,0.004694835680751174,0.6886922526484808,Low,128.3770602478433,residential,,,False
14109683237,9932949312,0,1,3,5,0.0,0.007434944237918215,0.023474178403755867,0.766881337591846,Low,320.4543121300971,trunk,3,80,True
14159344895,1546937643,0,1,1,0,0.0,0.0,0.0,0.0,Low,66.59035102384469,residential,,,False
14170017202,960246975,0,1,1,4,0.0,0.0,0.018779342723004695,0.37558685446009393,Low,178.82532068997642,residential,,,False
14172803269,7465950644,0,2,6,4,0.008130081300813009,0.01858736059479554,0.018779342723004695,1.444284530284436,Low,258.54807517357466,tertiary,,,False
