u,v,key,accident_count,severity_score,total_casualties,risk_score,risk_level,road_length,highway,lanes,maxspeed,oneway
10989311719,10017529513,0,0,0,0,0.0,Low,24.935894850316977,residential,nan,nan,False
7121595606,7121595597,0,8,8,12,94.29650613786592,Critical,253.28180237250365,residential,nan,nan,False
363788962,363788898,0,0,0,0,0.0,Low,60.086513922945386,residential,nan,nan,False
1538258102,1538258039,0,0,0,0,0.0,Low,53.2515932917104,residential,nan,nan,False
306617098,266276754,0,1,1,2,38.1586402266289,Medium,121.92150770117104,residential,nan,nan,False
14172803269,7465950644,0,2,6,4,88.45136921624174,Critical,258.54807517357466,tertiary,nan,nan,False
7462733017,6143206904,0,2,6,4,88.45136921624174,Critical,152.41190263420953,secondary,2.0,nan,True
3868729253,3868729561,0,1,1,2,38.1586402266289,Medium,39.74126889071268,residential,nan,nan,False
529291164,529291277,0,0,0,0,0.0,Low,147.5795465183951,residential,nan,nan,False
9613161441,9613161436,0,1,5,1,57.80925401322001,High,149.96833515022678,residential,nan,nan,False
11431570036,7279291013,0,8,16,13,95.17469310670444,Critical,86.01750205329337,residential,nan,nan,False
10095028672,6755784879,0,2,2,5,73.04060434372049,High,78.04923916780712,residential,nan,nan,False
10093892286,2268179673,0,1,3,1,49.405099150141645,Medium,40.44952013180848,living_street,nan,nan,False
1601001843,10209016990,0,1,1,3,41.1614730878187,Medium,132.55347718774368,tertiary,nan,nan,False
10026247108,2248738158,0,1,1,2,38.1586402266289,Medium,27.133791449980617,residential,nan,nan,False
7457472567,7457472570,0,1,1,0,29.272898961284238,Medium,94.08180391405996,residential,nan,nan,False
442438288,1572978285,0,1,5,5,68.60245514636449,High,53.69825705481789,tertiary,nan,nan,False
1931853251,1931853248,0,0,0,0,0.0,Low,143.52489629129704,residential,nan,nan,False
736207341,1212302832,0,1,3,4,58.72521246458924,High,79.28654626377221,residential,nan,nan,False
10091276550,13991711774,0,0,0,0,0.0,Low,29.42039994322731,residential,nan,nan,False
426962404,427593220,0,1,1,0,29.272898961284238,Medium,92.84438252266138,residential,nan,nan,False
13633596517,10091455090,0,0,0,0,0.0,Low,30.758238476097702,residential,nan,nan,False
7271027039,7271027038,0,2,2,6,73.73937677053824,High,29.274633052952275,residential,nan,nan,False
6180426981,463681242,0,0,0,0,0.0,Low,90.07105241493555,secondary,nan,nan,False
1533807380,1355273670,0,0,0,0,0.0,Low,32.401017278974784,tertiary,nan,nan,False
3161220982,3161220978,0,1,1,1,33.9943342776204,Medium,104.60522045739457,residential,nan,nan,False
12148059333,3667423530,0,1,3,3,56.57223796033995,High,277.22871054711646,residential,2.0,nan,True
10982345438,4950714653,0,1,1,3,41.1614730878187,Medium,48.75190541999966,residential,nan,nan,False
2247956052,7401660120,0,0,0,0,0.0,Low,3.8741940336833234,tertiary,2,nan,False
10063679758,1556104768,0,0,0,0,0.0,Low,32.292069621351374,residential,nan,nan,False
13787730870,7377821387,0,2,6,4,88.45136921624174,Critical,78.58209910049383,residential,2.0,nan,False
4484966011,4484966012,0,0,0,0,0.0,Low,63.56435826194249,residential,nan,nan,False
12740873658,11449187227,0,1,5,1,57.80925401322001,High,845.1714591106119,tertiary,2.0,nan,True
4121135636,4121135638,0,0,0,0,0.0,Low,37.816681963833005,residential,nan,nan,False
13097775122,13097775118,0,1,3,0,44.68366383380548,Medium,63.06421946567366,residential,nan,nan,False
4948781869,4948781871,0,0,0,0,0.0,Low,96.55167586488932,residential,nan,nan,False
2220746559,2220746473,0,0,0,0,0.0,Low,306.3967020639056,residential,nan,nan,False
2248663691,9612008955,0,2,4,4,82.46458923512749,Critical,1205.418277406312,tertiary,nan,nan,False
3158788585,3158788155,0,0,0,0,0.0,Low,23.753305700972284,living_street,nan,nan,False
3868675929,3868675751,0,1,5,5,68.60245514636449,High,41.41949089476824,tertiary,nan,nan,False
7484505290,7484505467,0,0,0,0,0.0,Low,18.37050687890389,residential,nan,50,False
1522786212,1522843016,0,0,0,0,0.0,Low,19.559380871214223,residential,nan,nan,False
7414090464,6182627993,0,0,0,0,0.0,Low,10.350369809997634,tertiary,nan,nan,False
1593071548,1593071312,0,1,3,0,44.68366383380548,Medium,336.9919441007937,residential,nan,nan,False
1563683641,1563683764,0,1,3,1,49.405099150141645,Medium,35.56624539344892,residential,nan,nan,False
3874476266,11414435391,0,1,3,0,44.68366383380548,Medium,157.8927363768875,residential,nan,nan,False
599212655,599212654,0,1,3,1,49.405099150141645,Medium,59.98634709789608,residential,nan,nan,False
7272676786,10991293560,0,0,0,0,0.0,Low,78.42547014065829,residential,nan,nan,False
4950714653,10982345438,0,0,0,0,0.0,Low,48.75190541999966,residential,nan,nan,False
1523171060,1523171001,0,0,0,0,0.0,Low,68.03811549252781,residential,nan,nan,False
2220792358,1383042716,0,1,1,1,33.9943342776204,Medium,69.84567741071024,residential,nan,nan,False
7218644884,11395649433,0,1,3,2,53.56940509915015,High,114.12711290140564,residential,nan,nan,False
7175614341,7175614342,0,0,0,0,0.0,Low,67.08284685362432,residential,nan,nan,False
6056942840,7308880623,0,2,4,7,84.81586402266291,Critical,647.5312513924127,secondary,2.0,nan,False
2244731844,9605784279,0,1,3,0,44.68366383380548,Medium,67.58840451159017,residential,nan,nan,False
1486984186,7484505205,0,1,5,5,68.60245514636449,High,183.87415379533235,residential,nan,nan,False
7466389449,7466389448,0,0,0,0,0.0,Low,51.430016587860436,residential,nan,nan,False
2250289913,1336687562,0,0,0,0,0.0,Low,46.45653972428802,secondary,nan,nan,True
4527984245,10091708985,0,1,5,5,68.60245514636449,High,169.75498989614547,residential,nan,nan,False
10079132792,10079132791,0,0,0,0,0.0,Low,38.088571611207115,residential,nan,nan,False
7434990649,7434990719,0,1,5,5,68.60245514636449,High,46.68879684134972,residential,nan,nan,False
619177257,619175169,0,0,0,0,0.0,Low,39.63356615594056,residential,nan,nan,False
5330659866,6410933521,0,1,1,1,33.9943342776204,Medium,146.13518283743122,residential,nan,nan,False
4950225483,4950225482,0,0,0,0,0.0,Low,39.62216858623295,residential,nan,nan,False
1522655786,1522655664,0,0,0,0,0.0,Low,23.15316145593265,residential,nan,nan,False
494244972,945903501,0,0,0,0,0.0,Low,63.583818221867965,residential,nan,nan,False
5825728711,5825728714,0,1,1,2,38.1586402266289,Medium,42.78689757290459,living_street,nan,nan,False
2421937910,2421937823,0,0,0,0,0.0,Low,42.753302403786606,residential,nan,nan,False
4950292853,4950292854,0,0,0,0,0.0,Low,40.372397787192774,residential,nan,nan,False
4161879525,4161879526,0,0,0,0,0.0,Low,23.779844871800435,residential,nan,nan,False
1615766946,1615767016,0,1,1,3,41.1614730878187,Medium,324.03224993122626,tertiary,nan,nan,False
2450331367,2450331352,0,1,1,0,29.272898961284238,Medium,191.508656777922,residential,nan,nan,False
7378174440,7378174444,0,0,0,0,0.0,Low,68.658688921917,residential,nan,nan,False
1562108682,10038613983,0,0,0,0,0.0,Low,101.21645010779127,residential,nan,nan,False
7463750604,7463750613,0,2,10,6,91.58640226628896,Critical,106.88827405531951,residential,nan,nan,False
582567031,10094964524,0,0,0,0,0.0,Low,33.42760950210307,secondary,nan,nan,False
1572978279,13277385928,0,0,0,0,0.0,Low,76.40214866750266,residential,nan,nan,False
7148495601,10039209842,0,1,1,0,29.272898961284238,Medium,33.13138284135626,residential,nan,nan,False
1371814246,1371814331,0,0,0,0,0.0,Low,38.347279762167915,residential,nan,nan,False
4950262754,4950262755,0,0,0,0,0.0,Low,48.29333635832385,residential,nan,nan,False
503260811,7424812751,0,0,0,0,0.0,Low,28.44506753079551,residential,nan,nan,False
7372049142,7372049141,0,1,3,0,44.68366383380548,Medium,35.94108150216034,residential,nan,nan,False
5395545376,6528482683,0,1,3,3,56.57223796033995,High,38.4065490390083,residential,nan,nan,False
431536109,10094639268,0,1,3,1,49.405099150141645,Medium,358.1983370414652,residential,nan,30.0,False
2268569846,2268569760,0,0,0,0,0.0,Low,221.0302199169633,residential,nan,nan,False
683067831,683067934,0,1,1,1,33.9943342776204,Medium,143.46321104920216,residential,nan,nan,False
521144213,598947957,0,1,3,0,44.68366383380548,Medium,65.52900002656223,residential,nan,nan,False
11155831174,247984863,0,1,1,3,41.1614730878187,Medium,32.92615361227942,tertiary,2.0,nan,False
1562830359,1562830375,0,1,1,1,33.9943342776204,Medium,155.7846743055879,residential,nan,nan,False
1573479278,1573479509,0,0,0,0,0.0,Low,29.79350733658582,residential,nan,nan,False
12836344981,7200776029,0,0,0,0,0.0,Low,23.95726200808718,residential,nan,nan,False
3538106723,7432283509,0,0,0,0,0.0,Low,91.58283820989111,residential,nan,nan,False
11235520041,11235520042,0,11,33,18,96.74220963172806,Critical,23.487194603536743,residential,nan,nan,False
11431558280,11431570036,0,1,3,2,53.56940509915015,High,32.50210360823091,residential,nan,nan,False
2227583856,249775471,0,0,0,0,0.0,Low,40.34664308878564,secondary,nan,nan,False
10041876845,1531037295,0,0,0,0,0.0,Low,26.659927621698667,residential,nan,nan,False
4958076554,4950655283,0,3,5,2,81.65250236071766,Critical,126.97846509114684,residential,nan,nan,False
4044517559,4044517811,0,40,76,65,99.43342776203968,Critical,244.7079337763882,residential,nan,nan,False
7456061738,7456061744,0,1,3,2,53.56940509915015,High,82.9797706546538,residential,nan,nan,False
1417341033,11668129129,0,0,0,0,0.0,Low,27.101728126519248,tertiary,nan,nan,False
9184294951,10170918928,0,1,5,1,57.80925401322001,High,78.93848581782835,residential,nan,nan,False
1529423230,1529423070,0,1,5,4,67.12936732766761,High,30.91394828456396,residential,nan,nan,False
7290798756,7290798753,0,1,1,3,41.1614730878187,Medium,63.53498139444618,residential,nan,nan,False
1473871954,1473871926,0,1,1,5,44.78753541076488,Medium,33.12582843877059,residential,nan,nan,False
4591991813,4591991814,0,1,1,0,29.272898961284238,Medium,234.80473260771072,residential,nan,nan,False
2225134272,5958974793,0,1,3,0,44.68366383380548,Medium,308.913228510602,residential,nan,nan,False
4948249092,4948249090,0,0,0,0,0.0,Low,37.16462171981768,residential,nan,nan,False
10089395704,2421937512,0,0,0,0,0.0,Low,58.52178284683764,residential,nan,nan,False
1557136906,1556002813,0,0,0,0,0.0,Low,30.7677326654022,tertiary,nan,nan,False
2421938373,2421938388,0,0,0,0,0.0,Low,48.96115482455338,residential,nan,nan,False
4590824591,410860076,0,1,1,1,33.9943342776204,Medium,282.24764347780274,residential,nan,nan,False
2224503442,2224503440,0,0,0,0,0.0,Low,34.88185280102665,residential,nan,nan,False
1520838616,1520839018,0,0,0,0,0.0,Low,86.53960631621104,residential,nan,nan,False
599226663,599226657,0,0,0,0,0.0,Low,181.4191847119707,residential,nan,nan,False
3149567591,1328581949,0,1,1,0,29.272898961284238,Medium,152.43313150808012,residential,2.0,nan,False
4948650894,11419666780,0,3,7,8,92.73843248347498,Critical,19.981812399454093,residential,nan,nan,False
7463750592,7463750628,0,1,1,0,29.272898961284238,Medium,144.8665643885643,residential,nan,nan,False
2245002552,2245022047,0,1,1,4,43.31444759206799,Medium,121.83459162509207,tertiary,nan,nan,False
9696585737,12211429450,0,1,1,2,38.1586402266289,Medium,543.5615667958717,residential,nan,nan,False
598947971,598947970,0,0,0,0,0.0,Low,75.27400035923944,trunk,2,60,True
10060063612,10060063611,0,1,3,5,60.19830028328612,High,23.178929343702425,residential,nan,nan,False
442437656,442437657,0,1,1,2,38.1586402266289,Medium,43.895496395077885,residential,nan,nan,False
1564615243,4151992467,0,1,1,2,38.1586402266289,Medium,71.03712543815725,residential,nan,nan,False
2330414375,2330414371,0,0,0,0,0.0,Low,20.163022936112654,residential,nan,nan,False
1592129524,4948148867,0,0,0,0,0.0,Low,40.42554252455129,residential,2,nan,False
5330659841,1572997598,0,1,1,0,29.272898961284238,Medium,53.89650412985515,tertiary,nan,nan,False
5035439490,5035439483,0,0,0,0,0.0,Low,108.50343015741086,residential,nan,nan,False
3034669851,3034669854,0,0,0,0,0.0,Low,34.89393430815827,residential,nan,nan,False
2523956764,2523956770,0,1,1,0,29.272898961284238,Medium,110.71577461918795,residential,nan,nan,False
520197469,7164393107,0,1,1,3,41.1614730878187,Medium,246.97624655008715,tertiary,nan,nan,False
10094934190,12560654631,0,1,1,1,33.9943342776204,Medium,53.30451170251995,residential,nan,nan,False
1646559732,1646559858,0,1,1,1,33.9943342776204,Medium,53.76459983443692,residential,nan,nan,False
7266088381,7266091288,0,0,0,0,0.0,Low,32.140814987691165,residential,nan,nan,False
493493613,11178643864,0,0,0,0,0.0,Low,60.970627246715885,secondary,2,nan,True
10168749160,3787447443,0,0,0,0,0.0,Low,54.560684147777884,residential,nan,nan,False
1607547479,2268121235,0,0,0,0,0.0,Low,31.882070640051,residential,nan,nan,False
1070314221,309594299,0,0,0,0,0.0,Low,202.7912224178646,trunk_link,nan,40,True
609009867,609009154,0,0,0,0,0.0,Low,38.549193850449754,secondary,2,nan,False
11436858464,11436858463,0,1,1,1,33.9943342776204,Medium,64.35491650387343,residential,nan,nan,False
6180385237,11038574241,0,1,5,4,67.12936732766761,High,300.57455257579875,residential,nan,nan,False
6144032622,442438276,0,1,1,2,38.1586402266289,Medium,342.3806290794011,residential,nan,nan,False
1377861121,1377861078,0,0,0,0,0.0,Low,25.848388776750298,residential,nan,nan,False
3751669631,3751669632,0,1,1,3,41.1614730878187,Medium,102.71263734106702,residential,nan,nan,False
9184318036,2463929882,0,0,0,0,0.0,Low,5.966750304654713,residential,nan,nan,False
529006113,529006121,0,0,0,0,0.0,Low,94.52132869390637,residential,nan,nan,False
2228165561,2228165568,0,1,3,0,44.68366383380548,Medium,41.57478351129038,residential,nan,nan,False
11878415552,6275105557,0,1,3,0,44.68366383380548,Medium,147.98857034789512,primary,2.0,nan,True
4952632667,2460393312,0,1,1,2,38.1586402266289,Medium,104.38826020838788,residential,1.0,nan,False
2450331347,2450331383,0,0,0,0,0.0,Low,142.68348458035828,residential,nan,nan,False
4722177956,4716441949,0,0,0,0,0.0,Low,38.83076589669638,residential,nan,nan,False
7441214416,247964668,0,0,0,0,0.0,Low,41.9943593085451,secondary,2,nan,True
3505695783,14166358377,0,1,1,5,44.78753541076488,Medium,13.292486242082331,residential,nan,nan,False
2246494446,2246494447,0,1,1,1,33.9943342776204,Medium,32.17543029416534,primary,2.0,nan,False
3423321117,3423321118,0,2,4,5,83.93767705382437,Critical,31.36626149689728,residential,nan,nan,False
1473237917,3149269672,0,0,0,0,0.0,Low,65.81001305081419,residential,nan,nan,False
10064058021,6194562558,0,1,1,1,33.9943342776204,Medium,265.08499347027873,residential,nan,nan,False
11431559323,11431558280,0,12,18,14,96.01510859301229,Critical,29.86148450856446,residential,nan,nan,False
2247888118,2247888134,0,0,0,0,0.0,Low,79.45129312645464,residential,nan,nan,False
2090790508,2090790505,0,1,1,0,29.272898961284238,Medium,100.40649595642714,residential,nan,nan,False
1702639455,1702639457,0,1,1,3,41.1614730878187,Medium,47.80327835566318,residential,nan,nan,False
1467501547,4485016132,0,0,0,0,0.0,Low,61.80635357530211,residential,nan,nan,False
14091369953,14091369965,0,1,5,1,57.80925401322001,High,128.3770602478433,residential,nan,nan,False
11385460447,11385460446,0,1,3,1,49.405099150141645,Medium,38.428354718086894,residential,nan,nan,False
2247837833,2247837837,0,0,0,0,0.0,Low,43.25469515791803,residential,nan,nan,False
11886201284,11886201281,0,1,1,2,38.1586402266289,Medium,365.6911116040612,tertiary,nan,nan,True
3528034343,11434710893,0,1,5,1,57.80925401322001,High,131.04252737105193,tertiary,nan,nan,False
11419933649,11419933650,0,1,1,0,29.272898961284238,Medium,79.56780201057272,residential,nan,nan,False
10021135957,10021135956,0,1,3,2,53.56940509915015,High,59.09642226772071,living_street,nan,nan,False
7435095012,7435095011,0,1,1,1,33.9943342776204,Medium,61.89135197374511,residential,nan,nan,False
10171153662,2829453028,0,1,1,1,33.9943342776204,Medium,432.41425496728647,tertiary,nan,40.0,False
11434440441,7298384808,0,10,24,11,95.9395656279509,Critical,573.7231250274036,residential,nan,nan,False
10207093148,10207093147,0,0,0,0,0.0,Low,32.69150638037658,residential,nan,nan,False
6403451401,7398254781,0,1,3,1,49.405099150141645,Medium,273.21304124884074,residential,nan,nan,False
5354313601,308460950,0,0,0,0,0.0,Low,191.60145776138668,residential,nan,nan,False
2244731089,2244731020,0,1,1,0,29.272898961284238,Medium,312.68342570198024,residential,nan,nan,False
6532037186,6532037185,0,0,0,0,0.0,Low,175.37653211979602,residential,nan,nan,False
1526635243,1526635255,0,0,0,0,0.0,Low,50.95747165699011,residential,nan,nan,False
7208384011,10181936005,0,32,70,56,99.12181303116148,Critical,517.9974624651395,residential,nan,nan,False
619175171,619176856,0,1,3,0,44.68366383380548,Medium,109.21799971738425,secondary,2.0,nan,True
2463083157,2463083155,0,0,0,0,0.0,Low,57.583291663271844,residential,nan,nan,False
1600083182,1600082793,0,1,1,1,33.9943342776204,Medium,83.30072132432699,residential,nan,nan,False
7478209034,7478209036,0,0,0,0,0.0,Low,16.81438973225335,residential,nan,nan,False
7461560135,7461560134,0,0,0,0,0.0,Low,35.23145020533678,residential,nan,nan,False
1851132841,1851132845,0,0,0,0,0.0,Low,34.13889050189365,residential,nan,nan,False
12114065423,12114065413,0,1,1,0,29.272898961284238,Medium,34.45979031880031,residential,nan,nan,False
9192439376,1526635341,0,1,1,4,43.31444759206799,Medium,100.8801292143591,residential,nan,nan,False
7218644880,7218644883,0,1,1,0,29.272898961284238,Medium,220.71270364927503,residential,nan,nan,False
5588649590,2396948276,0,1,1,0,29.272898961284238,Medium,245.04902757170413,primary,2.0,nan,True
7478128228,7478128226,0,0,0,0,0.0,Low,41.48358274063691,residential,nan,nan,False
7357555440,10593568065,0,1,3,4,58.72521246458924,High,14.036363241679124,residential,nan,nan,False
1852438608,11402360983,0,0,0,0,0.0,Low,8.531894087163451,tertiary,nan,nan,False
11434328348,11434328347,0,3,3,3,76.25118035882909,Critical,98.633318804908,residential,nan,nan,False
2248079983,2248080002,0,0,0,0,0.0,Low,183.39040084025683,residential,nan,nan,False
10091493723,11389358988,0,0,0,0,0.0,Low,65.03466572122286,tertiary,nan,nan,False
3530570658,1078399210,0,1,1,2,38.1586402266289,Medium,64.85829946047521,residential,nan,nan,False
674076781,5661087699,0,1,1,4,43.31444759206799,Medium,63.370917754729135,secondary,2.0,nan,False
5329081999,10035971701,0,0,0,0,0.0,Low,20.715098487712503,residential,nan,nan,False
9187690316,10060201437,0,0,0,0,0.0,Low,12.725045540326215,residential,nan,nan,False
7435129449,7265832989,0,0,0,0,0.0,Low,6.710496870930934,tertiary,nan,nan,False
13785287069,3758521555,0,6,18,10,94.92917847025495,Critical,82.18726106532905,secondary,nan,nan,True
6521888710,6521888700,0,0,0,0,0.0,Low,11.143029000310241,residential,nan,nan,False
2244641330,2244641307,0,0,0,0,0.0,Low,109.59402131018477,residential,nan,nan,False
766836659,766836612,0,1,5,2,61.97355996222852,High,121.5491261559868,residential,nan,nan,False
2227153668,2227153665,0,0,0,0,0.0,Low,39.015174013779834,residential,nan,nan,False
9605728811,12114567040,0,1,5,5,68.60245514636449,High,137.28141405608025,residential,nan,nan,False
12211564059,6888027941,0,1,1,1,33.9943342776204,Medium,100.5177255492711,residential,nan,nan,False
6194313706,6194313697,0,1,3,1,49.405099150141645,Medium,171.6386510454259,residential,nan,nan,False
7436726542,10216330010,0,1,3,0,44.68366383380548,Medium,107.25074284972294,residential,nan,nan,False
10026487868,10026487869,0,0,0,0,0.0,Low,67.19326756361211,residential,nan,nan,False
5277513026,11021659551,0,0,0,0,0.0,Low,43.97542737974725,residential,nan,nan,False
11012060278,4824686426,0,1,1,3,41.1614730878187,Medium,19.77842807810841,unclassified,nan,nan,False
597084152,597084032,0,1,3,4,58.72521246458924,High,114.94644371220842,primary_link,2.0,nan,True
2787014195,2787014198,0,0,0,0,0.0,Low,143.36265632437642,residential,nan,nan,False
7207990935,7371051271,0,0,0,0,0.0,Low,31.420531374770633,residential,nan,nan,False
9612093071,2246812083,0,1,5,3,64.97639282341832,High,59.76388848907923,residential,nan,nan,False
7090776373,7090777397,0,116,270,208,99.9244570349386,Critical,215.7889173491085,residential,nan,nan,False
1615691351,1615692091,0,1,1,4,43.31444759206799,Medium,34.021845618624084,residential,nan,nan,False
459793709,2228090619,0,0,0,0,0.0,Low,35.63455144263135,residential,nan,nan,False
1791639678,4506369228,0,0,0,0,0.0,Low,79.84394454324871,tertiary,nan,nan,True
430043664,12075650278,0,1,3,2,53.56940509915015,High,362.5789404104417,secondary,2.0,nan,False
10091636808,1734983829,0,0,0,0,0.0,Low,53.58262442496902,residential,nan,nan,False
11235520055,11235520056,0,2,4,3,80.3116147308782,Critical,57.50091623931828,residential,nan,nan,False
10091869172,11135425045,0,0,0,0,0.0,Low,26.967984176766663,residential,nan,nan,False
2146206446,2146206445,0,1,1,2,38.1586402266289,Medium,53.61577366091485,residential,nan,nan,False
10079198531,11143274007,0,1,3,2,53.56940509915015,High,69.1772277843771,residential,nan,nan,False
10093869330,10093869331,0,0,0,0,0.0,Low,39.59901678712474,residential,nan,nan,False
12186005568,2387385680,0,1,1,3,41.1614730878187,Medium,741.3676021300988,primary,2.0,nan,True
2246587798,3868550662,0,1,1,1,33.9943342776204,Medium,268.35993255639323,residential,nan,nan,False
10110599549,10110599550,0,0,0,0,0.0,Low,30.972233842929217,residential,nan,nan,False
10053214464,2221301389,0,0,0,0,0.0,Low,21.909126656020224,residential,nan,nan,False
7405366004,7404868008,0,0,0,0,0.0,Low,23.310923826623377,residential,nan,nan,False
1522655828,10026381471,0,0,0,0,0.0,Low,105.19447899651642,residential,nan,nan,False
4950154708,4950154704,0,0,0,0,0.0,Low,206.72081650532428,residential,nan,nan,False
3149467921,2358271483,0,0,0,0,0.0,Low,85.50398166664681,residential,nan,nan,False
4692323155,4692323151,0,0,0,0,0.0,Low,152.76056491367459,primary,nan,nan,True
1681763293,9751329211,0,1,3,3,56.57223796033995,High,34.2352728535975,tertiary,nan,nan,False
1600083101,10114077006,0,0,0,0,0.0,Low,35.667964881032276,residential,nan,nan,False
2224594149,2224637067,0,0,0,0,0.0,Low,26.65294884630979,tertiary,nan,nan,False
7265565025,7265565024,0,1,1,3,41.1614730878187,Medium,86.84725805622823,residential,nan,nan,False
6562194967,2749514806,0,1,1,0,29.272898961284238,Medium,100.07777557779563,residential,nan,nan,False
1562108753,1562108773,0,0,0,0,0.0,Low,25.06594138987753,residential,nan,nan,False
1523171187,11021352459,0,0,0,0,0.0,Low,49.580600840915785,residential,nan,nan,False
2228006131,249144295,0,1,1,0,29.272898961284238,Medium,31.480162327677235,residential,nan,nan,False
678585712,7456293912,0,1,3,0,44.68366383380548,Medium,392.6350258254787,residential,nan,nan,False
1557410398,1557413339,0,0,0,0,0.0,Low,146.56431948010635,residential,nan,nan,False
298774979,269699862,0,1,5,2,61.97355996222852,High,125.9456099401534,residential,nan,nan,False
2268121158,2268121213,0,1,3,1,49.405099150141645,Medium,58.12885421673082,residential,nan,nan,False
10208770221,10208770223,0,1,1,4,43.31444759206799,Medium,112.75634053279433,tertiary,nan,nan,False
12781999514,6131973902,0,1,3,3,56.57223796033995,High,88.02771787841348,secondary,2.0,nan,True
2247888199,2247888201,0,0,0,0,0.0,Low,102.69003722246377,residential,nan,nan,False
6144400670,5330536435,0,1,3,1,49.405099150141645,Medium,259.6166112462804,residential,nan,nan,False
6617328981,1633904686,0,1,3,1,49.405099150141645,Medium,97.68069954186304,tertiary,nan,nan,False
7259994478,1208611208,0,14,36,14,97.24268177525968,Critical,7.958272863789317,tertiary,2.0,nan,False
364644500,364644685,0,1,1,1,33.9943342776204,Medium,88.12926956214358,residential,nan,nan,False
1436132709,1837722602,0,1,5,5,68.60245514636449,High,111.31355821953726,tertiary,nan,50.0,False
4948430546,10309549355,0,0,0,0,0.0,Low,10.748934559210628,residential,2,nan,False
4458722522,4458722721,0,1,3,0,44.68366383380548,Medium,157.06566616304963,residential,nan,nan,False
7479298148,7479779547,0,1,5,1,57.80925401322001,High,165.9711392629771,tertiary,nan,nan,False
2244849802,2244849808,0,0,0,0,0.0,Low,68.20958922844652,residential,nan,nan,False
4397411428,4397411430,0,1,1,0,29.272898961284238,Medium,49.62795478881888,residential,nan,20.0,False
7410686874,3149399969,0,0,0,0,0.0,Low,5.041024908610694,residential,nan,nan,False
11825306156,11825306157,0,0,0,0,0.0,Low,66.94955046117178,residential,nan,nan,False
2247888081,2247888090,0,0,0,0,0.0,Low,118.89315234647647,residential,nan,nan,False
1517474349,1517474189,0,0,0,0,0.0,Low,37.16698397514328,residential,nan,nan,False
10041460009,10026545969,0,0,0,0,0.0,Low,33.820612258479514,residential,nan,nan,False
4537102289,680004423,0,0,0,0,0.0,Low,50.02040791389567,unclassified,nan,nan,False
7485097448,1586948390,0,1,3,0,44.68366383380548,Medium,181.98835022481367,residential,nan,nan,False
7290668520,7290668521,0,0,0,0,0.0,Low,58.345922292509464,residential,nan,nan,False
1438144817,12509538036,0,0,0,0,0.0,Low,92.57265243373675,living_street,nan,nan,False
1720796272,841805564,0,3,3,10,81.04815864022663,Critical,6884.930632425227,motorway,3.0,120.0,True
2450331357,2450331338,0,1,5,4,67.12936732766761,High,49.23728706005117,residential,nan,nan,False
2450331372,2450331337,0,1,5,1,57.80925401322001,High,129.0912711642147,residential,nan,nan,False
1523171064,11865372126,0,0,0,0,0.0,Low,15.054789291255569,residential,nan,nan,False
7265858746,7265858743,0,0,0,0,0.0,Low,45.026578913740906,residential,nan,nan,False
1597724718,14084879186,0,0,0,0,0.0,Low,135.19340762009597,residential,nan,nan,False
7485669309,11409293804,0,0,0,0,0.0,Low,19.404427819994133,residential,nan,nan,False
10148760737,10148760742,0,18,48,32,98.08309726156752,Critical,67.27042269790127,residential,nan,nan,False
1473995360,1473995344,0,0,0,0,0.0,Low,131.47144860114474,residential,nan,nan,False
2244849438,2244849375,0,1,3,0,44.68366383380548,Medium,64.57300172542494,residential,nan,nan,False
10020593104,10020593103,0,1,1,3,41.1614730878187,Medium,32.3949700038591,residential,nan,nan,False
3055522087,3055522088,0,0,0,0,0.0,Low,89.19745580277082,residential,nan,nan,False
12193963945,1681763469,0,0,0,0,0.0,Low,158.94366213767697,residential,nan,nan,False
1588303423,1808871385,0,0,0,0,0.0,Low,103.39983032182234,tertiary,nan,nan,True
11030024306,13928795673,0,1,5,1,57.80925401322001,High,48.0625407926316,residential,nan,nan,False
1883683005,11878415552,0,1,1,1,33.9943342776204,Medium,469.663032295892,primary,2.0,nan,True
3038893022,3038893021,0,0,0,0,0.0,Low,37.77784722309126,residential,nan,nan,False
443224554,10153719251,0,0,0,0,0.0,Low,17.976613058198467,residential,nan,nan,False
10053692338,459782081,0,0,0,0,0.0,Low,20.784665119016832,residential,nan,nan,False
582567161,582567171,0,0,0,0,0.0,Low,75.57752796667182,residential,nan,nan,False
2048245857,253449679,0,0,0,0,0.0,Low,99.68829933391245,residential,nan,nan,False
303916736,303916859,0,1,3,3,56.57223796033995,High,262.1582013613282,residential,nan,nan,False
4316622831,4316622830,0,0,0,0,0.0,Low,29.79161867157527,residential,nan,nan,False
456086229,456086228,0,1,1,2,38.1586402266289,Medium,125.59867219778609,residential,nan,nan,False
11932127247,11932127242,0,1,1,3,41.1614730878187,Medium,40.01211031434632,residential,nan,nan,False
308230869,960247494,0,1,5,3,64.97639282341832,High,26.8960958223504,secondary,2.0,40.0,False
6193938373,4950818999,0,0,0,0,0.0,Low,110.80275733926683,residential,nan,nan,False
4872113206,447033414,0,0,0,0,0.0,Low,12.391404853415592,tertiary,nan,nan,False
3367402842,3367402840,0,1,1,4,43.31444759206799,Medium,38.28822510711081,residential,nan,nan,False
2696066735,12196580089,0,2,4,1,73.1444759206799,High,17.050199214923467,residential,nan,nan,False
1386328980,1386329031,0,1,3,2,53.56940509915015,High,97.91540240921218,residential,nan,nan,False
1551616171,1438409686,0,1,3,1,49.405099150141645,Medium,49.540057287685954,residential,nan,nan,False
9959161576,9914370188,0,1,1,1,33.9943342776204,Medium,308.7784245574202,secondary,2.0,40.0,True
582589179,582589186,0,0,0,0,0.0,Low,35.376631454791344,tertiary,nan,nan,False
7270994832,10862180936,0,1,5,3,64.97639282341832,High,121.25975495803677,residential,nan,nan,False
11932127242,11932127244,0,2,8,6,91.32200188857414,Critical,49.44256126389895,residential,nan,nan,False
10060830774,10060830773,0,1,5,4,67.12936732766761,High,48.51537435774857,residential,nan,nan,False
3298857094,3298857093,0,1,1,0,29.272898961284238,Medium,62.59869856697586,residential,nan,nan,False
11531330340,12106266735,0,0,0,0,0.0,Low,22.632604085712558,residential,nan,nan,False
1371947419,9189167942,0,0,0,0,0.0,Low,56.84774409990075,residential,nan,nan,False
9778557180,9778557181,0,0,0,0,0.0,Low,47.64101978643805,residential,nan,nan,False
9898893784,9187757834,0,13,29,17,96.81775259678945,Critical,63.87317109658293,residential,nan,nan,False
10091492662,2460540697,0,0,0,0,0.0,Low,17.553360335504475,residential,nan,nan,False
1570937222,7410134722,0,1,1,3,41.1614730878187,Medium,180.97379700744585,residential,nan,nan,False
3306702739,3306702738,0,0,0,0,0.0,Low,32.501932891795434,residential,nan,nan,False
3038857129,3034559752,0,0,0,0,0.0,Low,33.72174566619344,tertiary,nan,nan,False
11387370297,521157787,0,1,1,0,29.272898961284238,Medium,228.1719826610525,secondary,nan,nan,True
11383462354,12400147442,0,0,0,0,0.0,Low,63.04540524526753,residential,nan,nan,False
2227928165,1837395723,0,0,0,0,0.0,Low,21.84779823017253,residential,nan,nan,False
429001126,456181470,0,1,3,1,49.405099150141645,Medium,96.31999240715692,tertiary,nan,20.0,True
12976204591,325201763,0,0,0,0,0.0,Low,220.91941232478425,unclassified,2,nan,False
7462101991,9953920240,0,25,67,44,98.73465533522192,Critical,34.66040587852507,residential,2.0,nan,False
521144430,521144427,0,0,0,0,0.0,Low,29.389204232061417,residential,nan,nan,False
446860604,1553419962,0,1,1,4,43.31444759206799,Medium,81.75475440952656,tertiary,nan,nan,False
1384798022,1384798094,0,1,1,0,29.272898961284238,Medium,44.91682923753806,residential,nan,nan,False
2250119628,2250119621,0,1,3,0,44.68366383380548,Medium,144.74236638972872,residential,nan,nan,False
6195355490,10154239380,0,1,5,2,61.97355996222852,High,19.0961824244358,residential,nan,nan,False
6901590984,6901590980,0,1,1,1,33.9943342776204,Medium,218.90809786902005,secondary,nan,nan,True
9192439366,1539293894,0,0,0,0,0.0,Low,20.308115722314284,residential,nan,nan,False
1635307941,1635308102,0,0,0,0,0.0,Low,32.90662261263476,residential,nan,nan,False
2250119646,2250119645,0,1,1,0,29.272898961284238,Medium,35.38599254614952,residential,nan,nan,False
333512467,11896576907,0,1,3,3,56.57223796033995,High,130.42852600393746,tertiary,nan,nan,False
5330463398,7480281081,0,0,0,0,0.0,Low,33.42477751273067,residential,nan,nan,False
2470691119,6298505892,0,1,5,3,64.97639282341832,High,60.64587701329228,residential,nan,nan,False
7462942277,10095249493,0,0,0,0,0.0,Low,37.98532976424711,secondary,2,nan,False
6884281243,6884281244,0,1,1,0,29.272898961284238,Medium,39.678136759071606,residential,nan,nan,False
454141778,7435569343,0,1,1,0,29.272898961284238,Medium,144.66104534178035,residential,nan,nan,False
10035572155,10035572152,0,0,0,0,0.0,Low,23.648923397385442,tertiary,nan,nan,False
459656117,2227971904,0,0,0,0,0.0,Low,33.19675829891025,residential,nan,nan,False
3038883122,3038883121,0,0,0,0,0.0,Low,36.46080878546268,residential,nan,nan,False
12732525820,13787010485,0,1,1,1,33.9943342776204,Medium,68.13792267579791,tertiary,2.0,nan,True
2337700246,2246196384,0,0,0,0,0.0,Low,40.26549776049114,residential,nan,nan,False
521144282,521144249,0,0,0,0,0.0,Low,155.017278953316,residential,nan,nan,False
2668105101,2668105094,0,0,0,0,0.0,Low,92.25230777635898,residential,nan,nan,False
308063937,10081235960,0,1,3,1,49.405099150141645,Medium,1696.356320419458,secondary,nan,nan,False
10055294828,2228225912,0,0,0,0,0.0,Low,21.433916656740237,residential,nan,nan,False
7461757671,7461757672,0,0,0,0,0.0,Low,49.68027371313031,residential,nan,nan,False
3157718057,3157719167,0,1,1,2,38.1586402266289,Medium,38.31340283778622,residential,nan,nan,False
14039580930,10841365774,0,0,0,0,0.0,Low,50.37308502685667,tertiary,nan,nan,True
7463827178,7463684131,0,0,0,0,0.0,Low,11.72966797745223,residential,nan,nan,False
10046680189,9682398333,0,0,0,0,0.0,Low,71.44630306248581,residential,nan,nan,False
12154153171,12154153170,0,1,1,1,33.9943342776204,Medium,410.380724759493,tertiary,nan,nan,False
490481466,303975890,0,0,0,0,0.0,Low,153.14720668055259,residential,nan,nan,False
463722824,463722822,0,0,0,0,0.0,Low,36.867520402461885,residential,nan,nan,False
461789802,461789822,0,0,0,0,0.0,Low,33.604828529621315,residential,nan,nan,False
4614007515,7208334847,0,0,0,0,0.0,Low,49.88542770750895,residential,nan,nan,False
2248737921,1572829962,0,1,5,1,57.80925401322001,High,47.37266861196071,residential,nan,nan,False
331151839,331151836,0,1,1,2,38.1586402266289,Medium,237.1010918597121,tertiary,nan,nan,False
11436858454,7345511207,0,1,1,0,29.272898961284238,Medium,488.9160774125254,residential,nan,nan,False
1388143661,1851132489,0,1,1,1,33.9943342776204,Medium,38.9582447683064,secondary,nan,nan,False
2228426764,1474195337,0,1,1,1,33.9943342776204,Medium,55.64471700683179,residential,nan,nan,False
2389377295,2389377314,0,1,1,0,29.272898961284238,Medium,26.27203868089247,residential,nan,30.0,False
1467750622,1467750616,0,0,0,0,0.0,Low,78.14692450386397,residential,nan,nan,False
2250345106,2250345116,0,1,3,4,58.72521246458924,High,77.98852414365882,residential,nan,nan,False
456181354,456181351,0,0,0,0,0.0,Low,46.12095358896176,residential,nan,nan,False
4813269355,4813269354,0,0,0,0,0.0,Low,38.85374852646452,primary,nan,nan,True
10055294881,443252883,0,0,0,0,0.0,Low,34.56770055771911,residential,nan,nan,False
7453315454,7453315455,0,1,1,1,33.9943342776204,Medium,40.43744656965277,residential,nan,nan,False
4316656932,4316656931,0,0,0,0,0.0,Low,31.707554720723763,residential,nan,nan,False
1586521277,1586521275,0,0,0,0,0.0,Low,107.73843973135948,residential,nan,nan,False
7266012702,4016425345,0,1,3,1,49.405099150141645,Medium,302.6907443172987,unclassified,nan,nan,True
7457639696,10095249368,0,1,3,0,44.68366383380548,Medium,28.06521174226944,residential,nan,nan,False
11001065720,2224183024,0,1,1,2,38.1586402266289,Medium,12.443019687988222,residential,nan,nan,False
2460238680,2460238680,0,1,3,1,49.405099150141645,Medium,348.0128389933354,residential,nan,nan,False
2250391996,12114065446,0,1,3,3,56.57223796033995,High,95.004932119101,primary,2.0,100.0,True
2578344246,6567087755,0,2,6,5,89.92445703493863,Critical,1099.608445989069,tertiary,nan,nan,True
7266065744,3910164498,0,0,0,0,0.0,Low,45.58630939717997,tertiary,nan,nan,False
11012070941,11012070946,0,1,1,4,43.31444759206799,Medium,88.17718558271028,residential,nan,nan,False
1485686869,10062966618,0,1,5,2,61.97355996222852,High,957.8069920355867,tertiary,2.0,nan,False
1386329063,4813275639,0,0,0,0,0.0,Low,50.63387492184602,residential,nan,nan,False
4948856027,4948856030,0,0,0,0,0.0,Low,29.8587507769055,residential,nan,nan,False
631605712,2228386572,0,0,0,0,0.0,Low,99.53285270789992,residential,nan,nan,False
10168145605,10020649768,0,0,0,0,0.0,Low,31.703188293143015,residential,nan,nan,False
2228279529,2228279531,0,1,3,0,44.68366383380548,Medium,25.55339046725731,residential,nan,nan,False
11399731835,11399731830,0,13,31,33,97.23323890462702,Critical,161.96166886895338,residential,nan,nan,False
1808809351,1843653202,0,0,0,0,0.0,Low,22.595051462726087,residential,nan,nan,False
10026381596,10026386017,0,0,0,0,0.0,Low,92.69897030934436,residential,nan,nan,False
5354016796,10154178641,0,0,0,0,0.0,Low,8.288413026193057,residential,nan,nan,False
1525703843,1547432347,0,0,0,0,0.0,Low,50.16391156754557,residential,nan,nan,False
3874504430,11395456680,0,0,0,0,0.0,Low,42.28221075142464,residential,nan,nan,False
2162239059,2162239056,0,0,0,0,0.0,Low,21.068131464024972,residential,nan,nan,False
11402644770,11402644769,0,0,0,0,0.0,Low,55.7927479129205,residential,nan,nan,False
1440182057,10041340686,0,1,1,5,44.78753541076488,Medium,67.16285972778715,residential,nan,nan,False
4950655288,4950655286,0,83,205,149,99.81114258734657,Critical,95.7024487156987,residential,nan,nan,False
10948126480,7479631444,0,1,1,0,29.272898961284238,Medium,290.9793506261847,unclassified,1.0,30.0,False
7478132603,6144133801,0,1,5,2,61.97355996222852,High,73.69480006135184,residential,nan,nan,False
306622120,6505392518,0,0,0,0,0.0,Low,158.19763858341003,residential,2,nan,False
683067804,683067566,0,1,1,0,29.272898961284238,Medium,183.52371956110903,residential,nan,nan,False
7271589253,7271589265,0,1,3,1,49.405099150141645,Medium,241.6754284442449,residential,nan,nan,False
2703669994,251361763,0,1,1,2,38.1586402266289,Medium,649.3600387265623,trunk,2.0,60.0,True
6194216269,10170830042,0,1,5,2,61.97355996222852,High,1531.364176718617,primary,2.0,nan,True
309593696,6504113879,0,0,0,0,0.0,Low,81.07019848558765,residential,nan,nan,False
308468446,308468528,0,1,3,1,49.405099150141645,Medium,61.16872212504141,residential,nan,nan,False
2450169195,2450169187,0,0,0,0,0.0,Low,12.224021674438921,tertiary,nan,nan,False
5330504370,569884939,0,1,5,5,68.60245514636449,High,72.02220560679231,tertiary,2.0,30.0,False
2247911828,1851131178,0,1,3,0,44.68366383380548,Medium,136.36726790644877,tertiary,nan,nan,False
4533883485,956034560,0,1,1,3,41.1614730878187,Medium,167.3653261871495,residential,nan,nan,False
1524719781,1524720238,0,1,1,0,29.272898961284238,Medium,156.15184822163977,residential,nan,nan,False
13381230394,13381230395,0,1,1,1,33.9943342776204,Medium,73.94466610238834,residential,nan,nan,False
7405194403,7405194395,0,1,1,2,38.1586402266289,Medium,125.37707084927952,residential,nan,nan,False
2421937815,2421937817,0,0,0,0,0.0,Low,44.429291588933495,residential,nan,nan,False
2246494717,2246494744,0,1,1,5,44.78753541076488,Medium,54.49034214700587,residential,nan,nan,False
7371583891,551023488,0,0,0,0,0.0,Low,87.31583390225605,residential,nan,nan,False
1837285037,767436686,0,2,4,1,73.1444759206799,High,859.3587281317926,primary,2.0,nan,True
599212306,10041221630,0,0,0,0,0.0,Low,36.446402262901756,unclassified,nan,nan,False
9187767469,1635307886,0,0,0,0,0.0,Low,65.59403602500707,residential,nan,nan,False
2230808629,2230808649,0,0,0,0,0.0,Low,42.67864813068062,residential,nan,nan,False
442107171,442107170,0,1,3,0,44.68366383380548,Medium,203.637814450112,tertiary,nan,nan,False
12822455068,1473350074,0,1,1,0,29.272898961284238,Medium,141.73083206668758,tertiary,2.0,30.0,True
10028934127,10029047548,0,0,0,0,0.0,Low,31.036679564449713,residential,nan,nan,False
1383118257,1383118930,0,0,0,0,0.0,Low,80.38926808895624,residential,nan,nan,False
1467794466,1467794461,0,0,0,0,0.0,Low,88.13569949563447,residential,nan,nan,False
3396931045,3396931011,0,0,0,0,0.0,Low,100.21357769649754,residential,nan,nan,False
7371064950,7371064952,0,0,0,0,0.0,Low,70.36101543798345,residential,nan,nan,False
2645311149,2908681043,0,0,0,0,0.0,Low,58.93020149594885,secondary,nan,30,True
13851353728,960168779,0,1,3,1,49.405099150141645,Medium,4312.991144363948,trunk,3.0,80.0,True
6810046561,6810023225,0,1,1,1,33.9943342776204,Medium,142.78697223414858,residential,nan,nan,False
11434328347,12196580076,0,5,15,7,94.1643059490085,Critical,20.377207851092628,residential,nan,nan,False
2221301402,6197203000,0,0,0,0,0.0,Low,46.77634610006613,tertiary,nan,nan,False
7291406222,2619323978,0,0,0,0,0.0,Low,21.58505835438213,residential,nan,nan,False
7479631182,7479631187,0,1,3,0,44.68366383380548,Medium,88.42466655061082,residential,nan,nan,False
13112256857,13112256863,0,0,0,0,0.0,Low,39.0983558173644,residential,nan,nan,False
11888193797,11888193784,0,1,1,0,29.272898961284238,Medium,557.2520106562713,trunk,3.0,80.0,True
4443068940,10207067574,0,1,1,3,41.1614730878187,Medium,120.951926859419,tertiary,2.0,nan,False
12174325305,12174325307,0,1,1,1,33.9943342776204,Medium,45.15628103150552,residential,nan,nan,False
7361705104,3034669943,0,1,5,2,61.97355996222852,High,63.082808299124366,residential,nan,nan,False
1442364679,1442364729,0,0,0,0,0.0,Low,43.12627171181412,residential,nan,nan,False
1588410894,1557144932,0,0,0,0,0.0,Low,65.2167341532298,residential,nan,nan,False
503308777,6564283633,0,0,0,0,0.0,Low,53.797684208052196,residential,nan,nan,False
646955212,618529405,0,0,0,0,0.0,Low,45.1883147002393,residential,nan,nan,False
574543625,10024357925,0,0,0,0,0.0,Low,15.44991314392009,residential,nan,nan,False
6532341932,4952656270,0,1,5,3,64.97639282341832,High,31.943190131584405,residential,nan,nan,False
362574222,5354016796,0,0,0,0,0.0,Low,19.381894917382855,residential,nan,nan,False
11454801023,9695738152,0,1,1,2,38.1586402266289,Medium,64.84178617368143,residential,nan,nan,False
11900650072,7405316785,0,1,1,2,38.1586402266289,Medium,97.18863903485106,secondary,nan,nan,True
1817556150,3872407617,0,1,1,0,29.272898961284238,Medium,139.65261707427155,tertiary,2.0,40.0,False
12479777815,2248441190,0,1,1,5,44.78753541076488,Medium,97.78763655677204,residential,nan,nan,False
7274156778,2460238674,0,0,0,0,0.0,Low,6.207410788424288,secondary,nan,nan,False
1616724742,10060858432,0,1,1,0,29.272898961284238,Medium,99.71977552483902,residential,nan,nan,False
9602472603,9602472602,0,0,0,0,0.0,Low,35.87217008433515,residential,nan,nan,False
11235520042,11235520041,0,1,1,2,38.1586402266289,Medium,23.487194603536743,residential,nan,nan,False
9192014903,1586521168,0,0,0,0,0.0,Low,33.65869654830253,residential,nan,nan,False
14040912735,14040912736,0,1,1,0,29.272898961284238,Medium,13.12177879158217,residential,nan,nan,False
2248737941,2248737946,0,0,0,0,0.0,Low,51.673142492275865,residential,nan,nan,False
6901280942,11944239451,0,1,3,1,49.405099150141645,Medium,567.6578454241896,residential,nan,nan,False
2448242729,10207024011,0,1,1,4,43.31444759206799,Medium,34.44164304661341,residential,nan,nan,False
9817001114,10687622732,0,0,0,0,0.0,Low,7.855374899273119,residential,nan,nan,False
1566560189,1522655911,0,0,0,0,0.0,Low,69.97932038920003,residential,nan,nan,False
1486984227,2230703023,0,0,0,0,0.0,Low,54.23700884384753,tertiary,nan,nan,False
3868675909,3868675910,0,0,0,0,0.0,Low,49.90212316279089,residential,nan,nan,False
11882781147,11882781149,0,1,1,2,38.1586402266289,Medium,544.2803587457175,secondary,2.0,40.0,True
10209086815,10209086816,0,1,3,0,44.68366383380548,Medium,98.12732357988322,residential,nan,nan,False
443262608,6755797922,0,1,1,4,43.31444759206799,Medium,457.3826696460829,tertiary,nan,nan,False
7410650620,11027056816,0,1,3,1,49.405099150141645,Medium,52.12336763730651,residential,nan,nan,False
1791639647,1791639594,0,1,3,1,49.405099150141645,Medium,71.5383893598952,secondary,2.0,nan,False
387554418,387554424,0,1,3,0,44.68366383380548,Medium,57.16475694651817,residential,nan,nan,False
1532648947,1532648823,0,1,5,3,64.97639282341832,High,30.393808489170123,residential,nan,nan,False
1520838623,1520838595,0,0,0,0,0.0,Low,124.35469123947298,residential,nan,nan,False
10089591987,10089591986,0,0,0,0,0.0,Low,32.795241056821375,residential,nan,nan,False
2247911842,2247911841,0,1,1,3,41.1614730878187,Medium,33.27327073760488,residential,nan,nan,False
13347450233,13347450232,0,0,0,0,0.0,Low,14.554019063183976,residential,nan,nan,False
4443041818,10206992869,0,0,0,0,0.0,Low,34.12873603052566,residential,nan,nan,False
6749682822,10266750996,0,1,5,4,67.12936732766761,High,124.68706622116532,residential,nan,nan,False
10312578422,12243740336,0,1,1,4,43.31444759206799,Medium,14.54201526216096,tertiary,nan,nan,False
3872598939,3872598940,0,0,0,0,0.0,Low,45.73655842471182,tertiary,2,nan,False
6884327538,1446278459,0,1,1,1,33.9943342776204,Medium,58.66368976906803,residential,nan,nan,False
10091380838,7291692460,0,0,0,0,0.0,Low,8.360468657312436,residential,nan,nan,False
247966706,346109662,0,0,0,0,0.0,Low,101.78079230015909,residential,nan,nan,False
1809624043,1809192717,0,0,0,0,0.0,Low,35.76773036853157,residential,nan,nan,False
3423321105,3423321117,0,1,5,2,61.97355996222852,High,105.89298581978412,residential,nan,nan,False
7410530594,7410530597,0,0,0,0,0.0,Low,205.58912094346368,residential,nan,nan,False
4948430644,4948430643,0,1,1,0,29.272898961284238,Medium,113.22800362731306,residential,nan,nan,False
7465559326,11025365141,0,0,0,0,0.0,Low,45.87144464392838,residential,nan,nan,False
13503202475,12531369251,0,1,1,0,29.272898961284238,Medium,91.30110558350486,secondary,2.0,nan,True
1466400287,249070836,0,0,0,0,0.0,Low,43.19914766308668,residential,nan,nan,False
9780494766,9780494765,0,0,0,0,0.0,Low,32.296772240977496,residential,nan,nan,False
6298504750,6298504757,0,0,0,0,0.0,Low,152.2276597970496,residential,nan,nan,False
9612274771,9612274767,0,0,0,0,0.0,Low,275.96329066350916,residential,nan,nan,False
2876357602,1947653247,0,1,1,2,38.1586402266289,Medium,183.83851633296155,primary,2.0,60.0,True
3527850274,429231105,0,0,0,0,0.0,Low,33.86164909342637,residential,nan,nan,False
3874237276,3874235856,0,1,1,2,38.1586402266289,Medium,272.8196306034875,tertiary,nan,nan,False
3672795811,1557118072,0,1,5,3,64.97639282341832,High,70.88751232092986,residential,nan,nan,False
1521343648,620136264,0,1,3,0,44.68366383380548,Medium,95.12818865236152,residential,nan,nan,False
12508680484,12508680482,0,0,0,0,0.0,Low,46.44237267394804,residential,nan,nan,False
2388266803,2509419434,0,0,0,0,0.0,Low,74.31154265938625,residential,nan,30,False
2223925853,2223925856,0,1,1,0,29.272898961284238,Medium,54.32274115626015,residential,nan,nan,False
3865371964,12640604206,0,3,7,3,88.13031161473089,Critical,642.7278633124474,secondary,nan,nan,False
12213521168,521157671,0,0,0,0,0.0,Low,121.22844709182542,residential,nan,nan,False
9612036637,9612036640,0,0,0,0,0.0,Low,20.99510921803072,residential,nan,nan,False
7298937062,7298937069,0,18,48,35,98.14919735599622,Critical,115.73524777792824,residential,nan,nan,False
461754635,461754773,0,0,0,0,0.0,Low,21.414499087110524,residential,nan,nan,False
7467120581,10996608742,0,0,0,0,0.0,Low,160.0975276631221,residential,nan,nan,False
1037170545,1037174674,0,1,1,0,29.272898961284238,Medium,47.00132508213861,residential,nan,nan,False
12397885592,12397885592,0,1,1,1,33.9943342776204,Medium,151.1784326580177,residential,nan,nan,False
248459812,248459811,0,1,1,1,33.9943342776204,Medium,187.35522397938067,secondary,2.0,25.0,True
6754870840,6754870839,0,0,0,0,0.0,Low,8.963740768207783,residential,nan,nan,False
7121595595,7121595593,0,1,3,0,44.68366383380548,Medium,131.3884228664789,residential,nan,nan,False
10093896522,10093896521,0,0,0,0,0.0,Low,35.08331360383685,residential,nan,nan,False
2144581127,2247897386,0,0,0,0,0.0,Low,17.50504391917287,residential,nan,nan,False
2248546175,10020519595,0,1,3,0,44.68366383380548,Medium,63.97963490345756,residential,nan,nan,False
7404150093,7404150090,0,2,4,4,82.46458923512749,Critical,97.15305152860353,unclassified,nan,nan,False
3149180537,3149180538,0,1,1,3,41.1614730878187,Medium,31.93104988694964,residential,nan,nan,False
343601963,330378701,0,0,0,0,0.0,Low,61.7293068330255,tertiary,nan,nan,False
1837285030,10068662142,0,1,3,1,49.405099150141645,Medium,1232.7685348306436,primary,2.0,nan,True
2460375002,7172904984,0,1,1,1,33.9943342776204,Medium,161.8838493249486,tertiary,3.0,nan,True
10231033883,10231033884,0,0,0,0,0.0,Low,59.57710237631176,tertiary,2,nan,True
3752511414,3752511417,0,1,1,3,41.1614730878187,Medium,105.90603385518048,residential,nan,nan,False
1942843613,1836983152,0,1,1,0,29.272898961284238,Medium,6821.549341937894,motorway,4.0,80.0,True
1632150416,1632150249,0,1,5,1,57.80925401322001,High,91.26163098892502,residential,nan,nan,False
12346579321,12346579319,0,1,3,0,44.68366383380548,Medium,42.559309860010586,residential,nan,nan,False
11395941762,7467099518,0,0,0,0,0.0,Low,56.31455997562143,residential,nan,nan,False
7413278926,6143268790,0,1,1,0,29.272898961284238,Medium,110.22705042663652,residential,nan,nan,False
1556054004,10063679765,0,0,0,0,0.0,Low,169.2195981014982,residential,nan,nan,False
3158788651,1469644287,0,1,1,3,41.1614730878187,Medium,122.79615108511295,residential,nan,nan,False
1990620068,13974859349,0,1,1,4,43.31444759206799,Medium,16.06450526138339,residential,nan,nan,False
9837904706,13328136113,0,1,1,4,43.31444759206799,Medium,849.5100610577134,residential,nan,nan,False
1657396754,11168785875,0,1,1,0,29.272898961284238,Medium,105.21783102584978,residential,nan,nan,False
3157708822,3157708823,0,1,5,4,67.12936732766761,High,12.106569693352473,residential,nan,nan,False
2421937856,2421937844,0,0,0,0,0.0,Low,34.014291640304506,residential,nan,nan,False
2244849751,2244849743,0,1,1,0,29.272898961284238,Medium,71.87059351180007,residential,nan,nan,False
10010432685,10010432684,0,0,0,0,0.0,Low,48.609341616764354,residential,nan,nan,False
7121595634,7121595628,0,15,37,28,97.68649669499528,Critical,30.35239789502993,residential,nan,nan,False
3396985354,3396985373,0,1,1,2,38.1586402266289,Medium,55.74345966593435,residential,nan,nan,False
959510102,959510028,0,0,0,0,0.0,Low,30.85293244904533,residential,2,nan,False
11399637710,4122377344,0,0,0,0,0.0,Low,265.8932468087723,residential,nan,nan,False
10091991327,1371947821,0,0,0,0,0.0,Low,52.06343385463884,residential,nan,nan,False
7404328929,10156204460,0,0,0,0,0.0,Low,25.5119522310447,residential,nan,nan,False
447046762,3799031638,0,0,0,0,0.0,Low,19.606550919199886,tertiary,nan,nan,True
736207316,2268121159,0,0,0,0,0.0,Low,79.9475245903821,residential,nan,nan,False
6884298293,6884298291,0,1,3,0,44.68366383380548,Medium,198.65898283709885,tertiary,nan,nan,True
5329082270,5329082288,0,1,5,2,61.97355996222852,High,146.61898659776537,residential,nan,nan,False
1918872932,6152873929,0,0,0,0,0.0,Low,259.0489681144775,residential,nan,nan,False
11024828508,9695716670,0,1,1,4,43.31444759206799,Medium,42.17810115865093,residential,nan,nan,False
1473223931,1473223930,0,1,3,1,49.405099150141645,Medium,24.94105963452243,residential,nan,nan,False
1419382138,3149456103,0,1,3,1,49.405099150141645,Medium,126.3971634547432,residential,nan,nan,False
7146681134,7146681137,0,1,3,1,49.405099150141645,Medium,176.60369962509864,residential,nan,nan,False
3038883095,7291695978,0,0,0,0,0.0,Low,17.689037730751988,residential,nan,nan,False
7436990775,5281880153,0,0,0,0,0.0,Low,31.973877119299452,residential,nan,nan,False
4488038220,4488058792,0,0,0,0,0.0,Low,40.279749027843444,residential,nan,30,False
11176643974,12183448059,0,1,3,3,56.57223796033995,High,38.5623049862638,residential,nan,nan,False
2228225864,2228225861,0,0,0,0,0.0,Low,13.932418632921307,residential,nan,nan,False
1989490864,2248276819,0,1,1,0,29.272898961284238,Medium,104.11662240212702,residential,nan,nan,False
3872407466,3872407468,0,0,0,0,0.0,Low,59.65817457374103,residential,nan,nan,False
2246196385,2246196392,0,0,0,0,0.0,Low,37.15455985504008,residential,nan,nan,False
3872470447,3872470443,0,0,0,0,0.0,Low,31.648394307311232,secondary,2,nan,False
2451421961,2451421894,0,1,1,1,33.9943342776204,Medium,114.23173240117124,residential,nan,nan,False
1597724579,9682415622,0,1,1,0,29.272898961284238,Medium,204.86165137300367,residential,nan,nan,False
2220605712,2220945655,0,0,0,0,0.0,Low,8.52848520453469,secondary,nan,nan,False
12951126183,13785180784,0,39,73,61,99.28234183191692,Critical,38.98162253698086,residential,nan,nan,False
4948248720,4948249023,0,0,0,0,0.0,Low,204.37742061614665,residential,nan,nan,False
4952686983,2611179197,0,1,1,1,33.9943342776204,Medium,364.7107415648126,residential,nan,nan,False
2248440667,2248440707,0,1,1,1,33.9943342776204,Medium,90.84507581343792,residential,nan,nan,False
9857069406,9857069359,0,1,3,0,44.68366383380548,Medium,502.6579618938045,unclassified,nan,nan,True
7359050398,7359050395,0,0,0,0,0.0,Low,35.073294152258015,residential,nan,nan,False
12169759724,12169759731,0,0,0,0,0.0,Low,10.175953710253555,secondary,nan,nan,True
9192027582,9192027581,0,0,0,0,0.0,Low,30.229398650655646,residential,nan,nan,False
267216122,267216110,0,3,7,6,92.4551463644948,Critical,320.7479258824096,tertiary,2.0,nan,False
1556038368,2248662869,0,0,0,0,0.0,Low,32.16240483809,residential,nan,nan,False
11029867128,7478155078,0,1,3,1,49.405099150141645,Medium,37.30023692160986,residential,nan,nan,False
7405829366,7405831282,0,0,0,0,0.0,Low,41.27982106209592,residential,nan,nan,False
4973105484,4973105482,0,0,0,0,0.0,Low,38.945707258602155,residential,nan,nan,False
7553059088,9903727590,0,1,1,2,38.1586402266289,Medium,230.16544493365544,tertiary,nan,nan,False
10063075527,10063075528,0,0,0,0,0.0,Low,28.7664693435768,residential,nan,nan,False
3914359674,1534147563,0,1,3,1,49.405099150141645,Medium,220.9420994542861,residential,nan,nan,False
10108259639,10841360401,0,1,3,1,49.405099150141645,Medium,125.47647704247692,residential,nan,nan,False
1532827593,3525307780,0,1,1,4,43.31444759206799,Medium,153.24705297409895,residential,nan,nan,False
9909530617,11001074018,0,0,0,0,0.0,Low,38.38513634184599,residential,nan,nan,False
343601824,344371036,0,0,0,0,0.0,Low,97.54479947079471,tertiary,nan,nan,False
2876336032,2876335845,0,0,0,0,0.0,Low,30.250343662018413,residential,nan,nan,False
2611179197,12139242560,0,0,0,0,0.0,Low,274.4067036194015,trunk,2,30,True
10039286898,1542668332,0,0,0,0,0.0,Low,40.51625524917065,residential,nan,nan,False
9780516120,10026247067,0,1,1,0,29.272898961284238,Medium,100.44275918169556,residential,nan,nan,False
2268601838,2268601836,0,0,0,0,0.0,Low,26.09465628343117,residential,nan,nan,False
1650434762,1650435052,0,0,0,0,0.0,Low,95.44222960844532,tertiary,nan,nan,True
10023441714,10023441710,0,0,0,0,0.0,Low,41.59588467251235,residential,nan,nan,False
4952439933,4952439934,0,0,0,0,0.0,Low,193.5941245185027,residential,nan,nan,False
7207641453,7207641452,0,1,1,1,33.9943342776204,Medium,103.0487324249804,residential,nan,nan,False
313460477,306618704,0,1,1,0,29.272898961284238,Medium,74.97054090117153,tertiary,4.0,nan,False
2066388579,1014648217,0,1,1,1,33.9943342776204,Medium,601.9878385481106,tertiary,2.0,nan,False
2248265364,2248265359,0,0,0,0,0.0,Low,40.93736208081184,residential,nan,nan,False
529277344,529018446,0,1,3,0,44.68366383380548,Medium,166.530835316399,tertiary,nan,nan,False
11385524295,463681950,0,1,1,1,33.9943342776204,Medium,150.3282058248983,residential,nan,nan,False
1448634321,249073956,0,0,0,0,0.0,Low,53.72150374698527,residential,nan,nan,False
12963900368,12169759726,0,1,3,0,44.68366383380548,Medium,310.2767980589539,secondary,2.0,nan,False
583463456,1942789828,0,1,3,0,44.68366383380548,Medium,39.050555152644485,residential,nan,nan,False
7467198430,7467198433,0,1,1,0,29.272898961284238,Medium,40.70899012486773,residential,nan,nan,False
4948727693,4948727690,0,1,3,1,49.405099150141645,Medium,184.39700952338177,residential,nan,nan,False
529003715,9188680880,0,0,0,0,0.0,Low,25.305948160471644,residential,nan,nan,False
11419666780,11419666781,0,12,18,10,95.8356940509915,Critical,34.22270976288564,residential,nan,nan,False
7441700512,10216313744,0,0,0,0,0.0,Low,23.98324344940393,living_street,nan,nan,False
13247659554,13247659553,0,0,0,0,0.0,Low,21.64300203457342,residential,nan,nan,False
9192016751,5328712310,0,0,0,0,0.0,Low,81.41326480746878,residential,nan,nan,False
10088949513,10088949512,0,0,0,0,0.0,Low,59.330713197312996,residential,nan,nan,False
736207397,10094463259,0,0,0,0,0.0,Low,21.124533348744713,residential,nan,nan,False
10017912936,13235869155,0,1,5,5,68.60245514636449,High,99.3328710763969,residential,nan,nan,False
443655369,443655368,0,1,1,2,38.1586402266289,Medium,61.073042362730135,residential,nan,nan,False
7278915770,7278915781,0,0,0,0,0.0,Low,73.24303430768981,residential,nan,nan,False
3874223262,7466897014,0,0,0,0,0.0,Low,5.053231249980209,residential,nan,nan,False
327328647,503309098,0,0,0,0,0.0,Low,44.91832894106474,residential,nan,nan,False
9780481931,6194321364,0,1,1,2,38.1586402266289,Medium,177.78415651730646,residential,nan,nan,False
4469903724,4469903722,0,1,3,5,60.19830028328612,High,103.15558703271466,residential,nan,nan,False
5330485065,5330485066,0,0,0,0,0.0,Low,31.417067563716852,residential,nan,nan,False
4950460596,13818070190,0,1,1,3,41.1614730878187,Medium,4.785779416093666,residential,nan,nan,False
7462942252,3872498748,0,1,3,2,53.56940509915015,High,33.764415685385,residential,nan,nan,False
10695037231,1942843699,0,1,1,0,29.272898961284238,Medium,6810.075535887765,motorway,4.0,80.0,True
3161220989,6532581210,0,0,0,0,0.0,Low,77.74780104038605,residential,nan,nan,False
10018043605,10018043611,0,1,5,1,57.80925401322001,High,108.44204000699432,residential,nan,nan,False
7452739635,7452512555,0,1,1,3,41.1614730878187,Medium,356.72053953947307,residential,nan,nan,False
11301481489,2558406845,0,1,3,2,53.56940509915015,High,131.49639572468078,secondary,2.0,40.0,True
2244850062,2244850069,0,1,3,5,60.19830028328612,High,30.624458484224224,residential,nan,nan,False
11001047656,1381904910,0,1,1,2,38.1586402266289,Medium,159.27331130819798,residential,nan,nan,False
3141475567,11182448718,0,1,5,1,57.80925401322001,High,1370.3693600409422,tertiary,2.0,20.0,False
308874115,308874277,0,0,0,0,0.0,Low,38.04489924180036,tertiary,nan,nan,False
1553420105,10079160470,0,0,0,0,0.0,Low,47.656771668310874,residential,nan,nan,False
2244849699,2244849493,0,1,1,0,29.272898961284238,Medium,229.962328440006,residential,nan,nan,False
1600051209,1600051369,0,3,11,6,93.13503305004724,Critical,106.91508834308306,residential,nan,nan,False
2227494607,2227494609,0,0,0,0,0.0,Low,49.341931624424035,residential,nan,nan,False
2802624223,12418251820,0,0,0,0,0.0,Low,88.56049814654273,residential,nan,nan,False
309593726,309593727,0,0,0,0,0.0,Low,110.2238300268141,residential,nan,nan,False
10038594121,446783117,0,0,0,0,0.0,Low,39.34164254167459,tertiary,nan,nan,False
3872554266,3872554265,0,0,0,0,0.0,Low,71.56234994822165,residential,nan,nan,False
1273685326,1273685338,0,1,3,0,44.68366383380548,Medium,87.1337933682433,tertiary,2.0,nan,False
11124376974,11124376975,0,0,0,0,0.0,Low,44.23488349162434,residential,nan,nan,False
6167885650,6167885654,0,0,0,0,0.0,Low,34.5488214840267,residential,nan,nan,False
1083519856,1083519858,0,0,0,0,0.0,Low,55.058334089833316,residential,nan,nan,False
7287353108,2250289836,0,0,0,0,0.0,Low,28.449488999584773,residential,nan,nan,False
11013374681,13043372724,0,1,5,3,64.97639282341832,High,625.6229646539114,residential,nan,nan,False
6746702140,6746702132,0,1,1,0,29.272898961284238,Medium,400.7600840402312,residential,nan,nan,False
6195684273,287912299,0,1,3,3,56.57223796033995,High,114.89146563960595,tertiary,nan,25.0,True
1523171158,9192413928,0,0,0,0,0.0,Low,51.96001956075018,residential,nan,nan,False
4208545518,4948855817,0,0,0,0,0.0,Low,117.89503569915917,residential,nan,nan,False
10092099823,2227928189,0,0,0,0,0.0,Low,38.66539202314438,residential,nan,nan,False
3034669852,3034669718,0,0,0,0,0.0,Low,156.65636578306135,residential,nan,nan,False
11387111797,2221142132,0,0,0,0,0.0,Low,7.139353310885236,tertiary,nan,nan,False
503181308,503260517,0,0,0,0,0.0,Low,55.481057946233946,residential,nan,nan,False
13119702903,4950155146,0,2,6,6,90.62322946175638,Critical,113.78832329278389,residential,nan,nan,False
2220605679,2220746670,0,1,1,1,33.9943342776204,Medium,27.18939405119747,residential,nan,nan,False
10064058112,12203542112,0,0,0,0,0.0,Low,35.16440988137943,residential,nan,nan,False
10017876325,583206322,0,1,3,1,49.405099150141645,Medium,144.12902375889473,residential,nan,nan,False
7287581961,2030144607,0,1,1,2,38.1586402266289,Medium,259.2869182457846,residential,nan,nan,False
7146806640,7146806636,0,1,5,2,61.97355996222852,High,123.90825567093891,residential,nan,nan,False
12157495771,7361705121,0,1,3,1,49.405099150141645,Medium,32.371830338494455,residential,nan,nan,False
13800870730,4294218124,0,1,1,0,29.272898961284238,Medium,719.1584349090984,primary,2.0,30.0,True
1339408095,4474692928,0,0,0,0,0.0,Low,27.860012686722445,residential,nan,nan,False
7428658238,1388142565,0,0,0,0,0.0,Low,31.405112644386872,residential,nan,nan,False
2421938218,2421938131,0,0,0,0,0.0,Low,164.9419125224581,residential,nan,nan,False
3868574340,2641946191,0,0,0,0,0.0,Low,21.812969350822254,residential,nan,nan,False
10207253603,3421557762,0,2,8,4,89.1501416430595,Critical,61.08827689479725,tertiary,nan,nan,False
3872487138,3872487139,0,0,0,0,0.0,Low,69.60615212637408,residential,nan,nan,False
7410650605,7410650606,0,2,2,3,69.41454202077432,High,39.11193765813679,residential,nan,nan,False
7172941739,10165704717,0,0,0,0,0.0,Low,160.38162750396754,residential,nan,nan,False
459656145,459656127,0,0,0,0,0.0,Low,55.96220543024069,residential,nan,nan,False
7211280699,10041240369,0,1,3,4,58.72521246458924,High,275.3508168659226,residential,nan,nan,False
1586524205,9192019740,0,0,0,0,0.0,Low,27.055871459312005,residential,nan,nan,False
13260780851,3034670071,0,1,1,1,33.9943342776204,Medium,358.752588640169,residential,nan,nan,False
7413284990,7413284989,0,0,0,0,0.0,Low,69.25853529136958,residential,nan,nan,False
10091543761,10091543760,0,0,0,0,0.0,Low,22.875837102656156,residential,nan,nan,False
4948430603,4948430599,0,1,1,0,29.272898961284238,Medium,108.39450128085396,residential,nan,nan,False
1377687527,10175323897,0,0,0,0,0.0,Low,73.49282763762899,residential,nan,nan,False
2120440976,10081431361,0,1,1,0,29.272898961284238,Medium,154.89784681841266,residential,nan,nan,False
426941413,12194106519,0,0,0,0,0.0,Low,276.98838574453794,tertiary,nan,nan,True
2334256467,2334256465,0,1,1,0,29.272898961284238,Medium,48.059819696777694,living_street,nan,nan,False
2246195668,2246195710,0,0,0,0,0.0,Low,42.45837592069912,residential,nan,nan,False
1615691332,1487272633,0,1,3,3,56.57223796033995,High,71.26221649396064,residential,nan,nan,False
6194196465,6194196461,0,1,1,2,38.1586402266289,Medium,82.88557154597035,residential,nan,nan,False
2876335845,2876336032,0,0,0,0,0.0,Low,30.250343662018413,residential,nan,nan,False
11486387657,13851353728,0,6,14,13,94.66477809254012,Critical,77.55890082809236,trunk,3.0,80.0,True
1561816151,1561804539,0,1,3,0,44.68366383380548,Medium,88.36655729375263,residential,nan,nan,False
347261902,312840201,0,0,0,0,0.0,Low,18.143745530321493,residential,nan,nan,False
2607426150,2607426149,0,0,0,0,0.0,Low,26.6828701197133,residential,nan,nan,False
428457171,428457162,0,1,3,0,44.68366383380548,Medium,254.250079535278,primary,2.0,nan,True
7291406297,3032560253,0,1,5,5,68.60245514636449,High,201.4370334953392,residential,nan,nan,False
286680933,1512330962,0,0,0,0,0.0,Low,177.170583564842,secondary,2,nan,True
10055568925,10055568926,0,0,0,0,0.0,Low,30.67089659461838,residential,nan,nan,False
7291381491,7291381492,0,0,0,0,0.0,Low,29.069467690526206,residential,nan,nan,False
2421937956,2421937986,0,1,1,0,29.272898961284238,Medium,52.05439072872769,residential,nan,nan,False
4950292682,4950292684,0,1,1,1,33.9943342776204,Medium,91.27306027645876,residential,nan,nan,False
308232925,9197307509,0,0,0,0,0.0,Low,229.32941785078728,primary,2,nan,True
1555975739,1555975745,0,0,0,0,0.0,Low,108.2660864754931,residential,nan,nan,False
595961374,6749811973,0,0,0,0,0.0,Low,93.63115919652896,residential,nan,nan,False
11121519138,456086445,0,0,0,0,0.0,Low,21.790532384022704,residential,nan,nan,False
4948140384,4443064375,0,0,0,0,0.0,Low,76.74852880551722,residential,nan,nan,False
13644458594,1168427929,0,2,6,5,89.92445703493863,Critical,775.6136370738776,residential,nan,nan,False
10293847444,6194792840,0,1,3,0,44.68366383380548,Medium,39.14978701707823,living_street,nan,nan,False
652353468,7384902384,0,1,1,3,41.1614730878187,Medium,53.93201448680232,residential,nan,nan,False
10023965520,10023965523,0,0,0,0,0.0,Low,38.411593459359324,living_street,nan,nan,False
10063048704,10063048703,0,1,5,5,68.60245514636449,High,12.376621753425448,living_street,nan,nan,False
5267369424,836238561,0,1,1,1,33.9943342776204,Medium,205.5173911689184,residential,nan,nan,False
4952632554,4952632550,0,1,1,0,29.272898961284238,Medium,29.64609317754816,tertiary,nan,nan,False
456181620,10026725121,0,1,5,5,68.60245514636449,High,13.418320177290202,residential,nan,nan,False
503308941,503308969,0,0,0,0,0.0,Low,41.250470719016086,residential,nan,nan,False
9778491245,9778491243,0,28,66,47,98.82908404154864,Critical,88.02257233517223,residential,nan,nan,False
10044424499,1511677102,0,0,0,0,0.0,Low,6.70115989913543,secondary,nan,nan,False
2468924534,6132237143,0,1,1,4,43.31444759206799,Medium,86.57250878961358,primary,nan,nan,True
5283671998,7263139908,0,0,0,0,0.0,Low,73.58096946806471,residential,nan,nan,False
2248441136,2248441173,0,0,0,0,0.0,Low,26.94956906910592,tertiary,nan,nan,False
459801176,459801125,0,1,3,0,44.68366383380548,Medium,208.5202703753651,tertiary,nan,nan,False
2250058065,2248506042,0,0,0,0,0.0,Low,22.721364934069282,tertiary,nan,nan,False
7404449188,7404449180,0,3,11,4,90.9631728045326,Critical,219.74875988674629,residential,nan,nan,False
2247897181,2247897290,0,1,1,0,29.272898961284238,Medium,118.58728198610616,residential,nan,nan,False
249075659,303935969,0,1,1,1,33.9943342776204,Medium,209.64147750351088,secondary,nan,nan,True
10023967356,10023967351,0,1,3,2,53.56940509915015,High,32.976247496837395,residential,nan,nan,False
10038914058,10038914059,0,0,0,0,0.0,Low,30.056594345288275,residential,nan,nan,False
1521036725,1521036622,0,0,0,0,0.0,Low,3.236603601688,residential,nan,nan,False
10079467275,10079467277,0,0,0,0,0.0,Low,55.86703486550136,residential,nan,nan,False
3868683831,6194699512,0,2,2,1,62.24740321057601,High,104.2339513504809,tertiary,nan,nan,False
4948112938,4948112940,0,1,1,2,38.1586402266289,Medium,46.664967060957565,unclassified,nan,nan,False
10020384108,10198696384,0,0,0,0,0.0,Low,13.334512007594451,residential,nan,nan,False
2220746597,2220746606,0,1,1,0,29.272898961284238,Medium,322.43788967074374,residential,nan,nan,False
11888193783,292563598,0,9,15,7,94.82530689329556,Critical,11.222446761025417,secondary,nan,nan,True
461789832,461789835,0,1,1,4,43.31444759206799,Medium,123.89991316316188,residential,2.0,nan,False
1563683869,1563683700,0,0,0,0,0.0,Low,36.81304729041746,residential,nan,nan,False
10057951025,10057951023,0,1,3,1,49.405099150141645,Medium,49.10091519727711,tertiary,nan,nan,False
9184290745,503471475,0,1,3,0,44.68366383380548,Medium,45.06990020284153,residential,1.0,nan,False
7437638265,5330536226,0,0,0,0,0.0,Low,66.40970960531259,residential,nan,nan,False
7208382382,7208383988,0,0,0,0,0.0,Low,17.90912986125611,residential,nan,nan,False
10164774551,10164774552,0,2,6,3,86.29839471199246,Critical,40.4928133233944,residential,nan,nan,False
3870439629,3870439627,0,0,0,0,0.0,Low,31.80781193974793,tertiary,nan,nan,False
683067620,683067902,0,0,0,0,0.0,Low,39.32989966859841,residential,nan,nan,False
1551655484,1551655541,0,0,0,0,0.0,Low,76.06163388080809,residential,nan,nan,False
1597724731,1597724536,0,0,0,0,0.0,Low,58.314121887913316,residential,nan,nan,False
2247888198,7278911745,0,1,3,2,53.56940509915015,High,582.2068658629759,tertiary,nan,nan,False
3836800948,3836800949,0,1,5,2,61.97355996222852,High,148.97746871261234,residential,nan,nan,False
10081230066,10081230068,0,1,1,1,33.9943342776204,Medium,31.40753352284301,residential,nan,nan,False
2446009258,529372216,0,0,0,0,0.0,Low,30.429367462490585,residential,nan,nan,False
12075650278,11849948564,0,1,1,1,33.9943342776204,Medium,254.80108369411232,primary,2.0,nan,True
11411501025,4950460617,0,1,1,1,33.9943342776204,Medium,740.1388108158251,residential,nan,nan,False
1448640369,1448640368,0,1,3,4,58.72521246458924,High,44.60541331465012,residential,nan,nan,False
9187746418,1616693839,0,0,0,0,0.0,Low,24.77821802212155,residential,nan,nan,False
8239947030,12040966310,0,1,1,0,29.272898961284238,Medium,3795.173977919972,primary,2.0,40.0,True
461754752,461754742,0,1,1,0,29.272898961284238,Medium,31.57747268608333,residential,nan,nan,False
3168013842,3168013840,0,0,0,0,0.0,Low,22.015191565703358,residential,nan,nan,False
7263133572,7263133579,0,0,0,0,0.0,Low,43.86509179724729,residential,nan,nan,False
3872498891,3872498899,0,8,8,6,93.7582625118036,Critical,88.02557631916079,residential,nan,nan,False
1857029047,736207439,0,0,0,0,0.0,Low,49.433426393373836,residential,nan,nan,False
419638216,10750192276,0,1,5,1,57.80925401322001,High,307.57796248842726,residential,nan,nan,False
14084878133,10017955621,0,0,0,0,0.0,Low,41.64431772315711,residential,nan,nan,False
7311630873,12151782590,0,1,1,0,29.272898961284238,Medium,148.0972124194788,residential,nan,nan,False
7409828326,7409828345,0,1,3,0,44.68366383380548,Medium,78.83874543185365,residential,nan,nan,False
1595757924,1595758036,0,1,5,1,57.80925401322001,High,217.96255230106544,residential,nan,nan,False
616610402,7453315454,0,1,1,3,41.1614730878187,Medium,762.6615113982639,tertiary,nan,nan,False
10053214679,7456799490,0,0,0,0,0.0,Low,33.292610977892394,residential,nan,nan,False
7287333836,7287333837,0,0,0,0,0.0,Low,109.92448603261239,residential,nan,nan,False
13810626172,6531359664,0,1,3,1,49.405099150141645,Medium,163.42108954328134,residential,nan,nan,False
1438379105,1438379182,0,1,5,2,61.97355996222852,High,112.81364254987594,residential,nan,nan,False
1600962990,1600962927,0,0,0,0,0.0,Low,727.9223129879739,trunk,3,60,True
7090777400,7090777397,1,8,18,9,95.13692162417377,Critical,203.3572081606174,residential,nan,nan,False
10089395688,10089395689,0,0,0,0,0.0,Low,35.19189158842033,residential,nan,nan,False
287899763,287897029,0,1,1,5,44.78753541076488,Medium,287.30529595387446,tertiary,nan,nan,False
3396931058,3396931054,0,1,1,0,29.272898961284238,Medium,45.74589193335671,residential,nan,nan,False
7278976459,7278976458,0,0,0,0,0.0,Low,41.65193611222757,residential,nan,nan,False
2206930266,3148668114,0,1,1,1,33.9943342776204,Medium,191.0047667500364,residential,nan,nan,False
3039042406,3039042409,0,0,0,0,0.0,Low,29.099207148210724,residential,nan,nan,False
3504349796,6758558444,0,1,1,0,29.272898961284238,Medium,191.6287991918228,residential,nan,nan,False
7409692695,9674431504,0,0,0,0,0.0,Low,26.44246345294146,residential,nan,nan,False
10034231484,12134224862,0,1,3,1,49.405099150141645,Medium,246.06576546392552,primary,2.0,nan,True
7402050709,7402050778,0,13,27,28,97.02549575070822,Critical,39.680137146656136,residential,nan,nan,False
308229996,11446070485,0,1,1,0,29.272898961284238,Medium,95.2232116754552,tertiary,2.0,nan,True
12346534940,13860462299,0,1,3,2,53.56940509915015,High,417.7194230957197,tertiary,4.0,60.0,False
7465559480,7465559478,0,1,1,0,29.272898961284238,Medium,24.455416712178543,residential,nan,nan,False
9612093099,2246812221,0,0,0,0,0.0,Low,37.14426301850522,residential,nan,nan,False
1568938189,1568938192,0,1,5,5,68.60245514636449,High,83.62171168088767,residential,nan,nan,False
10026627737,456181597,0,0,0,0,0.0,Low,47.002911752604895,residential,nan,nan,False
2250668002,2250668011,0,0,0,0,0.0,Low,63.31508921823456,residential,nan,nan,False
599226717,599226755,0,0,0,0,0.0,Low,119.55754024176053,residential,nan,nan,False
2247838143,2247838122,0,1,5,2,61.97355996222852,High,311.78200776187003,residential,nan,nan,False
6298505899,6298505897,0,1,1,0,29.272898961284238,Medium,33.02184789935566,tertiary,nan,nan,False
7384536857,359310296,0,0,0,0,0.0,Low,151.9559075556714,residential,nan,nan,False
7451422700,7451422701,0,1,3,1,49.405099150141645,Medium,51.48695027812676,residential,nan,nan,False
2516269454,1515462079,0,0,0,0,0.0,Low,93.49835051340568,residential,nan,nan,False
11017422325,11017422324,0,0,0,0,0.0,Low,30.004214451161776,living_street,nan,nan,False
2248663223,2248663190,0,1,5,1,57.80925401322001,High,68.27167063587241,residential,nan,nan,False
7288094046,7288094047,0,1,1,1,33.9943342776204,Medium,58.804505424656135,residential,nan,nan,False
1252231267,3683418902,0,1,3,1,49.405099150141645,Medium,83.92858582209324,residential,nan,nan,False
929965958,956058174,0,0,0,0,0.0,Low,84.51866223180394,residential,nan,nan,False
2387385680,2406079712,0,2,4,2,77.3087818696884,Critical,208.31374558593672,tertiary,2.0,30.0,True
459793770,459793820,0,1,1,2,38.1586402266289,Medium,23.861061434646263,residential,nan,nan,False
355840357,7410650516,0,1,1,0,29.272898961284238,Medium,67.43025688199107,tertiary,nan,nan,False
4041189580,11395593597,0,18,42,36,98.09254013220018,Critical,182.2217368439736,residential,nan,nan,False
1347490084,7290391057,0,1,3,0,44.68366383380548,Medium,256.9974018223202,residential,nan,nan,False
10079132776,10079132778,0,1,1,0,29.272898961284238,Medium,89.35462235552399,residential,nan,nan,False
11015643600,1371807630,0,0,0,0,0.0,Low,67.57895523841682,living_street,nan,nan,False
2645311455,273443470,0,0,0,0,0.0,Low,224.92866486078898,residential,nan,nan,False
1524591228,1524649710,0,0,0,0,0.0,Low,17.053152720095316,residential,nan,nan,False
308469190,1473995344,0,0,0,0,0.0,Low,76.28044979494854,residential,nan,nan,False
9187654522,1532648926,0,0,0,0,0.0,Low,40.23805714038306,residential,nan,nan,False
4950155164,11399915641,0,11,23,14,96.109537299339,Critical,101.69911677177018,residential,nan,nan,False
2248546223,2248546230,0,0,0,0,0.0,Low,263.59021204464676,residential,nan,nan,False
1466580394,1466580391,0,1,1,5,44.78753541076488,Medium,116.4066437273242,residential,nan,nan,False
1512512287,683061182,0,0,0,0,0.0,Low,49.028203990361845,tertiary,nan,nan,False
3039021503,3039021501,0,0,0,0,0.0,Low,30.826781352609604,tertiary,nan,nan,False
1339731121,7486358197,0,0,0,0,0.0,Low,79.40036672001987,residential,nan,nan,False
11408879536,11408879537,0,1,1,2,38.1586402266289,Medium,65.06047387077764,residential,nan,nan,False
3149429065,7485599762,0,0,0,0,0.0,Low,4.565294135456942,residential,nan,nan,False
2142788511,2142788514,0,0,0,0,0.0,Low,183.69835961548702,residential,nan,nan,False
5330647541,10216329996,0,1,1,2,38.1586402266289,Medium,20.96374924490455,residential,nan,nan,False
2250057704,7466952556,0,1,3,2,53.56940509915015,High,171.81287876774084,residential,nan,nan,False
332955193,2408528591,0,0,0,0,0.0,Low,107.45895561080665,trunk,2,nan,True
6141844421,6141844422,0,0,0,0,0.0,Low,47.68380737449257,residential,nan,nan,False
10213527257,10213527258,0,1,1,2,38.1586402266289,Medium,351.62081655207623,residential,nan,nan,False
2206930288,3148668078,0,0,0,0,0.0,Low,56.01240071292464,secondary,2,nan,False
11182448718,3141475567,0,1,3,1,49.405099150141645,Medium,1370.3693600409415,tertiary,2.0,20.0,False
14040891864,13787384225,0,1,1,2,38.1586402266289,Medium,476.2590846167551,secondary,nan,nan,True
7175396251,1208603120,0,1,3,1,49.405099150141645,Medium,126.81088293756348,primary,2.0,nan,True
1548580751,1548580756,0,0,0,0,0.0,Low,6.742613073562426,residential,nan,nan,False
1632150395,6182545630,0,1,3,1,49.405099150141645,Medium,166.03892212049263,residential,nan,nan,False
12241127190,12241127189,0,1,3,0,44.68366383380548,Medium,39.030528120068965,residential,nan,nan,False
10044274856,10044274864,0,1,3,1,49.405099150141645,Medium,32.9078883205331,tertiary,nan,nan,False
7187815387,585740572,0,0,0,0,0.0,Low,170.70145869928237,tertiary,2,nan,False
7449639082,1442879499,0,0,0,0,0.0,Low,23.95527531279244,residential,nan,nan,False
2244850383,2246587863,0,4,6,2,85.08970727101038,Critical,25.06396528245832,tertiary,nan,nan,False
3544519408,9189188882,0,2,6,4,88.45136921624174,Critical,18.06089369135666,residential,nan,nan,False
1707859865,1707859994,0,0,0,0,0.0,Low,37.77971449671089,primary,nan,nan,True
1473776509,7461717345,0,0,0,0,0.0,Low,97.63592677299741,residential,nan,nan,False
2244849567,11411731176,0,1,3,4,58.72521246458924,High,118.00204429052827,tertiary,2.0,40.0,False
3520978671,3520978672,0,1,1,0,29.272898961284238,Medium,209.0152962726118,residential,nan,nan,False
7384110691,7384110702,0,10,24,32,96.44003777148254,Critical,44.610947056214016,residential,nan,nan,False
2451394268,2451394255,0,1,1,0,29.272898961284238,Medium,30.72847059392038,residential,nan,nan,False
6528782908,3872579730,0,1,1,0,29.272898961284238,Medium,45.33633707334152,residential,nan,nan,False
7435129466,7278713199,0,0,0,0,0.0,Low,20.438920440373305,tertiary,nan,nan,False
10088635252,1533848366,0,1,1,1,33.9943342776204,Medium,131.9102140534929,residential,nan,nan,False
1470833614,253448524,0,1,3,4,58.72521246458924,High,148.43606633424426,tertiary,2.0,nan,False
11385233257,6193989064,0,1,1,1,33.9943342776204,Medium,168.21176104255625,residential,nan,nan,False
7279005505,1851131437,0,1,3,1,49.405099150141645,Medium,293.2850804091955,residential,nan,nan,False
10216335896,5330536237,0,0,0,0,0.0,Low,21.14246805286028,residential,nan,nan,False
3396914603,3396914596,0,0,0,0,0.0,Low,94.02760487472868,residential,nan,nan,False
12836145981,582589274,0,1,1,0,29.272898961284238,Medium,66.98377587516386,residential,nan,30.0,False
10068662143,1837285037,0,1,3,2,53.56940509915015,High,1227.4329193745446,primary,2.0,nan,True
1523536993,1462127023,0,0,0,0,0.0,Low,57.50898158204106,tertiary,nan,nan,False
10839546686,10839546685,0,0,0,0,0.0,Low,142.48383024027035,residential,nan,nan,False
7440720125,6261304430,0,0,0,0,0.0,Low,11.45787560732554,residential,nan,nan,False
431537120,529291138,0,0,0,0,0.0,Low,9.126325696237224,tertiary,nan,50,False
2225133947,6748996049,0,1,1,0,29.272898961284238,Medium,257.54044661607713,residential,nan,nan,False
2405760531,12686955185,0,0,0,0,0.0,Low,71.51325870675022,residential,nan,nan,False
3874227764,3874227762,0,1,3,2,53.56940509915015,High,117.36336803724978,residential,nan,nan,False
7456065587,10172877105,0,0,0,0,0.0,Low,15.262030939013883,residential,nan,nan,False
3874488628,10175342328,0,0,0,0,0.0,Low,237.91741063307572,tertiary,nan,nan,False
2460385254,2460393224,0,1,1,3,41.1614730878187,Medium,57.298802565818015,residential,nan,nan,False
10041064440,10039032064,0,1,1,0,29.272898961284238,Medium,256.4311708472557,residential,nan,nan,False
6195110355,1597724468,0,0,0,0,0.0,Low,29.698792213150348,tertiary,nan,nan,False
580250771,10028825558,0,1,1,0,29.272898961284238,Medium,451.9336900936879,residential,nan,nan,False
699704342,1835530503,0,1,1,2,38.1586402266289,Medium,817.2846391626423,trunk,2.0,60.0,True
1857076810,1857076812,0,0,0,0,0.0,Low,120.95742503832389,residential,nan,nan,False
2246587354,2246587290,0,0,0,0,0.0,Low,95.32166417374016,residential,nan,nan,False
7465952535,10093869394,0,0,0,0,0.0,Low,50.19364552469401,residential,nan,nan,False
11357959890,2268121227,0,0,0,0,0.0,Low,43.31758653896683,residential,nan,nan,False
2268546089,2268546086,1,1,1,1,33.9943342776204,Medium,166.51408571508665,residential,nan,nan,False
446783109,446783111,0,0,0,0,0.0,Low,73.1731615823968,secondary,nan,nan,False
7413599891,1386329058,0,1,1,2,38.1586402266289,Medium,141.42371072390011,residential,nan,nan,False
11932064927,4950833457,0,1,3,3,56.57223796033995,High,51.33685391394318,residential,nan,nan,False
10216395658,6753376859,0,1,1,1,33.9943342776204,Medium,81.13998855548736,tertiary,nan,nan,False
11395723235,13249347760,0,1,5,2,61.97355996222852,High,11.562054734076336,residential,nan,nan,False
1562366625,1562366343,0,1,3,1,49.405099150141645,Medium,34.45833340603917,residential,nan,nan,False
11425473459,11425473460,0,1,1,3,41.1614730878187,Medium,27.106964764221622,residential,nan,nan,False
1010036519,5692639491,0,1,3,3,56.57223796033995,High,734.7473540696728,primary,2.0,nan,True
6531847408,6531847410,0,0,0,0,0.0,Low,29.124469647495452,residential,nan,nan,False
7463040546,7463040549,0,0,0,0,0.0,Low,137.6655044742339,residential,nan,nan,False
1533807383,1533807384,0,0,0,0,0.0,Low,49.51504702589144,residential,nan,nan,False
5281842567,5281842568,0,0,0,0,0.0,Low,69.51409636995196,living_street,nan,nan,False
2228165582,10053692314,0,0,0,0,0.0,Low,23.665004610309573,residential,nan,nan,False
13651588107,13651588106,0,0,0,0,0.0,Low,46.324067914740205,residential,nan,nan,False
4950331555,4950331538,0,0,0,0,0.0,Low,53.15298050306509,residential,nan,nan,False
7462417671,7462417670,0,1,1,3,41.1614730878187,Medium,45.181347560989686,residential,nan,nan,False
2221186604,2221186615,0,0,0,0,0.0,Low,28.23929029786476,residential,nan,nan,False
12662376674,7266042589,0,1,1,0,29.272898961284238,Medium,756.3463572907572,residential,nan,nan,False
4952592399,4952592550,0,0,0,0,0.0,Low,33.509523590760864,residential,nan,nan,False
11235520044,11235520042,0,26,62,45,98.69688385269122,Critical,129.47802680144005,residential,nan,nan,False
11265823308,11402776662,0,1,5,5,68.60245514636449,High,87.11290399812992,residential,nan,nan,False
251104952,325107559,0,1,1,4,43.31444759206799,Medium,427.2426178117555,tertiary,2.0,30.0,True
10091493724,9188743249,0,0,0,0,0.0,Low,35.77004554653352,residential,nan,nan,False
13130333285,3306702702,0,0,0,0,0.0,Low,22.779461527509245,residential,nan,nan,False
2183098861,594599952,0,1,5,5,68.60245514636449,High,670.4598528519002,residential,nan,nan,False
10063105910,10063105911,0,1,1,2,38.1586402266289,Medium,35.351548304322144,residential,nan,nan,False
3612124295,4948781719,0,0,0,0,0.0,Low,21.264763209757803,residential,nan,nan,False
2223841017,956323389,0,1,5,3,64.97639282341832,High,67.71333950789433,residential,nan,nan,False
9605401076,9605401088,0,13,23,22,96.66666666666669,Critical,118.82029639156724,residential,nan,nan,False
7287483093,309595963,0,1,1,0,29.272898961284238,Medium,54.68139071314213,tertiary,nan,nan,False
12397931773,4033838906,0,2,6,2,83.29556185080266,Critical,31.47911303240712,residential,nan,nan,False
11350295594,11350295595,0,1,1,2,38.1586402266289,Medium,70.20784726839629,residential,nan,nan,False
736207377,736207313,0,1,1,2,38.1586402266289,Medium,84.80595667776211,residential,nan,nan,False
6461734691,6461734690,0,0,0,0,0.0,Low,43.5065909618876,residential,nan,nan,False
10156644104,10156644105,0,1,5,2,61.97355996222852,High,16.49146927635741,residential,nan,nan,False
2246587790,2246587739,0,1,1,0,29.272898961284238,Medium,114.14275239012278,residential,nan,nan,False
11428198941,11428198940,0,0,0,0,0.0,Low,35.61706284495735,residential,nan,nan,False
5330485066,5330485065,0,0,0,0,0.0,Low,31.417067563716852,residential,nan,nan,False
1602148938,1602148873,0,0,0,0,0.0,Low,39.20757627049561,residential,nan,nan,False
11494414328,12822535157,0,0,0,0,0.0,Low,164.9599568881059,secondary,2,nan,True
10091476946,13996966931,0,0,0,0,0.0,Low,18.50633261951676,residential,nan,nan,False
2246324602,2246324634,0,0,0,0,0.0,Low,44.974824699105774,residential,nan,nan,False
7436997165,5328658242,0,1,1,4,43.31444759206799,Medium,90.68513352221892,residential,nan,nan,False
1568944694,1568944692,0,1,1,0,29.272898961284238,Medium,129.06392429592862,residential,nan,nan,False
447035802,249775632,0,0,0,0,0.0,Low,58.64968407851226,tertiary,nan,nan,True
7457472586,7457472585,0,0,0,0,0.0,Low,50.650779727528935,residential,nan,nan,False
6195382000,7485669309,0,0,0,0,0.0,Low,70.63641838591417,residential,nan,nan,False
1371947813,1371947536,0,1,5,4,67.12936732766761,High,137.8003605917989,residential,nan,nan,False
1524720878,1524720136,0,0,0,0,0.0,Low,31.02508463773964,residential,nan,nan,False
10168917367,10168917365,0,0,0,0,0.0,Low,23.272066956727173,residential,nan,nan,False
2463918927,2463918961,0,0,0,0,0.0,Low,49.03505407093707,residential,nan,nan,False
10156014549,667924891,0,1,3,0,44.68366383380548,Medium,358.64376462297145,tertiary,nan,nan,False
7298163666,7298163669,1,17,31,22,97.36543909348444,Critical,50.64264177056067,tertiary,2.0,40.0,False
4952686885,4952686888,0,1,1,0,29.272898961284238,Medium,116.16867877439944,residential,nan,nan,False
6685032024,582589205,0,0,0,0,0.0,Low,61.69518000512391,residential,nan,nan,False
11436635364,11024925044,0,0,0,0,0.0,Low,23.956288576157508,residential,nan,nan,False
7146681145,7466199493,0,2,6,7,90.80264400377716,Critical,111.21855292367252,residential,nan,nan,False
1524719787,446860588,0,1,1,3,41.1614730878187,Medium,99.19675197922491,tertiary,2.0,nan,False
6456194157,263156595,0,0,0,0,0.0,Low,228.6258151272306,residential,nan,nan,False
11878403679,10003388460,0,0,0,0,0.0,Low,45.59132938662965,tertiary,nan,nan,True
3149469566,7432551899,0,1,1,2,38.1586402266289,Medium,255.6148900065148,residential,2.0,40.0,False
503260823,2039941750,0,1,5,2,61.97355996222852,High,147.1145064597925,residential,nan,nan,False
3758521583,3648814512,0,3,5,3,84.65533522190746,Critical,571.63927847489,secondary,nan,nan,False
1534822888,1534822949,0,0,0,0,0.0,Low,34.15740023756622,residential,nan,nan,False
1366802616,11370592015,0,1,1,1,33.9943342776204,Medium,113.60071346499493,residential,2.0,20.0,False
3235639721,3235639718,0,1,3,3,56.57223796033995,High,66.22386039263775,residential,nan,nan,False
1285911631,1537837746,0,0,0,0,0.0,Low,45.21756729651231,tertiary,nan,nan,False
4380549695,11455011720,0,1,1,3,41.1614730878187,Medium,294.4243846499778,residential,2.0,nan,False
1556103110,1556907489,0,0,0,0,0.0,Low,87.36826251221567,residential,nan,nan,False
7401660108,2247956011,0,1,1,1,33.9943342776204,Medium,71.13566204270714,residential,nan,nan,False
956027459,309596282,0,0,0,0,0.0,Low,43.17835173380327,residential,nan,nan,False
6168072993,12496073757,0,0,0,0,0.0,Low,30.9677738708708,residential,nan,nan,False
463722588,463722607,0,0,0,0,0.0,Low,40.238583164556786,residential,nan,nan,False
3868574354,12401455470,0,1,1,3,41.1614730878187,Medium,88.72479116692163,residential,nan,nan,False
6194253003,1388142899,0,1,1,1,33.9943342776204,Medium,90.45533802834642,residential,nan,nan,False
1464768744,1529223290,0,1,3,4,58.72521246458924,High,149.45466553976672,residential,nan,nan,False
2653581160,2653581159,0,1,3,0,44.68366383380548,Medium,46.795098856632265,residential,nan,nan,False
6809938713,6809938711,0,1,3,0,44.68366383380548,Medium,70.41229749958912,residential,nan,nan,False
13961744385,1837634342,0,1,1,1,33.9943342776204,Medium,30.23109607782316,tertiary,1.0,nan,True
7261603333,7261603344,0,0,0,0,0.0,Low,12.633217854093948,tertiary,nan,nan,False
668464308,668464354,0,0,0,0,0.0,Low,23.166706682346838,residential,nan,nan,False
4127956339,13748635883,0,0,0,0,0.0,Low,1.3010532226169664,residential,nan,nan,False
5354016792,1837674931,0,0,0,0,0.0,Low,84.75675690420186,residential,nan,nan,False
10081303331,2248664475,0,1,1,2,38.1586402266289,Medium,53.33436174782456,residential,nan,nan,False
2224183061,10108529106,0,0,0,0,0.0,Low,90.12246593864016,residential,nan,nan,False
13645830401,13645830402,0,1,3,2,53.56940509915015,High,61.905110648051945,residential,nan,nan,False
293709525,7328379022,0,0,0,0,0.0,Low,97.70361644250687,residential,nan,nan,False
7398254781,7398254791,0,23,57,49,98.62134088762986,Critical,103.94061134274136,residential,nan,nan,False
1104250537,10284858598,0,1,1,5,44.78753541076488,Medium,345.5201185721174,primary,2.0,nan,True
461539180,461539181,0,0,0,0,0.0,Low,93.17779790418261,residential,nan,nan,False
5329386902,5329386904,0,0,0,0,0.0,Low,24.429705501562257,residential,nan,nan,False
10266793585,10266793584,0,1,3,0,44.68366383380548,Medium,87.45475576034787,residential,nan,nan,False
3313866974,1328155414,0,1,1,4,43.31444759206799,Medium,33.859254705893264,tertiary,nan,nan,False
7298265021,10207253603,0,1,1,1,33.9943342776204,Medium,269.33457816125417,residential,nan,nan,False
12951130519,12115111694,0,0,0,0,0.0,Low,153.7629241619084,residential,nan,nan,False
10041221621,10041221622,0,1,3,0,44.68366383380548,Medium,70.10786961359408,unclassified,nan,nan,False
3874229099,3874229095,0,0,0,0,0.0,Low,48.90719170489242,residential,nan,nan,False
7265621063,11411943405,0,1,1,5,44.78753541076488,Medium,105.77947712309438,residential,nan,nan,False
2225131596,2225131494,0,1,5,3,64.97639282341832,High,220.8804996500831,residential,nan,nan,False
11944239442,11944239437,0,1,3,0,44.68366383380548,Medium,84.2561298707272,residential,nan,nan,False
12115111694,12951130519,0,1,1,0,29.272898961284238,Medium,153.7629241619084,residential,nan,nan,False
10055294894,10055294896,0,0,0,0,0.0,Low,63.31997113697415,residential,nan,nan,False
463393075,463393205,0,1,3,0,44.68366383380548,Medium,108.10778364558006,tertiary,nan,nan,False
309596299,249075221,0,1,1,2,38.1586402266289,Medium,90.26433375632418,tertiary,nan,nan,True
5329111519,5329111518,0,0,0,0,0.0,Low,70.6039889461185,residential,nan,nan,False
1386031864,1386031775,0,0,0,0,0.0,Low,39.214397657187945,residential,nan,nan,False
736207530,13373931597,0,1,3,0,44.68366383380548,Medium,49.69131188287061,primary,2.0,nan,True
3874237277,3874237278,0,0,0,0,0.0,Low,63.88855376053095,residential,nan,nan,False
3149351927,2145322156,0,1,3,0,44.68366383380548,Medium,89.63240627966124,residential,nan,nan,False
7456799526,7456799527,0,0,0,0,0.0,Low,85.2600621165135,residential,nan,nan,False
10062966641,7435294238,0,0,0,0,0.0,Low,72.67948029186248,living_street,nan,nan,False
1611278995,1611279027,0,0,0,0,0.0,Low,40.271813065337426,residential,nan,nan,False
11993731020,1474864026,0,0,0,0,0.0,Low,104.43844822501147,residential,nan,nan,False
1386329030,3289430509,0,1,3,3,56.57223796033995,High,182.4276261668107,tertiary,nan,nan,False
7465614211,12686971432,0,3,9,8,93.13503305004724,Critical,499.9790645186592,residential,nan,nan,False
2221565600,2221565613,0,1,5,4,67.12936732766761,High,108.54453217484388,residential,nan,nan,False
6518562603,1614298010,0,0,0,0,0.0,Low,42.62629955190209,residential,nan,nan,False
6194261404,6194261402,0,0,0,0,0.0,Low,84.6417188833582,residential,nan,nan,False
1838767918,1838767831,0,0,0,0,0.0,Low,99.98919361069018,residential,nan,nan,False
14170017202,960246975,0,1,1,4,43.31444759206799,Medium,178.82532068997642,residential,nan,nan,False
13238377134,13238377135,0,0,0,0,0.0,Low,30.47054160564255,residential,nan,nan,False
9994821257,6536735131,0,1,5,1,57.80925401322001,High,192.7789668784251,residential,nan,nan,False
10148771374,10148771375,0,12,34,16,96.8649669499528,Critical,16.10467662286898,motorway_link,nan,nan,False
2250095833,2146172667,0,1,1,1,33.9943342776204,Medium,123.13859195814727,residential,nan,nan,False
1557118237,1557118828,0,0,0,0,0.0,Low,23.072269235904947,residential,nan,nan,False
6575118683,1977975568,0,1,1,0,29.272898961284238,Medium,374.24930728193,secondary,nan,nan,True
11372752664,7450070000,0,1,1,1,33.9943342776204,Medium,97.21564440698886,residential,nan,nan,False
13287242152,2250058098,0,1,3,2,53.56940509915015,High,114.77816887485972,residential,nan,nan,False
9923618002,9923618003,0,0,0,0,0.0,Low,37.51250522730092,residential,nan,nan,False
10094986340,10094986341,0,0,0,0,0.0,Low,42.500972939694115,residential,nan,nan,False
10172894066,10172894064,0,0,0,0,0.0,Low,57.22629021474336,residential,nan,nan,False
306612267,306612056,0,0,0,0,0.0,Low,49.44513443093389,residential,nan,nan,False
10041064446,1529422767,0,0,0,0,0.0,Low,32.52332986636793,tertiary,nan,nan,False
955696066,9937603726,0,1,1,0,29.272898961284238,Medium,377.8368118476869,primary,2.0,nan,True
3872503762,6152725205,0,1,1,0,29.272898961284238,Medium,249.1366462326788,residential,nan,nan,False
2460302051,2460302048,0,1,3,0,44.68366383380548,Medium,105.06994916139428,tertiary,nan,nan,False
4948651136,7227496276,0,0,0,0,0.0,Low,52.92274459734582,residential,nan,nan,False
2248079844,2248079774,0,2,2,6,73.73937677053824,High,233.32076438452907,residential,nan,nan,False
7479630422,7479631031,0,0,0,0,0.0,Low,82.01697837476456,residential,nan,nan,False
1542668488,1542668550,0,0,0,0,0.0,Low,58.17679386343901,residential,nan,nan,False
1529223275,1467501622,0,0,0,0,0.0,Low,29.275234994054863,residential,nan,nan,False
14056707229,7414267935,0,0,0,0,0.0,Low,39.303453095779766,residential,nan,nan,False
13632938930,13632938931,0,0,0,0,0.0,Low,22.589479939005322,residential,nan,nan,False
10074904404,7287215953,0,1,1,4,43.31444759206799,Medium,43.154878662803256,secondary,2.0,25.0,True
1966447374,1966447498,0,0,0,0,0.0,Low,35.56616033191531,residential,nan,nan,False
7208334848,7208334847,0,1,5,1,57.80925401322001,High,14.838627202675308,residential,nan,nan,False
7463751577,7463684201,0,0,0,0,0.0,Low,16.981653832493063,residential,nan,nan,False
6194003059,6194003058,0,1,3,4,58.72521246458924,High,109.11909432874482,residential,nan,nan,False
14109683237,9932949312,0,1,3,5,60.19830028328612,High,320.4543121300971,trunk,3.0,80.0,True
11235520061,11235520055,0,13,27,25,96.97828139754486,Critical,94.76324121069918,residential,nan,nan,False
7372716492,4973437403,0,0,0,0,0.0,Low,23.108599951152556,residential,nan,nan,False
10848423313,12187820901,0,0,0,0,0.0,Low,65.5150665279624,secondary,nan,nan,True
463681205,463393680,0,0,0,0,0.0,Low,33.33531322431752,tertiary,nan,nan,False
2247896995,10044674405,0,1,3,3,56.57223796033995,High,18.779542619459026,residential,nan,nan,False
3148752256,3148752254,0,0,0,0,0.0,Low,83.3488181686879,tertiary,nan,nan,False
2245034560,2245034545,0,1,3,2,53.56940509915015,High,52.952597161059536,residential,nan,nan,False
6528376941,5330492114,0,0,0,0,0.0,Low,25.687876887768063,tertiary,nan,nan,False
1522655876,1522655634,0,0,0,0,0.0,Low,31.80950041244843,residential,nan,nan,False
2244981029,2244981048,0,0,0,0,0.0,Low,74.81658992777176,residential,nan,nan,False
1388143561,1388143136,0,1,3,1,49.405099150141645,Medium,151.2792311678006,residential,nan,nan,False
254665655,10121050217,0,1,1,2,38.1586402266289,Medium,346.5836621198856,primary,2.0,nan,True
2645199896,2645199943,0,0,0,0,0.0,Low,123.42812356179257,residential,nan,nan,False
1420113201,1420113208,0,1,3,2,53.56940509915015,High,75.74549134877121,living_street,nan,nan,False
7357508054,7357508047,0,6,14,8,94.36260623229462,Critical,98.00474761429942,residential,nan,nan,False
631605736,2228386586,0,0,0,0,0.0,Low,61.640401535579194,living_street,nan,nan,False
1808727734,251142771,0,1,3,3,56.57223796033995,High,89.47503887230039,primary,2.0,nan,True
2246825929,2246825928,0,0,0,0,0.0,Low,132.43977218284115,residential,nan,nan,False
7290826324,2227771662,0,0,0,0,0.0,Low,58.725831311423185,residential,nan,nan,False
10026536322,2224335219,0,0,0,0,0.0,Low,29.8876204072666,residential,nan,nan,False
11169041185,9696585711,0,1,1,3,41.1614730878187,Medium,172.99000197318077,tertiary,nan,nan,False
1741224080,2123371057,0,1,3,0,44.68366383380548,Medium,51.1278720798574,tertiary,nan,nan,False
10156911965,1388143191,0,1,5,2,61.97355996222852,High,238.09568073877008,residential,nan,nan,False
993020500,1727298843,0,1,5,5,68.60245514636449,High,276.3980833509826,tertiary,nan,nan,False
2246195741,2246195715,0,1,1,0,29.272898961284238,Medium,72.37794681994225,residential,nan,nan,False
6182619778,7278901620,0,0,0,0,0.0,Low,47.41342725081055,residential,nan,nan,False
1602148901,1602149079,0,0,0,0,0.0,Low,32.984839799036074,residential,nan,nan,False
4973106640,4973106639,0,0,0,0,0.0,Low,80.69696060217784,residential,nan,nan,False
6226329981,248677965,0,1,1,0,29.272898961284238,Medium,1032.8916571348673,trunk,2.0,60.0,True
1003719464,1003725908,0,1,3,0,44.68366383380548,Medium,197.0908186497504,primary,2.0,nan,True
248810155,10081050092,0,0,0,0,0.0,Low,87.68551874728205,residential,nan,nan,False
5331115103,5331115115,0,1,1,5,44.78753541076488,Medium,517.5171830132397,residential,nan,nan,False
1600050825,11402484380,0,1,5,2,61.97355996222852,High,214.8840731669663,residential,nan,nan,False
7465614109,11419974289,0,1,1,3,41.1614730878187,Medium,113.0703445430626,residential,nan,nan,False
10079575468,10079575467,0,0,0,0,0.0,Low,61.373938257555665,residential,nan,nan,False
2246587932,2246587961,0,1,3,4,58.72521246458924,High,128.77949535364874,residential,nan,nan,False
11590931801,13774684799,0,0,0,0,0.0,Low,14.01560481556381,secondary,2,nan,True
7462942224,7462942225,0,1,1,3,41.1614730878187,Medium,40.506180005019374,residential,nan,nan,False
10165837360,10165837359,0,1,1,2,38.1586402266289,Medium,116.38298542603144,residential,nan,nan,False
1521347840,1521347802,0,1,1,0,29.272898961284238,Medium,91.41403841437324,residential,nan,nan,False
6745641824,6745641848,1,1,1,3,41.1614730878187,Medium,66.17314876673088,tertiary,nan,nan,True
11436618001,11436614604,0,1,1,0,29.272898961284238,Medium,24.15935988522124,residential,nan,nan,False
4950262839,4950262836,0,1,1,1,33.9943342776204,Medium,230.34193196560048,residential,nan,nan,False
448307449,423744834,0,0,0,0,0.0,Low,89.66491356044477,residential,nan,nan,False
11031504267,11372647542,0,0,0,0,0.0,Low,70.37194393283049,residential,nan,nan,False
3875720639,3875720637,0,0,0,0,0.0,Low,41.456721591230085,residential,nan,nan,False
248459877,248455485,0,1,1,0,29.272898961284238,Medium,113.19620720360308,primary,nan,40.0,True
7278821932,12649417627,0,0,0,0,0.0,Low,26.86751080853671,residential,nan,nan,False
4041189495,1589241349,0,1,3,1,49.405099150141645,Medium,89.10068033969631,residential,nan,nan,False
248810153,503975983,0,1,3,3,56.57223796033995,High,120.7790508386286,residential,nan,nan,False
2292076961,1533931705,0,0,0,0,0.0,Low,31.51769642850189,tertiary,2,nan,False
6180365750,6180365753,0,1,5,2,61.97355996222852,High,109.3272163523642,residential,nan,nan,False
1600051369,1600051209,0,1,1,2,38.1586402266289,Medium,106.91508834308306,residential,nan,nan,False
6142424112,6749564262,0,1,1,0,29.272898961284238,Medium,511.24035198908695,residential,nan,nan,False
1625434050,1625434149,0,1,1,0,29.272898961284238,Medium,82.41392506607839,residential,nan,nan,False
11125103350,1808746149,0,1,1,1,33.9943342776204,Medium,28.36034195889412,residential,nan,nan,False
1570470662,1339731441,0,0,0,0,0.0,Low,73.62956114419066,residential,nan,nan,False
617540236,617540234,0,0,0,0,0.0,Low,36.96304951349247,secondary,nan,nan,False
456086084,10079168119,0,0,0,0,0.0,Low,53.05297694888193,residential,nan,nan,False
10156524603,10156524603,1,1,1,1,33.9943342776204,Medium,93.44394190553577,residential,nan,nan,False
3527330485,3527330478,0,0,0,0,0.0,Low,47.89883658789295,residential,nan,nan,False
3527330522,3527330513,0,0,0,0,0.0,Low,21.299318423932508,residential,nan,nan,False
1632150524,1632150415,0,0,0,0,0.0,Low,28.450585232243764,residential,nan,nan,False
7384187444,7384187446,0,1,1,4,43.31444759206799,Medium,154.1247458069413,residential,nan,nan,False
1485714895,1485714946,0,0,0,0,0.0,Low,61.9472983134353,residential,nan,nan,False
2244861904,2244861911,0,1,1,0,29.272898961284238,Medium,293.78455681332986,residential,nan,nan,False
7433770487,1837299984,0,1,1,4,43.31444759206799,Medium,25.393737477009047,tertiary,nan,nan,False
306619953,306615019,0,0,0,0,0.0,Low,38.572268696892905,residential,nan,nan,False
3396931095,3396931089,0,1,3,1,49.405099150141645,Medium,35.18709576245223,residential,nan,nan,False
7142697210,7424591822,0,1,1,5,44.78753541076488,Medium,78.77859922594077,residential,nan,nan,False
13584352129,1522655802,0,0,0,0,0.0,Low,100.64813277966982,residential,nan,nan,False
7279290943,7279291030,0,5,17,9,94.55146364494809,Critical,96.48246349914946,residential,nan,nan,False
599212626,599212603,0,0,0,0,0.0,Low,88.24972056187833,residential,nan,nan,False
1646559752,13253590564,0,0,0,0,0.0,Low,12.20635732942647,residential,nan,nan,False
1600051369,1600050843,0,6,10,4,91.54863078375828,Critical,22.98083139836246,residential,nan,nan,False
1473775395,2421938008,0,0,0,0,0.0,Low,36.520532158902625,secondary,nan,nan,False
1551874279,1551874136,0,0,0,0,0.0,Low,115.02139153794406,residential,nan,nan,False
10091380873,10091380874,0,0,0,0,0.0,Low,34.40986409027021,residential,nan,nan,False
433824950,12740700861,0,2,2,3,69.41454202077432,High,710.2869173095183,tertiary,nan,nan,False
298830791,298774979,0,1,3,0,44.68366383380548,Medium,360.8386891987684,residential,2.0,nan,False
1118407824,7383827814,0,1,1,0,29.272898961284238,Medium,149.5119656650605,residential,nan,nan,False
5930997555,10175064193,0,3,5,1,77.48819641170915,Critical,85.17441717798107,residential,nan,nan,False
10063169681,10063169679,0,1,3,0,44.68366383380548,Medium,27.21783148076492,residential,nan,nan,False
10068104333,2228165697,0,0,0,0,0.0,Low,14.99429377335792,residential,nan,nan,False
459815975,248455457,0,1,5,4,67.12936732766761,High,354.9964516402959,tertiary,2.0,30.0,False
1836940178,2221511738,0,0,0,0,0.0,Low,27.706212732486954,residential,nan,nan,False
1388143487,10079761157,0,0,0,0,0.0,Low,33.64337538807988,residential,nan,nan,False
2123549429,10038914055,0,0,0,0,0.0,Low,13.875642381936352,residential,nan,nan,False
2146206305,11590931812,0,0,0,0,0.0,Low,62.22398965306122,residential,nan,nan,False
6795587670,7157934127,0,0,0,0,0.0,Low,78.7593949407346,tertiary,nan,nan,True
3448387533,3448412835,0,0,0,0,0.0,Low,17.092065461163454,tertiary,nan,nan,False
6536884399,844403663,0,0,0,0,0.0,Low,59.30824906958355,tertiary,nan,nan,False
2396330514,265518317,0,1,1,1,33.9943342776204,Medium,3124.631562181812,motorway,3.0,120.0,True
2447911249,2248662794,0,0,0,0,0.0,Low,115.27880359405934,residential,nan,nan,False
10081528401,2385130560,0,0,0,0,0.0,Low,35.7766213794586,residential,nan,nan,False
13235177932,10020119392,0,1,1,0,29.272898961284238,Medium,117.88132776825024,residential,nan,nan,False
13353132231,7175175824,0,1,3,2,53.56940509915015,High,82.99992811019331,residential,nan,nan,False
11393302537,2079425832,0,0,0,0,0.0,Low,47.331797365822666,residential,nan,nan,False
1488526859,1488526869,0,0,0,0,0.0,Low,9.71023208200901,residential,nan,nan,False
7278991816,11409128848,0,0,0,0,0.0,Low,35.822989711079224,residential,nan,nan,False
7401262870,7401262868,0,1,1,1,33.9943342776204,Medium,22.96346683017848,residential,nan,nan,False
2447240415,2246494451,0,1,5,2,61.97355996222852,High,10.438681780553724,primary,2.0,nan,False
456029935,456029936,0,1,1,2,38.1586402266289,Medium,74.48197712113812,residential,nan,nan,False
306587086,1088037381,0,1,1,0,29.272898961284238,Medium,267.7114255856764,tertiary,nan,nan,True
2246195570,2246195514,0,0,0,0,0.0,Low,72.88890249135319,residential,nan,nan,False
5328726965,5328658178,0,1,1,1,33.9943342776204,Medium,79.84619327306548,residential,nan,nan,False
248552475,2297395759,0,0,0,0,0.0,Low,48.72213335930556,residential,nan,nan,False
426941437,6904564288,0,1,3,1,49.405099150141645,Medium,148.2794302596757,secondary,nan,nan,True
7298937156,12011815295,0,1,3,2,53.56940509915015,High,66.9932471577578,residential,nan,nan,False
2228386746,3524948068,0,1,1,0,29.272898961284238,Medium,54.58426048039871,residential,nan,nan,False
7463374967,13301020314,0,1,1,3,41.1614730878187,Medium,98.86653434621792,residential,nan,nan,False
7279470783,2247888246,0,2,6,4,88.45136921624174,Critical,319.57474150614627,residential,nan,nan,False
249137583,1277414198,0,1,1,0,29.272898961284238,Medium,115.32273046791175,residential,nan,nan,False
10044534380,9780516209,0,2,2,3,69.41454202077432,High,46.83718235969924,residential,nan,nan,False
13944712127,7440973784,0,1,1,1,33.9943342776204,Medium,69.61603218737497,residential,nan,nan,False
2248459623,2248506118,0,1,1,1,33.9943342776204,Medium,46.24867432908372,tertiary,2.0,50.0,False
352930062,9903952376,0,1,1,1,33.9943342776204,Medium,716.9438528955988,tertiary,nan,nan,True
7374276332,7374276335,0,0,0,0,0.0,Low,32.45763773707445,trunk,2,nan,True
582576111,582576095,0,1,1,2,38.1586402266289,Medium,172.59264674092705,residential,nan,nan,False
2250119617,2250119610,0,1,1,0,29.272898961284238,Medium,25.93684033551224,residential,nan,nan,False
3384271552,3384271555,0,0,0,0,0.0,Low,36.76787796996415,living_street,nan,nan,False
1615705245,10060140623,0,1,1,2,38.1586402266289,Medium,121.63033486049288,residential,nan,nan,False
1564616161,1564615063,0,1,3,0,44.68366383380548,Medium,195.7399233041813,residential,nan,nan,False
2297421658,7467314908,0,0,0,0,0.0,Low,98.88594148601874,residential,2,30,False
1156269218,1156269217,0,0,0,0,0.0,Low,30.788987046130345,residential,nan,nan,False
10036010699,9188742944,0,1,3,0,44.68366383380548,Medium,48.83460353922882,residential,nan,nan,False
529003552,529003553,0,0,0,0,0.0,Low,10.476029418930995,residential,nan,nan,False
10211194785,7424885372,0,0,0,0,0.0,Low,36.091313012120125,residential,nan,nan,False
2026430108,2798049267,0,0,0,0,0.0,Low,95.13185542386414,residential,nan,nan,False
7436997306,7436997307,0,0,0,0,0.0,Low,45.25304137666004,residential,nan,nan,False
10089591936,1466350485,0,0,0,0,0.0,Low,46.6705158257333,residential,nan,nan,False
5274915539,426841169,0,1,1,1,33.9943342776204,Medium,477.4568033850199,secondary,2.0,nan,True
1600130614,1600131203,0,1,3,3,56.57223796033995,High,17.888299553800092,residential,nan,nan,False
7311630883,7311630889,0,1,1,3,41.1614730878187,Medium,81.51360045932238,residential,nan,nan,False
2464024979,2464024975,0,0,0,0,0.0,Low,89.17243132210719,residential,nan,nan,False
5535976757,997846397,0,1,1,1,33.9943342776204,Medium,225.628874252154,residential,2.0,20.0,False
443214334,7410134704,0,0,0,0,0.0,Low,39.57184216736039,tertiary,nan,nan,False
7207641473,7453283623,0,1,1,2,38.1586402266289,Medium,39.362659899951865,residential,nan,nan,False
249126179,4128224580,0,0,0,0,0.0,Low,46.659390588436466,residential,nan,nan,False
442437521,10091276533,0,0,0,0,0.0,Low,22.403363597572287,residential,nan,nan,False
1615752007,1615752011,0,0,0,0,0.0,Low,56.31829218809255,residential,nan,nan,False
429001244,10121158788,0,1,1,2,38.1586402266289,Medium,71.96271259730108,tertiary,2.0,nan,True
1388066951,1396823312,0,0,0,0,0.0,Low,36.24107413687847,residential,nan,nan,False
483411896,483412014,0,1,1,0,29.272898961284238,Medium,56.429593153061845,tertiary,nan,nan,False
7401552868,7401552867,0,1,3,0,44.68366383380548,Medium,108.12873704565136,residential,nan,nan,False
2125917517,6144246624,0,3,5,1,77.48819641170915,Critical,344.24268700903656,primary,nan,nan,True
10060571687,12128921373,0,0,0,0,0.0,Low,11.128951144466008,residential,nan,nan,True
2376774417,13720252591,0,1,3,2,53.56940509915015,High,294.2422360660082,residential,nan,nan,False
2645199945,13300918043,0,0,0,0,0.0,Low,39.17473812249247,residential,nan,nan,False
3303485469,3303485467,0,0,0,0,0.0,Low,31.769080191244893,residential,nan,nan,False
10170824069,3800587400,0,1,3,1,49.405099150141645,Medium,32.843216614607016,tertiary,nan,nan,False
10026283625,1566568869,0,0,0,0,0.0,Low,23.82425904636463,residential,nan,nan,False
599212271,599212251,0,1,1,2,38.1586402266289,Medium,129.84000472767036,residential,nan,nan,False
312440405,312426612,0,1,5,3,64.97639282341832,High,119.15580717372234,residential,2.0,nan,False
683067997,12436675838,0,1,3,0,44.68366383380548,Medium,129.53202193098022,residential,nan,nan,False
1552286448,1552286444,0,1,1,1,33.9943342776204,Medium,184.78145112431747,residential,nan,nan,False
391929261,4490108936,0,2,2,3,69.41454202077432,High,430.1028380333456,primary,2.0,50.0,True
6152718053,6152718054,0,1,1,1,33.9943342776204,Medium,30.22038765335712,residential,nan,nan,False
442437528,442438064,0,1,1,3,41.1614730878187,Medium,159.567932503021,residential,nan,nan,False
10072893584,10042440770,0,0,0,0,0.0,Low,87.2912787397451,residential,nan,nan,False
4065114587,4274899769,0,0,0,0,0.0,Low,22.280394727906206,tertiary,nan,nan,False
1473276793,1473276506,0,1,3,5,60.19830028328612,High,123.64566218147137,residential,nan,nan,False
960246958,960247130,0,1,1,0,29.272898961284238,Medium,202.78223510471184,residential,nan,nan,False
11149723638,11149723637,0,1,3,1,49.405099150141645,Medium,43.86727264005543,residential,nan,nan,False
10038856356,10038856359,0,1,1,0,29.272898961284238,Medium,49.74572329498068,residential,nan,nan,False
737857061,737857272,0,1,3,3,56.57223796033995,High,141.14280293703746,residential,nan,nan,False
456181456,429001097,0,2,8,1,79.8300283286119,Critical,163.48963071540214,tertiary,nan,nan,True
458151710,1843653192,0,0,0,0,0.0,Low,41.692775634760146,secondary,nan,nan,False
5265732940,5265732942,0,0,0,0,0.0,Low,13.130938918351942,residential,nan,nan,False
6137917607,1838767849,0,1,1,1,33.9943342776204,Medium,159.38868299544765,residential,nan,nan,False
1520846294,448116568,0,0,0,0,0.0,Low,42.04049644910926,residential,nan,nan,False
12114145818,12114145817,1,2,10,6,91.58640226628896,Critical,180.7129061260572,residential,nan,nan,False
1386329194,1386329196,0,1,5,3,64.97639282341832,High,147.0552278911988,tertiary,nan,nan,False
1646559740,7411355269,0,1,1,2,38.1586402266289,Medium,113.97928858409986,residential,nan,nan,False
3868574353,12401455468,0,124,270,213,99.98111425873466,Critical,89.75605397567696,residential,nan,nan,False
1594859731,1594859629,0,0,0,0,0.0,Low,47.47189386845765,residential,nan,nan,False
10209054685,7461560142,0,1,3,0,44.68366383380548,Medium,53.425719501662776,residential,nan,nan,False
1521036324,6164077014,0,0,0,0,0.0,Low,65.22395387496424,residential,nan,nan,False
503260914,503260912,0,1,3,0,44.68366383380548,Medium,71.27745706451658,residential,nan,nan,False
6894433658,6136172523,0,0,0,0,0.0,Low,13.997008731791885,residential,nan,nan,False
7480804808,7480804806,0,1,3,4,58.72521246458924,High,163.3967742578686,residential,2.0,nan,False
3279421568,560640963,0,0,0,0,0.0,Low,28.759456219413366,residential,nan,nan,False
529359433,529359463,0,1,1,1,33.9943342776204,Medium,201.6359888988605,residential,nan,nan,False
3544518980,6194122694,0,1,1,1,33.9943342776204,Medium,71.46258595225441,residential,nan,nan,False
448116510,446860596,0,1,1,5,44.78753541076488,Medium,266.8145496322858,tertiary,nan,nan,False
2247838046,2247838061,0,0,0,0,0.0,Low,63.43232311319147,tertiary,2,nan,False
2645310974,2645310970,0,0,0,0,0.0,Low,35.97803472086381,residential,nan,nan,False
11381038735,11381038733,0,1,1,3,41.1614730878187,Medium,28.0413813755554,residential,nan,nan,False
551004212,551004199,0,0,0,0,0.0,Low,157.20376925036172,tertiary,2,nan,False
10188079336,10188079338,0,0,0,0,0.0,Low,16.887497325523427,residential,nan,nan,False
11013700437,11013700438,0,0,0,0,0.0,Low,99.3429972145305,residential,nan,nan,False
9751468700,2248441184,0,1,1,1,33.9943342776204,Medium,112.9554985349631,primary,2.0,nan,True
12174325308,12174325307,0,34,78,55,99.28234183191692,Critical,55.748014084894976,residential,nan,nan,False
2645311239,7451389256,0,1,3,3,56.57223796033995,High,231.80648597438355,residential,nan,nan,False
1614268210,1614268211,0,1,1,1,33.9943342776204,Medium,83.26542895873206,residential,nan,nan,False
7404149994,6816569612,0,0,0,0,0.0,Low,63.313916123978906,residential,nan,nan,False
1838768142,1838768198,0,1,3,1,49.405099150141645,Medium,92.93560253075304,residential,nan,nan,False
459554726,459554907,0,0,0,0,0.0,Low,30.31271725365734,residential,nan,nan,False
631576920,631576941,0,1,3,1,49.405099150141645,Medium,151.74796252557604,residential,nan,nan,False
2248440968,10996642125,0,0,0,0,0.0,Low,24.55924178969452,tertiary,nan,nan,False
7404474523,13826455860,0,1,3,3,56.57223796033995,High,162.65199411989596,residential,nan,nan,False
1646559857,7413599894,0,1,1,1,33.9943342776204,Medium,13.821103778266238,residential,nan,nan,False
10149588119,6904175683,0,0,0,0,0.0,Low,126.36610220826998,secondary,nan,nan,True
10091498092,10091498093,0,0,0,0,0.0,Low,27.114919175290975,residential,nan,nan,False
503065534,305091596,0,1,5,4,67.12936732766761,High,154.9541891820731,residential,nan,nan,False
308231942,426941479,0,1,1,2,38.1586402266289,Medium,140.15538226455504,secondary,nan,nan,False
2248506155,2248506120,0,0,0,0,0.0,Low,168.46740032917927,residential,nan,nan,False
1532091549,6168695734,0,0,0,0,0.0,Low,110.1559511734768,residential,nan,nan,False
3868574356,12401455468,0,2,6,5,89.92445703493863,Critical,134.27216116485832,residential,nan,nan,False
7462946369,6901564555,0,50,120,86,99.71671388101984,Critical,57.40615697100277,residential,nan,nan,False
7410650297,13730658984,0,0,0,0,0.0,Low,15.577066452882216,residential,nan,nan,False
10079888851,10079888852,0,0,0,0,0.0,Low,43.84327465620433,residential,nan,nan,False
62011481,334473795,0,1,1,0,29.272898961284238,Medium,174.5377488198285,residential,2.0,nan,True
7479630851,7479630857,0,0,0,0,0.0,Low,95.9371506509496,residential,nan,nan,False
10095122904,5330536288,0,0,0,0,0.0,Low,116.87857892208426,residential,nan,nan,False
275124811,303920878,0,0,0,0,0.0,Low,40.19825141228068,tertiary,2,nan,True
1533830675,1533830679,0,0,0,0,0.0,Low,153.24576670616005,residential,nan,nan,False
459781826,459781803,0,1,1,4,43.31444759206799,Medium,259.7277728473277,tertiary,nan,nan,False
5587511865,5587511863,0,0,0,0,0.0,Low,14.800032530734383,residential,nan,nan,False
7409828318,1836982892,0,1,3,1,49.405099150141645,Medium,218.4128063170533,tertiary,nan,nan,False
442438069,10091505354,0,0,0,0,0.0,Low,108.2852233080274,residential,nan,nan,False
13830284640,308185159,0,1,1,0,29.272898961284238,Medium,201.5307647778491,tertiary,nan,nan,False
9836494458,9836494459,0,1,1,1,33.9943342776204,Medium,546.4286057128822,primary,3.0,nan,True
62053583,6194324387,0,0,0,0,0.0,Low,71.9459930648372,residential,nan,nan,False
7463684241,7463684212,0,0,0,0,0.0,Low,44.00416457198784,residential,nan,nan,False
2223884688,2223884697,0,0,0,0,0.0,Low,26.309355632148286,residential,nan,nan,False
7479630455,7479630456,0,0,0,0,0.0,Low,32.34971837148784,residential,nan,nan,False
3038945359,7290391039,0,1,3,0,44.68366383380548,Medium,167.72066217279246,residential,nan,nan,False
1273684953,1273685416,0,0,0,0,0.0,Low,67.34467499114885,tertiary,2,nan,False
7372791607,10091454096,0,0,0,0,0.0,Low,29.699069544964985,residential,nan,nan,False
4948140204,4948140183,0,0,0,0,0.0,Low,24.253245423298136,residential,nan,nan,False
555674932,11408879537,0,1,1,2,38.1586402266289,Medium,44.01247780268991,residential,nan,nan,False
7433399760,7433399761,0,2,4,4,82.46458923512749,Critical,132.9692589562142,residential,nan,nan,False
2451391125,2451391147,0,0,0,0,0.0,Low,30.579799904337897,residential,nan,nan,False
10089395873,3157719170,0,1,1,4,43.31444759206799,Medium,93.45097257652802,residential,nan,nan,False
429780762,429780764,0,1,1,3,41.1614730878187,Medium,116.54419242931596,tertiary,2.0,nan,False
10206790746,10206790752,0,1,1,0,29.272898961284238,Medium,24.95002432635597,residential,nan,nan,False
1584612255,3982062807,0,0,0,0,0.0,Low,113.26813556576033,residential,nan,nan,False
1597724629,1597724575,0,1,1,1,33.9943342776204,Medium,38.311129842426375,residential,nan,nan,False
1118408090,7358192561,0,1,5,4,67.12936732766761,High,163.728091473353,tertiary,nan,nan,False
1520839065,1520838754,0,0,0,0,0.0,Low,36.85010034320878,residential,nan,nan,False
2456827093,2456827067,0,1,3,2,53.56940509915015,High,109.71571799450892,residential,nan,nan,False
4950819014,11932126721,0,0,0,0,0.0,Low,25.258283882336006,residential,nan,nan,False
2248441201,2248441177,0,0,0,0,0.0,Low,33.86615302076102,tertiary,nan,nan,False
1520838905,3820268530,0,0,0,0,0.0,Low,10.46621117122558,primary,nan,nan,True
10044684878,3868676060,0,0,0,0,0.0,Low,14.74145794563772,residential,nan,nan,False
11379412271,7440720097,0,0,0,0,0.0,Low,11.708345425269576,residential,nan,nan,False
7413331853,6802107178,0,0,0,0,0.0,Low,343.1272677469013,residential,nan,nan,True
249775639,4830093914,0,1,3,1,49.405099150141645,Medium,50.8433948039372,residential,nan,nan,False
3868642631,1595757983,0,1,1,5,44.78753541076488,Medium,38.696373220910765,residential,nan,nan,False
7461717250,10081050097,0,1,5,5,68.60245514636449,High,115.5277376760559,secondary,nan,nan,False
1714984609,8403844099,0,1,5,2,61.97355996222852,High,11.332157043488726,residential,nan,nan,False
11002608083,13347226823,0,1,3,0,44.68366383380548,Medium,390.4433786077871,residential,nan,nan,False
2645312046,2645312046,1,1,1,2,38.1586402266289,Medium,227.1061417453972,residential,nan,nan,False
11235520045,11235520044,0,1,3,2,53.56940509915015,High,32.060158084155255,residential,nan,nan,False
11385559828,11385559821,0,1,5,2,61.97355996222852,High,45.54045663741088,residential,nan,nan,False
12758811775,12758811774,0,0,0,0,0.0,Low,18.70742219054619,residential,nan,nan,False
11395504174,11395504169,0,0,0,0,0.0,Low,19.902634080799466,residential,nan,nan,False
3872675416,3872675424,0,1,1,0,29.272898961284238,Medium,107.46504214292044,residential,nan,nan,False
683067766,683068014,0,0,0,0,0.0,Low,35.81671844596996,residential,nan,nan,False
7436990731,13637283884,0,0,0,0,0.0,Low,42.78383232402461,residential,nan,nan,False
11010114602,4952592329,0,0,0,0,0.0,Low,70.98739839331998,tertiary,nan,nan,False
11824482166,11824482168,0,1,5,5,68.60245514636449,High,143.0033730079556,residential,nan,nan,False
4950155167,4950155148,0,10,16,21,95.7318224740321,Critical,44.23398976507515,residential,nan,nan,False
7484804808,599226377,0,1,1,2,38.1586402266289,Medium,204.8464121490217,residential,nan,nan,False
305091421,265525615,0,0,0,0,0.0,Low,55.092172761718906,residential,nan,nan,False
10653965927,10653965926,0,6,10,10,94.19263456090653,Critical,22.973397808744977,motorway_link,nan,nan,False
7478154729,7478154725,0,1,1,1,33.9943342776204,Medium,155.11726481395226,tertiary_link,nan,nan,False
6131903446,6131903449,0,1,3,1,49.405099150141645,Medium,173.05020095369846,residential,nan,nan,False
14168537420,960247257,0,0,0,0,0.0,Low,30.874484365211522,residential,2,nan,False
7438052168,2246825540,0,1,5,5,68.60245514636449,High,100.91590498141288,tertiary,nan,nan,False
308875382,308875394,0,0,0,0,0.0,Low,47.99227921828148,residential,nan,nan,False
10055525497,1898344194,0,0,0,0,0.0,Low,36.47850952576125,residential,2,nan,False
2248440006,2248440011,0,0,0,0,0.0,Low,3.168118081640071,residential,nan,nan,False
13353132245,7205265854,0,1,1,3,41.1614730878187,Medium,365.95366096017824,residential,nan,nan,False
2455290927,2454285286,0,1,1,2,38.1586402266289,Medium,849.8098334857899,primary,3.0,100.0,True
7401559955,6521515830,0,1,1,0,29.272898961284238,Medium,80.31085759337614,residential,nan,nan,False
1564744338,1564742616,0,0,0,0,0.0,Low,38.52398828658453,secondary,nan,nan,False
2317410822,6462247775,0,1,3,0,44.68366383380548,Medium,36.98937364735509,residential,nan,nan,False
11896565552,11896576908,0,1,1,0,29.272898961284238,Medium,142.5530159004455,tertiary,nan,nan,True
10020407177,10020407176,0,1,1,0,29.272898961284238,Medium,112.7370335628066,residential,nan,nan,False
7479631149,3148655268,0,1,5,1,57.80925401322001,High,28.57541147073209,tertiary,2.0,nan,False
13640631110,13640631111,0,1,1,1,33.9943342776204,Medium,114.86512177838428,residential,nan,nan,False
11911948726,324663036,0,1,3,0,44.68366383380548,Medium,81.05385894423446,tertiary,nan,nan,False
249782489,249782490,0,0,0,0,0.0,Low,48.303940402336075,tertiary,nan,nan,False
2250207269,2250207255,0,0,0,0,0.0,Low,32.599344613446604,residential,nan,nan,False
11397487891,10984741465,0,0,0,0,0.0,Low,49.89181983494588,residential,nan,nan,False
1542668514,1542668419,0,0,0,0,0.0,Low,122.16709645895679,residential,nan,nan,False
1524719882,1524720366,0,0,0,0,0.0,Low,36.71422186896349,tertiary,2,nan,True
1594859737,1594859699,0,0,0,0,0.0,Low,38.09193611052217,residential,nan,nan,False
2246825813,10079105975,0,0,0,0,0.0,Low,41.50089810988577,residential,nan,nan,False
10156563822,10156563823,0,0,0,0,0.0,Low,48.48556266191473,residential,nan,nan,False
2250668691,10088339492,0,0,0,0,0.0,Low,34.24669548353325,residential,nan,nan,False
2468853950,13880249123,0,0,0,0,0.0,Low,24.416427591941748,residential,nan,nan,False
585216829,11013669900,0,0,0,0,0.0,Low,40.9910140814303,residential,nan,nan,True
11012060277,6505832556,0,1,1,1,33.9943342776204,Medium,7.729183085361798,residential,nan,nan,False
456156849,12153028221,0,1,5,1,57.80925401322001,High,103.57940600606852,tertiary,2.0,nan,True
1914928011,1914928010,0,0,0,0,0.0,Low,42.41706375862985,residential,nan,nan,False
10072561234,2145322151,0,1,5,5,68.60245514636449,High,191.48681637664973,residential,nan,nan,False
1597548082,1597548258,0,0,0,0,0.0,Low,36.83893555835948,residential,nan,nan,False
7404449091,7404449114,0,5,5,7,89.7261567516525,Critical,146.93337477793753,residential,nan,nan,False
6904550862,529003472,0,0,0,0,0.0,Low,132.11661030859355,secondary,nan,nan,True
427593190,427593191,0,1,1,1,33.9943342776204,Medium,72.10633350251206,residential,nan,nan,False
747667394,7298937444,0,20,42,37,98.19641170915958,Critical,99.7684027851038,residential,nan,nan,False
1607671485,3145247015,0,0,0,0,0.0,Low,34.693834996459,residential,nan,nan,False
11411565870,7414033009,0,1,5,5,68.60245514636449,High,75.10395180909278,residential,nan,nan,False
10028885238,10028885239,0,0,0,0,0.0,Low,38.28564855390759,residential,nan,nan,False
10081533734,442437947,0,1,1,5,44.78753541076488,Medium,64.59863647254028,residential,nan,nan,False
1145362952,1835530180,0,0,0,0,0.0,Low,61.197843846747354,residential,3,nan,True
4950292398,4950331731,0,1,3,1,49.405099150141645,Medium,238.14210708062467,residential,nan,nan,False
249086274,10861671009,0,0,0,0,0.0,Low,105.00718763749842,residential,nan,nan,False
2250058012,2250057981,0,1,3,3,56.57223796033995,High,78.99102218604698,residential,nan,nan,False
2645199677,7440718031,0,1,5,5,68.60245514636449,High,136.4570524021142,living_street,nan,nan,False
13130383419,13130383419,0,1,3,2,53.56940509915015,High,39.549227997523104,residential,nan,nan,True
11031759567,2244731722,0,1,1,3,41.1614730878187,Medium,58.39187567675452,residential,nan,nan,False
10091815498,10091815497,0,1,1,3,41.1614730878187,Medium,32.25773512296647,residential,nan,nan,False
3014034727,1632150396,0,0,0,0,0.0,Low,87.47667348378648,tertiary,nan,nan,False
4316622360,2558406916,0,1,1,3,41.1614730878187,Medium,252.5428681294248,residential,nan,nan,False
1837674748,6137542324,0,0,0,0,0.0,Low,120.04088906456377,residential,nan,nan,False
2460375004,1299725533,0,0,0,0,0.0,Low,52.23276543853752,residential,nan,nan,False
1522655869,1522655979,0,0,0,0,0.0,Low,109.9468357096084,residential,nan,nan,False
7370985229,2463919035,0,1,1,0,29.272898961284238,Medium,96.12128679766724,residential,nan,nan,False
1435578872,1435578885,0,1,5,2,61.97355996222852,High,132.21581139366566,tertiary,nan,nan,True
7477677663,11011604089,0,0,0,0,0.0,Low,50.23857471230177,residential,nan,nan,False
308466204,2550219096,0,1,3,2,53.56940509915015,High,115.41899620931784,residential,nan,nan,False
7462766534,3039021473,0,1,5,2,61.97355996222852,High,58.02332573835256,residential,nan,nan,False
463681269,463681271,0,1,3,4,58.72521246458924,High,100.7090483150497,residential,nan,nan,False
13640220637,454120517,0,0,0,0,0.0,Low,21.77261490728236,residential,nan,nan,False
1388142914,10079138025,0,0,0,0,0.0,Low,29.78679126930828,residential,nan,nan,False
10991331317,13260889460,0,1,5,4,67.12936732766761,High,27.870936861106355,residential,nan,nan,False
1473993735,1473995342,0,0,0,0,0.0,Low,36.58538044404309,residential,nan,nan,False
9864167381,9864167383,0,0,0,0,0.0,Low,31.72967220110132,residential,nan,nan,False
1566568835,1566568833,0,0,0,0,0.0,Low,104.70570057324719,residential,nan,nan,False
6809618271,248677041,0,0,0,0,0.0,Low,77.94415675865719,residential,nan,nan,False
10024131080,9192226785,0,0,0,0,0.0,Low,26.30831225690962,residential,nan,nan,False
960240614,9184322720,0,0,0,0,0.0,Low,91.22066512430689,residential,nan,nan,False
4952592390,4952592404,0,0,0,0,0.0,Low,38.37197988456625,living_street,nan,nan,False
4950155142,4950155141,0,12,22,18,96.28895184135978,Critical,67.23475193716415,residential,nan,nan,False
2248543639,2248543631,0,1,1,1,33.9943342776204,Medium,147.17766867720016,residential,nan,nan,False
11359579983,766836595,0,0,0,0,0.0,Low,20.55869798641041,residential,nan,nan,False
306589626,3931954080,0,1,1,0,29.272898961284238,Medium,135.66698606575312,secondary,2.0,nan,False
273444239,961502441,0,0,0,0,0.0,Low,152.7999158666429,residential,nan,nan,False
13677957552,13677957815,0,0,0,0,0.0,Low,22.84655127872381,residential,nan,nan,False
2246196334,2246196311,0,0,0,0,0.0,Low,27.69088776156339,residential,nan,nan,False
11434513784,11434513787,0,2,8,4,89.1501416430595,Critical,75.24694269100988,residential,nan,nan,False
1414410909,7175175825,0,45,101,72,99.60339943342775,Critical,35.07934473634059,residential,nan,nan,False
494245008,494244963,0,0,0,0,0.0,Low,113.67612502666324,residential,nan,nan,False
7298937730,7298937732,0,0,0,0,0.0,Low,19.081432543580828,residential,nan,nan,False
463722648,10023978960,0,0,0,0,0.0,Low,30.889915862107745,residential,nan,nan,False
9786123492,1474200428,0,0,0,0,0.0,Low,6.327308056902728,residential,nan,30,False
11245714088,5292300571,0,1,1,1,33.9943342776204,Medium,122.21368417107742,residential,nan,nan,False
4948430324,4948430328,0,1,1,0,29.272898961284238,Medium,35.44412674441739,residential,nan,nan,False
11554362419,431533438,0,2,6,4,88.45136921624174,Critical,1077.3444710688962,secondary,2.0,50.0,True
1575576675,1575576644,0,0,0,0,0.0,Low,143.3501686143089,residential,nan,nan,False
13380680074,10905648447,0,22,50,42,98.45136921624172,Critical,270.79690617992105,tertiary,nan,nan,True
7089243679,7089243678,0,2,4,5,83.93767705382437,Critical,35.72083038893,residential,nan,nan,False
9187864903,9187864908,0,1,1,0,29.272898961284238,Medium,34.56732310911525,residential,nan,nan,False
7377606289,2250207748,0,1,5,1,57.80925401322001,High,61.417781959245616,residential,nan,nan,False
1602149154,1602148696,0,1,3,0,44.68366383380548,Medium,104.35174643020164,residential,nan,nan,False
7478154776,7478154773,0,1,1,0,29.272898961284238,Medium,44.12776627787266,residential,nan,nan,False
10041876832,10041876833,0,0,0,0,0.0,Low,34.39278077739067,residential,nan,nan,False
7287518233,309595961,0,0,0,0,0.0,Low,201.30630335878897,residential,nan,nan,False
363791478,6528479940,0,0,0,0,0.0,Low,25.65792361299464,residential,nan,nan,False
5267402561,306623127,0,0,0,0,0.0,Low,61.58475776540032,residential,nan,nan,False
1539293960,10042281471,0,0,0,0,0.0,Low,278.33187921242046,residential,nan,nan,False
2248546527,6167792967,0,0,0,0,0.0,Low,76.93885823861021,residential,nan,nan,False
11411858114,7425452621,0,1,1,1,33.9943342776204,Medium,495.7454829983407,residential,nan,nan,False
4537989034,9785039450,0,0,0,0,0.0,Low,115.41065327660135,residential,nan,nan,False
9192069926,5327204648,0,0,0,0,0.0,Low,14.531894526914012,residential,nan,nan,False
594599815,1384797785,0,1,5,1,57.80925401322001,High,52.4689399665447,residential,nan,nan,False
3139560689,3139560696,0,0,0,0,0.0,Low,168.6723291948991,residential,nan,nan,False
6536415841,12157364887,0,2,2,2,66.41170915958452,High,692.4337004942206,tertiary,nan,nan,False
7484407808,7484407814,0,0,0,0,0.0,Low,14.387563227571505,residential,nan,nan,False
1520838662,1520839036,0,0,0,0,0.0,Low,40.13063493743569,residential,nan,nan,True
11027168698,7479630588,0,2,2,5,73.04060434372049,High,115.47473379067604,residential,nan,nan,False
11436700603,6142056158,0,10,32,26,96.75165250236071,Critical,320.166671260801,tertiary,nan,nan,False
13877530781,12956054174,0,1,5,1,57.80925401322001,High,470.11868441101205,tertiary,nan,nan,True
11402795767,11402800369,0,0,0,0,0.0,Low,12.709376491528342,living_street,nan,nan,False
1590434809,1590434981,0,0,0,0,0.0,Low,31.318161464210565,residential,nan,nan,False
13271647306,514346194,0,0,0,0,0.0,Low,14.65404190619168,tertiary,nan,nan,False
11006961759,7290391067,0,1,1,2,38.1586402266289,Medium,146.8788556570653,residential,nan,nan,False
683067995,620136168,0,0,0,0,0.0,Low,29.510763045607533,residential,nan,nan,False
10187795085,10187795084,0,16,38,33,97.83758262511805,Critical,30.27694408945633,residential,nan,nan,False
7479630857,7479630859,0,1,3,3,56.57223796033995,High,59.59099666876237,residential,nan,nan,False
7463040541,7378948837,0,1,1,2,38.1586402266289,Medium,166.60636406169613,residential,nan,nan,False
3870439580,3870439578,0,1,1,3,41.1614730878187,Medium,96.60191310408464,residential,nan,nan,False
1836983534,11204574011,0,1,1,4,43.31444759206799,Medium,42.62195683986116,residential,nan,nan,False
448306751,448306747,0,1,1,2,38.1586402266289,Medium,134.60013108166254,residential,nan,nan,False
3872554264,7239317660,0,0,0,0,0.0,Low,68.78145332230906,residential,nan,nan,False
3844927213,9184290487,0,1,5,5,68.60245514636449,High,329.78747396904373,residential,nan,nan,False
2723746993,6132935647,0,1,5,1,57.80925401322001,High,349.5581655425623,secondary,nan,60.0,True
1442364672,1442364342,0,1,1,2,38.1586402266289,Medium,203.49902785733096,residential,nan,nan,False
13790920637,13790920640,0,2,2,4,71.5675165250236,High,84.39853657575041,residential,nan,nan,False
4948855812,4948855815,0,0,0,0,0.0,Low,62.85880271664949,residential,nan,nan,False
1466917237,1466917234,0,0,0,0,0.0,Low,119.64951599654712,residential,nan,nan,False
3868729560,3868729561,0,0,0,0,0.0,Low,88.37491965917556,residential,nan,nan,False
3870439569,10020593061,0,0,0,0,0.0,Low,31.397870580777425,residential,nan,nan,False
7146517859,7378174449,0,1,5,4,67.12936732766761,High,194.58117256064543,residential,nan,nan,True
429286749,429286745,0,1,1,1,33.9943342776204,Medium,124.94511203443552,residential,nan,nan,False
11409341814,11409327905,0,0,0,0,0.0,Low,31.489813924768285,residential,nan,nan,False
10848088936,10848088918,0,1,3,0,44.68366383380548,Medium,7.53841088672601,residential,nan,nan,False
7358485012,7358485014,0,0,0,0,0.0,Low,16.91223082106325,residential,nan,nan,False
10091339524,10091339526,0,0,0,0,0.0,Low,17.78349221268785,residential,nan,nan,False
2124745535,13851353727,0,1,3,2,53.56940509915015,High,823.5229362213795,secondary,2.0,nan,False
2257274293,14026391884,0,0,0,0,0.0,Low,56.62621820334363,tertiary,2,nan,True
308448882,959510088,0,1,1,3,41.1614730878187,Medium,99.7473373393118,secondary,2.0,nan,False
1553420086,1553419950,0,0,0,0,0.0,Low,118.3111587625911,residential,nan,nan,False
7384329668,555674872,0,1,3,3,56.57223796033995,High,78.3399725293452,residential,nan,nan,False
3530402065,9192052284,0,0,0,0,0.0,Low,45.23182672840109,residential,nan,nan,False
10079160479,10079160474,0,0,0,0,0.0,Low,29.506807451766893,living_street,nan,nan,False
11936380278,648119847,0,2,2,1,62.24740321057601,High,651.7798662613875,tertiary,2.0,nan,True
10209111401,1438144821,0,0,0,0,0.0,Low,3.786850508376904,residential,nan,20,False
7484286236,3145279008,0,1,1,2,38.1586402266289,Medium,51.43582792531649,residential,nan,nan,False
1517891997,1517891982,0,1,3,0,44.68366383380548,Medium,32.59754585567306,residential,nan,nan,False
11383014055,12141951672,0,1,5,2,61.97355996222852,High,171.0030328335317,residential,nan,nan,False
3872487124,3872487129,0,1,3,1,49.405099150141645,Medium,139.57774436534694,residential,nan,nan,False
11416424766,11416424768,0,0,0,0,0.0,Low,25.84088918560366,residential,nan,nan,False
7409465908,7409465907,0,1,1,1,33.9943342776204,Medium,38.557433159732426,residential,nan,nan,False
9700303095,12961466054,0,1,3,0,44.68366383380548,Medium,7.592774331205476,secondary,2.0,nan,True
7465485375,7287791575,0,0,0,0,0.0,Low,36.36715468074749,residential,nan,nan,False
736207601,317821937,0,0,0,0,0.0,Low,49.26742106638928,residential,nan,nan,False
7467198445,7467198444,0,1,5,3,64.97639282341832,High,88.92594882315389,residential,nan,nan,False
10996629655,10996629656,0,0,0,0,0.0,Low,42.935030087122165,residential,nan,nan,False
3150076282,3150076274,0,1,1,3,41.1614730878187,Medium,35.809886924289856,tertiary,nan,nan,False
492652813,492652820,0,0,0,0,0.0,Low,40.6639971899738,tertiary,nan,nan,False
10088676639,1838768174,0,1,5,1,57.80925401322001,High,30.46957929456134,residential,nan,nan,False
7409828319,7409828322,0,0,0,0,0.0,Low,46.356529561966084,residential,nan,nan,False
7265733821,7265733814,0,1,5,2,61.97355996222852,High,257.76953651235283,residential,nan,nan,False
618253127,11893410411,0,1,1,0,29.272898961284238,Medium,439.41143803914383,secondary,2.0,nan,True
3168013854,3168013853,0,1,1,4,43.31444759206799,Medium,89.06338633886473,residential,nan,nan,False
10035778916,10035778915,0,0,0,0,0.0,Low,34.8347783379429,residential,nan,nan,False
11909429990,10653965926,0,2,6,6,90.62322946175638,Critical,414.122682944053,motorway,nan,120.0,True
7207641480,7207641473,0,1,1,2,38.1586402266289,Medium,127.90636284640874,residential,nan,nan,False
13371091995,1037133611,0,0,0,0,0.0,Low,104.78163956308661,tertiary,nan,nan,False
463681063,426941403,0,1,1,2,38.1586402266289,Medium,51.84791706713294,tertiary,nan,nan,False
10171151283,10171151282,0,1,1,1,33.9943342776204,Medium,69.83923107578762,residential,nan,nan,False
442438089,442438091,0,0,0,0,0.0,Low,67.68127499416049,residential,nan,nan,False
2248546192,599212365,0,0,0,0,0.0,Low,19.46818046131166,residential,nan,nan,False
9605401025,9605401026,0,1,1,1,33.9943342776204,Medium,129.87501656107375,residential,nan,nan,False
4948835755,960240719,0,1,5,5,68.60245514636449,High,24.371144679382105,residential,nan,nan,False
7287910496,13287231507,0,0,0,0,0.0,Low,95.40281978288252,residential,nan,nan,False
3396985385,2446925233,0,0,0,0,0.0,Low,24.911238790414565,tertiary,nan,nan,False
251106828,251106717,0,1,1,1,33.9943342776204,Medium,662.4216781085174,residential,nan,30.0,False
2787014188,2787014182,0,1,5,4,67.12936732766761,High,46.8001702302242,tertiary,nan,nan,False
2194027981,2194027983,1,1,1,2,38.1586402266289,Medium,436.4034521422231,residential,nan,nan,False
9190541000,9190541001,0,0,0,0,0.0,Low,36.29605708910955,residential,nan,nan,False
10079135426,10079135427,0,0,0,0,0.0,Low,27.211764903204553,residential,nan,nan,False
3680198248,1438272980,0,0,0,0,0.0,Low,24.112768890664295,residential,nan,nan,False
1468856210,10094723895,0,0,0,0,0.0,Low,7.076699566039113,residential,nan,nan,False
6194263852,2246589161,0,0,0,0,0.0,Low,174.54100976826564,residential,nan,nan,False
7433770436,1837299984,0,2,2,7,73.91879131255902,High,71.4241128334772,secondary,nan,nan,False
329205220,3592142958,0,0,0,0,0.0,Low,52.471957540237575,residential,nan,nan,False
11431905298,1517486909,0,0,0,0,0.0,Low,36.118438718251916,residential,nan,nan,False
7433399761,419795557,0,11,23,19,96.25118035882907,Critical,207.7423201052873,secondary,nan,nan,False
10206682537,1485693061,0,5,7,9,93.39943342776203,Critical,179.55172051552483,residential,nan,nan,False
1376905667,1376905672,0,1,5,1,57.80925401322001,High,102.41125688441346,residential,nan,nan,False
11031969821,9885034139,0,1,1,3,41.1614730878187,Medium,187.9944532057812,residential,nan,nan,False
7287505866,7287518823,0,0,0,0,0.0,Low,26.860443758150375,residential,nan,nan,False
1726148405,13929364696,0,1,1,1,33.9943342776204,Medium,542.2009943861937,secondary,3.0,30.0,True
2248442331,2248442333,0,1,1,3,41.1614730878187,Medium,153.796466536979,residential,nan,nan,False
12462480293,12462480294,0,0,0,0,0.0,Low,111.94156801425522,residential,nan,nan,False
13785180787,13785180798,0,30,74,56,99.14069877242684,Critical,52.84695202082909,residential,nan,nan,False
4952656463,4952656462,0,1,5,1,57.80925401322001,High,49.18075443883365,tertiary,2.0,nan,True
10206701518,10206701519,0,0,0,0,0.0,Low,26.91499327548999,residential,nan,nan,False
12951130523,14056154835,0,3,11,4,90.9631728045326,Critical,26.06913453545232,residential,nan,nan,False
9784696350,559375851,0,39,95,80,99.49008498583572,Critical,32.21333224576199,residential,nan,nan,False
13288517489,6559999222,0,0,0,0,0.0,Low,17.030834035494273,residential,nan,nan,False
9720149317,9720119216,0,1,1,2,38.1586402266289,Medium,102.88573220516616,residential,nan,nan,False
1383118265,1383118373,0,0,0,0,0.0,Low,38.89965533586442,residential,nan,nan,False
1512864939,1512865119,0,0,0,0,0.0,Low,112.7764562599571,residential,nan,nan,False
2248546528,10042269497,0,0,0,0,0.0,Low,161.1140780910375,residential,nan,nan,False
582589336,582589339,0,0,0,0,0.0,Low,39.5042745538011,residential,nan,nan,False
5133070906,5133070907,0,1,1,1,33.9943342776204,Medium,104.79790635197682,residential,nan,nan,False
298774979,269699408,0,1,3,0,44.68366383380548,Medium,181.78666209747425,residential,2.0,nan,False
2272931048,6152750687,0,1,1,0,29.272898961284238,Medium,26.60615887344691,residential,nan,nan,False
10095028697,582589138,0,0,0,0,0.0,Low,58.67391298198508,residential,nan,nan,False
4491755968,2248663168,0,0,0,0,0.0,Low,61.41522580100707,residential,nan,nan,False
1521157887,1521157647,0,0,0,0,0.0,Low,42.85185024513162,residential,nan,nan,False
2248663135,10039209758,0,1,3,2,53.56940509915015,High,47.91709159068826,residential,nan,nan,False
3527330468,3527330475,0,1,1,1,33.9943342776204,Medium,114.729661871375,residential,nan,nan,False
4294218124,4294224252,0,1,3,3,56.57223796033995,High,598.6447227280036,primary,3.0,30.0,True
1570902836,1570907490,0,1,1,3,41.1614730878187,Medium,216.08701296657347,residential,nan,nan,False
11235520072,11235520075,0,3,7,4,90.28328611898016,Critical,54.62932324830065,residential,nan,nan,False
3039042542,3039042541,0,0,0,0,0.0,Low,4.783816120403192,residential,nan,nan,False
7484066958,1838656442,0,0,0,0,0.0,Low,74.44381560228433,residential,nan,nan,False
12882769513,11888193797,0,1,3,2,53.56940509915015,High,432.1428264561478,trunk,2.0,nan,True
7290668489,7480122482,0,0,0,0,0.0,Low,33.47828629967694,residential,nan,nan,False
493530832,248766831,0,1,5,2,61.97355996222852,High,305.79429918370806,secondary,2.0,nan,True
12809451103,10079377679,0,1,5,2,61.97355996222852,High,43.03479528320739,living_street,nan,nan,False
463681659,463680976,0,0,0,0,0.0,Low,40.479256624709976,residential,nan,nan,False
493539045,493539046,0,0,0,0,0.0,Low,22.311799043237514,residential,nan,nan,False
9821895341,10110852551,0,0,0,0,0.0,Low,24.4365769130237,residential,nan,nan,False
503260729,503260732,0,0,0,0,0.0,Low,67.0324372188163,residential,nan,nan,False
7437638272,13086177511,0,1,3,1,49.405099150141645,Medium,256.0537478710165,tertiary,nan,nan,False
2221301181,13270231481,0,0,0,0,0.0,Low,41.01127853049617,residential,nan,nan,False
12314495849,12314495850,0,1,3,1,49.405099150141645,Medium,141.21887913359262,living_street,nan,nan,False
9612008952,2244849283,0,0,0,0,0.0,Low,220.443437939513,residential,nan,nan,False
1339732539,1339732314,0,1,1,1,33.9943342776204,Medium,175.64871016274202,residential,nan,nan,False
1438379059,3130782394,0,0,0,0,0.0,Low,58.333224124441266,tertiary,nan,nan,False
10024099172,10024099164,0,0,0,0,0.0,Low,77.66135785358587,residential,nan,nan,False
3149606047,3149606046,0,0,0,0,0.0,Low,22.080312421510914,tertiary,nan,nan,False
10026279300,10026279295,0,1,1,1,33.9943342776204,Medium,97.8989267052221,residential,nan,nan,False
6861885471,5329111658,0,1,1,2,38.1586402266289,Medium,160.54468494259186,residential,nan,nan,False
2558406896,2558406892,0,0,0,0,0.0,Low,80.00376756346371,residential,nan,nan,False
7453259802,1529422790,0,1,1,1,33.9943342776204,Medium,111.18822131992508,residential,nan,nan,False
3743040828,13238532975,0,0,0,0,0.0,Low,21.972420188146547,residential,nan,nan,False
10091949573,10091949571,0,0,0,0,0.0,Low,28.443790461309682,residential,nan,nan,False
5330655617,5330655615,0,0,0,0,0.0,Low,31.717007957460336,residential,nan,nan,False
1557401946,1557409441,0,0,0,0,0.0,Low,13.235129708896821,residential,nan,nan,False
4671306317,4671306298,0,1,3,1,49.405099150141645,Medium,306.11602525110254,residential,nan,nan,False
6285630134,6285630136,0,1,1,1,33.9943342776204,Medium,158.47271985788814,residential,nan,nan,False
2246324746,2246324735,0,0,0,0,0.0,Low,32.77833641594572,residential,nan,nan,False
7425453181,7425453182,0,0,0,0,0.0,Low,95.60588691191626,residential,nan,nan,False
10044274781,9780516209,0,1,1,2,38.1586402266289,Medium,88.07473409957166,residential,nan,nan,False
4952439930,4952439939,0,1,1,1,33.9943342776204,Medium,224.1144676000769,residential,nan,nan,False
7298163666,4597826524,0,1,1,2,38.1586402266289,Medium,1117.2321159083435,tertiary,2.0,40.0,False
4491755973,4491755974,0,0,0,0,0.0,Low,34.367461442783274,residential,nan,nan,False
10081476798,10081476794,0,0,0,0,0.0,Low,27.726073460349188,residential,nan,nan,False
10042269474,10042269472,0,0,0,0,0.0,Low,24.64802771725792,residential,nan,nan,False
1557150564,1557150544,0,0,0,0,0.0,Low,30.653532567570476,residential,nan,nan,False
10026337224,1566568723,0,1,1,2,38.1586402266289,Medium,29.164861347520272,residential,nan,nan,False
631546901,631546932,0,1,3,1,49.405099150141645,Medium,92.83839544475067,residential,nan,nan,False
272718344,2039946567,0,0,0,0,0.0,Low,68.7438319995771,secondary,nan,nan,False
7484941125,7484941124,0,4,8,7,93.29556185080264,Critical,44.68975613699969,residential,nan,nan,False
469070059,477169964,0,0,0,0,0.0,Low,47.70048802631556,tertiary,2,nan,False
1646559805,1646559873,0,0,0,0,0.0,Low,31.32916154413713,residential,nan,nan,False
10094763086,10094763087,0,1,1,2,38.1586402266289,Medium,43.17372576374446,residential,nan,nan,False
665794086,3874448340,0,1,5,4,67.12936732766761,High,46.81783911603114,tertiary,nan,nan,False
7374276412,1336687458,0,1,3,2,53.56940509915015,High,462.5363891828942,tertiary,nan,nan,False
2460224329,2460224330,0,0,0,0,0.0,Low,38.228883594608426,residential,nan,nan,False
7298163669,9805586375,0,9,31,22,96.4211520302172,Critical,82.9152027730558,residential,nan,nan,False
2451394260,2451394261,0,1,1,1,33.9943342776204,Medium,105.05208269301734,residential,nan,nan,False
1851131109,1851131094,0,1,1,1,33.9943342776204,Medium,160.76357407302137,residential,nan,nan,False
7374251281,4958076554,0,1,1,0,29.272898961284238,Medium,634.5852621594303,residential,nan,nan,False
11414499616,7461904506,0,1,5,5,68.60245514636449,High,9.22922021991439,residential,nan,nan,False
10081408683,10091505352,0,1,3,0,44.68366383380548,Medium,24.09825582807112,residential,nan,nan,False
10312578422,567320461,0,1,1,3,41.1614730878187,Medium,180.0739728498003,tertiary,nan,nan,False
343601824,6194946707,0,1,1,1,33.9943342776204,Medium,107.0923631534382,residential,nan,nan,False
12157527446,493539082,0,0,0,0,0.0,Low,59.66180890618502,residential,nan,nan,False
1702636548,3874491301,0,0,0,0,0.0,Low,96.44013666395705,residential,nan,nan,False
12188089369,5319569131,0,1,1,0,29.272898961284238,Medium,91.0052352455761,tertiary,nan,nan,False
10994190170,7461717251,0,1,1,2,38.1586402266289,Medium,46.109732526729694,residential,nan,nan,False
9898893783,9187757834,0,2,4,4,82.46458923512749,Critical,41.23084621493045,residential,nan,nan,False
3168013826,3168013836,0,0,0,0,0.0,Low,32.67299849233941,residential,nan,nan,False
461539075,461539071,0,0,0,0,0.0,Low,55.487808730877646,residential,nan,nan,False
248525409,10289145755,0,1,1,0,29.272898961284238,Medium,212.3759002784845,primary,2.0,nan,True
12607435267,10060517343,0,1,1,1,33.9943342776204,Medium,67.89134209693366,secondary,nan,nan,True
4952656465,4952656466,0,0,0,0,0.0,Low,116.27598345103229,residential,nan,nan,False
1836940227,1836940202,0,1,1,3,41.1614730878187,Medium,168.34217990381592,residential,nan,nan,False
1573016493,2632232481,0,0,0,0,0.0,Low,51.31216876140087,residential,nan,nan,False
6901407749,248774377,0,0,0,0,0.0,Low,10.00547683861067,tertiary,nan,nan,False
3844927207,13118755131,0,1,3,3,56.57223796033995,High,515.1262987924368,tertiary,2.0,nan,True
12496073771,13095798078,0,1,3,1,49.405099150141645,Medium,81.79779896381518,residential,nan,nan,False
1621752281,1621752356,0,0,0,0,0.0,Low,155.64249950570942,residential,nan,nan,False
10129524861,597084152,0,1,3,1,49.405099150141645,Medium,299.46308614480563,primary,4.0,nan,True
443214347,6136711880,0,0,0,0,0.0,Low,27.311652731357725,tertiary,nan,nan,False
2244731055,2244731040,0,1,1,3,41.1614730878187,Medium,189.6730351950854,residential,nan,nan,False
4511497596,4511497594,0,0,0,0,0.0,Low,31.12665355263275,residential,nan,nan,False
3148620696,4475027221,0,0,0,0,0.0,Low,35.00602578567939,residential,nan,nan,False
2244851032,2244851014,0,1,1,1,33.9943342776204,Medium,72.98398890952649,residential,nan,nan,False
1289949428,1289949458,0,1,1,2,38.1586402266289,Medium,262.68636501345924,residential,nan,nan,False
2645311850,2645311881,0,0,0,0,0.0,Low,130.45959739336703,residential,nan,nan,False
3396968854,3396968859,0,0,0,0,0.0,Low,33.090202637588945,residential,nan,nan,False
6746631372,5295568654,0,1,1,2,38.1586402266289,Medium,58.35272015794431,residential,nan,nan,False
378714706,10951087533,0,1,1,0,29.272898961284238,Medium,352.40272307476295,primary,nan,nan,False
7462014210,11045618088,0,0,0,0,0.0,Low,202.29374887162444,residential,nan,nan,False
7467127515,9787663613,0,1,3,0,44.68366383380548,Medium,303.82217320011347,residential,nan,nan,False
10095028627,3448477074,0,1,1,4,43.31444759206799,Medium,115.30231667030546,residential,nan,nan,False
10079213846,10079173601,0,0,0,0,0.0,Low,15.039816765487595,secondary,nan,nan,False
6194605793,10845802271,0,0,0,0,0.0,Low,15.353277681388278,tertiary,nan,nan,False
10759061471,10035730238,0,0,0,0,0.0,Low,54.343907285581224,residential,nan,nan,False
4041189707,4041189546,0,1,5,1,57.80925401322001,High,52.91709448457816,residential,nan,nan,False
11913485759,11044471520,0,1,1,0,29.272898961284238,Medium,244.0901771308557,secondary,2.0,nan,True
7371583597,11266490612,0,1,5,4,67.12936732766761,High,34.29223308190934,residential,nan,nan,True
2991247480,2991247475,0,1,1,1,33.9943342776204,Medium,115.8782369958173,residential,nan,nan,False
4952439191,4948782268,0,1,3,3,56.57223796033995,High,203.4598797032837,residential,nan,nan,False
2246195752,2246195760,0,1,1,4,43.31444759206799,Medium,67.1568180125037,residential,nan,nan,False
292563598,11888184756,0,30,62,39,98.77242681775262,Critical,17.86430103110427,secondary,nan,nan,True
7414033014,7424885298,0,1,1,1,33.9943342776204,Medium,68.34803451195347,residential,nan,nan,False
308448881,959253530,0,1,3,0,44.68366383380548,Medium,186.049909328754,residential,nan,nan,False
11173722869,11173722867,0,1,5,4,67.12936732766761,High,18.117401555967746,residential,nan,nan,False
10072869277,7410530589,0,0,0,0,0.0,Low,20.189937106117647,residential,nan,nan,False
10091596936,3543182229,0,1,3,0,44.68366383380548,Medium,79.26260989442231,residential,nan,nan,False
459801182,459801181,0,0,0,0,0.0,Low,35.07550125872,residential,nan,nan,False
3148645692,3148645664,0,1,3,1,49.405099150141645,Medium,102.34731301140869,residential,nan,nan,False
11383038919,11383462354,0,1,5,2,61.97355996222852,High,130.4976207575517,residential,nan,nan,False
5966255503,5966255501,0,1,1,1,33.9943342776204,Medium,69.40531147917855,residential,nan,nan,False
9695761683,11385460446,0,1,1,0,29.272898961284238,Medium,25.3765020572717,unclassified,nan,nan,False
3396931074,3396931071,0,0,0,0,0.0,Low,30.832722367235597,residential,nan,nan,False
7200087620,463681740,0,0,0,0,0.0,Low,56.04209941792941,residential,nan,nan,False
6521861577,6521861579,0,0,0,0,0.0,Low,80.7803761254599,residential,nan,nan,False
1635307802,1635308092,0,1,1,0,29.272898961284238,Medium,97.27857558750348,residential,nan,nan,False
3149270161,3149270159,0,0,0,0,0.0,Low,60.63383514911795,residential,nan,nan,False
10839288578,10839288582,0,0,0,0,0.0,Low,94.61081394893398,living_street,nan,nan,False
10020519594,2248546167,0,1,1,0,29.272898961284238,Medium,59.51110197394308,residential,nan,nan,False
1557273147,1557273136,0,0,0,0,0.0,Low,117.91206820036993,residential,nan,nan,False
4918188102,1377861104,0,1,3,1,49.405099150141645,Medium,104.53576576509371,residential,nan,nan,False
1344698628,1911102922,0,1,1,1,33.9943342776204,Medium,51.6161260512307,residential,nan,nan,False
11849751725,11849664512,0,1,1,0,29.272898961284238,Medium,46.26653582752036,primary,2.0,nan,True
10206957249,2247837808,0,1,3,3,56.57223796033995,High,176.65872350801453,residential,nan,nan,False
2461372358,574364953,0,0,0,0,0.0,Low,137.7294541723673,tertiary,nan,nan,False
7287467675,249075498,0,1,5,5,68.60245514636449,High,181.40227872642893,tertiary,nan,nan,False
7425453148,7425453147,0,1,1,2,38.1586402266289,Medium,77.77820100458243,tertiary,2.0,nan,True
7404888046,7404888047,0,0,0,0,0.0,Low,77.85199335248237,residential,nan,nan,False
6536708552,10575940332,0,1,1,2,38.1586402266289,Medium,150.89629218002807,residential,nan,nan,False
1417443247,3168015473,0,0,0,0,0.0,Low,64.71142488208368,residential,nan,nan,False
272717139,3034593622,0,1,5,3,64.97639282341832,High,130.4691319597073,residential,nan,nan,False
699722357,2250391934,0,1,3,0,44.68366383380548,Medium,930.5509344150672,primary,3.0,80.0,True
10156676110,7436997275,0,0,0,0,0.0,Low,36.36897169026495,residential,nan,nan,False
1371947577,1371947767,0,0,0,0,0.0,Low,59.49249372680076,residential,nan,nan,False
2248441636,2248441609,0,0,0,0,0.0,Low,74.25719388821797,residential,nan,nan,False
11397522157,11397522158,0,1,5,3,64.97639282341832,High,98.5322663081951,residential,nan,nan,False
12075650279,4030004532,0,1,1,2,38.1586402266289,Medium,471.56987593604015,primary,2.0,nan,True
9682390113,9682390109,0,0,0,0,0.0,Low,142.12377099077958,residential,nan,nan,False
1512512233,1512512244,0,1,1,0,29.272898961284238,Medium,84.96797893774006,residential,nan,nan,False
14062115611,14062115609,0,0,0,0,0.0,Low,36.53850986469481,residential,nan,nan,False
12196931957,12196931958,0,2,2,3,69.41454202077432,High,30.5613833653714,residential,nan,nan,False
9778553750,9778553751,0,0,0,0,0.0,Low,99.5248274829113,residential,nan,nan,False
13251647885,13251647886,0,0,0,0,0.0,Low,36.062066544992035,residential,nan,nan,False
7208382379,7208382380,0,1,3,1,49.405099150141645,Medium,68.69775824860241,residential,nan,nan,False
1466669154,7465377011,0,1,5,3,64.97639282341832,High,36.07622357045196,tertiary,nan,nan,True
2228386535,2228386532,0,1,1,2,38.1586402266289,Medium,51.22434557830763,residential,nan,nan,False
4948727680,4948727688,0,1,1,1,33.9943342776204,Medium,48.27406127066367,residential,nan,nan,False
1529423101,1529422866,0,0,0,0,0.0,Low,36.31528695484682,residential,nan,nan,False
13949099612,5330505111,0,0,0,0,0.0,Low,35.55761960905773,residential,nan,nan,False
254661639,429231001,0,0,0,0,0.0,Low,9.747082508336327,residential,nan,nan,False
272710484,3038883036,0,0,0,0,0.0,Low,23.61553765871138,secondary,2,nan,False
4952686912,4952686910,0,1,1,0,29.272898961284238,Medium,85.73186368209628,residential,nan,nan,False
2248240629,7403958808,0,0,0,0,0.0,Low,21.41663960171823,residential,nan,nan,False
11021995712,1791639581,0,0,0,0,0.0,Low,86.90859351664163,residential,nan,nan,False
4316622788,4316622741,0,1,1,3,41.1614730878187,Medium,110.17638698288822,residential,nan,nan,False
1368117382,1103012303,0,1,1,1,33.9943342776204,Medium,831.6360155739694,residential,nan,nan,False
6085553806,514428762,0,0,0,0,0.0,Low,5.567449307502543,residential,nan,nan,False
13805505885,13805505884,0,0,0,0,0.0,Low,27.2592453111829,secondary,nan,nan,True
267217102,267217059,0,1,1,0,29.272898961284238,Medium,663.449752967844,secondary,nan,nan,True
1523171223,2223884601,0,0,0,0,0.0,Low,34.15144483543765,residential,nan,nan,False
4950361295,11411389726,0,0,0,0,0.0,Low,27.539569525702515,tertiary,nan,nan,False
9751486639,9751486640,0,0,0,0,0.0,Low,29.618821369492956,residential,nan,nan,False
6152844618,10097122302,0,1,1,4,43.31444759206799,Medium,62.459183996447166,residential,nan,nan,False
1521158019,1521157691,0,0,0,0,0.0,Low,93.2252304766403,residential,nan,nan,False
7377821387,13787730870,0,1,1,2,38.1586402266289,Medium,78.58209910049383,residential,2.0,nan,False
7410103980,7410103981,0,0,0,0,0.0,Low,47.28283906743174,residential,nan,nan,False
12993646207,12993645884,0,1,3,2,53.56940509915015,High,914.2541948404868,residential,nan,nan,False
2421938045,2421938078,0,0,0,0,0.0,Low,86.79866280663354,residential,nan,nan,False
1607547343,1607547391,0,0,0,0,0.0,Low,24.932614802789704,tertiary,nan,nan,False
11827253885,3530426108,0,1,3,0,44.68366383380548,Medium,550.7588555506574,tertiary,2.0,nan,False
1473225319,7478815555,0,0,0,0,0.0,Low,17.502321263909174,residential,nan,nan,False
2193998043,2193998070,0,1,1,2,38.1586402266289,Medium,178.40764431198045,residential,nan,nan,False
1371816440,1371816417,0,0,0,0,0.0,Low,84.11628988842267,residential,nan,nan,False
10039201679,7232607771,0,1,1,1,33.9943342776204,Medium,114.87793055763598,residential,nan,nan,False
2223841003,2223840999,0,0,0,0,0.0,Low,18.97886148640739,residential,nan,nan,False
1600051209,1600051184,0,1,3,1,49.405099150141645,Medium,96.85560559203476,residential,nan,nan,False
303975877,459820551,0,1,3,3,56.57223796033995,High,38.18298262149907,residential,nan,nan,False
7478128243,6137900203,0,0,0,0,0.0,Low,30.154526130841187,residential,nan,nan,False
3739201969,2408528591,0,1,3,2,53.56940509915015,High,383.32995127294765,trunk,3.0,80.0,True
7453283627,7453283620,0,0,0,0,0.0,Low,24.106189544822886,residential,nan,nan,False
10185449299,4950818802,0,0,0,0,0.0,Low,30.615107489140645,residential,nan,nan,False
1600082690,1600082894,0,1,3,1,49.405099150141645,Medium,135.81872848961112,residential,nan,nan,False
308461043,362471357,0,1,1,4,43.31444759206799,Medium,164.0392368773857,residential,nan,nan,False
9187817115,2248439866,0,1,5,1,57.80925401322001,High,60.11413516099847,residential,nan,nan,False
13811792564,13811792565,0,1,1,2,38.1586402266289,Medium,105.43234764088928,residential,nan,nan,False
7461683781,2421937664,0,0,0,0,0.0,Low,105.58303301632823,residential,nan,nan,False
4041189639,4041189551,0,3,5,2,81.65250236071766,Critical,88.27859799756693,residential,nan,nan,False
954914656,1851131603,0,0,0,0,0.0,Low,77.77129333208387,residential,nan,nan,False
2460558612,324663052,0,0,0,0,0.0,Low,14.21070364077819,tertiary,2,nan,False
7428733994,2633816047,0,1,1,1,33.9943342776204,Medium,111.37103474027948,residential,nan,nan,False
7291205388,3034560386,0,0,0,0,0.0,Low,10.408086241666412,residential,nan,nan,False
7298937170,12154153170,0,1,1,0,29.272898961284238,Medium,139.2556213155084,residential,nan,nan,False
461755418,461754769,0,0,0,0,0.0,Low,32.69466075595439,residential,nan,nan,False
13253659984,1569057474,0,0,0,0,0.0,Low,96.99237109841108,residential,nan,nan,False
10696439828,1633904751,0,0,0,0,0.0,Low,13.08403699320963,tertiary,nan,nan,False
3544504226,3544504243,0,0,0,0,0.0,Low,108.62134726050456,residential,nan,nan,False
6131957097,6336079253,0,0,0,0,0.0,Low,5.361900556700788,residential,nan,nan,False
4833570264,493493935,0,0,0,0,0.0,Low,41.75734799091903,residential,nan,nan,False
1388142626,1569206963,0,0,0,0,0.0,Low,47.64866432247703,residential,nan,nan,False
7435569314,7435569315,0,0,0,0,0.0,Low,57.46089613552153,residential,nan,nan,False
10044159705,10044159707,0,1,3,4,58.72521246458924,High,34.82870910178772,residential,nan,nan,False
2645311211,1344698949,0,0,0,0,0.0,Low,31.769937242884524,residential,nan,nan,False
1377687513,13304505627,0,1,3,1,49.405099150141645,Medium,198.4584460027768,residential,nan,nan,False
11812221695,6620856859,0,1,1,0,29.272898961284238,Medium,120.88949010152726,tertiary,nan,nan,True
2194023363,2460219172,0,0,0,0,0.0,Low,39.34959661666316,secondary,nan,nan,True
10081327929,442107254,0,1,1,1,33.9943342776204,Medium,96.36123433214064,residential,nan,nan,False
5122352207,442437927,0,0,0,0,0.0,Low,115.56438146132908,residential,nan,nan,False
10994493304,10994537105,0,1,5,5,68.60245514636449,High,22.41713859988507,residential,nan,nan,False
11259345552,11301462500,0,1,3,1,49.405099150141645,Medium,550.0696620561464,residential,nan,nan,False
1328155432,12107761071,0,1,3,4,58.72521246458924,High,227.59045026243908,tertiary,nan,25.0,True
7383827873,7383827869,0,0,0,0,0.0,Low,57.98087182528017,residential,nan,nan,False
599226465,13633589983,0,0,0,0,0.0,Low,41.5108015882356,residential,nan,nan,False
4950714180,4950714179,0,1,3,1,49.405099150141645,Medium,69.99437814213776,residential,nan,nan,False
2247888259,2247888260,0,0,0,0,0.0,Low,32.12795535052163,residential,nan,nan,False
9190540930,2227928220,0,0,0,0,0.0,Low,6.46491207353499,residential,nan,nan,False
12778073198,1553702832,0,0,0,0,0.0,Low,123.23249242039472,tertiary,nan,nan,False
529359463,529359461,0,1,1,1,33.9943342776204,Medium,40.79330750722558,tertiary,nan,nan,False
1594231450,7485457356,0,0,0,0,0.0,Low,6.08155315087591,secondary,nan,nan,False
10060858514,7414183824,0,0,0,0,0.0,Low,25.974021843865675,residential,nan,nan,False
2248663660,2248663634,0,0,0,0,0.0,Low,34.72656375566344,residential,nan,nan,False
7088469651,7088469654,0,1,1,2,38.1586402266289,Medium,52.29272827910553,living_street,nan,nan,False
2250290109,7486031678,0,0,0,0,0.0,Low,22.075947887642904,residential,nan,nan,False
10188079336,10188079337,0,0,0,0,0.0,Low,40.90591755782755,residential,nan,nan,False
13152351488,11001480352,0,0,0,0,0.0,Low,64.41609871368895,residential,nan,nan,False
412944373,412944366,0,1,1,4,43.31444759206799,Medium,113.8953148234382,residential,nan,nan,False
1317118609,1500590866,0,1,3,3,56.57223796033995,High,149.31826971233727,residential,nan,nan,False
3038860964,3038860963,0,1,5,3,64.97639282341832,High,81.00527229878125,residential,nan,nan,False
7457688478,2421937645,0,0,0,0,0.0,Low,32.023572365098715,residential,nan,nan,False
1560168993,687332600,0,1,3,1,49.405099150141645,Medium,281.4807233434183,primary_link,nan,nan,True
1590866160,1590866173,0,0,0,0,0.0,Low,58.1381334937619,residential,nan,nan,False
2459531185,2459531186,0,0,0,0,0.0,Low,56.24279087647842,residential,2,nan,False
7262939753,2246659846,0,0,0,0,0.0,Low,8.210009041971384,residential,nan,nan,False
2287929079,3157717992,0,0,0,0,0.0,Low,43.24713347106839,residential,nan,nan,False
249585508,3533173819,0,1,3,1,49.405099150141645,Medium,46.28309752906007,primary,nan,nan,True
12951130515,12951130518,0,1,1,5,44.78753541076488,Medium,154.4838666239946,secondary,nan,nan,True
1585277175,10028790273,0,0,0,0,0.0,Low,38.32176911514835,residential,nan,nan,False
6144053881,11027490877,0,0,0,0,0.0,Low,206.581955746109,residential,nan,nan,False
3868683842,7405622380,0,1,3,0,44.68366383380548,Medium,230.33618447256964,residential,nan,nan,False
10020592861,11387060352,0,0,0,0,0.0,Low,46.62227433925195,residential,nan,nan,False
1702636549,11380911894,0,1,1,0,29.272898961284238,Medium,72.59253655664558,tertiary,2.0,nan,False
3529754130,10112912548,0,0,0,0,0.0,Low,42.23622161076054,residential,nan,nan,False
11033916351,12696050650,0,1,1,2,38.1586402266289,Medium,1268.0513210279344,primary,2.0,nan,True
2250290094,2250290093,0,0,0,0,0.0,Low,47.698429172841315,residential,nan,nan,False
11001060527,11001060526,0,2,6,3,86.29839471199246,Critical,34.73905401351805,residential,nan,nan,False
10088671129,1326252991,0,0,0,0,0.0,Low,116.82164275316734,tertiary,nan,nan,False
2645199856,2645199863,0,0,0,0,0.0,Low,111.75568811309995,residential,nan,nan,False
7279291138,9605401075,0,29,49,46,98.65911237016051,Critical,343.7730175854575,residential,nan,nan,False
2250057681,2250057704,0,1,1,5,44.78753541076488,Medium,118.44350365238242,residential,nan,nan,False
4122305358,4120105463,0,0,0,0,0.0,Low,96.41335899609486,tertiary,nan,nan,False
1835530529,10001010497,0,1,5,2,61.97355996222852,High,159.00832003496194,tertiary,3.0,nan,False
2460540731,6350719585,0,0,0,0,0.0,Low,79.74498953505113,residential,nan,nan,False
13787816805,7456061754,1,0,0,0,0.0,Low,182.31001775635985,"['residential', 'unclassified']",nan,nan,False
6142941167,6142942186,0,0,0,0,0.0,Low,27.992949847939375,residential,nan,nan,False
1305577009,1748486107,0,1,1,2,38.1586402266289,Medium,255.3764698151545,tertiary,2.0,25.0,False
4197704733,309600801,0,1,5,3,64.97639282341832,High,182.09150788440843,residential,nan,nan,False
7298937635,1817571248,0,1,1,4,43.31444759206799,Medium,833.0478641254219,secondary,2.0,nan,False
10803713420,10803713418,0,1,3,2,53.56940509915015,High,186.5676794930361,residential,nan,nan,False
3527330574,3527330575,0,0,0,0,0.0,Low,2.995607969723137,residential,nan,nan,False
6194008055,3148667924,0,1,1,0,29.272898961284238,Medium,263.1648621813797,residential,nan,nan,False
4590824609,4590824601,0,0,0,0,0.0,Low,61.2705171345286,residential,nan,nan,False
11397613409,2447924340,0,1,3,0,44.68366383380548,Medium,144.17839139897706,residential,nan,nan,False
4696742612,4696742610,0,1,1,0,29.272898961284238,Medium,170.8733463956092,tertiary,2.0,50.0,True
668464960,668464963,0,0,0,0,0.0,Low,31.45939558140077,residential,nan,nan,False
1594859739,10041232505,0,0,0,0,0.0,Low,31.766671407585168,residential,nan,nan,False
3034559759,3034559760,0,0,0,0,0.0,Low,49.222450349503795,residential,nan,nan,False
1141995265,10079434837,0,1,1,2,38.1586402266289,Medium,319.3416601752927,secondary,nan,nan,False
3125527744,3125527743,0,0,0,0,0.0,Low,11.626658114901398,residential,nan,nan,False
2221301229,1383042636,0,0,0,0,0.0,Low,53.87412600967739,residential,nan,nan,False
3034670015,3034670014,0,1,3,2,53.56940509915015,High,123.4346792132075,residential,nan,nan,False
11584397727,11584397731,0,1,1,0,29.272898961284238,Medium,259.128722917354,unclassified,2.0,nan,True
14078048020,1625434047,0,0,0,0,0.0,Low,3.4223693566169957,residential,nan,nan,False
7377821479,7377821468,0,1,1,1,33.9943342776204,Medium,35.42990567428815,residential,nan,nan,False
7278999899,11009669030,0,0,0,0,0.0,Low,31.767465241295696,residential,nan,nan,False
3874463730,3874463731,0,1,1,0,29.272898961284238,Medium,111.8844811922178,residential,nan,nan,False
429415724,10011007458,0,0,0,0,0.0,Low,136.05220040791414,tertiary,nan,nan,False
1485692883,9611955609,0,1,1,2,38.1586402266289,Medium,267.6166524189374,tertiary,nan,nan,False
2407764624,2407764625,0,0,0,0,0.0,Low,147.7697282724912,residential,nan,nan,False
10091259585,1837297500,0,0,0,0,0.0,Low,245.26322775681683,residential,nan,nan,False
7208384018,7208384015,0,1,1,5,44.78753541076488,Medium,62.40088402810601,residential,nan,nan,False
1118407824,2419063907,0,1,3,4,58.72521246458924,High,734.5748580641673,tertiary,nan,nan,False
9192403445,1473775642,0,1,1,1,33.9943342776204,Medium,74.81113020897041,residential,nan,nan,False
443614282,443614281,0,0,0,0,0.0,Low,26.425758868350265,residential,nan,nan,False
12078798115,1094079327,0,1,1,2,38.1586402266289,Medium,255.979942045574,primary,2.0,nan,True
1532648899,1532648931,0,1,1,1,33.9943342776204,Medium,87.00058547762715,residential,nan,nan,False
7462766543,3039021491,0,0,0,0,0.0,Low,14.668349490303113,residential,nan,nan,False
11006844112,10028897999,0,1,3,3,56.57223796033995,High,110.86360133395704,residential,nan,nan,False
2124789523,7373953366,0,1,1,1,33.9943342776204,Medium,416.4268067099863,residential,nan,nan,False
2224557025,1575576909,0,1,1,0,29.272898961284238,Medium,61.16810510506775,residential,nan,nan,False
4316656901,2558406873,0,0,0,0,0.0,Low,24.292762124509913,residential,nan,nan,False
2999494951,1434179296,0,1,5,1,57.80925401322001,High,566.9966987187488,secondary,2.0,nan,True
678585732,1469644102,0,1,1,2,38.1586402266289,Medium,173.77331034030064,residential,nan,nan,False
7456578975,7456578972,0,0,0,0,0.0,Low,33.09861698193098,residential,nan,nan,False
1551518396,1551518400,0,1,3,3,56.57223796033995,High,103.6452069723546,residential,nan,nan,False
10208898834,7404163567,0,0,0,0,0.0,Low,53.36805155575686,residential,nan,nan,False
10095039119,7484941156,0,1,1,0,29.272898961284238,Medium,336.715261773584,residential,nan,nan,False
1635323075,1635323240,0,1,5,5,68.60245514636449,High,137.26036671661404,residential,nan,nan,False
1339408134,1500714744,0,0,0,0,0.0,Low,11.843683009613375,residential,nan,nan,False
255558053,5251893721,0,0,0,0,0.0,Low,27.740827324599174,tertiary,nan,nan,True
7437297653,5329138849,0,0,0,0,0.0,Low,13.212323749233603,residential,nan,nan,False
4119616071,11399579389,0,0,0,0,0.0,Low,45.680715703256304,residential,nan,nan,False
1557411344,1557400898,0,0,0,0,0.0,Low,19.418099293225765,residential,nan,nan,False
582591619,582591609,0,0,0,0,0.0,Low,43.96816579237151,residential,nan,nan,False
1467501718,1467501556,0,0,0,0,0.0,Low,52.58028690504259,residential,nan,nan,False
3161255817,10081528410,0,0,0,0,0.0,Low,20.906722596858767,residential,nan,nan,False
2246324475,2246324473,0,0,0,0,0.0,Low,33.452961767016376,primary,2,nan,False
2641942716,2641942716,1,1,3,1,49.405099150141645,Medium,334.3335396512261,residential,nan,nan,False
6168142205,3902518302,0,0,0,0,0.0,Low,14.462333720128495,residential,nan,nan,False
11409277469,7193518951,0,0,0,0,0.0,Low,106.4074467304915,residential,nan,nan,False
10206957249,10206957230,0,3,3,3,76.25118035882909,Critical,623.5566027338074,residential,nan,nan,False
10146991201,6182777085,0,0,0,0,0.0,Low,18.792022443024205,residential,nan,nan,False
1575576729,1575576667,0,1,1,2,38.1586402266289,Medium,110.28390479305934,residential,nan,nan,False
7305383393,12165336146,0,9,15,9,95.02360717658168,Critical,45.61826972227277,tertiary,nan,nan,True
247974066,247974064,0,1,1,2,38.1586402266289,Medium,277.627915542417,trunk,2.0,nan,True
599226644,599226647,0,1,1,0,29.272898961284238,Medium,246.75386873065767,residential,nan,nan,False
7438052176,1851132654,0,1,3,1,49.405099150141645,Medium,113.10859367761662,tertiary,nan,nan,False
1533670697,308184450,0,0,0,0,0.0,Low,40.283196323935755,residential,nan,nan,False
11486387657,3732415824,0,14,32,19,97.21435316336166,Critical,29.18983014850822,trunk_link,nan,nan,True
2246324552,2246324657,0,0,0,0,0.0,Low,134.7396629142418,residential,nan,nan,False
2447924355,11397572353,0,0,0,0,0.0,Low,33.300773599235605,residential,nan,nan,False
6131958368,11015231003,0,0,0,0,0.0,Low,77.6405782236893,residential,nan,nan,False
12198631273,9620224879,0,0,0,0,0.0,Low,33.111943962162,residential,nan,nan,False
1635308232,1635308238,0,0,0,0,0.0,Low,54.51993614891807,residential,nan,nan,False
6518287650,2595568571,0,0,0,0,0.0,Low,47.871223487114975,residential,nan,nan,False
11442761252,7461546663,0,0,0,0,0.0,Low,33.858340953541756,residential,nan,nan,False
10041276389,10041276390,0,0,0,0,0.0,Low,38.616896968845914,residential,nan,nan,False
3820268557,3820268556,0,1,1,0,29.272898961284238,Medium,120.63035238685644,secondary,2.0,nan,True
631605756,2268179644,0,0,0,0,0.0,Low,17.206256844874996,residential,nan,nan,False
7378174454,11173370128,0,0,0,0,0.0,Low,92.05406010124217,residential,nan,nan,False
5725763100,5330659893,0,0,0,0,0.0,Low,5.83394916143969,tertiary,nan,nan,False
13469794665,13469794651,0,0,0,0,0.0,Low,56.096649868842576,residential,nan,nan,False
6528782933,1273685499,0,0,0,0,0.0,Low,40.22965885704804,secondary,2,nan,False
1473871936,7432244844,0,0,0,0,0.0,Low,30.551526023881408,residential,nan,nan,False
442068313,2406994130,0,0,0,0,0.0,Low,130.8890696112738,residential,nan,nan,False
6142443308,3868635236,0,0,0,0,0.0,Low,29.797400691912113,residential,nan,nan,False
7396736280,6403451401,0,7,21,9,95.09915014164308,Critical,181.8394097360206,residential,nan,nan,False
274570292,4824673767,0,0,0,0,0.0,Low,13.613767779684833,tertiary,2,nan,False
1512330948,1512331056,0,0,0,0,0.0,Low,37.509397533701026,living_street,nan,nan,False
5330646119,5330646113,0,0,0,0,0.0,Low,76.3702053885164,residential,nan,nan,False
2248440129,2248439983,0,0,0,0,0.0,Low,200.4153927801202,residential,nan,nan,False
2245034401,2245034471,0,1,3,0,44.68366383380548,Medium,168.4331583919276,residential,nan,nan,False
7345511207,11436858454,0,8,16,17,95.30689329556184,Critical,488.9160774125254,residential,nan,nan,False
9184322725,960247311,0,0,0,0,0.0,Low,120.56646150018133,residential,nan,nan,False
12155317788,10058014734,0,0,0,0,0.0,Low,201.8117603855843,residential,nan,nan,False
7462101986,11294837803,0,2,4,4,82.46458923512749,Critical,9.46795217005127,residential,nan,nan,False
10038653653,10038653651,0,0,0,0,0.0,Low,24.62413034795828,residential,nan,nan,False
6141560787,7485669329,0,0,0,0,0.0,Low,16.69046275774796,secondary,nan,nan,False
12768091256,12768091262,0,0,0,0,0.0,Low,12.801807140641754,residential,nan,nan,False
11919250252,7290333271,0,1,1,1,33.9943342776204,Medium,99.00546418376288,tertiary,1.0,nan,True
7287505911,609006762,0,1,3,3,56.57223796033995,High,76.57450971787574,tertiary,nan,nan,False
7291452500,1148858402,0,1,3,1,49.405099150141645,Medium,157.10743527476902,residential,nan,nan,False
4952686972,4952686978,0,0,0,0,0.0,Low,23.447115898342304,residential,nan,nan,False
1557118000,1557118271,0,0,0,0,0.0,Low,61.97229191016698,residential,nan,nan,False
7466608374,7466608371,0,0,0,0,0.0,Low,71.50431071793128,residential,nan,nan,False
1186777885,7263153533,0,0,0,0,0.0,Low,27.452435286110454,tertiary,2,nan,False
10089423959,503261059,0,0,0,0,0.0,Low,22.875128159386357,residential,nan,nan,False
1370777563,11121209128,0,0,0,0,0.0,Low,33.14755450039548,residential,nan,nan,False
1462127063,1808746136,0,0,0,0,0.0,Low,47.92343023846292,residential,nan,nan,False
3149435091,11433602411,0,0,0,0,0.0,Low,61.61692042036664,residential,nan,nan,False
1990620107,1990620146,0,0,0,0,0.0,Low,40.79994852107083,tertiary,nan,nan,False
4206757779,4206758390,0,0,0,0,0.0,Low,108.54221549217881,tertiary,1,nan,False
1838767657,6194290388,0,0,0,0,0.0,Low,39.83252820719169,residential,nan,nan,False
7486358194,11416610179,0,0,0,0,0.0,Low,22.84353252244231,residential,nan,nan,False
738562849,738562851,0,0,0,0,0.0,Low,46.692893898675145,residential,nan,nan,False
9189176738,5330649851,0,0,0,0,0.0,Low,11.437419675184618,residential,nan,nan,False
7465614167,7121496991,0,0,0,0,0.0,Low,91.12485553446716,residential,nan,nan,False
2224072994,2224073000,0,0,0,0,0.0,Low,46.328488365207654,residential,nan,nan,False
10038653723,1542668712,0,1,3,0,44.68366383380548,Medium,85.4004851006526,residential,nan,nan,False
7328007827,7328007822,0,4,10,9,93.7582625118036,Critical,66.89314965140309,residential,nan,nan,False
12912009762,2250391934,0,1,5,5,68.60245514636449,High,361.735744120857,secondary,nan,nan,False
6194157441,1371814282,0,0,0,0,0.0,Low,103.73716025690095,residential,nan,nan,False
6195367797,3039641658,0,1,3,0,44.68366383380548,Medium,251.4177616017641,residential,nan,nan,False
7413596782,9860627678,0,1,3,1,49.405099150141645,Medium,144.13314146512576,tertiary,nan,nan,False
6802107177,1096956298,0,1,1,3,41.1614730878187,Medium,361.5617863254242,secondary,2.0,nan,True
10170632445,4316622387,0,0,0,0,0.0,Low,70.98585641702371,residential,nan,nan,False
10023283882,2223841107,0,0,0,0,0.0,Low,36.62204930682323,residential,nan,nan,False
13812796252,1523171169,0,0,0,0,0.0,Low,64.25309617167582,residential,nan,nan,False
1472178528,1472178473,0,0,0,0,0.0,Low,209.0033721929,residential,nan,nan,False
3161118524,3158788651,0,0,0,0,0.0,Low,176.58533452976832,residential,nan,nan,False
5283308423,5283308421,0,1,3,1,49.405099150141645,Medium,118.43316866348373,residential,nan,nan,False
1615705382,1615705194,0,0,0,0,0.0,Low,155.33733971940524,residential,nan,nan,False
6133175096,11411574088,0,1,3,3,56.57223796033995,High,316.2494783080475,residential,nan,nan,False
1569089704,766836570,0,0,0,0,0.0,Low,30.81459631367417,residential,nan,nan,False
4049626569,2358131512,0,0,0,0,0.0,Low,45.61250225313034,residential,nan,nan,False
9184326332,4122368428,0,1,1,1,33.9943342776204,Medium,28.942356686345697,residential,nan,nan,False
5329404772,5329404769,0,0,0,0,0.0,Low,118.24519909741947,residential,nan,nan,False
7095228341,7095228343,0,0,0,0,0.0,Low,191.99038176049282,residential,nan,nan,False
4544191533,4950784857,0,1,1,3,41.1614730878187,Medium,139.93485080386756,residential,nan,nan,False
1532827607,1532827730,0,0,0,0,0.0,Low,63.001140039436876,residential,nan,nan,False
503260639,503260583,0,1,3,3,56.57223796033995,High,123.4306529280774,residential,nan,nan,False
13001216629,4044263592,0,1,5,2,61.97355996222852,High,162.46284406622274,secondary,2.0,nan,True
6518252282,10055455570,0,1,1,3,41.1614730878187,Medium,96.01659002092718,residential,nan,nan,False
11027160158,11027160165,0,0,0,0,0.0,Low,168.07837450319965,residential,nan,nan,False
7486236381,7486236374,0,1,3,0,44.68366383380548,Medium,244.7765772858521,residential,nan,nan,False
10230279231,7414267588,0,1,1,0,29.272898961284238,Medium,419.5072880692445,residential,nan,nan,False
3149375941,3149375611,0,0,0,0,0.0,Low,10.579732516002162,residential,nan,nan,False
10983994559,10983994558,0,0,0,0,0.0,Low,37.05467619515008,residential,nan,nan,False
1851132369,3149311374,0,0,0,0,0.0,Low,27.88374639597242,residential,nan,nan,False
11027400303,11027400302,0,1,1,1,33.9943342776204,Medium,29.739478410493835,tertiary,nan,nan,True
1585277328,10026545971,0,0,0,0,0.0,Low,23.29686649508877,residential,nan,nan,False
13747607771,11001477386,0,1,1,3,41.1614730878187,Medium,805.7377223995844,tertiary,nan,nan,False
1559233431,9187790194,0,1,1,1,33.9943342776204,Medium,91.23163603050878,residential,nan,nan,False
2685122690,2685122692,0,1,3,2,53.56940509915015,High,105.66357052634676,residential,nan,nan,False
10036070922,9190133653,0,1,1,0,29.272898961284238,Medium,117.0102292388336,residential,nan,nan,False
10768415280,10055294923,0,1,3,1,49.405099150141645,Medium,97.06356117856808,residential,nan,nan,False
2787014195,2787014189,0,1,3,0,44.68366383380548,Medium,69.33693991476107,residential,nan,nan,False
9780498417,7211287116,0,1,3,1,49.405099150141645,Medium,64.61959618916782,residential,nan,nan,False
10091596939,10091596938,0,0,0,0,0.0,Low,93.46128363964311,residential,nan,nan,False
10091723745,3038915568,0,0,0,0,0.0,Low,24.46189218743849,residential,nan,nan,False
13282426116,9143702776,0,2,2,0,57.52596789423985,High,293.8403860847394,trunk,3.0,60.0,True
352930062,9903952377,0,0,0,0,0.0,Low,713.3792793307782,trunk,3,"['40', '50']",True
7311563267,7311563264,0,1,1,3,41.1614730878187,Medium,72.79251972362044,residential,nan,nan,False
2244731786,2244731782,0,0,0,0,0.0,Low,34.462972584283214,residential,nan,nan,False
7228222026,2464024966,0,1,1,2,38.1586402266289,Medium,36.32311369255628,residential,nan,nan,False
9188744896,9188744902,0,0,0,0,0.0,Low,30.72148304036489,tertiary,nan,nan,False
11842969943,4692323129,0,1,3,0,44.68366383380548,Medium,615.8276299746182,primary,nan,nan,True
3157708763,3157708772,0,0,0,0,0.0,Low,207.65341759331852,residential,nan,nan,False
7465950644,7456293796,0,1,5,5,68.60245514636449,High,610.6316982030899,tertiary,2.0,40.0,False
13247802915,13247802914,0,0,0,0,0.0,Low,23.670762225282086,residential,nan,nan,False
7413982761,7413982762,0,1,1,0,29.272898961284238,Medium,136.31931762220756,residential,nan,nan,False
503471249,308230774,0,1,3,2,53.56940509915015,High,152.50681298658066,tertiary,2.0,nan,False
10055294891,10861612634,0,1,1,2,38.1586402266289,Medium,81.38373033135211,residential,nan,nan,False
12141769963,4824730260,0,0,0,0,0.0,Low,7.102821222761401,residential,nan,nan,False
1522655869,1522655948,0,0,0,0,0.0,Low,62.44419775058854,residential,nan,nan,False
3148609358,818630839,0,1,1,0,29.272898961284238,Medium,1003.2374761199366,tertiary,nan,nan,False
4950225557,4950225527,0,1,1,1,33.9943342776204,Medium,35.62188275060069,residential,nan,nan,False
3337863234,3337863239,0,0,0,0,0.0,Low,46.40561189104657,tertiary,nan,nan,False
14159344895,1546937643,0,1,1,0,29.272898961284238,Medium,66.59035102384469,residential,nan,nan,False
11397632762,11397646930,0,2,2,2,66.41170915958452,High,299.93211495407775,residential,nan,nan,False
10017876318,10017876318,1,1,3,1,49.405099150141645,Medium,127.78969947113237,residential,nan,nan,False
1966447454,1966447504,0,0,0,0,0.0,Low,117.59071975815213,residential,nan,nan,False
1537837544,1537837550,0,1,1,0,29.272898961284238,Medium,163.76860796732186,residential,nan,nan,False
766836088,12189381643,0,1,5,4,67.12936732766761,High,69.97809637081787,residential,nan,nan,False
14022277906,7377821480,0,1,1,1,33.9943342776204,Medium,46.88276582271924,residential,nan,nan,False
308807686,309595874,0,1,3,0,44.68366383380548,Medium,208.2147516883581,tertiary,nan,nan,False
12961466046,9700303095,0,9,21,13,95.62795089707272,Critical,9.36240663276736,secondary,2.0,nan,True
1600082702,1600082743,0,2,4,4,82.46458923512749,Critical,54.66448213571518,residential,nan,nan,False
2244850193,2244850230,0,0,0,0,0.0,Low,19.447428393540903,residential,nan,nan,False
2248506129,2248506150,0,0,0,0,0.0,Low,38.97852260355262,residential,nan,nan,False
2464023110,9184290485,0,1,1,2,38.1586402266289,Medium,183.2354748593584,residential,nan,nan,False
2220746629,1796697769,0,1,1,0,29.272898961284238,Medium,43.88737777800223,secondary,nan,nan,True
3168015473,388584249,0,1,5,4,67.12936732766761,High,94.87937780234157,residential,nan,nan,False
2247837911,2247837901,0,0,0,0,0.0,Low,45.34619667575782,residential,nan,nan,False
2668105134,2668105131,0,1,1,3,41.1614730878187,Medium,42.319613490282144,residential,nan,nan,False
7121595628,7121595624,0,7,11,13,94.62700661000945,Critical,55.02597072334763,residential,nan,nan,False
1338352911,6152709215,0,0,0,0,0.0,Low,31.194693114388905,residential,nan,nan,False
1557150557,1557150551,0,0,0,0,0.0,Low,29.870582382187123,residential,nan,nan,False
7451455940,514302601,0,0,0,0,0.0,Low,36.87668900511827,residential,nan,nan,False
10081350663,10081350673,0,0,0,0,0.0,Low,128.429678872083,residential,nan,nan,False
7331215088,4032342086,0,2,4,5,83.93767705382437,Critical,154.57205027242446,residential,nan,nan,False
1537837712,1537837703,0,0,0,0,0.0,Low,185.17293451623974,residential,nan,nan,False
2451391144,2451391071,0,0,0,0,0.0,Low,29.59523775541929,residential,nan,nan,False
4973105485,4973105484,0,1,1,0,29.272898961284238,Medium,47.75617084214138,residential,nan,nan,False
3036852123,3036852095,0,0,0,0,0.0,Low,214.69814873081796,residential,nan,nan,False
7372811312,7372811311,0,0,0,0,0.0,Low,67.63974814429776,residential,nan,nan,False
430043741,10848479271,0,1,3,1,49.405099150141645,Medium,230.15472249578443,secondary,nan,nan,True
4316638609,2802624220,0,0,0,0,0.0,Low,61.665513943006275,tertiary,nan,nan,False
266274986,10094586223,0,1,1,4,43.31444759206799,Medium,178.84939914973077,residential,nan,nan,False
1595757981,1595758086,0,0,0,0,0.0,Low,43.18744506352848,residential,nan,nan,False
1572423985,1572423995,0,0,0,0,0.0,Low,69.92002937303518,residential,nan,nan,False
4948430333,13105804913,0,1,1,2,38.1586402266289,Medium,130.42870324828945,tertiary,4.0,60.0,False
2464033450,574368994,0,1,1,2,38.1586402266289,Medium,189.12485759403972,tertiary,nan,nan,False
1485714957,13238383942,0,1,3,1,49.405099150141645,Medium,24.9950505547807,residential,nan,nan,False
9778491238,9778491242,0,12,26,23,96.69499527856468,Critical,35.15966884563061,residential,nan,nan,False
1569081486,766836612,0,1,5,5,68.60245514636449,High,79.02141055560706,residential,nan,nan,False
1388142956,12167541924,0,0,0,0,0.0,Low,35.93534899581544,residential,nan,nan,False
10029047569,1586879198,0,1,1,0,29.272898961284238,Medium,105.29668937518944,residential,nan,nan,False
10017990152,10062966630,0,0,0,0,0.0,Low,35.39406744705486,tertiary,nan,nan,False
10996777702,6180297958,0,1,5,2,61.97355996222852,High,92.31680917215192,residential,nan,nan,False
2248506232,2248506208,0,1,1,3,41.1614730878187,Medium,200.76758814466984,tertiary,nan,nan,False
11505339842,430127803,0,0,0,0,0.0,Low,41.039345757376964,trunk,3,60,True
7463488412,7463684265,0,1,3,1,49.405099150141645,Medium,487.633313891388,tertiary,nan,nan,False
9189021167,10091468077,0,0,0,0,0.0,Low,38.564427136433125,residential,nan,nan,False
2225132092,7265786665,0,1,1,0,29.272898961284238,Medium,25.664602797983,residential,nan,nan,False
1559233678,1559233161,0,0,0,0,0.0,Low,35.248596334865766,residential,nan,nan,False
12956032840,13907778644,0,1,3,4,58.72521246458924,High,88.5722726458614,living_street,nan,nan,False
6528479928,6528479929,0,0,0,0,0.0,Low,35.16897304225683,residential,nan,nan,False
618528488,618528487,0,0,0,0,0.0,Low,111.11644345503694,residential,nan,nan,False
6518562659,6518562661,0,0,0,0,0.0,Low,83.78710689955533,residential,nan,nan,False
3872475873,3872498882,0,1,1,0,29.272898961284238,Medium,116.51859502905272,residential,nan,nan,False
1575647639,1575647602,0,0,0,0,0.0,Low,36.275257822060375,residential,nan,nan,False
10072721852,10072721853,0,1,1,1,33.9943342776204,Medium,52.23879077368173,residential,nan,nan,False
12193963946,6194291537,0,0,0,0,0.0,Low,100.0207787576834,residential,nan,nan,False
1859880540,1859880547,0,1,1,1,33.9943342776204,Medium,112.98935013275334,residential,nan,nan,False
12300657068,12993646207,0,1,5,4,67.12936732766761,High,224.524802907184,primary,2.0,nan,True
1548807119,10063849796,0,1,1,2,38.1586402266289,Medium,45.670455425716455,residential,nan,nan,False
1383118854,1383118621,0,1,5,3,64.97639282341832,High,42.10170133500585,residential,nan,40.0,False
5358270287,2221233163,0,0,0,0,0.0,Low,4.620258606652332,residential,nan,nan,False
7477677629,1365464817,0,1,3,3,56.57223796033995,High,26.86498940734438,tertiary,2.0,nan,False
3034669980,3034669979,0,1,1,1,33.9943342776204,Medium,161.236689902554,residential,nan,nan,False
7452904592,7483009491,0,3,5,3,84.65533522190746,Critical,354.2980000654279,residential,nan,nan,False
266163778,306617302,0,0,0,0,0.0,Low,62.16110847005272,tertiary,nan,nan,False
4899601801,13965193701,0,0,0,0,0.0,Low,58.110135599533216,trunk,2,nan,True
490481776,3148776352,0,0,0,0,0.0,Low,19.589254250411578,residential,nan,nan,False
7410686812,7410686807,0,0,0,0,0.0,Low,35.3913692658189,residential,nan,nan,False
6528148984,6528167685,0,1,3,1,49.405099150141645,Medium,31.88100216355099,residential,nan,nan,False
306612052,5267822917,0,0,0,0,0.0,Low,33.225342498673264,residential,nan,nan,False
13088924516,9994790365,0,1,1,1,33.9943342776204,Medium,316.67350568359313,secondary,2.0,40.0,True
13130934764,13130934766,0,17,35,37,97.85646836638338,Critical,53.35656236755953,residential,nan,nan,False
10168242773,10168242772,0,0,0,0,0.0,Low,20.247332229096088,residential,nan,nan,False
10042440765,10075313301,0,0,0,0,0.0,Low,51.374519876155894,residential,nan,nan,False
1817556145,3872407424,0,0,0,0,0.0,Low,103.30452851800524,residential,nan,nan,False
1446267676,1534873559,0,0,0,0,0.0,Low,115.28546051634682,residential,nan,nan,False
1595757926,9780514501,0,0,0,0,0.0,Low,140.2282473350006,residential,nan,nan,False
1559013091,483412681,0,1,1,1,33.9943342776204,Medium,103.96331782338378,tertiary,nan,nan,False
308448870,960247083,0,1,1,0,29.272898961284238,Medium,81.55533144947498,tertiary,nan,nan,False
529359357,529359355,0,0,0,0,0.0,Low,55.31839378757361,residential,nan,nan,False
9901476095,9901476094,0,1,1,2,38.1586402266289,Medium,36.34446957794321,residential,nan,nan,False
4950655435,4950714188,0,1,1,3,41.1614730878187,Medium,213.32392608479432,tertiary,nan,nan,False
2227864948,11145447566,0,0,0,0,0.0,Low,22.55902041878283,residential,nan,nan,False
1551998956,1650372137,0,0,0,0,0.0,Low,39.63026499908005,residential,nan,nan,False
13790920645,13790920642,0,0,0,0,0.0,Low,42.84558925937711,residential,nan,nan,False
459781826,955988627,0,0,0,0,0.0,Low,28.327936321776956,residential,nan,nan,False
472595277,385619738,0,1,1,3,41.1614730878187,Medium,378.4272610315056,tertiary,nan,nan,True
10055273087,10108338629,0,0,0,0,0.0,Low,18.94205953131387,residential,nan,nan,False
11121286748,11121286749,0,2,4,0,68.42304060434373,High,47.03130009684124,residential,nan,nan,False
6521888756,1309736989,0,1,5,2,61.97355996222852,High,55.95240184625804,secondary,nan,nan,False
10063041788,10063041786,0,0,0,0,0.0,Low,14.053050917905086,residential,nan,nan,False
9953920276,13380680073,0,1,3,2,53.56940509915015,High,53.14650564525244,tertiary,nan,nan,True
1625433776,10303999378,0,1,5,3,64.97639282341832,High,358.806628679503,tertiary,nan,nan,False
264845751,2206930282,0,1,1,5,44.78753541076488,Medium,175.6737566977658,secondary,2.0,nan,False
2244947611,7263189859,0,1,1,2,38.1586402266289,Medium,275.5228411126021,residential,nan,nan,False
7175175831,7175175830,0,1,1,0,29.272898961284238,Medium,30.204306330584007,residential,nan,nan,False
2645311181,2645311175,0,1,3,0,44.68366383380548,Medium,121.0241793780321,residential,nan,nan,False
1575647563,10060196480,0,0,0,0,0.0,Low,49.14951494181062,residential,nan,nan,False
1387622147,4824685916,0,1,3,2,53.56940509915015,High,419.2153951383521,tertiary,nan,40.0,True
10148895277,1088515849,0,1,1,4,43.31444759206799,Medium,174.50846648289084,residential,nan,20.0,False
292569173,7465485353,0,1,1,2,38.1586402266289,Medium,96.35131826967093,residential,nan,nan,False
7331215051,7265999725,0,3,7,4,90.28328611898016,Critical,50.73133286638016,residential,nan,nan,False
1650435046,1386329214,0,0,0,0,0.0,Low,196.36536093079462,residential,nan,nan,False
10060658621,459656144,0,0,0,0,0.0,Low,99.89979508094984,residential,nan,nan,False
459820538,10060517217,0,0,0,0,0.0,Low,139.12693659567515,residential,nan,nan,False
7379691652,2460238670,0,0,0,0,0.0,Low,15.029044944962921,secondary,nan,nan,False
10094802602,10094802601,0,1,1,2,38.1586402266289,Medium,27.016978218476744,residential,nan,nan,False
461755098,2631157972,0,0,0,0,0.0,Low,67.04157571409982,residential,nan,nan,False
10017911715,567309870,0,0,0,0,0.0,Low,128.1558897852837,residential,nan,nan,False
6194833882,1488368812,0,0,0,0,0.0,Low,34.17678006348162,residential,nan,nan,False
6504533922,308924477,0,1,1,3,41.1614730878187,Medium,220.13569059436105,tertiary,nan,nan,False
1442364626,5276879771,0,0,0,0,0.0,Low,23.279023074530883,residential,nan,nan,False
7428520708,7413982747,0,1,3,1,49.405099150141645,Medium,33.857932045718165,secondary,nan,nan,False
11818189318,11818189319,0,1,3,3,56.57223796033995,High,33.2595135312627,residential,nan,nan,False
1492519184,248459829,0,1,3,0,44.68366383380548,Medium,216.9934099581629,tertiary,2.0,25.0,True
9885134948,9885134947,0,0,0,0,0.0,Low,48.00746307409977,residential,nan,nan,False
11932127246,11932127245,0,5,13,8,94.0982058545798,Critical,122.31063979651982,residential,nan,nan,False
7441193578,10229690104,0,3,5,6,88.98016997167139,Critical,432.7239524968334,secondary,2.0,nan,True
10091380875,10091380876,0,0,0,0,0.0,Low,35.45265217112275,residential,nan,nan,False
1037983090,7121447799,0,0,0,0,0.0,Low,22.241606240939717,residential,nan,nan,False
4950818807,4479375777,0,2,6,6,90.62322946175638,Critical,76.12102316368124,residential,nan,nan,False
10026249602,10026249601,0,0,0,0,0.0,Low,20.192994150410467,residential,nan,nan,False
4308356541,269710413,0,1,1,1,33.9943342776204,Medium,488.9046697688633,tertiary,nan,nan,True
2125916093,5206524836,0,0,0,0,0.0,Low,7.606631472831294,residential,nan,nan,False
10207288621,6434094655,0,1,3,1,49.405099150141645,Medium,27.21736418544675,residential,nan,nan,False
9184318023,574368921,0,1,1,2,38.1586402266289,Medium,116.8121600319272,tertiary,nan,nan,False
1681844123,335643616,0,1,1,0,29.272898961284238,Medium,213.70837796279253,residential,nan,nan,False
292571164,292571165,0,1,1,0,29.272898961284238,Medium,140.541390862304,secondary,2.0,nan,False
3039042395,3039042396,0,0,0,0,0.0,Low,24.038933752102267,residential,nan,nan,False
3872554315,3872554316,0,1,1,3,41.1614730878187,Medium,75.01068715315822,residential,nan,nan,False
1522843057,1522842770,0,0,0,0,0.0,Low,80.86599160948613,residential,nan,nan,False
2108906868,2108906871,0,1,1,1,33.9943342776204,Medium,41.58795939001213,residential,nan,nan,False
11669547569,10824347341,0,14,26,22,96.98772426817752,Critical,195.96900232220992,trunk,2.0,60.0,True
1326253034,7485602302,0,0,0,0,0.0,Low,33.65302119964366,residential,nan,nan,False
2641950444,2641948118,0,2,6,0,74.409820585458,High,20.060832005856764,residential,nan,nan,False
10057802003,10057802002,0,1,1,1,33.9943342776204,Medium,51.335565442250456,residential,nan,nan,False
10156563830,10156563832,0,0,0,0,0.0,Low,19.880609707549684,residential,nan,nan,False
10039286896,10039286897,0,0,0,0,0.0,Low,28.9664734553303,residential,nan,nan,False
2248664475,10081303331,0,1,1,2,38.1586402266289,Medium,53.33436174782456,residential,nan,nan,False
9784696353,11404888322,0,7,13,4,91.9830028328612,Critical,55.914109194528734,residential,nan,nan,False
2247897211,10044674437,0,0,0,0,0.0,Low,118.79988276601537,residential,nan,nan,False
2246195508,2246195512,0,0,0,0,0.0,Low,35.29070139443764,residential,nan,nan,False
736207469,736207281,0,1,3,2,53.56940509915015,High,193.55936494895136,residential,nan,nan,False
6168014532,2247917496,0,0,0,0,0.0,Low,30.60326031813331,residential,nan,nan,False
2247897408,2247897399,0,1,1,1,33.9943342776204,Medium,61.15901905997757,residential,nan,nan,False
11443159481,7357555480,0,0,0,0,0.0,Low,141.06647653814838,residential,nan,nan,False
3942868673,3942868672,0,1,5,1,57.80925401322001,High,90.46453234468092,residential,nan,nan,False
10060830779,1600131656,0,0,0,0,0.0,Low,37.380827484901666,residential,nan,nan,False
10020079518,1584612333,0,0,0,0,0.0,Low,45.12080388485643,residential,nan,nan,False
1551996909,1551996938,0,0,0,0,0.0,Low,82.84640973785858,residential,nan,nan,False
1588411334,1588411750,0,0,0,0,0.0,Low,150.11220972006015,residential,nan,nan,False
10209515909,269699229,0,1,1,1,33.9943342776204,Medium,32.46602104370146,residential,nan,nan,False
