u,v,key,accident_count,severity_score,total_casualties,frequency_norm,severity_norm,casualty_norm,risk_score,risk_level,road_length,highway,lanes,maxspeed,oneway,frequency_rank,severity_rank,casualty_rank
62011481,334473795,0,1,1,0,0.0,0.0,0.0,29.272898961284234,Medium,174.5377488198285,residential,2.0,,True,0.43248347497639283,0.24173748819641172,0.11520302171860246
247974066,247974064,0,1,1,2,0.0,0.0,0.0093896713615023,38.1586402266289,Medium,277.627915542417,trunk,2.0,,True,0.43248347497639283,0.24173748819641172,0.5594900849858357
248459812,248459811,0,1,1,1,0.0,0.0,0.0046948356807511,33.994334277620396,Medium,187.35522397938067,secondary,2.0,25.0,True,0.43248347497639283,0.24173748819641172,0.35127478753541075
248459877,248455485,0,1,1,0,0.0,0.0,0.0,29.272898961284234,Medium,113.19620720360308,primary,,40.0,True,0.43248347497639283,0.24173748819641172,0.11520302171860246
248525409,10289145755,0,1,1,0,0.0,0.0,0.0,29.272898961284234,Medium,212.3759002784845,primary,2.0,,True,0.43248347497639283,0.24173748819641172,0.11520302171860246
248810153,503975983,0,1,3,3,0.0,0.0074349442379182,0.0140845070422535,56.57223796033995,High,120.7790508386286,residential,,,False,0.43248347497639283,0.6270066100094429,0.7096317280453258
249075659,303935969,0,1,1,1,0.0,0.0,0.0046948356807511,33.994334277620396,Medium,209.64147750351088,secondary,,,True,0.43248347497639283,0.24173748819641172,0.35127478753541075
249137583,1277414198,0,1,1,0,0.0,0.0,0.0,29.272898961284234,Medium,115.32273046791175,residential,,,False,0.43248347497639283,0.24173748819641172,0.11520302171860246
249585508,3533173819,0,1,3,1,0.0,0.0074349442379182,0.0046948356807511,49.405099150141645,Medium,46.28309752906007,primary,,,True,0.43248347497639283,0.6270066100094429,0.35127478753541075
249775639,4830093914,0,1,3,1,0.0,0.0074349442379182,0.0046948356807511,49.405099150141645,Medium,50.8433948039372,residential,,,False,0.43248347497639283,0.6270066100094429,0.35127478753541075
251104952,325107559,0,1,1,4,0.0,0.0,0.0187793427230046,43.31444759206799,Medium,427.2426178117555,tertiary,2.0,30.0,True,0.43248347497639283,0.24173748819641172,0.8172804532577904
251106828,251106717,0,1,1,1,0.0,0.0,0.0046948356807511,33.994334277620396,Medium,662.4216781085174,residential,,30.0,False,0.43248347497639283,0.24173748819641172,0.35127478753541075
254665655,10121050217,0,1,1,2,0.0,0.0,0.0093896713615023,38.1586402266289,Medium,346.5836621198856,primary,2.0,,True,0.43248347497639283,0.24173748819641172,0.5594900849858357
264845751,2206930282,0,1,1,5,0.0,0.0,0.0234741784037558,44.787535410764875,Medium,175.6737566977658,secondary,2.0,,False,0.43248347497639283,0.24173748819641172,0.8909348441926346
266274986,10094586223,0,1,1,4,0.0,0.0,0.0187793427230046,43.31444759206799,Medium,178.84939914973077,residential,,,False,0.43248347497639283,0.24173748819641172,0.8172804532577904
267216122,267216110,0,3,7,6,0.016260162601626,0.0223048327137546,0.028169014084507,92.45514636449481,Critical,320.7479258824096,tertiary,2.0,,False,0.9244570349386213,0.9239848914069877,0.9258734655335222
267217102,267217059,0,1,1,0,0.0,0.0,0.0,29.272898961284234,Medium,663.449752967844,secondary,,,True,0.43248347497639283,0.24173748819641172,0.11520302171860246
272717139,3034593622,0,1,5,3,0.0,0.0148698884758364,0.0140845070422535,64.97639282341832,High,130.4691319597073,residential,,,False,0.43248347497639283,0.8371104815864022,0.7096317280453258
287899763,287897029,0,1,1,5,0.0,0.0,0.0234741784037558,44.787535410764875,Medium,287.30529595387446,tertiary,,,False,0.43248347497639283,0.24173748819641172,0.8909348441926346
292563598,11888184756,0,30,62,39,0.2357723577235772,0.2267657992565055,0.1830985915492957,98.77242681775262,Critical,17.86430103110427,secondary,,,True,0.990084985835694,0.9872521246458924,0.983947119924457
292569173,7465485353,0,1,1,2,0.0,0.0,0.0093896713615023,38.1586402266289,Medium,96.35131826967093,residential,,,False,0.43248347497639283,0.24173748819641172,0.5594900849858357
292571164,292571165,0,1,1,0,0.0,0.0,0.0,29.272898961284234,Medium,140.541390862304,secondary,2.0,,False,0.43248347497639283,0.24173748819641172,0.11520302171860246
298774979,269699408,0,1,3,0,0.0,0.0074349442379182,0.0,44.68366383380548,Medium,181.78666209747425,residential,2.0,,False,0.43248347497639283,0.6270066100094429,0.11520302171860246
298774979,269699862,0,1,5,2,0.0,0.0148698884758364,0.0093896713615023,61.97355996222852,High,125.9456099401534,residential,,,False,0.43248347497639283,0.8371104815864022,0.5594900849858357
298830791,298774979,0,1,3,0,0.0,0.0074349442379182,0.0,44.68366383380548,Medium,360.8386891987684,residential,2.0,,False,0.43248347497639283,0.6270066100094429,0.11520302171860246
303916736,303916859,0,1,3,3,0.0,0.0074349442379182,0.0140845070422535,56.57223796033995,High,262.1582013613282,residential,,,False,0.43248347497639283,0.6270066100094429,0.7096317280453258
303975877,459820551,0,1,3,3,0.0,0.0074349442379182,0.0140845070422535,56.57223796033995,High,38.18298262149907,residential,,,False,0.43248347497639283,0.6270066100094429,0.7096317280453258
306587086,1088037381,0,1,1,0,0.0,0.0,0.0,29.272898961284234,Medium,267.7114255856764,tertiary,,,True,0.43248347497639283,0.24173748819641172,0.11520302171860246
306589626,3931954080,0,1,1,0,0.0,0.0,0.0,29.272898961284234,Medium,135.66698606575312,secondary,2.0,,False,0.43248347497639283,0.24173748819641172,0.11520302171860246
306617098,266276754,0,1,1,2,0.0,0.0,0.0093896713615023,38.1586402266289,Medium,121.92150770117104,residential,,,False,0.43248347497639283,0.24173748819641172,0.5594900849858357
308063937,10081235960,0,1,3,1,0.0,0.0074349442379182,0.0046948356807511,49.405099150141645,Medium,1696.356320419458,secondary,,,False,0.43248347497639283,0.6270066100094429,0.35127478753541075
308229996,11446070485,0,1,1,0,0.0,0.0,0.0,29.272898961284234,Medium,95.2232116754552,tertiary,2.0,,True,0.43248347497639283,0.24173748819641172,0.11520302171860246
308230869,960247494,0,1,5,3,0.0,0.0148698884758364,0.0140845070422535,64.97639282341832,High,26.8960958223504,secondary,2.0,40.0,False,0.43248347497639283,0.8371104815864022,0.7096317280453258
308231942,426941479,0,1,1,2,0.0,0.0,0.0093896713615023,38.1586402266289,Medium,140.15538226455504,secondary,,,False,0.43248347497639283,0.24173748819641172,0.5594900849858357
308448870,960247083,0,1,1,0,0.0,0.0,0.0,29.272898961284234,Medium,81.55533144947498,tertiary,,,False,0.43248347497639283,0.24173748819641172,0.11520302171860246
308448881,959253530,0,1,3,0,0.0,0.0074349442379182,0.0,44.68366383380548,Medium,186.04990932875396,residential,,,False,0.43248347497639283,0.6270066100094429,0.11520302171860246
308448882,959510088,0,1,1,3,0.0,0.0,0.0140845070422535,41.1614730878187,Medium,99.7473373393118,secondary,2.0,,False,0.43248347497639283,0.24173748819641172,0.7096317280453258
308461043,362471357,0,1,1,4,0.0,0.0,0.0187793427230046,43.31444759206799,Medium,164.0392368773857,residential,,,False,0.43248347497639283,0.24173748819641172,0.8172804532577904
308466204,2550219096,0,1,3,2,0.0,0.0074349442379182,0.0093896713615023,53.569405099150146,High,115.41899620931784,residential,,,False,0.43248347497639283,0.6270066100094429,0.5594900849858357
308468446,308468528,0,1,3,1,0.0,0.0074349442379182,0.0046948356807511,49.405099150141645,Medium,61.16872212504141,residential,,,False,0.43248347497639283,0.6270066100094429,0.35127478753541075
308807686,309595874,0,1,3,0,0.0,0.0074349442379182,0.0,44.68366383380548,Medium,208.2147516883581,tertiary,,,False,0.43248347497639283,0.6270066100094429,0.11520302171860246
309596299,249075221,0,1,1,2,0.0,0.0,0.0093896713615023,38.1586402266289,Medium,90.26433375632418,tertiary,,,True,0.43248347497639283,0.24173748819641172,0.5594900849858357
312440405,312426612,0,1,5,3,0.0,0.0148698884758364,0.0140845070422535,64.97639282341832,High,119.15580717372234,residential,2.0,,False,0.43248347497639283,0.8371104815864022,0.7096317280453258
313460477,306618704,0,1,1,0,0.0,0.0,0.0,29.272898961284234,Medium,74.97054090117153,tertiary,4.0,,False,0.43248347497639283,0.24173748819641172,0.11520302171860246
331151839,331151836,0,1,1,2,0.0,0.0,0.0093896713615023,38.1586402266289,Medium,237.1010918597121,tertiary,,,False,0.43248347497639283,0.24173748819641172,0.5594900849858357
333512467,11896576907,0,1,3,3,0.0,0.0074349442379182,0.0140845070422535,56.57223796033995,High,130.42852600393746,tertiary,,,False,0.43248347497639283,0.6270066100094429,0.7096317280453258
343601824,6194946707,0,1,1,1,0.0,0.0,0.0046948356807511,33.994334277620396,Medium,107.0923631534382,residential,,,False,0.43248347497639283,0.24173748819641172,0.35127478753541075
352930062,9903952376,0,1,1,1,0.0,0.0,0.0046948356807511,33.994334277620396,Medium,716.9438528955988,tertiary,,,True,0.43248347497639283,0.24173748819641172,0.35127478753541075
355840357,7410650516,0,1,1,0,0.0,0.0,0.0,29.272898961284234,Medium,67.43025688199107,tertiary,,,False,0.43248347497639283,0.24173748819641172,0.11520302171860246
364644500,364644685,0,1,1,1,0.0,0.0,0.0046948356807511,33.994334277620396,Medium,88.12926956214358,residential,,,False,0.43248347497639283,0.24173748819641172,0.35127478753541075
378714706,10951087533,0,1,1,0,0.0,0.0,0.0,29.272898961284234,Medium,352.40272307476295,primary,,,False,0.43248347497639283,0.24173748819641172,0.11520302171860246
387554418,387554424,0,1,3,0,0.0,0.0074349442379182,0.0,44.68366383380548,Medium,57.16475694651817,residential,,,False,0.43248347497639283,0.6270066100094429,0.11520302171860246
391929261,4490108936,0,2,2,3,0.008130081300813,0.0037174721189591,0.0140845070422535,69.41454202077432,High,430.1028380333456,primary,2.0,50.0,True,0.8899905571293674,0.49055712936732765,0.7096317280453258
412944373,412944366,0,1,1,4,0.0,0.0,0.0187793427230046,43.31444759206799,Medium,113.8953148234382,residential,,,False,0.43248347497639283,0.24173748819641172,0.8172804532577904
419638216,10750192276,0,1,5,1,0.0,0.0148698884758364,0.0046948356807511,57.80925401322001,High,307.57796248842726,residential,,,False,0.43248347497639283,0.8371104815864022,0.35127478753541075
426941437,6904564288,0,1,3,1,0.0,0.0074349442379182,0.0046948356807511,49.405099150141645,Medium,148.2794302596757,secondary,,,True,0.43248347497639283,0.6270066100094429,0.35127478753541075
426962404,427593220,0,1,1,0,0.0,0.0,0.0,29.272898961284234,Medium,92.84438252266138,residential,,,False,0.43248347497639283,0.24173748819641172,0.11520302171860246
427593190,427593191,0,1,1,1,0.0,0.0,0.0046948356807511,33.994334277620396,Medium,72.10633350251206,residential,,,False,0.43248347497639283,0.24173748819641172,0.35127478753541075
428457171,428457162,0,1,3,0,0.0,0.0074349442379182,0.0,44.68366383380548,Medium,254.250079535278,primary,2.0,,True,0.43248347497639283,0.6270066100094429,0.11520302171860246
429001126,456181470,0,1,3,1,0.0,0.0074349442379182,0.0046948356807511,49.405099150141645,Medium,96.31999240715692,tertiary,,20.0,True,0.43248347497639283,0.6270066100094429,0.35127478753541075
429001244,10121158788,0,1,1,2,0.0,0.0,0.0093896713615023,38.1586402266289,Medium,71.96271259730108,tertiary,2.0,,True,0.43248347497639283,0.24173748819641172,0.5594900849858357
429286749,429286745,0,1,1,1,0.0,0.0,0.0046948356807511,33.994334277620396,Medium,124.94511203443552,residential,,,False,0.43248347497639283,0.24173748819641172,0.35127478753541075
429780762,429780764,0,1,1,3,0.0,0.0,0.0140845070422535,41.1614730878187,Medium,116.54419242931596,tertiary,2.0,,False,0.43248347497639283,0.24173748819641172,0.7096317280453258
430043664,12075650278,0,1,3,2,0.0,0.0074349442379182,0.0093896713615023,53.569405099150146,High,362.5789404104417,secondary,2.0,,False,0.43248347497639283,0.6270066100094429,0.5594900849858357
430043741,10848479271,0,1,3,1,0.0,0.0074349442379182,0.0046948356807511,49.405099150141645,Medium,230.15472249578443,secondary,,,True,0.43248347497639283,0.6270066100094429,0.35127478753541075
431536109,10094639268,0,1,3,1,0.0,0.0074349442379182,0.0046948356807511,49.405099150141645,Medium,358.1983370414652,residential,,30.0,False,0.43248347497639283,0.6270066100094429,0.35127478753541075
433824950,12740700861,0,2,2,3,0.008130081300813,0.0037174721189591,0.0140845070422535,69.41454202077432,High,710.2869173095183,tertiary,,,False,0.8899905571293674,0.49055712936732765,0.7096317280453258
442107171,442107170,0,1,3,0,0.0,0.0074349442379182,0.0,44.68366383380548,Medium,203.63781445011196,tertiary,,,False,0.43248347497639283,0.6270066100094429,0.11520302171860246
442437528,442438064,0,1,1,3,0.0,0.0,0.0140845070422535,41.1614730878187,Medium,159.567932503021,residential,,,False,0.43248347497639283,0.24173748819641172,0.7096317280453258
442437656,442437657,0,1,1,2,0.0,0.0,0.0093896713615023,38.1586402266289,Medium,43.895496395077885,residential,,,False,0.43248347497639283,0.24173748819641172,0.5594900849858357
442438288,1572978285,0,1,5,5,0.0,0.0148698884758364,0.0234741784037558,68.60245514636449,High,53.69825705481789,tertiary,,,False,0.43248347497639283,0.8371104815864022,0.8909348441926346
443262608,6755797922,0,1,1,4,0.0,0.0,0.0187793427230046,43.31444759206799,Medium,457.3826696460829,tertiary,,,False,0.43248347497639283,0.24173748819641172,0.8172804532577904
443655369,443655368,0,1,1,2,0.0,0.0,0.0093896713615023,38.1586402266289,Medium,61.073042362730135,residential,,,False,0.43248347497639283,0.24173748819641172,0.5594900849858357
446860604,1553419962,0,1,1,4,0.0,0.0,0.0187793427230046,43.31444759206799,Medium,81.75475440952656,tertiary,,,False,0.43248347497639283,0.24173748819641172,0.8172804532577904
448116510,446860596,0,1,1,5,0.0,0.0,0.0234741784037558,44.787535410764875,Medium,266.8145496322858,tertiary,,,False,0.43248347497639283,0.24173748819641172,0.8909348441926346
448306751,448306747,0,1,1,2,0.0,0.0,0.0093896713615023,38.1586402266289,Medium,134.60013108166254,residential,,,False,0.43248347497639283,0.24173748819641172,0.5594900849858357
454141778,7435569343,0,1,1,0,0.0,0.0,0.0,29.272898961284234,Medium,144.66104534178035,residential,,,False,0.43248347497639283,0.24173748819641172,0.11520302171860246
456029935,456029936,0,1,1,2,0.0,0.0,0.0093896713615023,38.1586402266289,Medium,74.48197712113812,residential,,,False,0.43248347497639283,0.24173748819641172,0.5594900849858357
456086229,456086228,0,1,1,2,0.0,0.0,0.0093896713615023,38.1586402266289,Medium,125.59867219778609,residential,,,False,0.43248347497639283,0.24173748819641172,0.5594900849858357
456156849,12153028221,0,1,5,1,0.0,0.0148698884758364,0.0046948356807511,57.80925401322001,High,103.57940600606852,tertiary,2.0,,True,0.43248347497639283,0.8371104815864022,0.35127478753541075
456181456,429001097,0,2,8,1,0.008130081300813,0.0260223048327137,0.0046948356807511,79.8300283286119,Critical,163.48963071540214,tertiary,,,True,0.8899905571293674,0.9301227573182247,0.35127478753541075
456181620,10026725121,0,1,5,5,0.0,0.0148698884758364,0.0234741784037558,68.60245514636449,High,13.418320177290202,residential,,,False,0.43248347497639283,0.8371104815864022,0.8909348441926346
459781826,459781803,0,1,1,4,0.0,0.0,0.0187793427230046,43.31444759206799,Medium,259.7277728473277,tertiary,,,False,0.43248347497639283,0.24173748819641172,0.8172804532577904
459793770,459793820,0,1,1,2,0.0,0.0,0.0093896713615023,38.1586402266289,Medium,23.861061434646263,residential,,,False,0.43248347497639283,0.24173748819641172,0.5594900849858357
459801176,459801125,0,1,3,0,0.0,0.0074349442379182,0.0,44.68366383380548,Medium,208.5202703753651,tertiary,,,False,0.43248347497639283,0.6270066100094429,0.11520302171860246
459815975,248455457,0,1,5,4,0.0,0.0148698884758364,0.0187793427230046,67.12936732766761,High,354.9964516402959,tertiary,2.0,30.0,False,0.43248347497639283,0.8371104815864022,0.8172804532577904
461754752,461754742,0,1,1,0,0.0,0.0,0.0,29.272898961284234,Medium,31.57747268608333,residential,,,False,0.43248347497639283,0.24173748819641172,0.11520302171860246
461789832,461789835,0,1,1,4,0.0,0.0,0.0187793427230046,43.31444759206799,Medium,123.89991316316188,residential,2.0,,False,0.43248347497639283,0.24173748819641172,0.8172804532577904
463393075,463393205,0,1,3,0,0.0,0.0074349442379182,0.0,44.68366383380548,Medium,108.10778364558006,tertiary,,,False,0.43248347497639283,0.6270066100094429,0.11520302171860246
463681063,426941403,0,1,1,2,0.0,0.0,0.0093896713615023,38.1586402266289,Medium,51.84791706713294,tertiary,,,False,0.43248347497639283,0.24173748819641172,0.5594900849858357
463681269,463681271,0,1,3,4,0.0,0.0074349442379182,0.0187793427230046,58.72521246458924,High,100.7090483150497,residential,,,False,0.43248347497639283,0.6270066100094429,0.8172804532577904
472595277,385619738,0,1,1,3,0.0,0.0,0.0140845070422535,41.1614730878187,Medium,378.4272610315056,tertiary,,,True,0.43248347497639283,0.24173748819641172,0.7096317280453258
483411896,483412014,0,1,1,0,0.0,0.0,0.0,29.272898961284234,Medium,56.429593153061845,tertiary,,,False,0.43248347497639283,0.24173748819641172,0.11520302171860246
493530832,248766831,0,1,5,2,0.0,0.0148698884758364,0.0093896713615023,61.97355996222852,High,305.79429918370806,secondary,2.0,,True,0.43248347497639283,0.8371104815864022,0.5594900849858357
503065534,305091596,0,1,5,4,0.0,0.0148698884758364,0.0187793427230046,67.12936732766761,High,154.9541891820731,residential,,,False,0.43248347497639283,0.8371104815864022,0.8172804532577904
503260639,503260583,0,1,3,3,0.0,0.0074349442379182,0.0140845070422535,56.57223796033995,High,123.4306529280774,residential,,,False,0.43248347497639283,0.6270066100094429,0.7096317280453258
503260823,2039941750,0,1,5,2,0.0,0.0148698884758364,0.0093896713615023,61.97355996222852,High,147.1145064597925,residential,,,False,0.43248347497639283,0.8371104815864022,0.5594900849858357
503260914,503260912,0,1,3,0,0.0,0.0074349442379182,0.0,44.68366383380548,Medium,71.27745706451658,residential,,,False,0.43248347497639283,0.6270066100094429,0.11520302171860246
503471249,308230774,0,1,3,2,0.0,0.0074349442379182,0.0093896713615023,53.569405099150146,High,152.50681298658066,tertiary,2.0,,False,0.43248347497639283,0.6270066100094429,0.5594900849858357
520197469,7164393107,0,1,1,3,0.0,0.0,0.0140845070422535,41.1614730878187,Medium,246.97624655008715,tertiary,,,False,0.43248347497639283,0.24173748819641172,0.7096317280453258
521144213,598947957,0,1,3,0,0.0,0.0074349442379182,0.0,44.68366383380548,Medium,65.52900002656223,residential,,,False,0.43248347497639283,0.6270066100094429,0.11520302171860246
529277344,529018446,0,1,3,0,0.0,0.0074349442379182,0.0,44.68366383380548,Medium,166.530835316399,tertiary,,,False,0.43248347497639283,0.6270066100094429,0.11520302171860246
529359433,529359463,0,1,1,1,0.0,0.0,0.0046948356807511,33.994334277620396,Medium,201.6359888988605,residential,,,False,0.43248347497639283,0.24173748819641172,0.35127478753541075
529359463,529359461,0,1,1,1,0.0,0.0,0.0046948356807511,33.994334277620396,Medium,40.79330750722558,tertiary,,,False,0.43248347497639283,0.24173748819641172,0.35127478753541075
555674932,11408879537,0,1,1,2,0.0,0.0,0.0093896713615023,38.1586402266289,Medium,44.01247780268991,residential,,,False,0.43248347497639283,0.24173748819641172,0.5594900849858357
580250771,10028825558,0,1,1,0,0.0,0.0,0.0,29.272898961284234,Medium,451.9336900936879,residential,,,False,0.43248347497639283,0.24173748819641172,0.11520302171860246
582576111,582576095,0,1,1,2,0.0,0.0,0.0093896713615023,38.1586402266289,Medium,172.59264674092705,residential,,,False,0.43248347497639283,0.24173748819641172,0.5594900849858357
583463456,1942789828,0,1,3,0,0.0,0.0074349442379182,0.0,44.68366383380548,Medium,39.050555152644485,residential,,,False,0.43248347497639283,0.6270066100094429,0.11520302171860246
594599815,1384797785,0,1,5,1,0.0,0.0148698884758364,0.0046948356807511,57.80925401322001,High,52.4689399665447,residential,,,False,0.43248347497639283,0.8371104815864022,0.35127478753541075
597084152,597084032,0,1,3,4,0.0,0.0074349442379182,0.0187793427230046,58.72521246458924,High,114.94644371220842,primary_link,2.0,,True,0.43248347497639283,0.6270066100094429,0.8172804532577904
599212271,599212251,0,1,1,2,0.0,0.0,0.0093896713615023,38.1586402266289,Medium,129.84000472767036,residential,,,False,0.43248347497639283,0.24173748819641172,0.5594900849858357
599212655,599212654,0,1,3,1,0.0,0.0074349442379182,0.0046948356807511,49.405099150141645,Medium,59.98634709789608,residential,,,False,0.43248347497639283,0.6270066100094429,0.35127478753541075
599226644,599226647,0,1,1,0,0.0,0.0,0.0,29.272898961284234,Medium,246.75386873065767,residential,,,False,0.43248347497639283,0.24173748819641172,0.11520302171860246
616610402,7453315454,0,1,1,3,0.0,0.0,0.0140845070422535,41.1614730878187,Medium,762.6615113982639,tertiary,,,False,0.43248347497639283,0.24173748819641172,0.7096317280453258
618253127,11893410411,0,1,1,0,0.0,0.0,0.0,29.272898961284234,Medium,439.41143803914383,secondary,2.0,,True,0.43248347497639283,0.24173748819641172,0.11520302171860246
619175171,619176856,0,1,3,0,0.0,0.0074349442379182,0.0,44.68366383380548,Medium,109.21799971738425,secondary,2.0,,True,0.43248347497639283,0.6270066100094429,0.11520302171860246
631546901,631546932,0,1,3,1,0.0,0.0074349442379182,0.0046948356807511,49.405099150141645,Medium,92.83839544475067,residential,,,False,0.43248347497639283,0.6270066100094429,0.35127478753541075
631576920,631576941,0,1,3,1,0.0,0.0074349442379182,0.0046948356807511,49.405099150141645,Medium,151.74796252557604,residential,,,False,0.43248347497639283,0.6270066100094429,0.35127478753541075
652353468,7384902384,0,1,1,3,0.0,0.0,0.0140845070422535,41.1614730878187,Medium,53.93201448680232,residential,,,False,0.43248347497639283,0.24173748819641172,0.7096317280453258
665794086,3874448340,0,1,5,4,0.0,0.0148698884758364,0.0187793427230046,67.12936732766761,High,46.81783911603114,tertiary,,,False,0.43248347497639283,0.8371104815864022,0.8172804532577904
674076781,5661087699,0,1,1,4,0.0,0.0,0.0187793427230046,43.31444759206799,Medium,63.370917754729135,secondary,2.0,,False,0.43248347497639283,0.24173748819641172,0.8172804532577904
678585712,7456293912,0,1,3,0,0.0,0.0074349442379182,0.0,44.68366383380548,Medium,392.6350258254787,residential,,,False,0.43248347497639283,0.6270066100094429,0.11520302171860246
678585732,1469644102,0,1,1,2,0.0,0.0,0.0093896713615023,38.1586402266289,Medium,173.77331034030064,residential,,,False,0.43248347497639283,0.24173748819641172,0.5594900849858357
683067804,683067566,0,1,1,0,0.0,0.0,0.0,29.272898961284234,Medium,183.52371956110903,residential,,,False,0.43248347497639283,0.24173748819641172,0.11520302171860246
683067831,683067934,0,1,1,1,0.0,0.0,0.0046948356807511,33.994334277620396,Medium,143.46321104920216,residential,,,False,0.43248347497639283,0.24173748819641172,0.35127478753541075
683067997,12436675838,0,1,3,0,0.0,0.0074349442379182,0.0,44.68366383380548,Medium,129.53202193098022,residential,,,False,0.43248347497639283,0.6270066100094429,0.11520302171860246
699704342,1835530503,0,1,1,2,0.0,0.0,0.0093896713615023,38.1586402266289,Medium,817.2846391626423,trunk,2.0,60.0,True,0.43248347497639283,0.24173748819641172,0.5594900849858357
699722357,2250391934,0,1,3,0,0.0,0.0074349442379182,0.0,44.68366383380548,Medium,930.5509344150672,primary,3.0,80.0,True,0.43248347497639283,0.6270066100094429,0.11520302171860246
736207341,1212302832,0,1,3,4,0.0,0.0074349442379182,0.0187793427230046,58.72521246458924,High,79.28654626377221,residential,,,False,0.43248347497639283,0.6270066100094429,0.8172804532577904
736207377,736207313,0,1,1,2,0.0,0.0,0.0093896713615023,38.1586402266289,Medium,84.80595667776211,residential,,,False,0.43248347497639283,0.24173748819641172,0.5594900849858357
736207469,736207281,0,1,3,2,0.0,0.0074349442379182,0.0093896713615023,53.569405099150146,High,193.55936494895136,residential,,,False,0.43248347497639283,0.6270066100094429,0.5594900849858357
736207530,13373931597,0,1,3,0,0.0,0.0074349442379182,0.0,44.68366383380548,Medium,49.69131188287061,primary,2.0,,True,0.43248347497639283,0.6270066100094429,0.11520302171860246
737857061,737857272,0,1,3,3,0.0,0.0074349442379182,0.0140845070422535,56.57223796033995,High,141.14280293703746,residential,,,False,0.43248347497639283,0.6270066100094429,0.7096317280453258
747667394,7298937444,0,20,42,37,0.1544715447154471,0.1524163568773234,0.1737089201877934,98.19641170915958,Critical,99.7684027851038,residential,,,False,0.9830028328611898,0.9806421152030217,0.9825306893295562
766836088,12189381643,0,1,5,4,0.0,0.0148698884758364,0.0187793427230046,67.12936732766761,High,69.97809637081787,residential,,,False,0.43248347497639283,0.8371104815864022,0.8172804532577904
766836659,766836612,0,1,5,2,0.0,0.0148698884758364,0.0093896713615023,61.97355996222852,High,121.5491261559868,residential,,,False,0.43248347497639283,0.8371104815864022,0.5594900849858357
955696066,9937603726,0,1,1,0,0.0,0.0,0.0,29.272898961284234,Medium,377.8368118476869,primary,2.0,,True,0.43248347497639283,0.24173748819641172,0.11520302171860246
960246958,960247130,0,1,1,0,0.0,0.0,0.0,29.272898961284234,Medium,202.78223510471184,residential,,,False,0.43248347497639283,0.24173748819641172,0.11520302171860246
993020500,1727298843,0,1,5,5,0.0,0.0148698884758364,0.0234741784037558,68.60245514636449,High,276.3980833509826,tertiary,,,False,0.43248347497639283,0.8371104815864022,0.8909348441926346
1003719464,1003725908,0,1,3,0,0.0,0.0074349442379182,0.0,44.68366383380548,Medium,197.0908186497504,primary,2.0,,True,0.43248347497639283,0.6270066100094429,0.11520302171860246
1010036519,5692639491,0,1,3,3,0.0,0.0074349442379182,0.0140845070422535,56.57223796033995,High,734.7473540696728,primary,2.0,,True,0.43248347497639283,0.6270066100094429,0.7096317280453258
1037170545,1037174674,0,1,1,0,0.0,0.0,0.0,29.272898961284234,Medium,47.00132508213861,residential,,,False,0.43248347497639283,0.24173748819641172,0.11520302171860246
1104250537,10284858598,0,1,1,5,0.0,0.0,0.0234741784037558,44.787535410764875,Medium,345.5201185721174,primary,2.0,,True,0.43248347497639283,0.24173748819641172,0.8909348441926346
1118407824,2419063907,0,1,3,4,0.0,0.0074349442379182,0.0187793427230046,58.72521246458924,High,734.5748580641673,tertiary,,,False,0.43248347497639283,0.6270066100094429,0.8172804532577904
1118407824,7383827814,0,1,1,0,0.0,0.0,0.0,29.272898961284234,Medium,149.5119656650605,residential,,,False,0.43248347497639283,0.24173748819641172,0.11520302171860246
1118408090,7358192561,0,1,5,4,0.0,0.0148698884758364,0.0187793427230046,67.12936732766761,High,163.728091473353,tertiary,,,False,0.43248347497639283,0.8371104815864022,0.8172804532577904
1141995265,10079434837,0,1,1,2,0.0,0.0,0.0093896713615023,38.1586402266289,Medium,319.3416601752927,secondary,,,False,0.43248347497639283,0.24173748819641172,0.5594900849858357
1252231267,3683418902,0,1,3,1,0.0,0.0074349442379182,0.0046948356807511,49.405099150141645,Medium,83.92858582209324,residential,,,False,0.43248347497639283,0.6270066100094429,0.35127478753541075
1273685326,1273685338,0,1,3,0,0.0,0.0074349442379182,0.0,44.68366383380548,Medium,87.1337933682433,tertiary,2.0,,False,0.43248347497639283,0.6270066100094429,0.11520302171860246
1289949428,1289949458,0,1,1,2,0.0,0.0,0.0093896713615023,38.1586402266289,Medium,262.68636501345924,residential,,,False,0.43248347497639283,0.24173748819641172,0.5594900849858357
1305577009,1748486107,0,1,1,2,0.0,0.0,0.0093896713615023,38.1586402266289,Medium,255.3764698151545,tertiary,2.0,25.0,False,0.43248347497639283,0.24173748819641172,0.5594900849858357
1317118609,1500590866,0,1,3,3,0.0,0.0074349442379182,0.0140845070422535,56.57223796033995,High,149.31826971233727,residential,,,False,0.43248347497639283,0.6270066100094429,0.7096317280453258
1328155432,12107761071,0,1,3,4,0.0,0.0074349442379182,0.0187793427230046,58.72521246458924,High,227.59045026243908,tertiary,,25.0,True,0.43248347497639283,0.6270066100094429,0.8172804532577904
1339732539,1339732314,0,1,1,1,0.0,0.0,0.0046948356807511,33.994334277620396,Medium,175.64871016274202,residential,,,False,0.43248347497639283,0.24173748819641172,0.35127478753541075
1344698628,1911102922,0,1,1,1,0.0,0.0,0.0046948356807511,33.994334277620396,Medium,51.6161260512307,residential,,,False,0.43248347497639283,0.24173748819641172,0.35127478753541075
1347490084,7290391057,0,1,3,0,0.0,0.0074349442379182,0.0,44.68366383380548,Medium,256.9974018223202,residential,,,False,0.43248347497639283,0.6270066100094429,0.11520302171860246
1366802616,11370592015,0,1,1,1,0.0,0.0,0.0046948356807511,33.994334277620396,Medium,113.60071346499493,residential,2.0,20.0,False,0.43248347497639283,0.24173748819641172,0.35127478753541075
1368117382,1103012303,0,1,1,1,0.0,0.0,0.0046948356807511,33.994334277620396,Medium,831.6360155739694,residential,,,False,0.43248347497639283,0.24173748819641172,0.35127478753541075
1371947813,1371947536,0,1,5,4,0.0,0.0148698884758364,0.0187793427230046,67.12936732766761,High,137.8003605917989,residential,,,False,0.43248347497639283,0.8371104815864022,0.8172804532577904
1376905667,1376905672,0,1,5,1,0.0,0.0148698884758364,0.0046948356807511,57.80925401322001,High,102.41125688441346,residential,,,False,0.43248347497639283,0.8371104815864022,0.35127478753541075
1377687513,13304505627,0,1,3,1,0.0,0.0074349442379182,0.0046948356807511,49.405099150141645,Medium,198.4584460027768,residential,,,False,0.43248347497639283,0.6270066100094429,0.35127478753541075
1383118854,1383118621,0,1,5,3,0.0,0.0148698884758364,0.0140845070422535,64.97639282341832,High,42.10170133500585,residential,,40.0,False,0.43248347497639283,0.8371104815864022,0.7096317280453258
1384798022,1384798094,0,1,1,0,0.0,0.0,0.0,29.272898961284234,Medium,44.91682923753806,residential,,,False,0.43248347497639283,0.24173748819641172,0.11520302171860246
1386328980,1386329031,0,1,3,2,0.0,0.0074349442379182,0.0093896713615023,53.569405099150146,High,97.91540240921218,residential,,,False,0.43248347497639283,0.6270066100094429,0.5594900849858357
1386329030,3289430509,0,1,3,3,0.0,0.0074349442379182,0.0140845070422535,56.57223796033995,High,182.4276261668107,tertiary,,,False,0.43248347497639283,0.6270066100094429,0.7096317280453258
1386329194,1386329196,0,1,5,3,0.0,0.0148698884758364,0.0140845070422535,64.97639282341832,High,147.0552278911988,tertiary,,,False,0.43248347497639283,0.8371104815864022,0.7096317280453258
1387622147,4824685916,0,1,3,2,0.0,0.0074349442379182,0.0093896713615023,53.569405099150146,High,419.2153951383521,tertiary,,40.0,True,0.43248347497639283,0.6270066100094429,0.5594900849858357
1388143561,1388143136,0,1,3,1,0.0,0.0074349442379182,0.0046948356807511,49.405099150141645,Medium,151.2792311678006,residential,,,False,0.43248347497639283,0.6270066100094429,0.35127478753541075
1388143661,1851132489,0,1,1,1,0.0,0.0,0.0046948356807511,33.994334277620396,Medium,38.9582447683064,secondary,,,False,0.43248347497639283,0.24173748819641172,0.35127478753541075
1414410909,7175175825,0,45,101,72,0.3577235772357723,0.3717472118959107,0.3380281690140845,99.60339943342777,Critical,35.07934473634059,residential,,,False,0.996222851746931,0.996222851746931,0.9952785646836638
1419382138,3149456103,0,1,3,1,0.0,0.0074349442379182,0.0046948356807511,49.405099150141645,Medium,126.3971634547432,residential,,,False,0.43248347497639283,0.6270066100094429,0.35127478753541075
1420113201,1420113208,0,1,3,2,0.0,0.0074349442379182,0.0093896713615023,53.569405099150146,High,75.74549134877121,living_street,,,False,0.43248347497639283,0.6270066100094429,0.5594900849858357
1435578872,1435578885,0,1,5,2,0.0,0.0148698884758364,0.0093896713615023,61.97355996222852,High,132.21581139366566,tertiary,,,True,0.43248347497639283,0.8371104815864022,0.5594900849858357
1436132709,1837722602,0,1,5,5,0.0,0.0148698884758364,0.0234741784037558,68.60245514636449,High,111.31355821953726,tertiary,,50.0,False,0.43248347497639283,0.8371104815864022,0.8909348441926346
1438379105,1438379182,0,1,5,2,0.0,0.0148698884758364,0.0093896713615023,61.97355996222852,High,112.81364254987594,residential,,,False,0.43248347497639283,0.8371104815864022,0.5594900849858357
1440182057,10041340686,0,1,1,5,0.0,0.0,0.0234741784037558,44.787535410764875,Medium,67.16285972778715,residential,,,False,0.43248347497639283,0.24173748819641172,0.8909348441926346
1442364672,1442364342,0,1,1,2,0.0,0.0,0.0093896713615023,38.1586402266289,Medium,203.49902785733096,residential,,,False,0.43248347497639283,0.24173748819641172,0.5594900849858357
1448640369,1448640368,0,1,3,4,0.0,0.0074349442379182,0.0187793427230046,58.72521246458924,High,44.60541331465012,residential,,,False,0.43248347497639283,0.6270066100094429,0.8172804532577904
1464768744,1529223290,0,1,3,4,0.0,0.0074349442379182,0.0187793427230046,58.72521246458924,High,149.45466553976672,residential,,,False,0.43248347497639283,0.6270066100094429,0.8172804532577904
1466580394,1466580391,0,1,1,5,0.0,0.0,0.0234741784037558,44.787535410764875,Medium,116.4066437273242,residential,,,False,0.43248347497639283,0.24173748819641172,0.8909348441926346
1466669154,7465377011,0,1,5,3,0.0,0.0148698884758364,0.0140845070422535,64.97639282341832,High,36.07622357045196,tertiary,,,True,0.43248347497639283,0.8371104815864022,0.7096317280453258
1470833614,253448524,0,1,3,4,0.0,0.0074349442379182,0.0187793427230046,58.72521246458924,High,148.43606633424426,tertiary,2.0,,False,0.43248347497639283,0.6270066100094429,0.8172804532577904
1473223931,1473223930,0,1,3,1,0.0,0.0074349442379182,0.0046948356807511,49.405099150141645,Medium,24.94105963452243,residential,,,False,0.43248347497639283,0.6270066100094429,0.35127478753541075
1473276793,1473276506,0,1,3,5,0.0,0.0074349442379182,0.0234741784037558,60.19830028328612,High,123.64566218147137,residential,,,False,0.43248347497639283,0.6270066100094429,0.8909348441926346
1473871954,1473871926,0,1,1,5,0.0,0.0,0.0234741784037558,44.787535410764875,Medium,33.12582843877059,residential,,,False,0.43248347497639283,0.24173748819641172,0.8909348441926346
1485686869,10062966618,0,1,5,2,0.0,0.0148698884758364,0.0093896713615023,61.97355996222852,High,957.8069920355867,tertiary,2.0,,False,0.43248347497639283,0.8371104815864022,0.5594900849858357
1485692883,9611955609,0,1,1,2,0.0,0.0,0.0093896713615023,38.1586402266289,Medium,267.6166524189374,tertiary,,,False,0.43248347497639283,0.24173748819641172,0.5594900849858357
1485714957,13238383942,0,1,3,1,0.0,0.0074349442379182,0.0046948356807511,49.405099150141645,Medium,24.9950505547807,residential,,,False,0.43248347497639283,0.6270066100094429,0.35127478753541075
1486984186,7484505205,0,1,5,5,0.0,0.0148698884758364,0.0234741784037558,68.60245514636449,High,183.87415379533235,residential,,,False,0.43248347497639283,0.8371104815864022,0.8909348441926346
1492519184,248459829,0,1,3,0,0.0,0.0074349442379182,0.0,44.68366383380548,Medium,216.9934099581629,tertiary,2.0,25.0,True,0.43248347497639283,0.6270066100094429,0.11520302171860246
1512512233,1512512244,0,1,1,0,0.0,0.0,0.0,29.272898961284234,Medium,84.96797893774006,residential,,,False,0.43248347497639283,0.24173748819641172,0.11520302171860246
1517891997,1517891982,0,1,3,0,0.0,0.0074349442379182,0.0,44.68366383380548,Medium,32.59754585567306,residential,,,False,0.43248347497639283,0.6270066100094429,0.11520302171860246
1521343648,620136264,0,1,3,0,0.0,0.0074349442379182,0.0,44.68366383380548,Medium,95.12818865236152,residential,,,False,0.43248347497639283,0.6270066100094429,0.11520302171860246
1521347840,1521347802,0,1,1,0,0.0,0.0,0.0,29.272898961284234,Medium,91.41403841437324,residential,,,False,0.43248347497639283,0.24173748819641172,0.11520302171860246
1524719781,1524720238,0,1,1,0,0.0,0.0,0.0,29.272898961284234,Medium,156.15184822163977,residential,,,False,0.43248347497639283,0.24173748819641172,0.11520302171860246
1524719787,446860588,0,1,1,3,0.0,0.0,0.0140845070422535,41.1614730878187,Medium,99.19675197922491,tertiary,2.0,,False,0.43248347497639283,0.24173748819641172,0.7096317280453258
1529423230,1529423070,0,1,5,4,0.0,0.0148698884758364,0.0187793427230046,67.12936732766761,High,30.91394828456396,residential,,,False,0.43248347497639283,0.8371104815864022,0.8172804532577904
1532648899,1532648931,0,1,1,1,0.0,0.0,0.0046948356807511,33.994334277620396,Medium,87.00058547762715,residential,,,False,0.43248347497639283,0.24173748819641172,0.35127478753541075
1532648947,1532648823,0,1,5,3,0.0,0.0148698884758364,0.0140845070422535,64.97639282341832,High,30.393808489170123,residential,,,False,0.43248347497639283,0.8371104815864022,0.7096317280453258
1532827593,3525307780,0,1,1,4,0.0,0.0,0.0187793427230046,43.31444759206799,Medium,153.24705297409895,residential,,,False,0.43248347497639283,0.24173748819641172,0.8172804532577904
1537837544,1537837550,0,1,1,0,0.0,0.0,0.0,29.272898961284234,Medium,163.76860796732186,residential,,,False,0.43248347497639283,0.24173748819641172,0.11520302171860246
1548807119,10063849796,0,1,1,2,0.0,0.0,0.0093896713615023,38.1586402266289,Medium,45.670455425716455,residential,,,False,0.43248347497639283,0.24173748819641172,0.5594900849858357
1551518396,1551518400,0,1,3,3,0.0,0.0074349442379182,0.0140845070422535,56.57223796033995,High,103.6452069723546,residential,,,False,0.43248347497639283,0.6270066100094429,0.7096317280453258
1551616171,1438409686,0,1,3,1,0.0,0.0074349442379182,0.0046948356807511,49.405099150141645,Medium,49.540057287685954,residential,,,False,0.43248347497639283,0.6270066100094429,0.35127478753541075
1552286448,1552286444,0,1,1,1,0.0,0.0,0.0046948356807511,33.994334277620396,Medium,184.78145112431747,residential,,,False,0.43248347497639283,0.24173748819641172,0.35127478753541075
1559013091,483412681,0,1,1,1,0.0,0.0,0.0046948356807511,33.994334277620396,Medium,103.96331782338378,tertiary,,,False,0.43248347497639283,0.24173748819641172,0.35127478753541075
1559233431,9187790194,0,1,1,1,0.0,0.0,0.0046948356807511,33.994334277620396,Medium,91.23163603050878,residential,,,False,0.43248347497639283,0.24173748819641172,0.35127478753541075
1560168993,687332600,0,1,3,1,0.0,0.0074349442379182,0.0046948356807511,49.405099150141645,Medium,281.4807233434183,primary_link,,,True,0.43248347497639283,0.6270066100094429,0.35127478753541075
1561816151,1561804539,0,1,3,0,0.0,0.0074349442379182,0.0,44.68366383380548,Medium,88.36655729375263,residential,,,False,0.43248347497639283,0.6270066100094429,0.11520302171860246
1562366625,1562366343,0,1,3,1,0.0,0.0074349442379182,0.0046948356807511,49.405099150141645,Medium,34.45833340603917,residential,,,False,0.43248347497639283,0.6270066100094429,0.35127478753541075
1562830359,1562830375,0,1,1,1,0.0,0.0,0.0046948356807511,33.994334277620396,Medium,155.7846743055879,residential,,,False,0.43248347497639283,0.24173748819641172,0.35127478753541075
1563683641,1563683764,0,1,3,1,0.0,0.0074349442379182,0.0046948356807511,49.405099150141645,Medium,35.56624539344892,residential,,,False,0.43248347497639283,0.6270066100094429,0.35127478753541075
1564615243,4151992467,0,1,1,2,0.0,0.0,0.0093896713615023,38.1586402266289,Medium,71.03712543815725,residential,,,False,0.43248347497639283,0.24173748819641172,0.5594900849858357
1564616161,1564615063,0,1,3,0,0.0,0.0074349442379182,0.0,44.68366383380548,Medium,195.7399233041813,residential,,,False,0.43248347497639283,0.6270066100094429,0.11520302171860246
1568938189,1568938192,0,1,5,5,0.0,0.0148698884758364,0.0234741784037558,68.60245514636449,High,83.62171168088767,residential,,,False,0.43248347497639283,0.8371104815864022,0.8909348441926346
1568944694,1568944692,0,1,1,0,0.0,0.0,0.0,29.272898961284234,Medium,129.06392429592862,residential,,,False,0.43248347497639283,0.24173748819641172,0.11520302171860246
1569081486,766836612,0,1,5,5,0.0,0.0148698884758364,0.0234741784037558,68.60245514636449,High,79.02141055560706,residential,,,False,0.43248347497639283,0.8371104815864022,0.8909348441926346
1570902836,1570907490,0,1,1,3,0.0,0.0,0.0140845070422535,41.1614730878187,Medium,216.08701296657347,residential,,,False,0.43248347497639283,0.24173748819641172,0.7096317280453258
1570937222,7410134722,0,1,1,3,0.0,0.0,0.0140845070422535,41.1614730878187,Medium,180.97379700744585,residential,,,False,0.43248347497639283,0.24173748819641172,0.7096317280453258
1575576729,1575576667,0,1,1,2,0.0,0.0,0.0093896713615023,38.1586402266289,Medium,110.28390479305934,residential,,,False,0.43248347497639283,0.24173748819641172,0.5594900849858357
1593071548,1593071312,0,1,3,0,0.0,0.0074349442379182,0.0,44.68366383380548,Medium,336.9919441007937,residential,,,False,0.43248347497639283,0.6270066100094429,0.11520302171860246
1595757924,1595758036,0,1,5,1,0.0,0.0148698884758364,0.0046948356807511,57.80925401322001,High,217.96255230106544,residential,,,False,0.43248347497639283,0.8371104815864022,0.35127478753541075
1597724579,9682415622,0,1,1,0,0.0,0.0,0.0,29.272898961284234,Medium,204.86165137300367,residential,,,False,0.43248347497639283,0.24173748819641172,0.11520302171860246
1597724629,1597724575,0,1,1,1,0.0,0.0,0.0046948356807511,33.994334277620396,Medium,38.311129842426375,residential,,,False,0.43248347497639283,0.24173748819641172,0.35127478753541075
1600050825,11402484380,0,1,5,2,0.0,0.0148698884758364,0.0093896713615023,61.97355996222852,High,214.8840731669663,residential,,,False,0.43248347497639283,0.8371104815864022,0.5594900849858357
1600051209,1600051184,0,1,3,1,0.0,0.0074349442379182,0.0046948356807511,49.405099150141645,Medium,96.85560559203476,residential,,,False,0.43248347497639283,0.6270066100094429,0.35127478753541075
1600051209,1600051369,0,3,11,6,0.016260162601626,0.037174721189591,0.028169014084507,93.13503305004723,Critical,106.91508834308306,residential,,,False,0.9244570349386213,0.940982058545798,0.9258734655335222
1600051369,1600050843,0,6,10,4,0.040650406504065,0.0334572490706319,0.0187793427230046,91.54863078375827,Critical,22.98083139836246,residential,,,False,0.943342776203966,0.9367327667610954,0.8172804532577904
1600051369,1600051209,0,1,1,2,0.0,0.0,0.0093896713615023,38.1586402266289,Medium,106.91508834308306,residential,,,False,0.43248347497639283,0.24173748819641172,0.5594900849858357
1600082690,1600082894,0,1,3,1,0.0,0.0074349442379182,0.0046948356807511,49.405099150141645,Medium,135.81872848961112,residential,,,False,0.43248347497639283,0.6270066100094429,0.35127478753541075
1600082702,1600082743,0,2,4,4,0.008130081300813,0.0111524163568773,0.0187793427230046,82.46458923512749,Critical,54.66448213571518,residential,,,False,0.8899905571293674,0.7629839471199245,0.8172804532577904
1600083182,1600082793,0,1,1,1,0.0,0.0,0.0046948356807511,33.994334277620396,Medium,83.30072132432699,residential,,,False,0.43248347497639283,0.24173748819641172,0.35127478753541075
1600130614,1600131203,0,1,3,3,0.0,0.0074349442379182,0.0140845070422535,56.57223796033995,High,17.888299553800092,residential,,,False,0.43248347497639283,0.6270066100094429,0.7096317280453258
1601001843,10209016990,0,1,1,3,0.0,0.0,0.0140845070422535,41.1614730878187,Medium,132.55347718774368,tertiary,,,False,0.43248347497639283,0.24173748819641172,0.7096317280453258
1602149154,1602148696,0,1,3,0,0.0,0.0074349442379182,0.0,44.68366383380548,Medium,104.35174643020164,residential,,,False,0.43248347497639283,0.6270066100094429,0.11520302171860246
1614268210,1614268211,0,1,1,1,0.0,0.0,0.0046948356807511,33.994334277620396,Medium,83.26542895873206,residential,,,False,0.43248347497639283,0.24173748819641172,0.35127478753541075
1615691332,1487272633,0,1,3,3,0.0,0.0074349442379182,0.0140845070422535,56.57223796033995,High,71.26221649396064,residential,,,False,0.43248347497639283,0.6270066100094429,0.7096317280453258
1615691351,1615692091,0,1,1,4,0.0,0.0,0.0187793427230046,43.31444759206799,Medium,34.021845618624084,residential,,,False,0.43248347497639283,0.24173748819641172,0.8172804532577904
1615705245,10060140623,0,1,1,2,0.0,0.0,0.0093896713615023,38.1586402266289,Medium,121.63033486049288,residential,,,False,0.43248347497639283,0.24173748819641172,0.5594900849858357
1615766946,1615767016,0,1,1,3,0.0,0.0,0.0140845070422535,41.1614730878187,Medium,324.03224993122626,tertiary,,,False,0.43248347497639283,0.24173748819641172,0.7096317280453258
1616724742,10060858432,0,1,1,0,0.0,0.0,0.0,29.272898961284234,Medium,99.71977552483902,residential,,,False,0.43248347497639283,0.24173748819641172,0.11520302171860246
1625433776,10303999378,0,1,5,3,0.0,0.0148698884758364,0.0140845070422535,64.97639282341832,High,358.806628679503,tertiary,,,False,0.43248347497639283,0.8371104815864022,0.7096317280453258
1625434050,1625434149,0,1,1,0,0.0,0.0,0.0,29.272898961284234,Medium,82.41392506607839,residential,,,False,0.43248347497639283,0.24173748819641172,0.11520302171860246
1632150395,6182545630,0,1,3,1,0.0,0.0074349442379182,0.0046948356807511,49.405099150141645,Medium,166.03892212049263,residential,,,False,0.43248347497639283,0.6270066100094429,0.35127478753541075
1632150416,1632150249,0,1,5,1,0.0,0.0148698884758364,0.0046948356807511,57.80925401322001,High,91.26163098892502,residential,,,False,0.43248347497639283,0.8371104815864022,0.35127478753541075
1635307802,1635308092,0,1,1,0,0.0,0.0,0.0,29.272898961284234,Medium,97.27857558750348,residential,,,False,0.43248347497639283,0.24173748819641172,0.11520302171860246
1635323075,1635323240,0,1,5,5,0.0,0.0148698884758364,0.0234741784037558,68.60245514636449,High,137.26036671661404,residential,,,False,0.43248347497639283,0.8371104815864022,0.8909348441926346
1646559732,1646559858,0,1,1,1,0.0,0.0,0.0046948356807511,33.994334277620396,Medium,53.76459983443692,residential,,,False,0.43248347497639283,0.24173748819641172,0.35127478753541075
1646559740,7411355269,0,1,1,2,0.0,0.0,0.0093896713615023,38.1586402266289,Medium,113.97928858409986,residential,,,False,0.43248347497639283,0.24173748819641172,0.5594900849858357
1646559857,7413599894,0,1,1,1,0.0,0.0,0.0046948356807511,33.994334277620396,Medium,13.821103778266238,residential,,,False,0.43248347497639283,0.24173748819641172,0.35127478753541075
1657396754,11168785875,0,1,1,0,0.0,0.0,0.0,29.272898961284234,Medium,105.21783102584978,residential,,,False,0.43248347497639283,0.24173748819641172,0.11520302171860246
1681763293,9751329211,0,1,3,3,0.0,0.0074349442379182,0.0140845070422535,56.57223796033995,High,34.2352728535975,tertiary,,,False,0.43248347497639283,0.6270066100094429,0.7096317280453258
1681844123,335643616,0,1,1,0,0.0,0.0,0.0,29.272898961284234,Medium,213.70837796279253,residential,,,False,0.43248347497639283,0.24173748819641172,0.11520302171860246
1702636549,11380911894,0,1,1,0,0.0,0.0,0.0,29.272898961284234,Medium,72.59253655664558,tertiary,2.0,,False,0.43248347497639283,0.24173748819641172,0.11520302171860246
1702639455,1702639457,0,1,1,3,0.0,0.0,0.0140845070422535,41.1614730878187,Medium,47.80327835566318,residential,,,False,0.43248347497639283,0.24173748819641172,0.7096317280453258
1714984609,8403844099,0,1,5,2,0.0,0.0148698884758364,0.0093896713615023,61.97355996222852,High,11.332157043488726,residential,,,False,0.43248347497639283,0.8371104815864022,0.5594900849858357
1720796272,841805564,0,3,3,10,0.016260162601626,0.0074349442379182,0.0469483568075117,81.04815864022663,Critical,6884.930632425227,motorway,3.0,120.0,True,0.9244570349386213,0.6270066100094429,0.949480642115203
1726148405,13929364696,0,1,1,1,0.0,0.0,0.0046948356807511,33.994334277620396,Medium,542.2009943861937,secondary,3.0,30.0,True,0.43248347497639283,0.24173748819641172,0.35127478753541075
1741224080,2123371057,0,1,3,0,0.0,0.0074349442379182,0.0,44.68366383380548,Medium,51.1278720798574,tertiary,,,False,0.43248347497639283,0.6270066100094429,0.11520302171860246
1791639647,1791639594,0,1,3,1,0.0,0.0074349442379182,0.0046948356807511,49.405099150141645,Medium,71.5383893598952,secondary,2.0,,False,0.43248347497639283,0.6270066100094429,0.35127478753541075
1808727734,251142771,0,1,3,3,0.0,0.0074349442379182,0.0140845070422535,56.57223796033995,High,89.47503887230039,primary,2.0,,True,0.43248347497639283,0.6270066100094429,0.7096317280453258
1817556150,3872407617,0,1,1,0,0.0,0.0,0.0,29.272898961284234,Medium,139.65261707427155,tertiary,2.0,40.0,False,0.43248347497639283,0.24173748819641172,0.11520302171860246
1835530529,10001010497,0,1,5,2,0.0,0.0148698884758364,0.0093896713615023,61.97355996222852,High,159.00832003496194,tertiary,3.0,,False,0.43248347497639283,0.8371104815864022,0.5594900849858357
1836940227,1836940202,0,1,1,3,0.0,0.0,0.0140845070422535,41.1614730878187,Medium,168.34217990381592,residential,,,False,0.43248347497639283,0.24173748819641172,0.7096317280453258
1836983534,11204574011,0,1,1,4,0.0,0.0,0.0187793427230046,43.31444759206799,Medium,42.62195683986116,residential,,,False,0.43248347497639283,0.24173748819641172,0.8172804532577904
1837285030,10068662142,0,1,3,1,0.0,0.0074349442379182,0.0046948356807511,49.405099150141645,Medium,1232.7685348306436,primary,2.0,,True,0.43248347497639283,0.6270066100094429,0.35127478753541075
1837285037,767436686,0,2,4,1,0.008130081300813,0.0111524163568773,0.0046948356807511,73.1444759206799,High,859.3587281317926,primary,2.0,,True,0.8899905571293674,0.7629839471199245,0.35127478753541075
1838768142,1838768198,0,1,3,1,0.0,0.0074349442379182,0.0046948356807511,49.405099150141645,Medium,92.93560253075304,residential,,,False,0.43248347497639283,0.6270066100094429,0.35127478753541075
1851131109,1851131094,0,1,1,1,0.0,0.0,0.0046948356807511,33.994334277620396,Medium,160.76357407302137,residential,,,False,0.43248347497639283,0.24173748819641172,0.35127478753541075
1859880540,1859880547,0,1,1,1,0.0,0.0,0.0046948356807511,33.994334277620396,Medium,112.98935013275334,residential,,,False,0.43248347497639283,0.24173748819641172,0.35127478753541075
1883683005,11878415552,0,1,1,1,0.0,0.0,0.0046948356807511,33.994334277620396,Medium,469.663032295892,primary,2.0,,True,0.43248347497639283,0.24173748819641172,0.35127478753541075
1942843613,1836983152,0,1,1,0,0.0,0.0,0.0,29.272898961284234,Medium,6821.549341937894,motorway,4.0,80.0,True,0.43248347497639283,0.24173748819641172,0.11520302171860246
1989490864,2248276819,0,1,1,0,0.0,0.0,0.0,29.272898961284234,Medium,104.11662240212702,residential,,,False,0.43248347497639283,0.24173748819641172,0.11520302171860246
1990620068,13974859349,0,1,1,4,0.0,0.0,0.0187793427230046,43.31444759206799,Medium,16.06450526138339,residential,,,False,0.43248347497639283,0.24173748819641172,0.8172804532577904
2066388579,1014648217,0,1,1,1,0.0,0.0,0.0046948356807511,33.994334277620396,Medium,601.9878385481106,tertiary,2.0,,False,0.43248347497639283,0.24173748819641172,0.35127478753541075
2090790508,2090790505,0,1,1,0,0.0,0.0,0.0,29.272898961284234,Medium,100.40649595642714,residential,,,False,0.43248347497639283,0.24173748819641172,0.11520302171860246
2108906868,2108906871,0,1,1,1,0.0,0.0,0.0046948356807511,33.994334277620396,Medium,41.58795939001213,residential,,,False,0.43248347497639283,0.24173748819641172,0.35127478753541075
2120440976,10081431361,0,1,1,0,0.0,0.0,0.0,29.272898961284234,Medium,154.89784681841266,residential,,,False,0.43248347497639283,0.24173748819641172,0.11520302171860246
2124745535,13851353727,0,1,3,2,0.0,0.0074349442379182,0.0093896713615023,53.569405099150146,High,823.5229362213795,secondary,2.0,,False,0.43248347497639283,0.6270066100094429,0.5594900849858357
2124789523,7373953366,0,1,1,1,0.0,0.0,0.0046948356807511,33.994334277620396,Medium,416.4268067099863,residential,,,False,0.43248347497639283,0.24173748819641172,0.35127478753541075
2125917517,6144246624,0,3,5,1,0.016260162601626,0.0148698884758364,0.0046948356807511,77.48819641170915,Critical,344.24268700903656,primary,,,True,0.9244570349386213,0.8371104815864022,0.35127478753541075
2146206446,2146206445,0,1,1,2,0.0,0.0,0.0093896713615023,38.1586402266289,Medium,53.61577366091485,residential,,,False,0.43248347497639283,0.24173748819641172,0.5594900849858357
2183098861,594599952,0,1,5,5,0.0,0.0148698884758364,0.0234741784037558,68.60245514636449,High,670.4598528519002,residential,,,False,0.43248347497639283,0.8371104815864022,0.8909348441926346
2193998043,2193998070,0,1,1,2,0.0,0.0,0.0093896713615023,38.1586402266289,Medium,178.40764431198045,residential,,,False,0.43248347497639283,0.24173748819641172,0.5594900849858357
2194027981,2194027983,1,1,1,2,0.0,0.0,0.0093896713615023,38.1586402266289,Medium,436.4034521422231,residential,,,False,0.43248347497639283,0.24173748819641172,0.5594900849858357
2206930266,3148668114,0,1,1,1,0.0,0.0,0.0046948356807511,33.994334277620396,Medium,191.0047667500364,residential,,,False,0.43248347497639283,0.24173748819641172,0.35127478753541075
2220605679,2220746670,0,1,1,1,0.0,0.0,0.0046948356807511,33.994334277620396,Medium,27.18939405119747,residential,,,False,0.43248347497639283,0.24173748819641172,0.35127478753541075
2220746597,2220746606,0,1,1,0,0.0,0.0,0.0,29.272898961284234,Medium,322.43788967074374,residential,,,False,0.43248347497639283,0.24173748819641172,0.11520302171860246
2220746629,1796697769,0,1,1,0,0.0,0.0,0.0,29.272898961284234,Medium,43.88737777800223,secondary,,,True,0.43248347497639283,0.24173748819641172,0.11520302171860246
2220792358,1383042716,0,1,1,1,0.0,0.0,0.0046948356807511,33.994334277620396,Medium,69.84567741071024,residential,,,False,0.43248347497639283,0.24173748819641172,0.35127478753541075
2221565600,2221565613,0,1,5,4,0.0,0.0148698884758364,0.0187793427230046,67.12936732766761,High,108.54453217484388,residential,,,False,0.43248347497639283,0.8371104815864022,0.8172804532577904
2223841017,956323389,0,1,5,3,0.0,0.0148698884758364,0.0140845070422535,64.97639282341832,High,67.71333950789433,residential,,,False,0.43248347497639283,0.8371104815864022,0.7096317280453258
2223925853,2223925856,0,1,1,0,0.0,0.0,0.0,29.272898961284234,Medium,54.32274115626015,residential,,,False,0.43248347497639283,0.24173748819641172,0.11520302171860246
2224557025,1575576909,0,1,1,0,0.0,0.0,0.0,29.272898961284234,Medium,61.16810510506775,residential,,,False,0.43248347497639283,0.24173748819641172,0.11520302171860246
2225131596,2225131494,0,1,5,3,0.0,0.0148698884758364,0.0140845070422535,64.97639282341832,High,220.8804996500831,residential,,,False,0.43248347497639283,0.8371104815864022,0.7096317280453258
2225132092,7265786665,0,1,1,0,0.0,0.0,0.0,29.272898961284234,Medium,25.664602797983,residential,,,False,0.43248347497639283,0.24173748819641172,0.11520302171860246
2225133947,6748996049,0,1,1,0,0.0,0.0,0.0,29.272898961284234,Medium,257.54044661607713,residential,,,False,0.43248347497639283,0.24173748819641172,0.11520302171860246
2225134272,5958974793,0,1,3,0,0.0,0.0074349442379182,0.0,44.68366383380548,Medium,308.913228510602,residential,,,False,0.43248347497639283,0.6270066100094429,0.11520302171860246
2228006131,249144295,0,1,1,0,0.0,0.0,0.0,29.272898961284234,Medium,31.480162327677235,residential,,,False,0.43248347497639283,0.24173748819641172,0.11520302171860246
2228165561,2228165568,0,1,3,0,0.0,0.0074349442379182,0.0,44.68366383380548,Medium,41.57478351129038,residential,,,False,0.43248347497639283,0.6270066100094429,0.11520302171860246
2228279529,2228279531,0,1,3,0,0.0,0.0074349442379182,0.0,44.68366383380548,Medium,25.55339046725731,residential,,,False,0.43248347497639283,0.6270066100094429,0.11520302171860246
2228386535,2228386532,0,1,1,2,0.0,0.0,0.0093896713615023,38.1586402266289,Medium,51.22434557830763,residential,,,False,0.43248347497639283,0.24173748819641172,0.5594900849858357
2228386746,3524948068,0,1,1,0,0.0,0.0,0.0,29.272898961284234,Medium,54.58426048039871,residential,,,False,0.43248347497639283,0.24173748819641172,0.11520302171860246
2228426764,1474195337,0,1,1,1,0.0,0.0,0.0046948356807511,33.994334277620396,Medium,55.64471700683179,residential,,,False,0.43248347497639283,0.24173748819641172,0.35127478753541075
2244731055,2244731040,0,1,1,3,0.0,0.0,0.0140845070422535,41.1614730878187,Medium,189.6730351950854,residential,,,False,0.43248347497639283,0.24173748819641172,0.7096317280453258
2244731089,2244731020,0,1,1,0,0.0,0.0,0.0,29.272898961284234,Medium,312.68342570198024,residential,,,False,0.43248347497639283,0.24173748819641172,0.11520302171860246
2244731844,9605784279,0,1,3,0,0.0,0.0074349442379182,0.0,44.68366383380548,Medium,67.58840451159017,residential,,,False,0.43248347497639283,0.6270066100094429,0.11520302171860246
2244849438,2244849375,0,1,3,0,0.0,0.0074349442379182,0.0,44.68366383380548,Medium,64.57300172542494,residential,,,False,0.43248347497639283,0.6270066100094429,0.11520302171860246
2244849567,11411731176,0,1,3,4,0.0,0.0074349442379182,0.0187793427230046,58.72521246458924,High,118.00204429052827,tertiary,2.0,40.0,False,0.43248347497639283,0.6270066100094429,0.8172804532577904
2244849699,2244849493,0,1,1,0,0.0,0.0,0.0,29.272898961284234,Medium,229.962328440006,residential,,,False,0.43248347497639283,0.24173748819641172,0.11520302171860246
2244849751,2244849743,0,1,1,0,0.0,0.0,0.0,29.272898961284234,Medium,71.87059351180007,residential,,,False,0.43248347497639283,0.24173748819641172,0.11520302171860246
2244850062,2244850069,0,1,3,5,0.0,0.0074349442379182,0.0234741784037558,60.19830028328612,High,30.624458484224224,residential,,,False,0.43248347497639283,0.6270066100094429,0.8909348441926346
2244850383,2246587863,0,4,6,2,0.024390243902439,0.0185873605947955,0.0093896713615023,85.08970727101038,Critical,25.06396528245832,tertiary,,,False,0.9348441926345609,0.9126534466477809,0.5594900849858357
2244851032,2244851014,0,1,1,1,0.0,0.0,0.0046948356807511,33.994334277620396,Medium,72.98398890952649,residential,,,False,0.43248347497639283,0.24173748819641172,0.35127478753541075
2244861904,2244861911,0,1,1,0,0.0,0.0,0.0,29.272898961284234,Medium,293.78455681332986,residential,,,False,0.43248347497639283,0.24173748819641172,0.11520302171860246
2244947611,7263189859,0,1,1,2,0.0,0.0,0.0093896713615023,38.1586402266289,Medium,275.5228411126021,residential,,,False,0.43248347497639283,0.24173748819641172,0.5594900849858357
2245002552,2245022047,0,1,1,4,0.0,0.0,0.0187793427230046,43.31444759206799,Medium,121.83459162509207,tertiary,,,False,0.43248347497639283,0.24173748819641172,0.8172804532577904
2245034401,2245034471,0,1,3,0,0.0,0.0074349442379182,0.0,44.68366383380548,Medium,168.4331583919276,residential,,,False,0.43248347497639283,0.6270066100094429,0.11520302171860246
2245034560,2245034545,0,1,3,2,0.0,0.0074349442379182,0.0093896713615023,53.569405099150146,High,52.952597161059536,residential,,,False,0.43248347497639283,0.6270066100094429,0.5594900849858357
2246195741,2246195715,0,1,1,0,0.0,0.0,0.0,29.272898961284234,Medium,72.37794681994225,residential,,,False,0.43248347497639283,0.24173748819641172,0.11520302171860246
2246195752,2246195760,0,1,1,4,0.0,0.0,0.0187793427230046,43.31444759206799,Medium,67.1568180125037,residential,,,False,0.43248347497639283,0.24173748819641172,0.8172804532577904
2246494446,2246494447,0,1,1,1,0.0,0.0,0.0046948356807511,33.994334277620396,Medium,32.17543029416534,primary,2.0,,False,0.43248347497639283,0.24173748819641172,0.35127478753541075
2246494717,2246494744,0,1,1,5,0.0,0.0,0.0234741784037558,44.787535410764875,Medium,54.49034214700587,residential,,,False,0.43248347497639283,0.24173748819641172,0.8909348441926346
2246587790,2246587739,0,1,1,0,0.0,0.0,0.0,29.272898961284234,Medium,114.14275239012278,residential,,,False,0.43248347497639283,0.24173748819641172,0.11520302171860246
2246587798,3868550662,0,1,1,1,0.0,0.0,0.0046948356807511,33.994334277620396,Medium,268.35993255639323,residential,,,False,0.43248347497639283,0.24173748819641172,0.35127478753541075
2246587932,2246587961,0,1,3,4,0.0,0.0074349442379182,0.0187793427230046,58.72521246458924,High,128.77949535364874,residential,,,False,0.43248347497639283,0.6270066100094429,0.8172804532577904
2247838143,2247838122,0,1,5,2,0.0,0.0148698884758364,0.0093896713615023,61.97355996222852,High,311.78200776187003,residential,,,False,0.43248347497639283,0.8371104815864022,0.5594900849858357
2247888198,7278911745,0,1,3,2,0.0,0.0074349442379182,0.0093896713615023,53.569405099150146,High,582.2068658629759,tertiary,,,False,0.43248347497639283,0.6270066100094429,0.5594900849858357
2247896995,10044674405,0,1,3,3,0.0,0.0074349442379182,0.0140845070422535,56.57223796033995,High,18.779542619459026,residential,,,False,0.43248347497639283,0.6270066100094429,0.7096317280453258
2247897181,2247897290,0,1,1,0,0.0,0.0,0.0,29.272898961284234,Medium,118.58728198610616,residential,,,False,0.43248347497639283,0.24173748819641172,0.11520302171860246
2247897408,2247897399,0,1,1,1,0.0,0.0,0.0046948356807511,33.994334277620396,Medium,61.15901905997757,residential,,,False,0.43248347497639283,0.24173748819641172,0.35127478753541075
2247911828,1851131178,0,1,3,0,0.0,0.0074349442379182,0.0,44.68366383380548,Medium,136.36726790644877,tertiary,,,False,0.43248347497639283,0.6270066100094429,0.11520302171860246
2247911842,2247911841,0,1,1,3,0.0,0.0,0.0140845070422535,41.1614730878187,Medium,33.27327073760488,residential,,,False,0.43248347497639283,0.24173748819641172,0.7096317280453258
2248079844,2248079774,0,2,2,6,0.008130081300813,0.0037174721189591,0.028169014084507,73.73937677053824,High,233.32076438452907,residential,,,False,0.8899905571293674,0.49055712936732765,0.9258734655335222
2248440667,2248440707,0,1,1,1,0.0,0.0,0.0046948356807511,33.994334277620396,Medium,90.84507581343792,residential,,,False,0.43248347497639283,0.24173748819641172,0.35127478753541075
2248442331,2248442333,0,1,1,3,0.0,0.0,0.0140845070422535,41.1614730878187,Medium,153.796466536979,residential,,,False,0.43248347497639283,0.24173748819641172,0.7096317280453258
2248459623,2248506118,0,1,1,1,0.0,0.0,0.0046948356807511,33.994334277620396,Medium,46.24867432908372,tertiary,2.0,50.0,False,0.43248347497639283,0.24173748819641172,0.35127478753541075
2248506232,2248506208,0,1,1,3,0.0,0.0,0.0140845070422535,41.1614730878187,Medium,200.76758814466984,tertiary,,,False,0.43248347497639283,0.24173748819641172,0.7096317280453258
2248543639,2248543631,0,1,1,1,0.0,0.0,0.0046948356807511,33.994334277620396,Medium,147.17766867720016,residential,,,False,0.43248347497639283,0.24173748819641172,0.35127478753541075
2248546175,10020519595,0,1,3,0,0.0,0.0074349442379182,0.0,44.68366383380548,Medium,63.97963490345756,residential,,,False,0.43248347497639283,0.6270066100094429,0.11520302171860246
2248663135,10039209758,0,1,3,2,0.0,0.0074349442379182,0.0093896713615023,53.569405099150146,High,47.91709159068826,residential,,,False,0.43248347497639283,0.6270066100094429,0.5594900849858357
2248663223,2248663190,0,1,5,1,0.0,0.0148698884758364,0.0046948356807511,57.80925401322001,High,68.27167063587241,residential,,,False,0.43248347497639283,0.8371104815864022,0.35127478753541075
2248663691,9612008955,0,2,4,4,0.008130081300813,0.0111524163568773,0.0187793427230046,82.46458923512749,Critical,1205.418277406312,tertiary,,,False,0.8899905571293674,0.7629839471199245,0.8172804532577904
2248664475,10081303331,0,1,1,2,0.0,0.0,0.0093896713615023,38.1586402266289,Medium,53.33436174782456,residential,,,False,0.43248347497639283,0.24173748819641172,0.5594900849858357
2248737921,1572829962,0,1,5,1,0.0,0.0148698884758364,0.0046948356807511,57.80925401322001,High,47.37266861196071,residential,,,False,0.43248347497639283,0.8371104815864022,0.35127478753541075
2250057681,2250057704,0,1,1,5,0.0,0.0,0.0234741784037558,44.787535410764875,Medium,118.44350365238242,residential,,,False,0.43248347497639283,0.24173748819641172,0.8909348441926346
2250057704,7466952556,0,1,3,2,0.0,0.0074349442379182,0.0093896713615023,53.569405099150146,High,171.81287876774084,residential,,,False,0.43248347497639283,0.6270066100094429,0.5594900849858357
2250058012,2250057981,0,1,3,3,0.0,0.0074349442379182,0.0140845070422535,56.57223796033995,High,78.99102218604698,residential,,,False,0.43248347497639283,0.6270066100094429,0.7096317280453258
2250095833,2146172667,0,1,1,1,0.0,0.0,0.0046948356807511,33.994334277620396,Medium,123.13859195814727,residential,,,False,0.43248347497639283,0.24173748819641172,0.35127478753541075
2250119617,2250119610,0,1,1,0,0.0,0.0,0.0,29.272898961284234,Medium,25.936840335512237,residential,,,False,0.43248347497639283,0.24173748819641172,0.11520302171860246
2250119628,2250119621,0,1,3,0,0.0,0.0074349442379182,0.0,44.68366383380548,Medium,144.74236638972872,residential,,,False,0.43248347497639283,0.6270066100094429,0.11520302171860246
2250119646,2250119645,0,1,1,0,0.0,0.0,0.0,29.272898961284234,Medium,35.38599254614952,residential,,,False,0.43248347497639283,0.24173748819641172,0.11520302171860246
2250345106,2250345116,0,1,3,4,0.0,0.0074349442379182,0.0187793427230046,58.72521246458924,High,77.98852414365882,residential,,,False,0.43248347497639283,0.6270066100094429,0.8172804532577904
2250391996,12114065446,0,1,3,3,0.0,0.0074349442379182,0.0140845070422535,56.57223796033995,High,95.004932119101,primary,2.0,100.0,True,0.43248347497639283,0.6270066100094429,0.7096317280453258
2268121158,2268121213,0,1,3,1,0.0,0.0074349442379182,0.0046948356807511,49.405099150141645,Medium,58.12885421673082,residential,,,False,0.43248347497639283,0.6270066100094429,0.35127478753541075
2268546089,2268546086,1,1,1,1,0.0,0.0,0.0046948356807511,33.994334277620396,Medium,166.51408571508665,residential,,,False,0.43248347497639283,0.24173748819641172,0.35127478753541075
2272931048,6152750687,0,1,1,0,0.0,0.0,0.0,29.272898961284234,Medium,26.60615887344691,residential,,,False,0.43248347497639283,0.24173748819641172,0.11520302171860246
2317410822,6462247775,0,1,3,0,0.0,0.0074349442379182,0.0,44.68366383380548,Medium,36.98937364735509,residential,,,False,0.43248347497639283,0.6270066100094429,0.11520302171860246
2334256467,2334256465,0,1,1,0,0.0,0.0,0.0,29.272898961284234,Medium,48.059819696777694,living_street,,,False,0.43248347497639283,0.24173748819641172,0.11520302171860246
2376774417,13720252591,0,1,3,2,0.0,0.0074349442379182,0.0093896713615023,53.569405099150146,High,294.2422360660082,residential,,,False,0.43248347497639283,0.6270066100094429,0.5594900849858357
2387385680,2406079712,0,2,4,2,0.008130081300813,0.0111524163568773,0.0093896713615023,77.3087818696884,Critical,208.31374558593672,tertiary,2.0,30.0,True,0.8899905571293674,0.7629839471199245,0.5594900849858357
2389377295,2389377314,0,1,1,0,0.0,0.0,0.0,29.272898961284234,Medium,26.27203868089247,residential,,30.0,False,0.43248347497639283,0.24173748819641172,0.11520302171860246
2396330514,265518317,0,1,1,1,0.0,0.0,0.0046948356807511,33.994334277620396,Medium,3124.631562181812,motorway,3.0,120.0,True,0.43248347497639283,0.24173748819641172,0.35127478753541075
2421937956,2421937986,0,1,1,0,0.0,0.0,0.0,29.272898961284234,Medium,52.05439072872769,residential,,,False,0.43248347497639283,0.24173748819641172,0.11520302171860246
2447240415,2246494451,0,1,5,2,0.0,0.0148698884758364,0.0093896713615023,61.97355996222852,High,10.438681780553724,primary,2.0,,False,0.43248347497639283,0.8371104815864022,0.5594900849858357
2448242729,10207024011,0,1,1,4,0.0,0.0,0.0187793427230046,43.31444759206799,Medium,34.44164304661341,residential,,,False,0.43248347497639283,0.24173748819641172,0.8172804532577904
2450331357,2450331338,0,1,5,4,0.0,0.0148698884758364,0.0187793427230046,67.12936732766761,High,49.23728706005117,residential,,,False,0.43248347497639283,0.8371104815864022,0.8172804532577904
2450331367,2450331352,0,1,1,0,0.0,0.0,0.0,29.272898961284234,Medium,191.508656777922,residential,,,False,0.43248347497639283,0.24173748819641172,0.11520302171860246
2450331372,2450331337,0,1,5,1,0.0,0.0148698884758364,0.0046948356807511,57.80925401322001,High,129.0912711642147,residential,,,False,0.43248347497639283,0.8371104815864022,0.35127478753541075
2451394260,2451394261,0,1,1,1,0.0,0.0,0.0046948356807511,33.994334277620396,Medium,105.05208269301734,residential,,,False,0.43248347497639283,0.24173748819641172,0.35127478753541075
2451394268,2451394255,0,1,1,0,0.0,0.0,0.0,29.272898961284234,Medium,30.72847059392038,residential,,,False,0.43248347497639283,0.24173748819641172,0.11520302171860246
2451421961,2451421894,0,1,1,1,0.0,0.0,0.0046948356807511,33.994334277620396,Medium,114.23173240117124,residential,,,False,0.43248347497639283,0.24173748819641172,0.35127478753541075
2455290927,2454285286,0,1,1,2,0.0,0.0,0.0093896713615023,38.1586402266289,Medium,849.8098334857899,primary,3.0,100.0,True,0.43248347497639283,0.24173748819641172,0.5594900849858357
2456827093,2456827067,0,1,3,2,0.0,0.0074349442379182,0.0093896713615023,53.569405099150146,High,109.71571799450892,residential,,,False,0.43248347497639283,0.6270066100094429,0.5594900849858357
2460238680,2460238680,0,1,3,1,0.0,0.0074349442379182,0.0046948356807511,49.405099150141645,Medium,348.0128389933354,residential,,,False,0.43248347497639283,0.6270066100094429,0.35127478753541075
2460302051,2460302048,0,1,3,0,0.0,0.0074349442379182,0.0,44.68366383380548,Medium,105.06994916139428,tertiary,,,False,0.43248347497639283,0.6270066100094429,0.11520302171860246
2460375002,7172904984,0,1,1,1,0.0,0.0,0.0046948356807511,33.994334277620396,Medium,161.8838493249486,tertiary,3.0,,True,0.43248347497639283,0.24173748819641172,0.35127478753541075
2460385254,2460393224,0,1,1,3,0.0,0.0,0.0140845070422535,41.1614730878187,Medium,57.298802565818015,residential,,,False,0.43248347497639283,0.24173748819641172,0.7096317280453258
2464023110,9184290485,0,1,1,2,0.0,0.0,0.0093896713615023,38.1586402266289,Medium,183.2354748593584,residential,,,False,0.43248347497639283,0.24173748819641172,0.5594900849858357
2464033450,574368994,0,1,1,2,0.0,0.0,0.0093896713615023,38.1586402266289,Medium,189.12485759403975,tertiary,,,False,0.43248347497639283,0.24173748819641172,0.5594900849858357
2468924534,6132237143,0,1,1,4,0.0,0.0,0.0187793427230046,43.31444759206799,Medium,86.57250878961358,primary,,,True,0.43248347497639283,0.24173748819641172,0.8172804532577904
2470691119,6298505892,0,1,5,3,0.0,0.0148698884758364,0.0140845070422535,64.97639282341832,High,60.64587701329228,residential,,,False,0.43248347497639283,0.8371104815864022,0.7096317280453258
2523956764,2523956770,0,1,1,0,0.0,0.0,0.0,29.272898961284234,Medium,110.71577461918795,residential,,,False,0.43248347497639283,0.24173748819641172,0.11520302171860246
2578344246,6567087755,0,2,6,5,0.008130081300813,0.0185873605947955,0.0234741784037558,89.92445703493863,Critical,1099.608445989069,tertiary,,,True,0.8899905571293674,0.9126534466477809,0.8909348441926346
2641942716,2641942716,1,1,3,1,0.0,0.0074349442379182,0.0046948356807511,49.405099150141645,Medium,334.3335396512261,residential,,,False,0.43248347497639283,0.6270066100094429,0.35127478753541075
2641950444,2641948118,0,2,6,0,0.008130081300813,0.0185873605947955,0.0,74.409820585458,High,20.060832005856764,residential,,,False,0.8899905571293674,0.9126534466477809,0.11520302171860246
2645199677,7440718031,0,1,5,5,0.0,0.0148698884758364,0.0234741784037558,68.60245514636449,High,136.4570524021142,living_street,,,False,0.43248347497639283,0.8371104815864022,0.8909348441926346
2645311181,2645311175,0,1,3,0,0.0,0.0074349442379182,0.0,44.68366383380548,Medium,121.0241793780321,residential,,,False,0.43248347497639283,0.6270066100094429,0.11520302171860246
2645311239,7451389256,0,1,3,3,0.0,0.0074349442379182,0.0140845070422535,56.57223796033995,High,231.80648597438355,residential,,,False,0.43248347497639283,0.6270066100094429,0.7096317280453258
2645312046,2645312046,1,1,1,2,0.0,0.0,0.0093896713615023,38.1586402266289,Medium,227.1061417453972,residential,,,False,0.43248347497639283,0.24173748819641172,0.5594900849858357
2653581160,2653581159,0,1,3,0,0.0,0.0074349442379182,0.0,44.68366383380548,Medium,46.795098856632265,residential,,,False,0.43248347497639283,0.6270066100094429,0.11520302171860246
2668105134,2668105131,0,1,1,3,0.0,0.0,0.0140845070422535,41.1614730878187,Medium,42.319613490282144,residential,,,False,0.43248347497639283,0.24173748819641172,0.7096317280453258
2685122690,2685122692,0,1,3,2,0.0,0.0074349442379182,0.0093896713615023,53.569405099150146,High,105.66357052634676,residential,,,False,0.43248347497639283,0.6270066100094429,0.5594900849858357
2696066735,12196580089,0,2,4,1,0.008130081300813,0.0111524163568773,0.0046948356807511,73.1444759206799,High,17.050199214923467,residential,,,False,0.8899905571293674,0.7629839471199245,0.35127478753541075
2703669994,251361763,0,1,1,2,0.0,0.0,0.0093896713615023,38.1586402266289,Medium,649.3600387265623,trunk,2.0,60.0,True,0.43248347497639283,0.24173748819641172,0.5594900849858357
2723746993,6132935647,0,1,5,1,0.0,0.0148698884758364,0.0046948356807511,57.80925401322001,High,349.5581655425623,secondary,,60.0,True,0.43248347497639283,0.8371104815864022,0.35127478753541075
2787014188,2787014182,0,1,5,4,0.0,0.0148698884758364,0.0187793427230046,67.12936732766761,High,46.8001702302242,tertiary,,,False,0.43248347497639283,0.8371104815864022,0.8172804532577904
2787014195,2787014189,0,1,3,0,0.0,0.0074349442379182,0.0,44.68366383380548,Medium,69.33693991476107,residential,,,False,0.43248347497639283,0.6270066100094429,0.11520302171860246
2876357602,1947653247,0,1,1,2,0.0,0.0,0.0093896713615023,38.1586402266289,Medium,183.83851633296155,primary,2.0,60.0,True,0.43248347497639283,0.24173748819641172,0.5594900849858357
2991247480,2991247475,0,1,1,1,0.0,0.0,0.0046948356807511,33.994334277620396,Medium,115.8782369958173,residential,,,False,0.43248347497639283,0.24173748819641172,0.35127478753541075
2999494951,1434179296,0,1,5,1,0.0,0.0148698884758364,0.0046948356807511,57.80925401322001,High,566.9966987187488,secondary,2.0,,True,0.43248347497639283,0.8371104815864022,0.35127478753541075
3034669980,3034669979,0,1,1,1,0.0,0.0,0.0046948356807511,33.994334277620396,Medium,161.236689902554,residential,,,False,0.43248347497639283,0.24173748819641172,0.35127478753541075
3034670015,3034670014,0,1,3,2,0.0,0.0074349442379182,0.0093896713615023,53.569405099150146,High,123.4346792132075,residential,,,False,0.43248347497639283,0.6270066100094429,0.5594900849858357
3038860964,3038860963,0,1,5,3,0.0,0.0148698884758364,0.0140845070422535,64.97639282341832,High,81.00527229878125,residential,,,False,0.43248347497639283,0.8371104815864022,0.7096317280453258
3038945359,7290391039,0,1,3,0,0.0,0.0074349442379182,0.0,44.68366383380548,Medium,167.72066217279246,residential,,,False,0.43248347497639283,0.6270066100094429,0.11520302171860246
3141475567,11182448718,0,1,5,1,0.0,0.0148698884758364,0.0046948356807511,57.80925401322001,High,1370.3693600409422,tertiary,2.0,20.0,False,0.43248347497639283,0.8371104815864022,0.35127478753541075
3148609358,818630839,0,1,1,0,0.0,0.0,0.0,29.272898961284234,Medium,1003.2374761199366,tertiary,,,False,0.43248347497639283,0.24173748819641172,0.11520302171860246
3148645692,3148645664,0,1,3,1,0.0,0.0074349442379182,0.0046948356807511,49.405099150141645,Medium,102.34731301140869,residential,,,False,0.43248347497639283,0.6270066100094429,0.35127478753541075
3149180537,3149180538,0,1,1,3,0.0,0.0,0.0140845070422535,41.1614730878187,Medium,31.93104988694964,residential,,,False,0.43248347497639283,0.24173748819641172,0.7096317280453258
3149351927,2145322156,0,1,3,0,0.0,0.0074349442379182,0.0,44.68366383380548,Medium,89.63240627966124,residential,,,False,0.43248347497639283,0.6270066100094429,0.11520302171860246
3149469566,7432551899,0,1,1,2,0.0,0.0,0.0093896713615023,38.1586402266289,Medium,255.6148900065148,residential,2.0,40.0,False,0.43248347497639283,0.24173748819641172,0.5594900849858357
3149567591,1328581949,0,1,1,0,0.0,0.0,0.0,29.272898961284234,Medium,152.43313150808012,residential,2.0,,False,0.43248347497639283,0.24173748819641172,0.11520302171860246
3150076282,3150076274,0,1,1,3,0.0,0.0,0.0140845070422535,41.1614730878187,Medium,35.809886924289856,tertiary,,,False,0.43248347497639283,0.24173748819641172,0.7096317280453258
3157708822,3157708823,0,1,5,4,0.0,0.0148698884758364,0.0187793427230046,67.12936732766761,High,12.106569693352473,residential,,,False,0.43248347497639283,0.8371104815864022,0.8172804532577904
3157718057,3157719167,0,1,1,2,0.0,0.0,0.0093896713615023,38.1586402266289,Medium,38.31340283778622,residential,,,False,0.43248347497639283,0.24173748819641172,0.5594900849858357
3158788651,1469644287,0,1,1,3,0.0,0.0,0.0140845070422535,41.1614730878187,Medium,122.79615108511295,residential,,,False,0.43248347497639283,0.24173748819641172,0.7096317280453258
3161220982,3161220978,0,1,1,1,0.0,0.0,0.0046948356807511,33.994334277620396,Medium,104.60522045739457,residential,,,False,0.43248347497639283,0.24173748819641172,0.35127478753541075
3168013854,3168013853,0,1,1,4,0.0,0.0,0.0187793427230046,43.31444759206799,Medium,89.06338633886473,residential,,,False,0.43248347497639283,0.24173748819641172,0.8172804532577904
3168015473,388584249,0,1,5,4,0.0,0.0148698884758364,0.0187793427230046,67.12936732766761,High,94.87937780234157,residential,,,False,0.43248347497639283,0.8371104815864022,0.8172804532577904
3235639721,3235639718,0,1,3,3,0.0,0.0074349442379182,0.0140845070422535,56.57223796033995,High,66.22386039263775,residential,,,False,0.43248347497639283,0.6270066100094429,0.7096317280453258
3298857094,3298857093,0,1,1,0,0.0,0.0,0.0,29.272898961284234,Medium,62.59869856697586,residential,,,False,0.43248347497639283,0.24173748819641172,0.11520302171860246
3313866974,1328155414,0,1,1,4,0.0,0.0,0.0187793427230046,43.31444759206799,Medium,33.859254705893264,tertiary,,,False,0.43248347497639283,0.24173748819641172,0.8172804532577904
3367402842,3367402840,0,1,1,4,0.0,0.0,0.0187793427230046,43.31444759206799,Medium,38.28822510711081,residential,,,False,0.43248347497639283,0.24173748819641172,0.8172804532577904
3396931058,3396931054,0,1,1,0,0.0,0.0,0.0,29.272898961284234,Medium,45.74589193335671,residential,,,False,0.43248347497639283,0.24173748819641172,0.11520302171860246
3396931095,3396931089,0,1,3,1,0.0,0.0074349442379182,0.0046948356807511,49.405099150141645,Medium,35.18709576245223,residential,,,False,0.43248347497639283,0.6270066100094429,0.35127478753541075
3396985354,3396985373,0,1,1,2,0.0,0.0,0.0093896713615023,38.1586402266289,Medium,55.74345966593435,residential,,,False,0.43248347497639283,0.24173748819641172,0.5594900849858357
3423321105,3423321117,0,1,5,2,0.0,0.0148698884758364,0.0093896713615023,61.97355996222852,High,105.89298581978412,residential,,,False,0.43248347497639283,0.8371104815864022,0.5594900849858357
3423321117,3423321118,0,2,4,5,0.008130081300813,0.0111524163568773,0.0234741784037558,83.93767705382437,Critical,31.36626149689728,residential,,,False,0.8899905571293674,0.7629839471199245,0.8909348441926346
3504349796,6758558444,0,1,1,0,0.0,0.0,0.0,29.272898961284234,Medium,191.62879919182276,residential,,,False,0.43248347497639283,0.24173748819641172,0.11520302171860246
3505695783,14166358377,0,1,1,5,0.0,0.0,0.0234741784037558,44.787535410764875,Medium,13.292486242082331,residential,,,False,0.43248347497639283,0.24173748819641172,0.8909348441926346
3520978671,3520978672,0,1,1,0,0.0,0.0,0.0,29.272898961284234,Medium,209.0152962726118,residential,,,False,0.43248347497639283,0.24173748819641172,0.11520302171860246
3527330468,3527330475,0,1,1,1,0.0,0.0,0.0046948356807511,33.994334277620396,Medium,114.729661871375,residential,,,False,0.43248347497639283,0.24173748819641172,0.35127478753541075
3528034343,11434710893,0,1,5,1,0.0,0.0148698884758364,0.0046948356807511,57.80925401322001,High,131.04252737105193,tertiary,,,False,0.43248347497639283,0.8371104815864022,0.35127478753541075
3530570658,1078399210,0,1,1,2,0.0,0.0,0.0093896713615023,38.1586402266289,Medium,64.85829946047521,residential,,,False,0.43248347497639283,0.24173748819641172,0.5594900849858357
3544518980,6194122694,0,1,1,1,0.0,0.0,0.0046948356807511,33.994334277620396,Medium,71.46258595225441,residential,,,False,0.43248347497639283,0.24173748819641172,0.35127478753541075
3544519408,9189188882,0,2,6,4,0.008130081300813,0.0185873605947955,0.0187793427230046,88.45136921624174,Critical,18.06089369135666,residential,,,False,0.8899905571293674,0.9126534466477809,0.8172804532577904
3672795811,1557118072,0,1,5,3,0.0,0.0148698884758364,0.0140845070422535,64.97639282341832,High,70.88751232092986,residential,,,False,0.43248347497639283,0.8371104815864022,0.7096317280453258
3739201969,2408528591,0,1,3,2,0.0,0.0074349442379182,0.0093896713615023,53.569405099150146,High,383.32995127294765,trunk,3.0,80.0,True,0.43248347497639283,0.6270066100094429,0.5594900849858357
3751669631,3751669632,0,1,1,3,0.0,0.0,0.0140845070422535,41.1614730878187,Medium,102.71263734106702,residential,,,False,0.43248347497639283,0.24173748819641172,0.7096317280453258
3752511414,3752511417,0,1,1,3,0.0,0.0,0.0140845070422535,41.1614730878187,Medium,105.90603385518048,residential,,,False,0.43248347497639283,0.24173748819641172,0.7096317280453258
3758521583,3648814512,0,3,5,3,0.016260162601626,0.0148698884758364,0.0140845070422535,84.65533522190746,Critical,571.63927847489,secondary,,,False,0.9244570349386213,0.8371104815864022,0.7096317280453258
3820268557,3820268556,0,1,1,0,0.0,0.0,0.0,29.272898961284234,Medium,120.63035238685644,secondary,2.0,,True,0.43248347497639283,0.24173748819641172,0.11520302171860246
3836800948,3836800949,0,1,5,2,0.0,0.0148698884758364,0.0093896713615023,61.97355996222852,High,148.97746871261234,residential,,,False,0.43248347497639283,0.8371104815864022,0.5594900849858357
3844927207,13118755131,0,1,3,3,0.0,0.0074349442379182,0.0140845070422535,56.57223796033995,High,515.1262987924368,tertiary,2.0,,True,0.43248347497639283,0.6270066100094429,0.7096317280453258
3844927213,9184290487,0,1,5,5,0.0,0.0148698884758364,0.0234741784037558,68.60245514636449,High,329.78747396904373,residential,,,False,0.43248347497639283,0.8371104815864022,0.8909348441926346
3865371964,12640604206,0,3,7,3,0.016260162601626,0.0223048327137546,0.0140845070422535,88.13031161473089,Critical,642.7278633124474,secondary,,,False,0.9244570349386213,0.9239848914069877,0.7096317280453258
3868574353,12401455468,0,124,270,213,1.0,1.0,1.0,99.98111425873466,Critical,89.75605397567696,residential,,,False,1.0,0.9995278564683664,1.0
3868574354,12401455470,0,1,1,3,0.0,0.0,0.0140845070422535,41.1614730878187,Medium,88.72479116692163,residential,,,False,0.43248347497639283,0.24173748819641172,0.7096317280453258
3868574356,12401455468,0,2,6,5,0.008130081300813,0.0185873605947955,0.0234741784037558,89.92445703493863,Critical,134.27216116485832,residential,,,False,0.8899905571293674,0.9126534466477809,0.8909348441926346
3868642631,1595757983,0,1,1,5,0.0,0.0,0.0234741784037558,44.787535410764875,Medium,38.696373220910765,residential,,,False,0.43248347497639283,0.24173748819641172,0.8909348441926346
3868675929,3868675751,0,1,5,5,0.0,0.0148698884758364,0.0234741784037558,68.60245514636449,High,41.41949089476824,tertiary,,,False,0.43248347497639283,0.8371104815864022,0.8909348441926346
3868683831,6194699512,0,2,2,1,0.008130081300813,0.0037174721189591,0.0046948356807511,62.24740321057601,High,104.2339513504809,tertiary,,,False,0.8899905571293674,0.49055712936732765,0.35127478753541075
3868683842,7405622380,0,1,3,0,0.0,0.0074349442379182,0.0,44.68366383380548,Medium,230.33618447256964,residential,,,False,0.43248347497639283,0.6270066100094429,0.11520302171860246
3868729253,3868729561,0,1,1,2,0.0,0.0,0.0093896713615023,38.1586402266289,Medium,39.74126889071268,residential,,,False,0.43248347497639283,0.24173748819641172,0.5594900849858357
3870439580,3870439578,0,1,1,3,0.0,0.0,0.0140845070422535,41.1614730878187,Medium,96.60191310408464,residential,,,False,0.43248347497639283,0.24173748819641172,0.7096317280453258
3872475873,3872498882,0,1,1,0,0.0,0.0,0.0,29.272898961284234,Medium,116.51859502905272,residential,,,False,0.43248347497639283,0.24173748819641172,0.11520302171860246
3872487124,3872487129,0,1,3,1,0.0,0.0074349442379182,0.0046948356807511,49.405099150141645,Medium,139.57774436534694,residential,,,False,0.43248347497639283,0.6270066100094429,0.35127478753541075
3872498891,3872498899,0,8,8,6,0.056910569105691,0.0260223048327137,0.028169014084507,93.7582625118036,Critical,88.02557631916079,residential,,,False,0.9508970727101038,0.9301227573182247,0.9258734655335222
3872503762,6152725205,0,1,1,0,0.0,0.0,0.0,29.272898961284234,Medium,249.1366462326788,residential,,,False,0.43248347497639283,0.24173748819641172,0.11520302171860246
3872554315,3872554316,0,1,1,3,0.0,0.0,0.0140845070422535,41.1614730878187,Medium,75.01068715315822,residential,,,False,0.43248347497639283,0.24173748819641172,0.7096317280453258
3872675416,3872675424,0,1,1,0,0.0,0.0,0.0,29.272898961284234,Medium,107.46504214292044,residential,,,False,0.43248347497639283,0.24173748819641172,0.11520302171860246
3874227764,3874227762,0,1,3,2,0.0,0.0074349442379182,0.0093896713615023,53.569405099150146,High,117.36336803724978,residential,,,False,0.43248347497639283,0.6270066100094429,0.5594900849858357
3874237276,3874235856,0,1,1,2,0.0,0.0,0.0093896713615023,38.1586402266289,Medium,272.8196306034875,tertiary,,,False,0.43248347497639283,0.24173748819641172,0.5594900849858357
3874463730,3874463731,0,1,1,0,0.0,0.0,0.0,29.272898961284234,Medium,111.8844811922178,residential,,,False,0.43248347497639283,0.24173748819641172,0.11520302171860246
3874476266,11414435391,0,1,3,0,0.0,0.0074349442379182,0.0,44.68366383380548,Medium,157.8927363768875,residential,,,False,0.43248347497639283,0.6270066100094429,0.11520302171860246
3914359674,1534147563,0,1,3,1,0.0,0.0074349442379182,0.0046948356807511,49.405099150141645,Medium,220.9420994542861,residential,,,False,0.43248347497639283,0.6270066100094429,0.35127478753541075
3942868673,3942868672,0,1,5,1,0.0,0.0148698884758364,0.0046948356807511,57.80925401322001,High,90.46453234468092,residential,,,False,0.43248347497639283,0.8371104815864022,0.35127478753541075
4041189495,1589241349,0,1,3,1,0.0,0.0074349442379182,0.0046948356807511,49.405099150141645,Medium,89.10068033969631,residential,,,False,0.43248347497639283,0.6270066100094429,0.35127478753541075
4041189580,11395593597,0,18,42,36,0.1382113821138211,0.1524163568773234,0.1690140845070422,98.09254013220018,Critical,182.2217368439736,residential,,,False,0.9811142587346553,0.9806421152030217,0.9811142587346553
4041189639,4041189551,0,3,5,2,0.016260162601626,0.0148698884758364,0.0093896713615023,81.65250236071766,Critical,88.27859799756693,residential,,,False,0.9244570349386213,0.8371104815864022,0.5594900849858357
4041189707,4041189546,0,1,5,1,0.0,0.0148698884758364,0.0046948356807511,57.80925401322001,High,52.91709448457816,residential,,,False,0.43248347497639283,0.8371104815864022,0.35127478753541075
4044517559,4044517811,0,40,76,65,0.3170731707317073,0.2788104089219331,0.3051643192488263,99.43342776203967,Critical,244.7079337763882,residential,,,False,0.9952785646836638,0.9933899905571294,0.9943342776203966
4197704733,309600801,0,1,5,3,0.0,0.0148698884758364,0.0140845070422535,64.97639282341832,High,182.09150788440843,residential,,,False,0.43248347497639283,0.8371104815864022,0.7096317280453258
4294218124,4294224252,0,1,3,3,0.0,0.0074349442379182,0.0140845070422535,56.57223796033995,High,598.6447227280036,primary,3.0,30.0,True,0.43248347497639283,0.6270066100094429,0.7096317280453258
4308356541,269710413,0,1,1,1,0.0,0.0,0.0046948356807511,33.994334277620396,Medium,488.9046697688633,tertiary,,,True,0.43248347497639283,0.24173748819641172,0.35127478753541075
4316622360,2558406916,0,1,1,3,0.0,0.0,0.0140845070422535,41.1614730878187,Medium,252.54286812942476,residential,,,False,0.43248347497639283,0.24173748819641172,0.7096317280453258
4316622788,4316622741,0,1,1,3,0.0,0.0,0.0140845070422535,41.1614730878187,Medium,110.17638698288822,residential,,,False,0.43248347497639283,0.24173748819641172,0.7096317280453258
4380549695,11455011720,0,1,1,3,0.0,0.0,0.0140845070422535,41.1614730878187,Medium,294.4243846499778,residential,2.0,,False,0.43248347497639283,0.24173748819641172,0.7096317280453258
4397411428,4397411430,0,1,1,0,0.0,0.0,0.0,29.272898961284234,Medium,49.62795478881888,residential,,20.0,False,0.43248347497639283,0.24173748819641172,0.11520302171860246
4443068940,10207067574,0,1,1,3,0.0,0.0,0.0140845070422535,41.1614730878187,Medium,120.951926859419,tertiary,2.0,,False,0.43248347497639283,0.24173748819641172,0.7096317280453258
4458722522,4458722721,0,1,3,0,0.0,0.0074349442379182,0.0,44.68366383380548,Medium,157.06566616304963,residential,,,False,0.43248347497639283,0.6270066100094429,0.11520302171860246
4469903724,4469903722,0,1,3,5,0.0,0.0074349442379182,0.0234741784037558,60.19830028328612,High,103.15558703271466,residential,,,False,0.43248347497639283,0.6270066100094429,0.8909348441926346
4527984245,10091708985,0,1,5,5,0.0,0.0148698884758364,0.0234741784037558,68.60245514636449,High,169.75498989614547,residential,,,False,0.43248347497639283,0.8371104815864022,0.8909348441926346
4533883485,956034560,0,1,1,3,0.0,0.0,0.0140845070422535,41.1614730878187,Medium,167.3653261871495,residential,,,False,0.43248347497639283,0.24173748819641172,0.7096317280453258
4544191533,4950784857,0,1,1,3,0.0,0.0,0.0140845070422535,41.1614730878187,Medium,139.93485080386756,residential,,,False,0.43248347497639283,0.24173748819641172,0.7096317280453258
4590824591,410860076,0,1,1,1,0.0,0.0,0.0046948356807511,33.994334277620396,Medium,282.24764347780274,residential,,,False,0.43248347497639283,0.24173748819641172,0.35127478753541075
4591991813,4591991814,0,1,1,0,0.0,0.0,0.0,29.272898961284234,Medium,234.80473260771072,residential,,,False,0.43248347497639283,0.24173748819641172,0.11520302171860246
4671306317,4671306298,0,1,3,1,0.0,0.0074349442379182,0.0046948356807511,49.405099150141645,Medium,306.11602525110254,residential,,,False,0.43248347497639283,0.6270066100094429,0.35127478753541075
4696742612,4696742610,0,1,1,0,0.0,0.0,0.0,29.272898961284234,Medium,170.8733463956092,tertiary,2.0,50.0,True,0.43248347497639283,0.24173748819641172,0.11520302171860246
4918188102,1377861104,0,1,3,1,0.0,0.0074349442379182,0.0046948356807511,49.405099150141645,Medium,104.53576576509371,residential,,,False,0.43248347497639283,0.6270066100094429,0.35127478753541075
4948112938,4948112940,0,1,1,2,0.0,0.0,0.0093896713615023,38.1586402266289,Medium,46.664967060957565,unclassified,,,False,0.43248347497639283,0.24173748819641172,0.5594900849858357
4948430324,4948430328,0,1,1,0,0.0,0.0,0.0,29.272898961284234,Medium,35.44412674441739,residential,,,False,0.43248347497639283,0.24173748819641172,0.11520302171860246
4948430333,13105804913,0,1,1,2,0.0,0.0,0.0093896713615023,38.1586402266289,Medium,130.42870324828945,tertiary,4.0,60.0,False,0.43248347497639283,0.24173748819641172,0.5594900849858357
4948430603,4948430599,0,1,1,0,0.0,0.0,0.0,29.272898961284234,Medium,108.39450128085396,residential,,,False,0.43248347497639283,0.24173748819641172,0.11520302171860246
4948430644,4948430643,0,1,1,0,0.0,0.0,0.0,29.272898961284234,Medium,113.22800362731306,residential,,,False,0.43248347497639283,0.24173748819641172,0.11520302171860246
4948650894,11419666780,0,3,7,8,0.016260162601626,0.0223048327137546,0.0375586854460093,92.73843248347498,Critical,19.981812399454093,residential,,,False,0.9244570349386213,0.9239848914069877,0.9400377714825306
4948727680,4948727688,0,1,1,1,0.0,0.0,0.0046948356807511,33.994334277620396,Medium,48.27406127066367,residential,,,False,0.43248347497639283,0.24173748819641172,0.35127478753541075
4948727693,4948727690,0,1,3,1,0.0,0.0074349442379182,0.0046948356807511,49.405099150141645,Medium,184.39700952338177,residential,,,False,0.43248347497639283,0.6270066100094429,0.35127478753541075
4948835755,960240719,0,1,5,5,0.0,0.0148698884758364,0.0234741784037558,68.60245514636449,High,24.371144679382105,residential,,,False,0.43248347497639283,0.8371104815864022,0.8909348441926346
4950155142,4950155141,0,12,22,18,0.089430894308943,0.0780669144981412,0.0845070422535211,96.28895184135978,Critical,67.23475193716415,residential,,,False,0.9660056657223796,0.959395656279509,0.9636449480642115
4950155164,11399915641,0,11,23,14,0.08130081300813,0.0817843866171003,0.0657276995305164,96.109537299339,Critical,101.69911677177018,residential,,,False,0.9622285174693107,0.9612842304060434,0.9584513692162417
4950155167,4950155148,0,10,16,21,0.073170731707317,0.0557620817843866,0.0985915492957746,95.7318224740321,Critical,44.23398976507515,residential,,,False,0.9589235127478754,0.9508970727101038,0.9669499527856469
4950225557,4950225527,0,1,1,1,0.0,0.0,0.0046948356807511,33.994334277620396,Medium,35.62188275060069,residential,,,False,0.43248347497639283,0.24173748819641172,0.35127478753541075
4950262839,4950262836,0,1,1,1,0.0,0.0,0.0046948356807511,33.994334277620396,Medium,230.34193196560048,residential,,,False,0.43248347497639283,0.24173748819641172,0.35127478753541075
4950292398,4950331731,0,1,3,1,0.0,0.0074349442379182,0.0046948356807511,49.405099150141645,Medium,238.14210708062467,residential,,,False,0.43248347497639283,0.6270066100094429,0.35127478753541075
4950292682,4950292684,0,1,1,1,0.0,0.0,0.0046948356807511,33.994334277620396,Medium,91.27306027645876,residential,,,False,0.43248347497639283,0.24173748819641172,0.35127478753541075
4950460596,13818070190,0,1,1,3,0.0,0.0,0.0140845070422535,41.1614730878187,Medium,4.785779416093666,residential,,,False,0.43248347497639283,0.24173748819641172,0.7096317280453258
4950655288,4950655286,0,83,205,149,0.6666666666666666,0.758364312267658,0.6995305164319249,99.81114258734657,Critical,95.7024487156987,residential,,,False,0.9981114258734656,0.9981114258734656,0.9981114258734656
4950655435,4950714188,0,1,1,3,0.0,0.0,0.0140845070422535,41.1614730878187,Medium,213.32392608479432,tertiary,,,False,0.43248347497639283,0.24173748819641172,0.7096317280453258
4950714180,4950714179,0,1,3,1,0.0,0.0074349442379182,0.0046948356807511,49.405099150141645,Medium,69.99437814213776,residential,,,False,0.43248347497639283,0.6270066100094429,0.35127478753541075
4950818807,4479375777,0,2,6,6,0.008130081300813,0.0185873605947955,0.028169014084507,90.62322946175638,Critical,76.12102316368124,residential,,,False,0.8899905571293674,0.9126534466477809,0.9258734655335222
4952439191,4948782268,0,1,3,3,0.0,0.0074349442379182,0.0140845070422535,56.57223796033995,High,203.4598797032837,residential,,,False,0.43248347497639283,0.6270066100094429,0.7096317280453258
4952439930,4952439939,0,1,1,1,0.0,0.0,0.0046948356807511,33.994334277620396,Medium,224.11446760007692,residential,,,False,0.43248347497639283,0.24173748819641172,0.35127478753541075
4952632554,4952632550,0,1,1,0,0.0,0.0,0.0,29.272898961284234,Medium,29.64609317754816,tertiary,,,False,0.43248347497639283,0.24173748819641172,0.11520302171860246
4952632667,2460393312,0,1,1,2,0.0,0.0,0.0093896713615023,38.1586402266289,Medium,104.38826020838788,residential,1.0,,False,0.43248347497639283,0.24173748819641172,0.5594900849858357
4952656463,4952656462,0,1,5,1,0.0,0.0148698884758364,0.0046948356807511,57.80925401322001,High,49.18075443883365,tertiary,2.0,,True,0.43248347497639283,0.8371104815864022,0.35127478753541075
4952686885,4952686888,0,1,1,0,0.0,0.0,0.0,29.272898961284234,Medium,116.16867877439944,residential,,,False,0.43248347497639283,0.24173748819641172,0.11520302171860246
4952686912,4952686910,0,1,1,0,0.0,0.0,0.0,29.272898961284234,Medium,85.73186368209628,residential,,,False,0.43248347497639283,0.24173748819641172,0.11520302171860246
4952686983,2611179197,0,1,1,1,0.0,0.0,0.0046948356807511,33.994334277620396,Medium,364.7107415648126,residential,,,False,0.43248347497639283,0.24173748819641172,0.35127478753541075
4958076554,4950655283,0,3,5,2,0.016260162601626,0.0148698884758364,0.0093896713615023,81.65250236071766,Critical,126.97846509114684,residential,,,False,0.9244570349386213,0.8371104815864022,0.5594900849858357
4973105485,4973105484,0,1,1,0,0.0,0.0,0.0,29.272898961284234,Medium,47.75617084214138,residential,,,False,0.43248347497639283,0.24173748819641172,0.11520302171860246
5133070906,5133070907,0,1,1,1,0.0,0.0,0.0046948356807511,33.994334277620396,Medium,104.79790635197682,residential,,,False,0.43248347497639283,0.24173748819641172,0.35127478753541075
5267369424,836238561,0,1,1,1,0.0,0.0,0.0046948356807511,33.994334277620396,Medium,205.5173911689184,residential,,,False,0.43248347497639283,0.24173748819641172,0.35127478753541075
5274915539,426841169,0,1,1,1,0.0,0.0,0.0046948356807511,33.994334277620396,Medium,477.4568033850199,secondary,2.0,,True,0.43248347497639283,0.24173748819641172,0.35127478753541075
5283308423,5283308421,0,1,3,1,0.0,0.0074349442379182,0.0046948356807511,49.405099150141645,Medium,118.43316866348373,residential,,,False,0.43248347497639283,0.6270066100094429,0.35127478753541075
5328726965,5328658178,0,1,1,1,0.0,0.0,0.0046948356807511,33.994334277620396,Medium,79.84619327306548,residential,,,False,0.43248347497639283,0.24173748819641172,0.35127478753541075
5329082270,5329082288,0,1,5,2,0.0,0.0148698884758364,0.0093896713615023,61.97355996222852,High,146.61898659776537,residential,,,False,0.43248347497639283,0.8371104815864022,0.5594900849858357
5330504370,569884939,0,1,5,5,0.0,0.0148698884758364,0.0234741784037558,68.60245514636449,High,72.02220560679231,tertiary,2.0,30.0,False,0.43248347497639283,0.8371104815864022,0.8909348441926346
5330647541,10216329996,0,1,1,2,0.0,0.0,0.0093896713615023,38.1586402266289,Medium,20.96374924490455,residential,,,False,0.43248347497639283,0.24173748819641172,0.5594900849858357
5330659841,1572997598,0,1,1,0,0.0,0.0,0.0,29.272898961284234,Medium,53.89650412985515,tertiary,,,False,0.43248347497639283,0.24173748819641172,0.11520302171860246
5330659866,6410933521,0,1,1,1,0.0,0.0,0.0046948356807511,33.994334277620396,Medium,146.13518283743122,residential,,,False,0.43248347497639283,0.24173748819641172,0.35127478753541075
5331115103,5331115115,0,1,1,5,0.0,0.0,0.0234741784037558,44.787535410764875,Medium,517.5171830132397,residential,,,False,0.43248347497639283,0.24173748819641172,0.8909348441926346
5395545376,6528482683,0,1,3,3,0.0,0.0074349442379182,0.0140845070422535,56.57223796033995,High,38.4065490390083,residential,,,False,0.43248347497639283,0.6270066100094429,0.7096317280453258
5535976757,997846397,0,1,1,1,0.0,0.0,0.0046948356807511,33.994334277620396,Medium,225.62887425215396,residential,2.0,20.0,False,0.43248347497639283,0.24173748819641172,0.35127478753541075
5588649590,2396948276,0,1,1,0,0.0,0.0,0.0,29.272898961284234,Medium,245.04902757170413,primary,2.0,,True,0.43248347497639283,0.24173748819641172,0.11520302171860246
5825728711,5825728714,0,1,1,2,0.0,0.0,0.0093896713615023,38.1586402266289,Medium,42.78689757290459,living_street,,,False,0.43248347497639283,0.24173748819641172,0.5594900849858357
5930997555,10175064193,0,3,5,1,0.016260162601626,0.0148698884758364,0.0046948356807511,77.48819641170915,Critical,85.17441717798107,residential,,,False,0.9244570349386213,0.8371104815864022,0.35127478753541075
5966255503,5966255501,0,1,1,1,0.0,0.0,0.0046948356807511,33.994334277620396,Medium,69.40531147917855,residential,,,False,0.43248347497639283,0.24173748819641172,0.35127478753541075
6056942840,7308880623,0,2,4,7,0.008130081300813,0.0111524163568773,0.0328638497652582,84.81586402266291,Critical,647.5312513924127,secondary,2.0,,False,0.8899905571293674,0.7629839471199245,0.9348441926345609
6131903446,6131903449,0,1,3,1,0.0,0.0074349442379182,0.0046948356807511,49.405099150141645,Medium,173.05020095369846,residential,,,False,0.43248347497639283,0.6270066100094429,0.35127478753541075
6133175096,11411574088,0,1,3,3,0.0,0.0074349442379182,0.0140845070422535,56.57223796033995,High,316.2494783080475,residential,,,False,0.43248347497639283,0.6270066100094429,0.7096317280453258
6137917607,1838767849,0,1,1,1,0.0,0.0,0.0046948356807511,33.994334277620396,Medium,159.38868299544765,residential,,,False,0.43248347497639283,0.24173748819641172,0.35127478753541075
6142424112,6749564262,0,1,1,0,0.0,0.0,0.0,29.272898961284234,Medium,511.24035198908695,residential,,,False,0.43248347497639283,0.24173748819641172,0.11520302171860246
6144032622,442438276,0,1,1,2,0.0,0.0,0.0093896713615023,38.1586402266289,Medium,342.3806290794011,residential,,,False,0.43248347497639283,0.24173748819641172,0.5594900849858357
6144400670,5330536435,0,1,3,1,0.0,0.0074349442379182,0.0046948356807511,49.405099150141645,Medium,259.6166112462804,residential,,,False,0.43248347497639283,0.6270066100094429,0.35127478753541075
6152718053,6152718054,0,1,1,1,0.0,0.0,0.0046948356807511,33.994334277620396,Medium,30.22038765335712,residential,,,False,0.43248347497639283,0.24173748819641172,0.35127478753541075
6152844618,10097122302,0,1,1,4,0.0,0.0,0.0187793427230046,43.31444759206799,Medium,62.459183996447166,residential,,,False,0.43248347497639283,0.24173748819641172,0.8172804532577904
6180365750,6180365753,0,1,5,2,0.0,0.0148698884758364,0.0093896713615023,61.97355996222852,High,109.3272163523642,residential,,,False,0.43248347497639283,0.8371104815864022,0.5594900849858357
6180385237,11038574241,0,1,5,4,0.0,0.0148698884758364,0.0187793427230046,67.12936732766761,High,300.57455257579875,residential,,,False,0.43248347497639283,0.8371104815864022,0.8172804532577904
6194003059,6194003058,0,1,3,4,0.0,0.0074349442379182,0.0187793427230046,58.72521246458924,High,109.11909432874482,residential,,,False,0.43248347497639283,0.6270066100094429,0.8172804532577904
6194008055,3148667924,0,1,1,0,0.0,0.0,0.0,29.272898961284234,Medium,263.1648621813797,residential,,,False,0.43248347497639283,0.24173748819641172,0.11520302171860246
6194196465,6194196461,0,1,1,2,0.0,0.0,0.0093896713615023,38.1586402266289,Medium,82.88557154597035,residential,,,False,0.43248347497639283,0.24173748819641172,0.5594900849858357
6194216269,10170830042,0,1,5,2,0.0,0.0148698884758364,0.0093896713615023,61.97355996222852,High,1531.364176718617,primary,2.0,,True,0.43248347497639283,0.8371104815864022,0.5594900849858357
6194253003,1388142899,0,1,1,1,0.0,0.0,0.0046948356807511,33.994334277620396,Medium,90.45533802834642,residential,,,False,0.43248347497639283,0.24173748819641172,0.35127478753541075
6194313706,6194313697,0,1,3,1,0.0,0.0074349442379182,0.0046948356807511,49.405099150141645,Medium,171.6386510454259,residential,,,False,0.43248347497639283,0.6270066100094429,0.35127478753541075
6195355490,10154239380,0,1,5,2,0.0,0.0148698884758364,0.0093896713615023,61.97355996222852,High,19.0961824244358,residential,,,False,0.43248347497639283,0.8371104815864022,0.5594900849858357
6195367797,3039641658,0,1,3,0,0.0,0.0074349442379182,0.0,44.68366383380548,Medium,251.4177616017641,residential,,,False,0.43248347497639283,0.6270066100094429,0.11520302171860246
6195684273,287912299,0,1,3,3,0.0,0.0074349442379182,0.0140845070422535,56.57223796033995,High,114.89146563960595,tertiary,,25.0,True,0.43248347497639283,0.6270066100094429,0.7096317280453258
6226329981,248677965,0,1,1,0,0.0,0.0,0.0,29.272898961284234,Medium,1032.8916571348673,trunk,2.0,60.0,True,0.43248347497639283,0.24173748819641172,0.11520302171860246
6285630134,6285630136,0,1,1,1,0.0,0.0,0.0046948356807511,33.994334277620396,Medium,158.47271985788814,residential,,,False,0.43248347497639283,0.24173748819641172,0.35127478753541075
6298505899,6298505897,0,1,1,0,0.0,0.0,0.0,29.272898961284234,Medium,33.02184789935566,tertiary,,,False,0.43248347497639283,0.24173748819641172,0.11520302171860246
6403451401,7398254781,0,1,3,1,0.0,0.0074349442379182,0.0046948356807511,49.405099150141645,Medium,273.21304124884074,residential,,,False,0.43248347497639283,0.6270066100094429,0.35127478753541075
6504533922,308924477,0,1,1,3,0.0,0.0,0.0140845070422535,41.1614730878187,Medium,220.13569059436105,tertiary,,,False,0.43248347497639283,0.24173748819641172,0.7096317280453258
6518252282,10055455570,0,1,1,3,0.0,0.0,0.0140845070422535,41.1614730878187,Medium,96.01659002092718,residential,,,False,0.43248347497639283,0.24173748819641172,0.7096317280453258
6521888756,1309736989,0,1,5,2,0.0,0.0148698884758364,0.0093896713615023,61.97355996222852,High,55.95240184625804,secondary,,,False,0.43248347497639283,0.8371104815864022,0.5594900849858357
6528148984,6528167685,0,1,3,1,0.0,0.0074349442379182,0.0046948356807511,49.405099150141645,Medium,31.88100216355099,residential,,,False,0.43248347497639283,0.6270066100094429,0.35127478753541075
6528782908,3872579730,0,1,1,0,0.0,0.0,0.0,29.272898961284234,Medium,45.33633707334152,residential,,,False,0.43248347497639283,0.24173748819641172,0.11520302171860246
6532341932,4952656270,0,1,5,3,0.0,0.0148698884758364,0.0140845070422535,64.97639282341832,High,31.943190131584405,residential,,,False,0.43248347497639283,0.8371104815864022,0.7096317280453258
6536415841,12157364887,0,2,2,2,0.008130081300813,0.0037174721189591,0.0093896713615023,66.41170915958452,High,692.4337004942206,tertiary,,,False,0.8899905571293674,0.49055712936732765,0.5594900849858357
6536708552,10575940332,0,1,1,2,0.0,0.0,0.0093896713615023,38.1586402266289,Medium,150.89629218002807,residential,,,False,0.43248347497639283,0.24173748819641172,0.5594900849858357
6562194967,2749514806,0,1,1,0,0.0,0.0,0.0,29.272898961284234,Medium,100.07777557779563,residential,,,False,0.43248347497639283,0.24173748819641172,0.11520302171860246
6575118683,1977975568,0,1,1,0,0.0,0.0,0.0,29.272898961284234,Medium,374.24930728193,secondary,,,True,0.43248347497639283,0.24173748819641172,0.11520302171860246
6617328981,1633904686,0,1,3,1,0.0,0.0074349442379182,0.0046948356807511,49.405099150141645,Medium,97.68069954186304,tertiary,,,False,0.43248347497639283,0.6270066100094429,0.35127478753541075
6745641824,6745641848,1,1,1,3,0.0,0.0,0.0140845070422535,41.1614730878187,Medium,66.17314876673088,tertiary,,,True,0.43248347497639283,0.24173748819641172,0.7096317280453258
6746631372,5295568654,0,1,1,2,0.0,0.0,0.0093896713615023,38.1586402266289,Medium,58.35272015794431,residential,,,False,0.43248347497639283,0.24173748819641172,0.5594900849858357
6746702140,6746702132,0,1,1,0,0.0,0.0,0.0,29.272898961284234,Medium,400.7600840402312,residential,,,False,0.43248347497639283,0.24173748819641172,0.11520302171860246
6749682822,10266750996,0,1,5,4,0.0,0.0148698884758364,0.0187793427230046,67.12936732766761,High,124.68706622116532,residential,,,False,0.43248347497639283,0.8371104815864022,0.8172804532577904
6802107177,1096956298,0,1,1,3,0.0,0.0,0.0140845070422535,41.1614730878187,Medium,361.5617863254242,secondary,2.0,,True,0.43248347497639283,0.24173748819641172,0.7096317280453258
6809938713,6809938711,0,1,3,0,0.0,0.0074349442379182,0.0,44.68366383380548,Medium,70.41229749958912,residential,,,False,0.43248347497639283,0.6270066100094429,0.11520302171860246
6810046561,6810023225,0,1,1,1,0.0,0.0,0.0046948356807511,33.994334277620396,Medium,142.78697223414858,residential,,,False,0.43248347497639283,0.24173748819641172,0.35127478753541075
6861885471,5329111658,0,1,1,2,0.0,0.0,0.0093896713615023,38.1586402266289,Medium,160.54468494259186,residential,,,False,0.43248347497639283,0.24173748819641172,0.5594900849858357
6884281243,6884281244,0,1,1,0,0.0,0.0,0.0,29.272898961284234,Medium,39.678136759071606,residential,,,False,0.43248347497639283,0.24173748819641172,0.11520302171860246
6884298293,6884298291,0,1,3,0,0.0,0.0074349442379182,0.0,44.68366383380548,Medium,198.65898283709885,tertiary,,,True,0.43248347497639283,0.6270066100094429,0.11520302171860246
6884327538,1446278459,0,1,1,1,0.0,0.0,0.0046948356807511,33.994334277620396,Medium,58.66368976906803,residential,,,False,0.43248347497639283,0.24173748819641172,0.35127478753541075
6901280942,11944239451,0,1,3,1,0.0,0.0074349442379182,0.0046948356807511,49.405099150141645,Medium,567.6578454241896,residential,,,False,0.43248347497639283,0.6270066100094429,0.35127478753541075
6901590984,6901590980,0,1,1,1,0.0,0.0,0.0046948356807511,33.994334277620396,Medium,218.90809786902005,secondary,,,True,0.43248347497639283,0.24173748819641172,0.35127478753541075
7088469651,7088469654,0,1,1,2,0.0,0.0,0.0093896713615023,38.1586402266289,Medium,52.29272827910553,living_street,,,False,0.43248347497639283,0.24173748819641172,0.5594900849858357
7089243679,7089243678,0,2,4,5,0.008130081300813,0.0111524163568773,0.0234741784037558,83.93767705382437,Critical,35.72083038893,residential,,,False,0.8899905571293674,0.7629839471199245,0.8909348441926346
7090776373,7090777397,0,116,270,208,0.934959349593496,1.0,0.976525821596244,99.92445703493861,Critical,215.7889173491085,residential,,,False,0.9990557129367328,0.9995278564683664,0.9990557129367328
7090777400,7090777397,1,8,18,9,0.056910569105691,0.0631970260223048,0.0422535211267605,95.13692162417375,Critical,203.3572081606174,residential,,,False,0.9508970727101038,0.9551463644948064,0.9447592067988668
7121595595,7121595593,0,1,3,0,0.0,0.0074349442379182,0.0,44.68366383380548,Medium,131.3884228664789,residential,,,False,0.43248347497639283,0.6270066100094429,0.11520302171860246
7121595606,7121595597,0,8,8,12,0.056910569105691,0.0260223048327137,0.056338028169014,94.29650613786592,Critical,253.28180237250365,residential,,,False,0.9508970727101038,0.9301227573182247,0.9527856468366384
7121595628,7121595624,0,7,11,13,0.048780487804878,0.037174721189591,0.0610328638497652,94.62700661000945,Critical,55.02597072334763,residential,,,False,0.947119924457035,0.940982058545798,0.9551463644948064
7121595634,7121595628,0,15,37,28,0.1138211382113821,0.1338289962825278,0.1314553990610328,97.68649669499528,Critical,30.35239789502993,residential,,,False,0.9763928234183191,0.9782813975448537,0.9749763928234183
7142697210,7424591822,0,1,1,5,0.0,0.0,0.0234741784037558,44.787535410764875,Medium,78.77859922594077,residential,,,False,0.43248347497639283,0.24173748819641172,0.8909348441926346
7146517859,7378174449,0,1,5,4,0.0,0.0148698884758364,0.0187793427230046,67.12936732766761,High,194.58117256064543,residential,,,True,0.43248347497639283,0.8371104815864022,0.8172804532577904
7146681134,7146681137,0,1,3,1,0.0,0.0074349442379182,0.0046948356807511,49.405099150141645,Medium,176.60369962509864,residential,,,False,0.43248347497639283,0.6270066100094429,0.35127478753541075
7146681145,7466199493,0,2,6,7,0.008130081300813,0.0185873605947955,0.0328638497652582,90.80264400377716,Critical,111.21855292367252,residential,,,False,0.8899905571293674,0.9126534466477809,0.9348441926345609
7146806640,7146806636,0,1,5,2,0.0,0.0148698884758364,0.0093896713615023,61.97355996222852,High,123.90825567093891,residential,,,False,0.43248347497639283,0.8371104815864022,0.5594900849858357
7148495601,10039209842,0,1,1,0,0.0,0.0,0.0,29.272898961284234,Medium,33.13138284135626,residential,,,False,0.43248347497639283,0.24173748819641172,0.11520302171860246
7175175831,7175175830,0,1,1,0,0.0,0.0,0.0,29.272898961284234,Medium,30.204306330584007,residential,,,False,0.43248347497639283,0.24173748819641172,0.11520302171860246
7175396251,1208603120,0,1,3,1,0.0,0.0074349442379182,0.0046948356807511,49.405099150141645,Medium,126.81088293756348,primary,2.0,,True,0.43248347497639283,0.6270066100094429,0.35127478753541075
7207641453,7207641452,0,1,1,1,0.0,0.0,0.0046948356807511,33.994334277620396,Medium,103.0487324249804,residential,,,False,0.43248347497639283,0.24173748819641172,0.35127478753541075
7207641473,7453283623,0,1,1,2,0.0,0.0,0.0093896713615023,38.1586402266289,Medium,39.362659899951865,residential,,,False,0.43248347497639283,0.24173748819641172,0.5594900849858357
7207641480,7207641473,0,1,1,2,0.0,0.0,0.0093896713615023,38.1586402266289,Medium,127.90636284640874,residential,,,False,0.43248347497639283,0.24173748819641172,0.5594900849858357
7208334848,7208334847,0,1,5,1,0.0,0.0148698884758364,0.0046948356807511,57.80925401322001,High,14.838627202675308,residential,,,False,0.43248347497639283,0.8371104815864022,0.35127478753541075
7208382379,7208382380,0,1,3,1,0.0,0.0074349442379182,0.0046948356807511,49.405099150141645,Medium,68.69775824860241,residential,,,False,0.43248347497639283,0.6270066100094429,0.35127478753541075
7208384011,10181936005,0,32,70,56,0.2520325203252032,0.2565055762081784,0.2629107981220657,99.12181303116148,Critical,517.9974624651395,residential,,,False,0.9915014164305949,0.9905571293673276,0.9919735599622285
7208384018,7208384015,0,1,1,5,0.0,0.0,0.0234741784037558,44.787535410764875,Medium,62.40088402810601,residential,,,False,0.43248347497639283,0.24173748819641172,0.8909348441926346
7211280699,10041240369,0,1,3,4,0.0,0.0074349442379182,0.0187793427230046,58.72521246458924,High,275.3508168659226,residential,,,False,0.43248347497639283,0.6270066100094429,0.8172804532577904
7218644880,7218644883,0,1,1,0,0.0,0.0,0.0,29.272898961284234,Medium,220.71270364927503,residential,,,False,0.43248347497639283,0.24173748819641172,0.11520302171860246
7218644884,11395649433,0,1,3,2,0.0,0.0074349442379182,0.0093896713615023,53.569405099150146,High,114.12711290140564,residential,,,False,0.43248347497639283,0.6270066100094429,0.5594900849858357
7228222026,2464024966,0,1,1,2,0.0,0.0,0.0093896713615023,38.1586402266289,Medium,36.32311369255628,residential,,,False,0.43248347497639283,0.24173748819641172,0.5594900849858357
7259994478,1208611208,0,14,36,14,0.1056910569105691,0.1301115241635687,0.0657276995305164,97.24268177525968,Critical,7.958272863789317,tertiary,2.0,,False,0.9745042492917847,0.9773371104815864,0.9584513692162417
7265565025,7265565024,0,1,1,3,0.0,0.0,0.0140845070422535,41.1614730878187,Medium,86.84725805622823,residential,,,False,0.43248347497639283,0.24173748819641172,0.7096317280453258
7265621063,11411943405,0,1,1,5,0.0,0.0,0.0234741784037558,44.787535410764875,Medium,105.77947712309438,residential,,,False,0.43248347497639283,0.24173748819641172,0.8909348441926346
7265733821,7265733814,0,1,5,2,0.0,0.0148698884758364,0.0093896713615023,61.97355996222852,High,257.76953651235283,residential,,,False,0.43248347497639283,0.8371104815864022,0.5594900849858357
7266012702,4016425345,0,1,3,1,0.0,0.0074349442379182,0.0046948356807511,49.405099150141645,Medium,302.6907443172987,unclassified,,,True,0.43248347497639283,0.6270066100094429,0.35127478753541075
7270994832,10862180936,0,1,5,3,0.0,0.0148698884758364,0.0140845070422535,64.97639282341832,High,121.25975495803677,residential,,,False,0.43248347497639283,0.8371104815864022,0.7096317280453258
7271027039,7271027038,0,2,2,6,0.008130081300813,0.0037174721189591,0.028169014084507,73.73937677053824,High,29.274633052952275,residential,,,False,0.8899905571293674,0.49055712936732765,0.9258734655335222
7271589253,7271589265,0,1,3,1,0.0,0.0074349442379182,0.0046948356807511,49.405099150141645,Medium,241.67542844424491,residential,,,False,0.43248347497639283,0.6270066100094429,0.35127478753541075
7279005505,1851131437,0,1,3,1,0.0,0.0074349442379182,0.0046948356807511,49.405099150141645,Medium,293.2850804091955,residential,,,False,0.43248347497639283,0.6270066100094429,0.35127478753541075
7279290943,7279291030,0,5,17,9,0.032520325203252,0.0594795539033457,0.0422535211267605,94.55146364494807,Critical,96.48246349914946,residential,,,False,0.9386213408876298,0.9527856468366384,0.9447592067988668
7279291138,9605401075,0,29,49,46,0.2276422764227642,0.1784386617100371,0.215962441314554,98.65911237016053,Critical,343.7730175854575,residential,,,False,0.9886685552407932,0.983947119924457,0.987724268177526
7279470783,2247888246,0,2,6,4,0.008130081300813,0.0185873605947955,0.0187793427230046,88.45136921624174,Critical,319.57474150614627,residential,,,False,0.8899905571293674,0.9126534466477809,0.8172804532577904
7287467675,249075498,0,1,5,5,0.0,0.0148698884758364,0.0234741784037558,68.60245514636449,High,181.40227872642893,tertiary,,,False,0.43248347497639283,0.8371104815864022,0.8909348441926346
7287483093,309595963,0,1,1,0,0.0,0.0,0.0,29.272898961284234,Medium,54.68139071314213,tertiary,,,False,0.43248347497639283,0.24173748819641172,0.11520302171860246
7287505911,609006762,0,1,3,3,0.0,0.0074349442379182,0.0140845070422535,56.57223796033995,High,76.57450971787574,tertiary,,,False,0.43248347497639283,0.6270066100094429,0.7096317280453258
7287581961,2030144607,0,1,1,2,0.0,0.0,0.0093896713615023,38.1586402266289,Medium,259.2869182457846,residential,,,False,0.43248347497639283,0.24173748819641172,0.5594900849858357
7288094046,7288094047,0,1,1,1,0.0,0.0,0.0046948356807511,33.994334277620396,Medium,58.804505424656135,residential,,,False,0.43248347497639283,0.24173748819641172,0.35127478753541075
7290798756,7290798753,0,1,1,3,0.0,0.0,0.0140845070422535,41.1614730878187,Medium,63.53498139444618,residential,,,False,0.43248347497639283,0.24173748819641172,0.7096317280453258
7291406297,3032560253,0,1,5,5,0.0,0.0148698884758364,0.0234741784037558,68.60245514636449,High,201.4370334953392,residential,,,False,0.43248347497639283,0.8371104815864022,0.8909348441926346
7291452500,1148858402,0,1,3,1,0.0,0.0074349442379182,0.0046948356807511,49.405099150141645,Medium,157.10743527476902,residential,,,False,0.43248347497639283,0.6270066100094429,0.35127478753541075
7298163666,4597826524,0,1,1,2,0.0,0.0,0.0093896713615023,38.1586402266289,Medium,1117.2321159083435,tertiary,2.0,40.0,False,0.43248347497639283,0.24173748819641172,0.5594900849858357
7298163666,7298163669,1,17,31,22,0.1300813008130081,0.1115241635687732,0.1032863849765258,97.36543909348443,Critical,50.64264177056067,tertiary,2.0,40.0,False,0.9787535410764873,0.9707271010387157,0.9693106704438149
7298163669,9805586375,0,9,31,22,0.065040650406504,0.1115241635687732,0.1032863849765258,96.4211520302172,Critical,82.9152027730558,residential,,,False,0.9551463644948064,0.9707271010387157,0.9693106704438149
7298265021,10207253603,0,1,1,1,0.0,0.0,0.0046948356807511,33.994334277620396,Medium,269.33457816125417,residential,,,False,0.43248347497639283,0.24173748819641172,0.35127478753541075
7298937062,7298937069,0,18,48,35,0.1382113821138211,0.174721189591078,0.1643192488262911,98.14919735599622,Critical,115.73524777792824,residential,,,False,0.9811142587346553,0.9825306893295562,0.9801699716713881
7298937156,12011815295,0,1,3,2,0.0,0.0074349442379182,0.0093896713615023,53.569405099150146,High,66.9932471577578,residential,,,False,0.43248347497639283,0.6270066100094429,0.5594900849858357
7298937170,12154153170,0,1,1,0,0.0,0.0,0.0,29.272898961284234,Medium,139.2556213155084,residential,,,False,0.43248347497639283,0.24173748819641172,0.11520302171860246
7298937635,1817571248,0,1,1,4,0.0,0.0,0.0187793427230046,43.31444759206799,Medium,833.0478641254219,secondary,2.0,,False,0.43248347497639283,0.24173748819641172,0.8172804532577904
7305383393,12165336146,0,9,15,9,0.065040650406504,0.0520446096654275,0.0422535211267605,95.02360717658168,Critical,45.61826972227277,tertiary,,,True,0.9551463644948064,0.9480642115203022,0.9447592067988668
7311563267,7311563264,0,1,1,3,0.0,0.0,0.0140845070422535,41.1614730878187,Medium,72.79251972362044,residential,,,False,0.43248347497639283,0.24173748819641172,0.7096317280453258
7311630873,12151782590,0,1,1,0,0.0,0.0,0.0,29.272898961284234,Medium,148.0972124194788,residential,,,False,0.43248347497639283,0.24173748819641172,0.11520302171860246
7311630883,7311630889,0,1,1,3,0.0,0.0,0.0140845070422535,41.1614730878187,Medium,81.51360045932238,residential,,,False,0.43248347497639283,0.24173748819641172,0.7096317280453258
7328007827,7328007822,0,4,10,9,0.024390243902439,0.0334572490706319,0.0422535211267605,93.7582625118036,Critical,66.89314965140309,residential,,,False,0.9348441926345609,0.9367327667610954,0.9447592067988668
7331215051,7265999725,0,3,7,4,0.016260162601626,0.0223048327137546,0.0187793427230046,90.28328611898017,Critical,50.73133286638016,residential,,,False,0.9244570349386213,0.9239848914069877,0.8172804532577904
7331215088,4032342086,0,2,4,5,0.008130081300813,0.0111524163568773,0.0234741784037558,83.93767705382437,Critical,154.57205027242446,residential,,,False,0.8899905571293674,0.7629839471199245,0.8909348441926346
7345511207,11436858454,0,8,16,17,0.056910569105691,0.0557620817843866,0.0798122065727699,95.30689329556185,Critical,488.9160774125254,residential,,,False,0.9508970727101038,0.9508970727101038,0.9617563739376771
7357508054,7357508047,0,6,14,8,0.040650406504065,0.0483271375464684,0.0375586854460093,94.36260623229462,Critical,98.00474761429942,residential,,,False,0.943342776203966,0.945703493862134,0.9400377714825306
7357555440,10593568065,0,1,3,4,0.0,0.0074349442379182,0.0187793427230046,58.72521246458924,High,14.036363241679124,residential,,,False,0.43248347497639283,0.6270066100094429,0.8172804532577904
7361705104,3034669943,0,1,5,2,0.0,0.0148698884758364,0.0093896713615023,61.97355996222852,High,63.082808299124366,residential,,,False,0.43248347497639283,0.8371104815864022,0.5594900849858357
7370985229,2463919035,0,1,1,0,0.0,0.0,0.0,29.272898961284234,Medium,96.12128679766724,residential,,,False,0.43248347497639283,0.24173748819641172,0.11520302171860246
7371583597,11266490612,0,1,5,4,0.0,0.0148698884758364,0.0187793427230046,67.12936732766761,High,34.29223308190934,residential,,,True,0.43248347497639283,0.8371104815864022,0.8172804532577904
7372049142,7372049141,0,1,3,0,0.0,0.0074349442379182,0.0,44.68366383380548,Medium,35.94108150216034,residential,,,False,0.43248347497639283,0.6270066100094429,0.11520302171860246
7374251281,4958076554,0,1,1,0,0.0,0.0,0.0,29.272898961284234,Medium,634.5852621594303,residential,,,False,0.43248347497639283,0.24173748819641172,0.11520302171860246
7374276412,1336687458,0,1,3,2,0.0,0.0074349442379182,0.0093896713615023,53.569405099150146,High,462.5363891828942,tertiary,,,False,0.43248347497639283,0.6270066100094429,0.5594900849858357
7377606289,2250207748,0,1,5,1,0.0,0.0148698884758364,0.0046948356807511,57.80925401322001,High,61.417781959245616,residential,,,False,0.43248347497639283,0.8371104815864022,0.35127478753541075
7377821387,13787730870,0,1,1,2,0.0,0.0,0.0093896713615023,38.1586402266289,Medium,78.58209910049383,residential,2.0,,False,0.43248347497639283,0.24173748819641172,0.5594900849858357
7377821479,7377821468,0,1,1,1,0.0,0.0,0.0046948356807511,33.994334277620396,Medium,35.42990567428815,residential,,,False,0.43248347497639283,0.24173748819641172,0.35127478753541075
7384110691,7384110702,0,10,24,32,0.073170731707317,0.0855018587360594,0.1502347417840375,96.44003777148254,Critical,44.610947056214016,residential,,,False,0.9589235127478754,0.9636449480642115,0.9768649669499528
7384187444,7384187446,0,1,1,4,0.0,0.0,0.0187793427230046,43.31444759206799,Medium,154.1247458069413,residential,,,False,0.43248347497639283,0.24173748819641172,0.8172804532577904
7384329668,555674872,0,1,3,3,0.0,0.0074349442379182,0.0140845070422535,56.57223796033995,High,78.3399725293452,residential,,,False,0.43248347497639283,0.6270066100094429,0.7096317280453258
7396736280,6403451401,0,7,21,9,0.048780487804878,0.0743494423791821,0.0422535211267605,95.09915014164307,Critical,181.8394097360206,residential,,,False,0.947119924457035,0.9579792256846081,0.9447592067988668
7398254781,7398254791,0,23,57,49,0.1788617886178861,0.20817843866171,0.2300469483568075,98.62134088762986,Critical,103.94061134274136,residential,,,False,0.9848914069877243,0.9858356940509915,0.9896128423040604
7401262870,7401262868,0,1,1,1,0.0,0.0,0.0046948356807511,33.994334277620396,Medium,22.96346683017848,residential,,,False,0.43248347497639283,0.24173748819641172,0.35127478753541075
7401552868,7401552867,0,1,3,0,0.0,0.0074349442379182,0.0,44.68366383380548,Medium,108.12873704565136,residential,,,False,0.43248347497639283,0.6270066100094429,0.11520302171860246
7401559955,6521515830,0,1,1,0,0.0,0.0,0.0,29.272898961284234,Medium,80.31085759337614,residential,,,False,0.43248347497639283,0.24173748819641172,0.11520302171860246
7401660108,2247956011,0,1,1,1,0.0,0.0,0.0046948356807511,33.994334277620396,Medium,71.13566204270714,residential,,,False,0.43248347497639283,0.24173748819641172,0.35127478753541075
7402050709,7402050778,0,13,27,28,0.0975609756097561,0.0966542750929368,0.1314553990610328,97.02549575070822,Critical,39.680137146656136,residential,,,False,0.9707271010387157,0.9674220963172805,0.9749763928234183
7404150093,7404150090,0,2,4,4,0.008130081300813,0.0111524163568773,0.0187793427230046,82.46458923512749,Critical,97.15305152860353,unclassified,,,False,0.8899905571293674,0.7629839471199245,0.8172804532577904
7404449091,7404449114,0,5,5,7,0.032520325203252,0.0148698884758364,0.0328638497652582,89.7261567516525,Critical,146.93337477793753,residential,,,False,0.9386213408876298,0.8371104815864022,0.9348441926345609
7404449188,7404449180,0,3,11,4,0.016260162601626,0.037174721189591,0.0187793427230046,90.96317280453259,Critical,219.74875988674629,residential,,,False,0.9244570349386213,0.940982058545798,0.8172804532577904
7404474523,13826455860,0,1,3,3,0.0,0.0074349442379182,0.0140845070422535,56.57223796033995,High,162.65199411989596,residential,,,False,0.43248347497639283,0.6270066100094429,0.7096317280453258
7405194403,7405194395,0,1,1,2,0.0,0.0,0.0093896713615023,38.1586402266289,Medium,125.37707084927952,residential,,,False,0.43248347497639283,0.24173748819641172,0.5594900849858357
7409465908,7409465907,0,1,1,1,0.0,0.0,0.0046948356807511,33.994334277620396,Medium,38.557433159732426,residential,,,False,0.43248347497639283,0.24173748819641172,0.35127478753541075
7409828318,1836982892,0,1,3,1,0.0,0.0074349442379182,0.0046948356807511,49.405099150141645,Medium,218.4128063170533,tertiary,,,False,0.43248347497639283,0.6270066100094429,0.35127478753541075
7409828326,7409828345,0,1,3,0,0.0,0.0074349442379182,0.0,44.68366383380548,Medium,78.83874543185365,residential,,,False,0.43248347497639283,0.6270066100094429,0.11520302171860246
7410650605,7410650606,0,2,2,3,0.008130081300813,0.0037174721189591,0.0140845070422535,69.41454202077432,High,39.11193765813679,residential,,,False,0.8899905571293674,0.49055712936732765,0.7096317280453258
7410650620,11027056816,0,1,3,1,0.0,0.0074349442379182,0.0046948356807511,49.405099150141645,Medium,52.12336763730651,residential,,,False,0.43248347497639283,0.6270066100094429,0.35127478753541075
7413278926,6143268790,0,1,1,0,0.0,0.0,0.0,29.272898961284234,Medium,110.22705042663652,residential,,,False,0.43248347497639283,0.24173748819641172,0.11520302171860246
7413596782,9860627678,0,1,3,1,0.0,0.0074349442379182,0.0046948356807511,49.405099150141645,Medium,144.13314146512576,tertiary,,,False,0.43248347497639283,0.6270066100094429,0.35127478753541075
7413599891,1386329058,0,1,1,2,0.0,0.0,0.0093896713615023,38.1586402266289,Medium,141.42371072390011,residential,,,False,0.43248347497639283,0.24173748819641172,0.5594900849858357
7413982761,7413982762,0,1,1,0,0.0,0.0,0.0,29.272898961284234,Medium,136.31931762220756,residential,,,False,0.43248347497639283,0.24173748819641172,0.11520302171860246
7414033014,7424885298,0,1,1,1,0.0,0.0,0.0046948356807511,33.994334277620396,Medium,68.34803451195347,residential,,,False,0.43248347497639283,0.24173748819641172,0.35127478753541075
7425453148,7425453147,0,1,1,2,0.0,0.0,0.0093896713615023,38.1586402266289,Medium,77.77820100458243,tertiary,2.0,,True,0.43248347497639283,0.24173748819641172,0.5594900849858357
7428520708,7413982747,0,1,3,1,0.0,0.0074349442379182,0.0046948356807511,49.405099150141645,Medium,33.857932045718165,secondary,,,False,0.43248347497639283,0.6270066100094429,0.35127478753541075
7428733994,2633816047,0,1,1,1,0.0,0.0,0.0046948356807511,33.994334277620396,Medium,111.37103474027948,residential,,,False,0.43248347497639283,0.24173748819641172,0.35127478753541075
7433399760,7433399761,0,2,4,4,0.008130081300813,0.0111524163568773,0.0187793427230046,82.46458923512749,Critical,132.9692589562142,residential,,,False,0.8899905571293674,0.7629839471199245,0.8172804532577904
7433399761,419795557,0,11,23,19,0.08130081300813,0.0817843866171003,0.0892018779342723,96.25118035882909,Critical,207.7423201052873,secondary,,,False,0.9622285174693107,0.9612842304060434,0.965533522190746
7433770436,1837299984,0,2,2,7,0.008130081300813,0.0037174721189591,0.0328638497652582,73.91879131255902,High,71.4241128334772,secondary,,,False,0.8899905571293674,0.49055712936732765,0.9348441926345609
7433770487,1837299984,0,1,1,4,0.0,0.0,0.0187793427230046,43.31444759206799,Medium,25.393737477009047,tertiary,,,False,0.43248347497639283,0.24173748819641172,0.8172804532577904
7434990649,7434990719,0,1,5,5,0.0,0.0148698884758364,0.0234741784037558,68.60245514636449,High,46.68879684134972,residential,,,False,0.43248347497639283,0.8371104815864022,0.8909348441926346
7435095012,7435095011,0,1,1,1,0.0,0.0,0.0046948356807511,33.994334277620396,Medium,61.89135197374511,residential,,,False,0.43248347497639283,0.24173748819641172,0.35127478753541075
7436726542,10216330010,0,1,3,0,0.0,0.0074349442379182,0.0,44.68366383380548,Medium,107.25074284972294,residential,,,False,0.43248347497639283,0.6270066100094429,0.11520302171860246
7436997165,5328658242,0,1,1,4,0.0,0.0,0.0187793427230046,43.31444759206799,Medium,90.68513352221892,residential,,,False,0.43248347497639283,0.24173748819641172,0.8172804532577904
7437638272,13086177511,0,1,3,1,0.0,0.0074349442379182,0.0046948356807511,49.405099150141645,Medium,256.0537478710165,tertiary,,,False,0.43248347497639283,0.6270066100094429,0.35127478753541075
7438052168,2246825540,0,1,5,5,0.0,0.0148698884758364,0.0234741784037558,68.60245514636449,High,100.91590498141288,tertiary,,,False,0.43248347497639283,0.8371104815864022,0.8909348441926346
7438052176,1851132654,0,1,3,1,0.0,0.0074349442379182,0.0046948356807511,49.405099150141645,Medium,113.10859367761662,tertiary,,,False,0.43248347497639283,0.6270066100094429,0.35127478753541075
7441193578,10229690104,0,3,5,6,0.016260162601626,0.0148698884758364,0.028169014084507,88.98016997167139,Critical,432.7239524968334,secondary,2.0,,True,0.9244570349386213,0.8371104815864022,0.9258734655335222
7451422700,7451422701,0,1,3,1,0.0,0.0074349442379182,0.0046948356807511,49.405099150141645,Medium,51.48695027812676,residential,,,False,0.43248347497639283,0.6270066100094429,0.35127478753541075
7452739635,7452512555,0,1,1,3,0.0,0.0,0.0140845070422535,41.1614730878187,Medium,356.72053953947307,residential,,,False,0.43248347497639283,0.24173748819641172,0.7096317280453258
7452904592,7483009491,0,3,5,3,0.016260162601626,0.0148698884758364,0.0140845070422535,84.65533522190746,Critical,354.2980000654279,residential,,,False,0.9244570349386213,0.8371104815864022,0.7096317280453258
7453259802,1529422790,0,1,1,1,0.0,0.0,0.0046948356807511,33.994334277620396,Medium,111.18822131992508,residential,,,False,0.43248347497639283,0.24173748819641172,0.35127478753541075
7453315454,7453315455,0,1,1,1,0.0,0.0,0.0046948356807511,33.994334277620396,Medium,40.43744656965277,residential,,,False,0.43248347497639283,0.24173748819641172,0.35127478753541075
7456061738,7456061744,0,1,3,2,0.0,0.0074349442379182,0.0093896713615023,53.569405099150146,High,82.9797706546538,residential,,,False,0.43248347497639283,0.6270066100094429,0.5594900849858357
7457472567,7457472570,0,1,1,0,0.0,0.0,0.0,29.272898961284234,Medium,94.08180391405996,residential,,,False,0.43248347497639283,0.24173748819641172,0.11520302171860246
7457639696,10095249368,0,1,3,0,0.0,0.0074349442379182,0.0,44.68366383380548,Medium,28.065211742269437,residential,,,False,0.43248347497639283,0.6270066100094429,0.11520302171860246
7461717250,10081050097,0,1,5,5,0.0,0.0148698884758364,0.0234741784037558,68.60245514636449,High,115.5277376760559,secondary,,,False,0.43248347497639283,0.8371104815864022,0.8909348441926346
7462101986,11294837803,0,2,4,4,0.008130081300813,0.0111524163568773,0.0187793427230046,82.46458923512749,Critical,9.46795217005127,residential,,,False,0.8899905571293674,0.7629839471199245,0.8172804532577904
7462101991,9953920240,0,25,67,44,0.1951219512195122,0.2453531598513011,0.2065727699530516,98.73465533522192,Critical,34.66040587852507,residential,2.0,,False,0.9858356940509915,0.9896128423040604,0.9858356940509915
7462417671,7462417670,0,1,1,3,0.0,0.0,0.0140845070422535,41.1614730878187,Medium,45.181347560989686,residential,,,False,0.43248347497639283,0.24173748819641172,0.7096317280453258
7462733017,6143206904,0,2,6,4,0.008130081300813,0.0185873605947955,0.0187793427230046,88.45136921624174,Critical,152.41190263420953,secondary,2.0,,True,0.8899905571293674,0.9126534466477809,0.8172804532577904
7462766534,3039021473,0,1,5,2,0.0,0.0148698884758364,0.0093896713615023,61.97355996222852,High,58.02332573835256,residential,,,False,0.43248347497639283,0.8371104815864022,0.5594900849858357
7462942224,7462942225,0,1,1,3,0.0,0.0,0.0140845070422535,41.1614730878187,Medium,40.506180005019374,residential,,,False,0.43248347497639283,0.24173748819641172,0.7096317280453258
7462942252,3872498748,0,1,3,2,0.0,0.0074349442379182,0.0093896713615023,53.569405099150146,High,33.764415685385,residential,,,False,0.43248347497639283,0.6270066100094429,0.5594900849858357
7462946369,6901564555,0,50,120,86,0.3983739837398374,0.4423791821561338,0.4037558685446009,99.71671388101983,Critical,57.40615697100277,residential,,,False,0.9971671388101983,0.9971671388101983,0.9971671388101983
7463040541,7378948837,0,1,1,2,0.0,0.0,0.0093896713615023,38.1586402266289,Medium,166.60636406169613,residential,,,False,0.43248347497639283,0.24173748819641172,0.5594900849858357
7463374967,13301020314,0,1,1,3,0.0,0.0,0.0140845070422535,41.1614730878187,Medium,98.86653434621792,residential,,,False,0.43248347497639283,0.24173748819641172,0.7096317280453258
7463488412,7463684265,0,1,3,1,0.0,0.0074349442379182,0.0046948356807511,49.405099150141645,Medium,487.633313891388,tertiary,,,False,0.43248347497639283,0.6270066100094429,0.35127478753541075
7463750592,7463750628,0,1,1,0,0.0,0.0,0.0,29.272898961284234,Medium,144.8665643885643,residential,,,False,0.43248347497639283,0.24173748819641172,0.11520302171860246
7463750604,7463750613,0,2,10,6,0.008130081300813,0.0334572490706319,0.028169014084507,91.58640226628896,Critical,106.88827405531951,residential,,,False,0.8899905571293674,0.9367327667610954,0.9258734655335222
7465559480,7465559478,0,1,1,0,0.0,0.0,0.0,29.272898961284234,Medium,24.455416712178543,residential,,,False,0.43248347497639283,0.24173748819641172,0.11520302171860246
7465614109,11419974289,0,1,1,3,0.0,0.0,0.0140845070422535,41.1614730878187,Medium,113.0703445430626,residential,,,False,0.43248347497639283,0.24173748819641172,0.7096317280453258
7465614211,12686971432,0,3,9,8,0.016260162601626,0.0297397769516728,0.0375586854460093,93.13503305004723,Critical,499.9790645186592,residential,,,False,0.9244570349386213,0.9338999055712937,0.9400377714825306
7465950644,7456293796,0,1,5,5,0.0,0.0148698884758364,0.0234741784037558,68.60245514636449,High,610.6316982030899,tertiary,2.0,40.0,False,0.43248347497639283,0.8371104815864022,0.8909348441926346
7467127515,9787663613,0,1,3,0,0.0,0.0074349442379182,0.0,44.68366383380548,Medium,303.82217320011347,residential,,,False,0.43248347497639283,0.6270066100094429,0.11520302171860246
7467198430,7467198433,0,1,1,0,0.0,0.0,0.0,29.272898961284234,Medium,40.70899012486773,residential,,,False,0.43248347497639283,0.24173748819641172,0.11520302171860246
7467198445,7467198444,0,1,5,3,0.0,0.0148698884758364,0.0140845070422535,64.97639282341832,High,88.92594882315389,residential,,,False,0.43248347497639283,0.8371104815864022,0.7096317280453258
7477677629,1365464817,0,1,3,3,0.0,0.0074349442379182,0.0140845070422535,56.57223796033995,High,26.86498940734438,tertiary,2.0,,False,0.43248347497639283,0.6270066100094429,0.7096317280453258
7478132603,6144133801,0,1,5,2,0.0,0.0148698884758364,0.0093896713615023,61.97355996222852,High,73.69480006135184,residential,,,False,0.43248347497639283,0.8371104815864022,0.5594900849858357
7478154729,7478154725,0,1,1,1,0.0,0.0,0.0046948356807511,33.994334277620396,Medium,155.11726481395226,tertiary_link,,,False,0.43248347497639283,0.24173748819641172,0.35127478753541075
7478154776,7478154773,0,1,1,0,0.0,0.0,0.0,29.272898961284234,Medium,44.12776627787266,residential,,,False,0.43248347497639283,0.24173748819641172,0.11520302171860246
7479298148,7479779547,0,1,5,1,0.0,0.0148698884758364,0.0046948356807511,57.80925401322001,High,165.9711392629771,tertiary,,,False,0.43248347497639283,0.8371104815864022,0.35127478753541075
7479630857,7479630859,0,1,3,3,0.0,0.0074349442379182,0.0140845070422535,56.57223796033995,High,59.59099666876237,residential,,,False,0.43248347497639283,0.6270066100094429,0.7096317280453258
7479631149,3148655268,0,1,5,1,0.0,0.0148698884758364,0.0046948356807511,57.80925401322001,High,28.57541147073209,tertiary,2.0,,False,0.43248347497639283,0.8371104815864022,0.35127478753541075
7479631182,7479631187,0,1,3,0,0.0,0.0074349442379182,0.0,44.68366383380548,Medium,88.42466655061082,residential,,,False,0.43248347497639283,0.6270066100094429,0.11520302171860246
7480804808,7480804806,0,1,3,4,0.0,0.0074349442379182,0.0187793427230046,58.72521246458924,High,163.3967742578686,residential,2.0,,False,0.43248347497639283,0.6270066100094429,0.8172804532577904
7484286236,3145279008,0,1,1,2,0.0,0.0,0.0093896713615023,38.1586402266289,Medium,51.43582792531649,residential,,,False,0.43248347497639283,0.24173748819641172,0.5594900849858357
7484804808,599226377,0,1,1,2,0.0,0.0,0.0093896713615023,38.1586402266289,Medium,204.8464121490217,residential,,,False,0.43248347497639283,0.24173748819641172,0.5594900849858357
7484941125,7484941124,0,4,8,7,0.024390243902439,0.0260223048327137,0.0328638497652582,93.29556185080263,Critical,44.68975613699969,residential,,,False,0.9348441926345609,0.9301227573182247,0.9348441926345609
7485097448,1586948390,0,1,3,0,0.0,0.0074349442379182,0.0,44.68366383380548,Medium,181.98835022481367,residential,,,False,0.43248347497639283,0.6270066100094429,0.11520302171860246
7486236381,7486236374,0,1,3,0,0.0,0.0074349442379182,0.0,44.68366383380548,Medium,244.7765772858521,residential,,,False,0.43248347497639283,0.6270066100094429,0.11520302171860246
7553059088,9903727590,0,1,1,2,0.0,0.0,0.0093896713615023,38.1586402266289,Medium,230.16544493365544,tertiary,,,False,0.43248347497639283,0.24173748819641172,0.5594900849858357
8239947030,12040966310,0,1,1,0,0.0,0.0,0.0,29.272898961284234,Medium,3795.173977919972,primary,2.0,40.0,True,0.43248347497639283,0.24173748819641172,0.11520302171860246
9184290745,503471475,0,1,3,0,0.0,0.0074349442379182,0.0,44.68366383380548,Medium,45.06990020284153,residential,1.0,,False,0.43248347497639283,0.6270066100094429,0.11520302171860246
9184294951,10170918928,0,1,5,1,0.0,0.0148698884758364,0.0046948356807511,57.80925401322001,High,78.93848581782835,residential,,,False,0.43248347497639283,0.8371104815864022,0.35127478753541075
9184318023,574368921,0,1,1,2,0.0,0.0,0.0093896713615023,38.1586402266289,Medium,116.8121600319272,tertiary,,,False,0.43248347497639283,0.24173748819641172,0.5594900849858357
9184326332,4122368428,0,1,1,1,0.0,0.0,0.0046948356807511,33.994334277620396,Medium,28.942356686345697,residential,,,False,0.43248347497639283,0.24173748819641172,0.35127478753541075
9187817115,2248439866,0,1,5,1,0.0,0.0148698884758364,0.0046948356807511,57.80925401322001,High,60.11413516099847,residential,,,False,0.43248347497639283,0.8371104815864022,0.35127478753541075
9187864903,9187864908,0,1,1,0,0.0,0.0,0.0,29.272898961284234,Medium,34.56732310911525,residential,,,False,0.43248347497639283,0.24173748819641172,0.11520302171860246
9192403445,1473775642,0,1,1,1,0.0,0.0,0.0046948356807511,33.994334277620396,Medium,74.81113020897041,residential,,,False,0.43248347497639283,0.24173748819641172,0.35127478753541075
9192439376,1526635341,0,1,1,4,0.0,0.0,0.0187793427230046,43.31444759206799,Medium,100.8801292143591,residential,,,False,0.43248347497639283,0.24173748819641172,0.8172804532577904
9605401025,9605401026,0,1,1,1,0.0,0.0,0.0046948356807511,33.994334277620396,Medium,129.87501656107375,residential,,,False,0.43248347497639283,0.24173748819641172,0.35127478753541075
9605401076,9605401088,0,13,23,22,0.0975609756097561,0.0817843866171003,0.1032863849765258,96.66666666666667,Critical,118.82029639156724,residential,,,False,0.9707271010387157,0.9612842304060434,0.9693106704438149
9605728811,12114567040,0,1,5,5,0.0,0.0148698884758364,0.0234741784037558,68.60245514636449,High,137.28141405608025,residential,,,False,0.43248347497639283,0.8371104815864022,0.8909348441926346
9612093071,2246812083,0,1,5,3,0.0,0.0148698884758364,0.0140845070422535,64.97639282341832,High,59.76388848907923,residential,,,False,0.43248347497639283,0.8371104815864022,0.7096317280453258
9613161441,9613161436,0,1,5,1,0.0,0.0148698884758364,0.0046948356807511,57.80925401322001,High,149.96833515022678,residential,,,False,0.43248347497639283,0.8371104815864022,0.35127478753541075
9695761683,11385460446,0,1,1,0,0.0,0.0,0.0,29.272898961284234,Medium,25.3765020572717,unclassified,,,False,0.43248347497639283,0.24173748819641172,0.11520302171860246
9696585737,12211429450,0,1,1,2,0.0,0.0,0.0093896713615023,38.1586402266289,Medium,543.5615667958717,residential,,,False,0.43248347497639283,0.24173748819641172,0.5594900849858357
9700303095,12961466054,0,1,3,0,0.0,0.0074349442379182,0.0,44.68366383380548,Medium,7.592774331205476,secondary,2.0,,True,0.43248347497639283,0.6270066100094429,0.11520302171860246
9720149317,9720119216,0,1,1,2,0.0,0.0,0.0093896713615023,38.1586402266289,Medium,102.88573220516616,residential,,,False,0.43248347497639283,0.24173748819641172,0.5594900849858357
9751468700,2248441184,0,1,1,1,0.0,0.0,0.0046948356807511,33.994334277620396,Medium,112.9554985349631,primary,2.0,,True,0.43248347497639283,0.24173748819641172,0.35127478753541075
9778491238,9778491242,0,12,26,23,0.089430894308943,0.0929368029739776,0.107981220657277,96.69499527856469,Critical,35.15966884563061,residential,,,False,0.9660056657223796,0.965533522190746,0.9716713881019831
9778491245,9778491243,0,28,66,47,0.2195121951219512,0.241635687732342,0.2206572769953051,98.82908404154863,Critical,88.02257233517223,residential,,,False,0.987724268177526,0.9886685552407932,0.9886685552407932
9780481931,6194321364,0,1,1,2,0.0,0.0,0.0093896713615023,38.1586402266289,Medium,177.78415651730646,residential,,,False,0.43248347497639283,0.24173748819641172,0.5594900849858357
9780498417,7211287116,0,1,3,1,0.0,0.0074349442379182,0.0046948356807511,49.405099150141645,Medium,64.61959618916782,residential,,,False,0.43248347497639283,0.6270066100094429,0.35127478753541075
9780516120,10026247067,0,1,1,0,0.0,0.0,0.0,29.272898961284234,Medium,100.44275918169556,residential,,,False,0.43248347497639283,0.24173748819641172,0.11520302171860246
9784696350,559375851,0,39,95,80,0.3089430894308943,0.3494423791821561,0.3755868544600939,99.49008498583571,Critical,32.21333224576199,residential,,,False,0.993862134088763,0.9952785646836638,0.996222851746931
9784696353,11404888322,0,7,13,4,0.048780487804878,0.0446096654275092,0.0187793427230046,91.98300283286119,Critical,55.914109194528734,residential,,,False,0.947119924457035,0.9438149197355996,0.8172804532577904
9836494458,9836494459,0,1,1,1,0.0,0.0,0.0046948356807511,33.994334277620396,Medium,546.4286057128822,primary,3.0,,True,0.43248347497639283,0.24173748819641172,0.35127478753541075
9837904706,13328136113,0,1,1,4,0.0,0.0,0.0187793427230046,43.31444759206799,Medium,849.5100610577134,residential,,,False,0.43248347497639283,0.24173748819641172,0.8172804532577904
9857069406,9857069359,0,1,3,0,0.0,0.0074349442379182,0.0,44.68366383380548,Medium,502.6579618938045,unclassified,,,True,0.43248347497639283,0.6270066100094429,0.11520302171860246
9898893783,9187757834,0,2,4,4,0.008130081300813,0.0111524163568773,0.0187793427230046,82.46458923512749,Critical,41.23084621493045,residential,,,False,0.8899905571293674,0.7629839471199245,0.8172804532577904
9898893784,9187757834,0,13,29,17,0.0975609756097561,0.104089219330855,0.0798122065727699,96.81775259678943,Critical,63.87317109658293,residential,,,False,0.9707271010387157,0.9688385269121813,0.9617563739376771
9901476095,9901476094,0,1,1,2,0.0,0.0,0.0093896713615023,38.1586402266289,Medium,36.34446957794321,residential,,,False,0.43248347497639283,0.24173748819641172,0.5594900849858357
9953920276,13380680073,0,1,3,2,0.0,0.0074349442379182,0.0093896713615023,53.569405099150146,High,53.14650564525244,tertiary,,,True,0.43248347497639283,0.6270066100094429,0.5594900849858357
9959161576,9914370188,0,1,1,1,0.0,0.0,0.0046948356807511,33.994334277620396,Medium,308.7784245574202,secondary,2.0,40.0,True,0.43248347497639283,0.24173748819641172,0.35127478753541075
9994821257,6536735131,0,1,5,1,0.0,0.0148698884758364,0.0046948356807511,57.80925401322001,High,192.7789668784251,residential,,,False,0.43248347497639283,0.8371104815864022,0.35127478753541075
10017876318,10017876318,1,1,3,1,0.0,0.0074349442379182,0.0046948356807511,49.405099150141645,Medium,127.78969947113237,residential,,,False,0.43248347497639283,0.6270066100094429,0.35127478753541075
10017876325,583206322,0,1,3,1,0.0,0.0074349442379182,0.0046948356807511,49.405099150141645,Medium,144.12902375889473,residential,,,False,0.43248347497639283,0.6270066100094429,0.35127478753541075
10017912936,13235869155,0,1,5,5,0.0,0.0148698884758364,0.0234741784037558,68.60245514636449,High,99.3328710763969,residential,,,False,0.43248347497639283,0.8371104815864022,0.8909348441926346
10018043605,10018043611,0,1,5,1,0.0,0.0148698884758364,0.0046948356807511,57.80925401322001,High,108.44204000699432,residential,,,False,0.43248347497639283,0.8371104815864022,0.35127478753541075
10020407177,10020407176,0,1,1,0,0.0,0.0,0.0,29.272898961284234,Medium,112.7370335628066,residential,,,False,0.43248347497639283,0.24173748819641172,0.11520302171860246
10020519594,2248546167,0,1,1,0,0.0,0.0,0.0,29.272898961284234,Medium,59.51110197394308,residential,,,False,0.43248347497639283,0.24173748819641172,0.11520302171860246
10020593104,10020593103,0,1,1,3,0.0,0.0,0.0140845070422535,41.1614730878187,Medium,32.3949700038591,residential,,,False,0.43248347497639283,0.24173748819641172,0.7096317280453258
10021135957,10021135956,0,1,3,2,0.0,0.0074349442379182,0.0093896713615023,53.569405099150146,High,59.09642226772071,living_street,,,False,0.43248347497639283,0.6270066100094429,0.5594900849858357
10023967356,10023967351,0,1,3,2,0.0,0.0074349442379182,0.0093896713615023,53.569405099150146,High,32.976247496837395,residential,,,False,0.43248347497639283,0.6270066100094429,0.5594900849858357
10026247108,2248738158,0,1,1,2,0.0,0.0,0.0093896713615023,38.1586402266289,Medium,27.133791449980617,residential,,,False,0.43248347497639283,0.24173748819641172,0.5594900849858357
10026279300,10026279295,0,1,1,1,0.0,0.0,0.0046948356807511,33.994334277620396,Medium,97.8989267052221,residential,,,False,0.43248347497639283,0.24173748819641172,0.35127478753541075
10026337224,1566568723,0,1,1,2,0.0,0.0,0.0093896713615023,38.1586402266289,Medium,29.164861347520272,residential,,,False,0.43248347497639283,0.24173748819641172,0.5594900849858357
10029047569,1586879198,0,1,1,0,0.0,0.0,0.0,29.272898961284234,Medium,105.29668937518944,residential,,,False,0.43248347497639283,0.24173748819641172,0.11520302171860246
10034231484,12134224862,0,1,3,1,0.0,0.0074349442379182,0.0046948356807511,49.405099150141645,Medium,246.06576546392552,primary,2.0,,True,0.43248347497639283,0.6270066100094429,0.35127478753541075
10036010699,9188742944,0,1,3,0,0.0,0.0074349442379182,0.0,44.68366383380548,Medium,48.83460353922882,residential,,,False,0.43248347497639283,0.6270066100094429,0.11520302171860246
10036070922,9190133653,0,1,1,0,0.0,0.0,0.0,29.272898961284234,Medium,117.0102292388336,residential,,,False,0.43248347497639283,0.24173748819641172,0.11520302171860246
10038653723,1542668712,0,1,3,0,0.0,0.0074349442379182,0.0,44.68366383380548,Medium,85.4004851006526,residential,,,False,0.43248347497639283,0.6270066100094429,0.11520302171860246
10038856356,10038856359,0,1,1,0,0.0,0.0,0.0,29.272898961284234,Medium,49.74572329498068,residential,,,False,0.43248347497639283,0.24173748819641172,0.11520302171860246
10039201679,7232607771,0,1,1,1,0.0,0.0,0.0046948356807511,33.994334277620396,Medium,114.87793055763598,residential,,,False,0.43248347497639283,0.24173748819641172,0.35127478753541075
10041064440,10039032064,0,1,1,0,0.0,0.0,0.0,29.272898961284234,Medium,256.4311708472557,residential,,,False,0.43248347497639283,0.24173748819641172,0.11520302171860246
10041221621,10041221622,0,1,3,0,0.0,0.0074349442379182,0.0,44.68366383380548,Medium,70.10786961359408,unclassified,,,False,0.43248347497639283,0.6270066100094429,0.11520302171860246
10044159705,10044159707,0,1,3,4,0.0,0.0074349442379182,0.0187793427230046,58.72521246458924,High,34.82870910178772,residential,,,False,0.43248347497639283,0.6270066100094429,0.8172804532577904
10044274781,9780516209,0,1,1,2,0.0,0.0,0.0093896713615023,38.1586402266289,Medium,88.07473409957166,residential,,,False,0.43248347497639283,0.24173748819641172,0.5594900849858357
10044274856,10044274864,0,1,3,1,0.0,0.0074349442379182,0.0046948356807511,49.405099150141645,Medium,32.9078883205331,tertiary,,,False,0.43248347497639283,0.6270066100094429,0.35127478753541075
10044534380,9780516209,0,2,2,3,0.008130081300813,0.0037174721189591,0.0140845070422535,69.41454202077432,High,46.83718235969924,residential,,,False,0.8899905571293674,0.49055712936732765,0.7096317280453258
10055294891,10861612634,0,1,1,2,0.0,0.0,0.0093896713615023,38.1586402266289,Medium,81.38373033135211,residential,,,False,0.43248347497639283,0.24173748819641172,0.5594900849858357
10057802003,10057802002,0,1,1,1,0.0,0.0,0.0046948356807511,33.994334277620396,Medium,51.335565442250456,residential,,,False,0.43248347497639283,0.24173748819641172,0.35127478753541075
10057951025,10057951023,0,1,3,1,0.0,0.0074349442379182,0.0046948356807511,49.405099150141645,Medium,49.10091519727711,tertiary,,,False,0.43248347497639283,0.6270066100094429,0.35127478753541075
10060063612,10060063611,0,1,3,5,0.0,0.0074349442379182,0.0234741784037558,60.19830028328612,High,23.178929343702425,residential,,,False,0.43248347497639283,0.6270066100094429,0.8909348441926346
10060830774,10060830773,0,1,5,4,0.0,0.0148698884758364,0.0187793427230046,67.12936732766761,High,48.51537435774857,residential,,,False,0.43248347497639283,0.8371104815864022,0.8172804532577904
10063048704,10063048703,0,1,5,5,0.0,0.0148698884758364,0.0234741784037558,68.60245514636449,High,12.376621753425448,living_street,,,False,0.43248347497639283,0.8371104815864022,0.8909348441926346
10063105910,10063105911,0,1,1,2,0.0,0.0,0.0093896713615023,38.1586402266289,Medium,35.351548304322144,residential,,,False,0.43248347497639283,0.24173748819641172,0.5594900849858357
10063169681,10063169679,0,1,3,0,0.0,0.0074349442379182,0.0,44.68366383380548,Medium,27.21783148076492,residential,,,False,0.43248347497639283,0.6270066100094429,0.11520302171860246
10064058021,6194562558,0,1,1,1,0.0,0.0,0.0046948356807511,33.994334277620396,Medium,265.08499347027873,residential,,,False,0.43248347497639283,0.24173748819641172,0.35127478753541075
10068662143,1837285037,0,1,3,2,0.0,0.0074349442379182,0.0093896713615023,53.569405099150146,High,1227.4329193745446,primary,2.0,,True,0.43248347497639283,0.6270066100094429,0.5594900849858357
10072561234,2145322151,0,1,5,5,0.0,0.0148698884758364,0.0234741784037558,68.60245514636449,High,191.48681637664973,residential,,,False,0.43248347497639283,0.8371104815864022,0.8909348441926346
10072721852,10072721853,0,1,1,1,0.0,0.0,0.0046948356807511,33.994334277620396,Medium,52.23879077368173,residential,,,False,0.43248347497639283,0.24173748819641172,0.35127478753541075
10074904404,7287215953,0,1,1,4,0.0,0.0,0.0187793427230046,43.31444759206799,Medium,43.154878662803256,secondary,2.0,25.0,True,0.43248347497639283,0.24173748819641172,0.8172804532577904
10079132776,10079132778,0,1,1,0,0.0,0.0,0.0,29.272898961284234,Medium,89.35462235552399,residential,,,False,0.43248347497639283,0.24173748819641172,0.11520302171860246
10079198531,11143274007,0,1,3,2,0.0,0.0074349442379182,0.0093896713615023,53.569405099150146,High,69.1772277843771,residential,,,False,0.43248347497639283,0.6270066100094429,0.5594900849858357
10081230066,10081230068,0,1,1,1,0.0,0.0,0.0046948356807511,33.994334277620396,Medium,31.40753352284301,residential,,,False,0.43248347497639283,0.24173748819641172,0.35127478753541075
10081303331,2248664475,0,1,1,2,0.0,0.0,0.0093896713615023,38.1586402266289,Medium,53.33436174782456,residential,,,False,0.43248347497639283,0.24173748819641172,0.5594900849858357
10081327929,442107254,0,1,1,1,0.0,0.0,0.0046948356807511,33.994334277620396,Medium,96.36123433214064,residential,,,False,0.43248347497639283,0.24173748819641172,0.35127478753541075
10081408683,10091505352,0,1,3,0,0.0,0.0074349442379182,0.0,44.68366383380548,Medium,24.098255828071117,residential,,,False,0.43248347497639283,0.6270066100094429,0.11520302171860246
10081533734,442437947,0,1,1,5,0.0,0.0,0.0234741784037558,44.787535410764875,Medium,64.59863647254028,residential,,,False,0.43248347497639283,0.24173748819641172,0.8909348441926346
10088635252,1533848366,0,1,1,1,0.0,0.0,0.0046948356807511,33.994334277620396,Medium,131.9102140534929,residential,,,False,0.43248347497639283,0.24173748819641172,0.35127478753541075
10088676639,1838768174,0,1,5,1,0.0,0.0148698884758364,0.0046948356807511,57.80925401322001,High,30.46957929456134,residential,,,False,0.43248347497639283,0.8371104815864022,0.35127478753541075
10089395873,3157719170,0,1,1,4,0.0,0.0,0.0187793427230046,43.31444759206799,Medium,93.45097257652802,residential,,,False,0.43248347497639283,0.24173748819641172,0.8172804532577904
10091596936,3543182229,0,1,3,0,0.0,0.0074349442379182,0.0,44.68366383380548,Medium,79.26260989442231,residential,,,False,0.43248347497639283,0.6270066100094429,0.11520302171860246
10091815498,10091815497,0,1,1,3,0.0,0.0,0.0140845070422535,41.1614730878187,Medium,32.25773512296647,residential,,,False,0.43248347497639283,0.24173748819641172,0.7096317280453258
10093892286,2268179673,0,1,3,1,0.0,0.0074349442379182,0.0046948356807511,49.405099150141645,Medium,40.44952013180848,living_street,,,False,0.43248347497639283,0.6270066100094429,0.35127478753541075
10094763086,10094763087,0,1,1,2,0.0,0.0,0.0093896713615023,38.1586402266289,Medium,43.17372576374446,residential,,,False,0.43248347497639283,0.24173748819641172,0.5594900849858357
10094802602,10094802601,0,1,1,2,0.0,0.0,0.0093896713615023,38.1586402266289,Medium,27.016978218476744,residential,,,False,0.43248347497639283,0.24173748819641172,0.5594900849858357
10094934190,12560654631,0,1,1,1,0.0,0.0,0.0046948356807511,33.994334277620396,Medium,53.30451170251995,residential,,,False,0.43248347497639283,0.24173748819641172,0.35127478753541075
10095028627,3448477074,0,1,1,4,0.0,0.0,0.0187793427230046,43.31444759206799,Medium,115.30231667030546,residential,,,False,0.43248347497639283,0.24173748819641172,0.8172804532577904
10095028672,6755784879,0,2,2,5,0.008130081300813,0.0037174721189591,0.0234741784037558,73.04060434372049,High,78.04923916780712,residential,,,False,0.8899905571293674,0.49055712936732765,0.8909348441926346
10095039119,7484941156,0,1,1,0,0.0,0.0,0.0,29.272898961284234,Medium,336.715261773584,residential,,,False,0.43248347497639283,0.24173748819641172,0.11520302171860246
10108259639,10841360401,0,1,3,1,0.0,0.0074349442379182,0.0046948356807511,49.405099150141645,Medium,125.47647704247692,residential,,,False,0.43248347497639283,0.6270066100094429,0.35127478753541075
10129524861,597084152,0,1,3,1,0.0,0.0074349442379182,0.0046948356807511,49.405099150141645,Medium,299.46308614480563,primary,4.0,,True,0.43248347497639283,0.6270066100094429,0.35127478753541075
10148760737,10148760742,0,18,48,32,0.1382113821138211,0.174721189591078,0.1502347417840375,98.08309726156752,Critical,67.27042269790127,residential,,,False,0.9811142587346553,0.9825306893295562,0.9768649669499528
10148771374,10148771375,0,12,34,16,0.089430894308943,0.1226765799256505,0.0751173708920187,96.86496694995279,Critical,16.10467662286898,motorway_link,,,False,0.9660056657223796,0.9754485363550519,0.9603399433427762
10148895277,1088515849,0,1,1,4,0.0,0.0,0.0187793427230046,43.31444759206799,Medium,174.50846648289084,residential,,20.0,False,0.43248347497639283,0.24173748819641172,0.8172804532577904
10156014549,667924891,0,1,3,0,0.0,0.0074349442379182,0.0,44.68366383380548,Medium,358.64376462297145,tertiary,,,False,0.43248347497639283,0.6270066100094429,0.11520302171860246
10156524603,10156524603,1,1,1,1,0.0,0.0,0.0046948356807511,33.994334277620396,Medium,93.44394190553577,residential,,,False,0.43248347497639283,0.24173748819641172,0.35127478753541075
10156644104,10156644105,0,1,5,2,0.0,0.0148698884758364,0.0093896713615023,61.97355996222852,High,16.49146927635741,residential,,,False,0.43248347497639283,0.8371104815864022,0.5594900849858357
10156911965,1388143191,0,1,5,2,0.0,0.0148698884758364,0.0093896713615023,61.97355996222852,High,238.09568073877008,residential,,,False,0.43248347497639283,0.8371104815864022,0.5594900849858357
10164774551,10164774552,0,2,6,3,0.008130081300813,0.0185873605947955,0.0140845070422535,86.29839471199246,Critical,40.4928133233944,residential,,,False,0.8899905571293674,0.9126534466477809,0.7096317280453258
10165837360,10165837359,0,1,1,2,0.0,0.0,0.0093896713615023,38.1586402266289,Medium,116.38298542603144,residential,,,False,0.43248347497639283,0.24173748819641172,0.5594900849858357
10170824069,3800587400,0,1,3,1,0.0,0.0074349442379182,0.0046948356807511,49.405099150141645,Medium,32.843216614607016,tertiary,,,False,0.43248347497639283,0.6270066100094429,0.35127478753541075
10171151283,10171151282,0,1,1,1,0.0,0.0,0.0046948356807511,33.994334277620396,Medium,69.83923107578762,residential,,,False,0.43248347497639283,0.24173748819641172,0.35127478753541075
10171153662,2829453028,0,1,1,1,0.0,0.0,0.0046948356807511,33.994334277620396,Medium,432.41425496728647,tertiary,,40.0,False,0.43248347497639283,0.24173748819641172,0.35127478753541075
10187795085,10187795084,0,16,38,33,0.1219512195121951,0.137546468401487,0.1549295774647887,97.83758262511805,Critical,30.27694408945633,residential,,,False,0.9773371104815864,0.9792256846081209,0.9787535410764873
10206682537,1485693061,0,5,7,9,0.032520325203252,0.0223048327137546,0.0422535211267605,93.39943342776203,Critical,179.55172051552483,residential,,,False,0.9386213408876298,0.9239848914069877,0.9447592067988668
10206790746,10206790752,0,1,1,0,0.0,0.0,0.0,29.272898961284234,Medium,24.95002432635597,residential,,,False,0.43248347497639283,0.24173748819641172,0.11520302171860246
10206957249,2247837808,0,1,3,3,0.0,0.0074349442379182,0.0140845070422535,56.57223796033995,High,176.65872350801453,residential,,,False,0.43248347497639283,0.6270066100094429,0.7096317280453258
10206957249,10206957230,0,3,3,3,0.016260162601626,0.0074349442379182,0.0140845070422535,76.25118035882909,Critical,623.5566027338074,residential,,,False,0.9244570349386213,0.6270066100094429,0.7096317280453258
10207253603,3421557762,0,2,8,4,0.008130081300813,0.0260223048327137,0.0187793427230046,89.1501416430595,Critical,61.08827689479725,tertiary,,,False,0.8899905571293674,0.9301227573182247,0.8172804532577904
10207288621,6434094655,0,1,3,1,0.0,0.0074349442379182,0.0046948356807511,49.405099150141645,Medium,27.21736418544675,residential,,,False,0.43248347497639283,0.6270066100094429,0.35127478753541075
10208770221,10208770223,0,1,1,4,0.0,0.0,0.0187793427230046,43.31444759206799,Medium,112.75634053279433,tertiary,,,False,0.43248347497639283,0.24173748819641172,0.8172804532577904
10209054685,7461560142,0,1,3,0,0.0,0.0074349442379182,0.0,44.68366383380548,Medium,53.425719501662776,residential,,,False,0.43248347497639283,0.6270066100094429,0.11520302171860246
10209086815,10209086816,0,1,3,0,0.0,0.0074349442379182,0.0,44.68366383380548,Medium,98.12732357988322,residential,,,False,0.43248347497639283,0.6270066100094429,0.11520302171860246
10209515909,269699229,0,1,1,1,0.0,0.0,0.0046948356807511,33.994334277620396,Medium,32.46602104370146,residential,,,False,0.43248347497639283,0.24173748819641172,0.35127478753541075
10213527257,10213527258,0,1,1,2,0.0,0.0,0.0093896713615023,38.1586402266289,Medium,351.62081655207623,residential,,,False,0.43248347497639283,0.24173748819641172,0.5594900849858357
10216395658,6753376859,0,1,1,1,0.0,0.0,0.0046948356807511,33.994334277620396,Medium,81.13998855548736,tertiary,,,False,0.43248347497639283,0.24173748819641172,0.35127478753541075
10230279231,7414267588,0,1,1,0,0.0,0.0,0.0,29.272898961284234,Medium,419.5072880692445,residential,,,False,0.43248347497639283,0.24173748819641172,0.11520302171860246
10266793585,10266793584,0,1,3,0,0.0,0.0074349442379182,0.0,44.68366383380548,Medium,87.45475576034787,residential,,,False,0.43248347497639283,0.6270066100094429,0.11520302171860246
10293847444,6194792840,0,1,3,0,0.0,0.0074349442379182,0.0,44.68366383380548,Medium,39.14978701707823,living_street,,,False,0.43248347497639283,0.6270066100094429,0.11520302171860246
10312578422,567320461,0,1,1,3,0.0,0.0,0.0140845070422535,41.1614730878187,Medium,180.0739728498003,tertiary,,,False,0.43248347497639283,0.24173748819641172,0.7096317280453258
10312578422,12243740336,0,1,1,4,0.0,0.0,0.0187793427230046,43.31444759206799,Medium,14.54201526216096,tertiary,,,False,0.43248347497639283,0.24173748819641172,0.8172804532577904
10653965927,10653965926,0,6,10,10,0.040650406504065,0.0334572490706319,0.0469483568075117,94.19263456090651,Critical,22.973397808744977,motorway_link,,,False,0.943342776203966,0.9367327667610954,0.949480642115203
10695037231,1942843699,0,1,1,0,0.0,0.0,0.0,29.272898961284234,Medium,6810.075535887765,motorway,4.0,80.0,True,0.43248347497639283,0.24173748819641172,0.11520302171860246
10768415280,10055294923,0,1,3,1,0.0,0.0074349442379182,0.0046948356807511,49.405099150141645,Medium,97.06356117856808,residential,,,False,0.43248347497639283,0.6270066100094429,0.35127478753541075
10803713420,10803713418,0,1,3,2,0.0,0.0074349442379182,0.0093896713615023,53.569405099150146,High,186.5676794930361,residential,,,False,0.43248347497639283,0.6270066100094429,0.5594900849858357
10848088936,10848088918,0,1,3,0,0.0,0.0074349442379182,0.0,44.68366383380548,Medium,7.53841088672601,residential,,,False,0.43248347497639283,0.6270066100094429,0.11520302171860246
10948126480,7479631444,0,1,1,0,0.0,0.0,0.0,29.272898961284234,Medium,290.9793506261847,unclassified,1.0,30.0,False,0.43248347497639283,0.24173748819641172,0.11520302171860246
10982345438,4950714653,0,1,1,3,0.0,0.0,0.0140845070422535,41.1614730878187,Medium,48.75190541999966,residential,,,False,0.43248347497639283,0.24173748819641172,0.7096317280453258
10991331317,13260889460,0,1,5,4,0.0,0.0148698884758364,0.0187793427230046,67.12936732766761,High,27.870936861106355,residential,,,False,0.43248347497639283,0.8371104815864022,0.8172804532577904
10994190170,7461717251,0,1,1,2,0.0,0.0,0.0093896713615023,38.1586402266289,Medium,46.109732526729694,residential,,,False,0.43248347497639283,0.24173748819641172,0.5594900849858357
10994493304,10994537105,0,1,5,5,0.0,0.0148698884758364,0.0234741784037558,68.60245514636449,High,22.41713859988507,residential,,,False,0.43248347497639283,0.8371104815864022,0.8909348441926346
10996777702,6180297958,0,1,5,2,0.0,0.0148698884758364,0.0093896713615023,61.97355996222852,High,92.31680917215192,residential,,,False,0.43248347497639283,0.8371104815864022,0.5594900849858357
11001047656,1381904910,0,1,1,2,0.0,0.0,0.0093896713615023,38.1586402266289,Medium,159.27331130819798,residential,,,False,0.43248347497639283,0.24173748819641172,0.5594900849858357
11001060527,11001060526,0,2,6,3,0.008130081300813,0.0185873605947955,0.0140845070422535,86.29839471199246,Critical,34.73905401351805,residential,,,False,0.8899905571293674,0.9126534466477809,0.7096317280453258
11001065720,2224183024,0,1,1,2,0.0,0.0,0.0093896713615023,38.1586402266289,Medium,12.443019687988222,residential,,,False,0.43248347497639283,0.24173748819641172,0.5594900849858357
11002608083,13347226823,0,1,3,0,0.0,0.0074349442379182,0.0,44.68366383380548,Medium,390.4433786077871,residential,,,False,0.43248347497639283,0.6270066100094429,0.11520302171860246
11006844112,10028897999,0,1,3,3,0.0,0.0074349442379182,0.0140845070422535,56.57223796033995,High,110.86360133395704,residential,,,False,0.43248347497639283,0.6270066100094429,0.7096317280453258
11006961759,7290391067,0,1,1,2,0.0,0.0,0.0093896713615023,38.1586402266289,Medium,146.8788556570653,residential,,,False,0.43248347497639283,0.24173748819641172,0.5594900849858357
11012060277,6505832556,0,1,1,1,0.0,0.0,0.0046948356807511,33.994334277620396,Medium,7.729183085361798,residential,,,False,0.43248347497639283,0.24173748819641172,0.35127478753541075
11012060278,4824686426,0,1,1,3,0.0,0.0,0.0140845070422535,41.1614730878187,Medium,19.77842807810841,unclassified,,,False,0.43248347497639283,0.24173748819641172,0.7096317280453258
11012070941,11012070946,0,1,1,4,0.0,0.0,0.0187793427230046,43.31444759206799,Medium,88.17718558271028,residential,,,False,0.43248347497639283,0.24173748819641172,0.8172804532577904
11013374681,13043372724,0,1,5,3,0.0,0.0148698884758364,0.0140845070422535,64.97639282341832,High,625.6229646539114,residential,,,False,0.43248347497639283,0.8371104815864022,0.7096317280453258
11024828508,9695716670,0,1,1,4,0.0,0.0,0.0187793427230046,43.31444759206799,Medium,42.17810115865093,residential,,,False,0.43248347497639283,0.24173748819641172,0.8172804532577904
11027168698,7479630588,0,2,2,5,0.008130081300813,0.0037174721189591,0.0234741784037558,73.04060434372049,High,115.47473379067604,residential,,,False,0.8899905571293674,0.49055712936732765,0.8909348441926346
11027400303,11027400302,0,1,1,1,0.0,0.0,0.0046948356807511,33.994334277620396,Medium,29.739478410493835,tertiary,,,True,0.43248347497639283,0.24173748819641172,0.35127478753541075
11029867128,7478155078,0,1,3,1,0.0,0.0074349442379182,0.0046948356807511,49.405099150141645,Medium,37.30023692160986,residential,,,False,0.43248347497639283,0.6270066100094429,0.35127478753541075
11030024306,13928795673,0,1,5,1,0.0,0.0148698884758364,0.0046948356807511,57.80925401322001,High,48.0625407926316,residential,,,False,0.43248347497639283,0.8371104815864022,0.35127478753541075
11031759567,2244731722,0,1,1,3,0.0,0.0,0.0140845070422535,41.1614730878187,Medium,58.39187567675452,residential,,,False,0.43248347497639283,0.24173748819641172,0.7096317280453258
11031969821,9885034139,0,1,1,3,0.0,0.0,0.0140845070422535,41.1614730878187,Medium,187.9944532057812,residential,,,False,0.43248347497639283,0.24173748819641172,0.7096317280453258
11033916351,12696050650,0,1,1,2,0.0,0.0,0.0093896713615023,38.1586402266289,Medium,1268.0513210279344,primary,2.0,,True,0.43248347497639283,0.24173748819641172,0.5594900849858357
11121286748,11121286749,0,2,4,0,0.008130081300813,0.0111524163568773,0.0,68.42304060434373,High,47.03130009684124,residential,,,False,0.8899905571293674,0.7629839471199245,0.11520302171860246
11125103350,1808746149,0,1,1,1,0.0,0.0,0.0046948356807511,33.994334277620396,Medium,28.36034195889412,residential,,,False,0.43248347497639283,0.24173748819641172,0.35127478753541075
11149723638,11149723637,0,1,3,1,0.0,0.0074349442379182,0.0046948356807511,49.405099150141645,Medium,43.86727264005543,residential,,,False,0.43248347497639283,0.6270066100094429,0.35127478753541075
11155831174,247984863,0,1,1,3,0.0,0.0,0.0140845070422535,41.1614730878187,Medium,32.92615361227942,tertiary,2.0,,False,0.43248347497639283,0.24173748819641172,0.7096317280453258
11169041185,9696585711,0,1,1,3,0.0,0.0,0.0140845070422535,41.1614730878187,Medium,172.99000197318077,tertiary,,,False,0.43248347497639283,0.24173748819641172,0.7096317280453258
11173722869,11173722867,0,1,5,4,0.0,0.0148698884758364,0.0187793427230046,67.12936732766761,High,18.117401555967746,residential,,,False,0.43248347497639283,0.8371104815864022,0.8172804532577904
11176643974,12183448059,0,1,3,3,0.0,0.0074349442379182,0.0140845070422535,56.57223796033995,High,38.5623049862638,residential,,,False,0.43248347497639283,0.6270066100094429,0.7096317280453258
11182448718,3141475567,0,1,3,1,0.0,0.0074349442379182,0.0046948356807511,49.405099150141645,Medium,1370.3693600409415,tertiary,2.0,20.0,False,0.43248347497639283,0.6270066100094429,0.35127478753541075
11235520041,11235520042,0,11,33,18,0.08130081300813,0.1189591078066914,0.0845070422535211,96.74220963172806,Critical,23.487194603536743,residential,,,False,0.9622285174693107,0.9745042492917847,0.9636449480642115
11235520042,11235520041,0,1,1,2,0.0,0.0,0.0093896713615023,38.1586402266289,Medium,23.487194603536743,residential,,,False,0.43248347497639283,0.24173748819641172,0.5594900849858357
11235520044,11235520042,0,26,62,45,0.2032520325203252,0.2267657992565055,0.2112676056338028,98.69688385269122,Critical,129.47802680144005,residential,,,False,0.9867799811142587,0.9872521246458924,0.9867799811142587
11235520045,11235520044,0,1,3,2,0.0,0.0074349442379182,0.0093896713615023,53.569405099150146,High,32.060158084155255,residential,,,False,0.43248347497639283,0.6270066100094429,0.5594900849858357
11235520055,11235520056,0,2,4,3,0.008130081300813,0.0111524163568773,0.0140845070422535,80.3116147308782,Critical,57.50091623931828,residential,,,False,0.8899905571293674,0.7629839471199245,0.7096317280453258
11235520061,11235520055,0,13,27,25,0.0975609756097561,0.0966542750929368,0.1173708920187793,96.97828139754486,Critical,94.76324121069918,residential,,,False,0.9707271010387157,0.9674220963172805,0.9726156751652503
11235520072,11235520075,0,3,7,4,0.016260162601626,0.0223048327137546,0.0187793427230046,90.28328611898017,Critical,54.62932324830065,residential,,,False,0.9244570349386213,0.9239848914069877,0.8172804532577904
11245714088,5292300571,0,1,1,1,0.0,0.0,0.0046948356807511,33.994334277620396,Medium,122.21368417107742,residential,,,False,0.43248347497639283,0.24173748819641172,0.35127478753541075
11259345552,11301462500,0,1,3,1,0.0,0.0074349442379182,0.0046948356807511,49.405099150141645,Medium,550.0696620561464,residential,,,False,0.43248347497639283,0.6270066100094429,0.35127478753541075
11265823308,11402776662,0,1,5,5,0.0,0.0148698884758364,0.0234741784037558,68.60245514636449,High,87.11290399812992,residential,,,False,0.43248347497639283,0.8371104815864022,0.8909348441926346
11301481489,2558406845,0,1,3,2,0.0,0.0074349442379182,0.0093896713615023,53.569405099150146,High,131.49639572468078,secondary,2.0,40.0,True,0.43248347497639283,0.6270066100094429,0.5594900849858357
11350295594,11350295595,0,1,1,2,0.0,0.0,0.0093896713615023,38.1586402266289,Medium,70.20784726839629,residential,,,False,0.43248347497639283,0.24173748819641172,0.5594900849858357
11372752664,7450070000,0,1,1,1,0.0,0.0,0.0046948356807511,33.994334277620396,Medium,97.21564440698886,residential,,,False,0.43248347497639283,0.24173748819641172,0.35127478753541075
11381038735,11381038733,0,1,1,3,0.0,0.0,0.0140845070422535,41.1614730878187,Medium,28.0413813755554,residential,,,False,0.43248347497639283,0.24173748819641172,0.7096317280453258
11383014055,12141951672,0,1,5,2,0.0,0.0148698884758364,0.0093896713615023,61.97355996222852,High,171.0030328335317,residential,,,False,0.43248347497639283,0.8371104815864022,0.5594900849858357
11383038919,11383462354,0,1,5,2,0.0,0.0148698884758364,0.0093896713615023,61.97355996222852,High,130.4976207575517,residential,,,False,0.43248347497639283,0.8371104815864022,0.5594900849858357
11385233257,6193989064,0,1,1,1,0.0,0.0,0.0046948356807511,33.994334277620396,Medium,168.21176104255625,residential,,,False,0.43248347497639283,0.24173748819641172,0.35127478753541075
11385460447,11385460446,0,1,3,1,0.0,0.0074349442379182,0.0046948356807511,49.405099150141645,Medium,38.428354718086894,residential,,,False,0.43248347497639283,0.6270066100094429,0.35127478753541075
11385524295,463681950,0,1,1,1,0.0,0.0,0.0046948356807511,33.994334277620396,Medium,150.3282058248983,residential,,,False,0.43248347497639283,0.24173748819641172,0.35127478753541075
11385559828,11385559821,0,1,5,2,0.0,0.0148698884758364,0.0093896713615023,61.97355996222852,High,45.54045663741088,residential,,,False,0.43248347497639283,0.8371104815864022,0.5594900849858357
11387370297,521157787,0,1,1,0,0.0,0.0,0.0,29.272898961284234,Medium,228.1719826610525,secondary,,,True,0.43248347497639283,0.24173748819641172,0.11520302171860246
11395723235,13249347760,0,1,5,2,0.0,0.0148698884758364,0.0093896713615023,61.97355996222852,High,11.562054734076336,residential,,,False,0.43248347497639283,0.8371104815864022,0.5594900849858357
11397522157,11397522158,0,1,5,3,0.0,0.0148698884758364,0.0140845070422535,64.97639282341832,High,98.5322663081951,residential,,,False,0.43248347497639283,0.8371104815864022,0.7096317280453258
11397613409,2447924340,0,1,3,0,0.0,0.0074349442379182,0.0,44.68366383380548,Medium,144.17839139897706,residential,,,False,0.43248347497639283,0.6270066100094429,0.11520302171860246
11397632762,11397646930,0,2,2,2,0.008130081300813,0.0037174721189591,0.0093896713615023,66.41170915958452,High,299.93211495407775,residential,,,False,0.8899905571293674,0.49055712936732765,0.5594900849858357
11399731835,11399731830,0,13,31,33,0.0975609756097561,0.1115241635687732,0.1549295774647887,97.23323890462702,Critical,161.96166886895338,residential,,,False,0.9707271010387157,0.9707271010387157,0.9787535410764873
11408879536,11408879537,0,1,1,2,0.0,0.0,0.0093896713615023,38.1586402266289,Medium,65.06047387077764,residential,,,False,0.43248347497639283,0.24173748819641172,0.5594900849858357
11411501025,4950460617,0,1,1,1,0.0,0.0,0.0046948356807511,33.994334277620396,Medium,740.1388108158251,residential,,,False,0.43248347497639283,0.24173748819641172,0.35127478753541075
11411565870,7414033009,0,1,5,5,0.0,0.0148698884758364,0.0234741784037558,68.60245514636449,High,75.10395180909278,residential,,,False,0.43248347497639283,0.8371104815864022,0.8909348441926346
11411858114,7425452621,0,1,1,1,0.0,0.0,0.0046948356807511,33.994334277620396,Medium,495.7454829983407,residential,,,False,0.43248347497639283,0.24173748819641172,0.35127478753541075
11414499616,7461904506,0,1,5,5,0.0,0.0148698884758364,0.0234741784037558,68.60245514636449,High,9.22922021991439,residential,,,False,0.43248347497639283,0.8371104815864022,0.8909348441926346
11419666780,11419666781,0,12,18,10,0.089430894308943,0.0631970260223048,0.0469483568075117,95.8356940509915,Critical,34.22270976288564,residential,,,False,0.9660056657223796,0.9551463644948064,0.949480642115203
11419933649,11419933650,0,1,1,0,0.0,0.0,0.0,29.272898961284234,Medium,79.56780201057272,residential,,,False,0.43248347497639283,0.24173748819641172,0.11520302171860246
11425473459,11425473460,0,1,1,3,0.0,0.0,0.0140845070422535,41.1614730878187,Medium,27.106964764221622,residential,,,False,0.43248347497639283,0.24173748819641172,0.7096317280453258
11431558280,11431570036,0,1,3,2,0.0,0.0074349442379182,0.0093896713615023,53.569405099150146,High,32.50210360823091,residential,,,False,0.43248347497639283,0.6270066100094429,0.5594900849858357
11431559323,11431558280,0,12,18,14,0.089430894308943,0.0631970260223048,0.0657276995305164,96.01510859301227,Critical,29.86148450856446,residential,,,False,0.9660056657223796,0.9551463644948064,0.9584513692162417
11431570036,7279291013,0,8,16,13,0.056910569105691,0.0557620817843866,0.0610328638497652,95.17469310670444,Critical,86.01750205329337,residential,,,False,0.9508970727101038,0.9508970727101038,0.9551463644948064
11434328347,12196580076,0,5,15,7,0.032520325203252,0.0520446096654275,0.0328638497652582,94.1643059490085,Critical,20.377207851092628,residential,,,False,0.9386213408876298,0.9480642115203022,0.9348441926345609
11434328348,11434328347,0,3,3,3,0.016260162601626,0.0074349442379182,0.0140845070422535,76.25118035882909,Critical,98.633318804908,residential,,,False,0.9244570349386213,0.6270066100094429,0.7096317280453258
11434440441,7298384808,0,10,24,11,0.073170731707317,0.0855018587360594,0.0516431924882629,95.9395656279509,Critical,573.7231250274036,residential,,,False,0.9589235127478754,0.9636449480642115,0.9518413597733711
11434513784,11434513787,0,2,8,4,0.008130081300813,0.0260223048327137,0.0187793427230046,89.1501416430595,Critical,75.24694269100988,residential,,,False,0.8899905571293674,0.9301227573182247,0.8172804532577904
11436618001,11436614604,0,1,1,0,0.0,0.0,0.0,29.272898961284234,Medium,24.15935988522124,residential,,,False,0.43248347497639283,0.24173748819641172,0.11520302171860246
11436700603,6142056158,0,10,32,26,0.073170731707317,0.1152416356877323,0.1220657276995305,96.75165250236071,Critical,320.166671260801,tertiary,,,False,0.9589235127478754,0.9730878186968839,0.9735599622285175
11436858454,7345511207,0,1,1,0,0.0,0.0,0.0,29.272898961284234,Medium,488.9160774125254,residential,,,False,0.43248347497639283,0.24173748819641172,0.11520302171860246
11436858464,11436858463,0,1,1,1,0.0,0.0,0.0046948356807511,33.994334277620396,Medium,64.35491650387343,residential,,,False,0.43248347497639283,0.24173748819641172,0.35127478753541075
11454801023,9695738152,0,1,1,2,0.0,0.0,0.0093896713615023,38.1586402266289,Medium,64.84178617368143,residential,,,False,0.43248347497639283,0.24173748819641172,0.5594900849858357
11486387657,3732415824,0,14,32,19,0.1056910569105691,0.1152416356877323,0.0892018779342723,97.21435316336166,Critical,29.18983014850822,trunk_link,,,True,0.9745042492917847,0.9730878186968839,0.965533522190746
11486387657,13851353728,0,6,14,13,0.040650406504065,0.0483271375464684,0.0610328638497652,94.66477809254013,Critical,77.55890082809236,trunk,3.0,80.0,True,0.943342776203966,0.945703493862134,0.9551463644948064
11554362419,431533438,0,2,6,4,0.008130081300813,0.0185873605947955,0.0187793427230046,88.45136921624174,Critical,1077.3444710688962,secondary,2.0,50.0,True,0.8899905571293674,0.9126534466477809,0.8172804532577904
11584397727,11584397731,0,1,1,0,0.0,0.0,0.0,29.272898961284234,Medium,259.128722917354,unclassified,2.0,,True,0.43248347497639283,0.24173748819641172,0.11520302171860246
11669547569,10824347341,0,14,26,22,0.1056910569105691,0.0929368029739776,0.1032863849765258,96.98772426817752,Critical,195.96900232220992,trunk,2.0,60.0,True,0.9745042492917847,0.965533522190746,0.9693106704438149
11812221695,6620856859,0,1,1,0,0.0,0.0,0.0,29.272898961284234,Medium,120.88949010152726,tertiary,,,True,0.43248347497639283,0.24173748819641172,0.11520302171860246
11818189318,11818189319,0,1,3,3,0.0,0.0074349442379182,0.0140845070422535,56.57223796033995,High,33.2595135312627,residential,,,False,0.43248347497639283,0.6270066100094429,0.7096317280453258
11824482166,11824482168,0,1,5,5,0.0,0.0148698884758364,0.0234741784037558,68.60245514636449,High,143.0033730079556,residential,,,False,0.43248347497639283,0.8371104815864022,0.8909348441926346
11827253885,3530426108,0,1,3,0,0.0,0.0074349442379182,0.0,44.68366383380548,Medium,550.7588555506574,tertiary,2.0,,False,0.43248347497639283,0.6270066100094429,0.11520302171860246
11842969943,4692323129,0,1,3,0,0.0,0.0074349442379182,0.0,44.68366383380548,Medium,615.8276299746182,primary,,,True,0.43248347497639283,0.6270066100094429,0.11520302171860246
11849751725,11849664512,0,1,1,0,0.0,0.0,0.0,29.272898961284234,Medium,46.26653582752036,primary,2.0,,True,0.43248347497639283,0.24173748819641172,0.11520302171860246
11878415552,6275105557,0,1,3,0,0.0,0.0074349442379182,0.0,44.68366383380548,Medium,147.98857034789512,primary,2.0,,True,0.43248347497639283,0.6270066100094429,0.11520302171860246
11882781147,11882781149,0,1,1,2,0.0,0.0,0.0093896713615023,38.1586402266289,Medium,544.2803587457175,secondary,2.0,40.0,True,0.43248347497639283,0.24173748819641172,0.5594900849858357
11886201284,11886201281,0,1,1,2,0.0,0.0,0.0093896713615023,38.1586402266289,Medium,365.6911116040612,tertiary,,,True,0.43248347497639283,0.24173748819641172,0.5594900849858357
11888193783,292563598,0,9,15,7,0.065040650406504,0.0520446096654275,0.0328638497652582,94.82530689329556,Critical,11.222446761025417,secondary,,,True,0.9551463644948064,0.9480642115203022,0.9348441926345609
11888193797,11888193784,0,1,1,0,0.0,0.0,0.0,29.272898961284234,Medium,557.2520106562713,trunk,3.0,80.0,True,0.43248347497639283,0.24173748819641172,0.11520302171860246
11896565552,11896576908,0,1,1,0,0.0,0.0,0.0,29.272898961284234,Medium,142.5530159004455,tertiary,,,True,0.43248347497639283,0.24173748819641172,0.11520302171860246
11900650072,7405316785,0,1,1,2,0.0,0.0,0.0093896713615023,38.1586402266289,Medium,97.18863903485106,secondary,,,True,0.43248347497639283,0.24173748819641172,0.5594900849858357
11909429990,10653965926,0,2,6,6,0.008130081300813,0.0185873605947955,0.028169014084507,90.62322946175638,Critical,414.122682944053,motorway,,120.0,True,0.8899905571293674,0.9126534466477809,0.9258734655335222
11911948726,324663036,0,1,3,0,0.0,0.0074349442379182,0.0,44.68366383380548,Medium,81.05385894423446,tertiary,,,False,0.43248347497639283,0.6270066100094429,0.11520302171860246
11913485759,11044471520,0,1,1,0,0.0,0.0,0.0,29.272898961284234,Medium,244.0901771308557,secondary,2.0,,True,0.43248347497639283,0.24173748819641172,0.11520302171860246
11919250252,7290333271,0,1,1,1,0.0,0.0,0.0046948356807511,33.994334277620396,Medium,99.00546418376288,tertiary,1.0,,True,0.43248347497639283,0.24173748819641172,0.35127478753541075
11932064927,4950833457,0,1,3,3,0.0,0.0074349442379182,0.0140845070422535,56.57223796033995,High,51.33685391394318,residential,,,False,0.43248347497639283,0.6270066100094429,0.7096317280453258
11932127242,11932127244,0,2,8,6,0.008130081300813,0.0260223048327137,0.028169014084507,91.32200188857414,Critical,49.44256126389895,residential,,,False,0.8899905571293674,0.9301227573182247,0.9258734655335222
11932127246,11932127245,0,5,13,8,0.032520325203252,0.0446096654275092,0.0375586854460093,94.0982058545798,Critical,122.31063979651982,residential,,,False,0.9386213408876298,0.9438149197355996,0.9400377714825306
11932127247,11932127242,0,1,1,3,0.0,0.0,0.0140845070422535,41.1614730878187,Medium,40.01211031434632,residential,,,False,0.43248347497639283,0.24173748819641172,0.7096317280453258
11936380278,648119847,0,2,2,1,0.008130081300813,0.0037174721189591,0.0046948356807511,62.24740321057601,High,651.7798662613875,tertiary,2.0,,True,0.8899905571293674,0.49055712936732765,0.35127478753541075
11944239442,11944239437,0,1,3,0,0.0,0.0074349442379182,0.0,44.68366383380548,Medium,84.2561298707272,residential,,,False,0.43248347497639283,0.6270066100094429,0.11520302171860246
12075650278,11849948564,0,1,1,1,0.0,0.0,0.0046948356807511,33.994334277620396,Medium,254.80108369411232,primary,2.0,,True,0.43248347497639283,0.24173748819641172,0.35127478753541075
12075650279,4030004532,0,1,1,2,0.0,0.0,0.0093896713615023,38.1586402266289,Medium,471.56987593604015,primary,2.0,,True,0.43248347497639283,0.24173748819641172,0.5594900849858357
12078798115,1094079327,0,1,1,2,0.0,0.0,0.0093896713615023,38.1586402266289,Medium,255.979942045574,primary,2.0,,True,0.43248347497639283,0.24173748819641172,0.5594900849858357
12114065423,12114065413,0,1,1,0,0.0,0.0,0.0,29.272898961284234,Medium,34.45979031880031,residential,,,False,0.43248347497639283,0.24173748819641172,0.11520302171860246
12114145818,12114145817,1,2,10,6,0.008130081300813,0.0334572490706319,0.028169014084507,91.58640226628896,Critical,180.7129061260572,residential,,,False,0.8899905571293674,0.9367327667610954,0.9258734655335222
12115111694,12951130519,0,1,1,0,0.0,0.0,0.0,29.272898961284234,Medium,153.7629241619084,residential,,,False,0.43248347497639283,0.24173748819641172,0.11520302171860246
12148059333,3667423530,0,1,3,3,0.0,0.0074349442379182,0.0140845070422535,56.57223796033995,High,277.22871054711646,residential,2.0,,True,0.43248347497639283,0.6270066100094429,0.7096317280453258
12154153171,12154153170,0,1,1,1,0.0,0.0,0.0046948356807511,33.994334277620396,Medium,410.380724759493,tertiary,,,False,0.43248347497639283,0.24173748819641172,0.35127478753541075
12157495771,7361705121,0,1,3,1,0.0,0.0074349442379182,0.0046948356807511,49.405099150141645,Medium,32.371830338494455,residential,,,False,0.43248347497639283,0.6270066100094429,0.35127478753541075
12174325305,12174325307,0,1,1,1,0.0,0.0,0.0046948356807511,33.994334277620396,Medium,45.15628103150552,residential,,,False,0.43248347497639283,0.24173748819641172,0.35127478753541075
12174325308,12174325307,0,34,78,55,0.2682926829268293,0.2862453531598513,0.2582159624413145,99.28234183191691,Critical,55.748014084894976,residential,,,False,0.9924457034938622,0.9943342776203966,0.9905571293673276
12186005568,2387385680,0,1,1,3,0.0,0.0,0.0140845070422535,41.1614730878187,Medium,741.3676021300988,primary,2.0,,True,0.43248347497639283,0.24173748819641172,0.7096317280453258
12188089369,5319569131,0,1,1,0,0.0,0.0,0.0,29.272898961284234,Medium,91.0052352455761,tertiary,,,False,0.43248347497639283,0.24173748819641172,0.11520302171860246
12196931957,12196931958,0,2,2,3,0.008130081300813,0.0037174721189591,0.0140845070422535,69.41454202077432,High,30.5613833653714,residential,,,False,0.8899905571293674,0.49055712936732765,0.7096317280453258
12211564059,6888027941,0,1,1,1,0.0,0.0,0.0046948356807511,33.994334277620396,Medium,100.5177255492711,residential,,,False,0.43248347497639283,0.24173748819641172,0.35127478753541075
12241127190,12241127189,0,1,3,0,0.0,0.0074349442379182,0.0,44.68366383380548,Medium,39.030528120068965,residential,,,False,0.43248347497639283,0.6270066100094429,0.11520302171860246
12300657068,12993646207,0,1,5,4,0.0,0.0148698884758364,0.0187793427230046,67.12936732766761,High,224.524802907184,primary,2.0,,True,0.43248347497639283,0.8371104815864022,0.8172804532577904
12314495849,12314495850,0,1,3,1,0.0,0.0074349442379182,0.0046948356807511,49.405099150141645,Medium,141.21887913359262,living_street,,,False,0.43248347497639283,0.6270066100094429,0.35127478753541075
12346534940,13860462299,0,1,3,2,0.0,0.0074349442379182,0.0093896713615023,53.569405099150146,High,417.7194230957197,tertiary,4.0,60.0,False,0.43248347497639283,0.6270066100094429,0.5594900849858357
12346579321,12346579319,0,1,3,0,0.0,0.0074349442379182,0.0,44.68366383380548,Medium,42.559309860010586,residential,,,False,0.43248347497639283,0.6270066100094429,0.11520302171860246
12397885592,12397885592,0,1,1,1,0.0,0.0,0.0046948356807511,33.994334277620396,Medium,151.1784326580177,residential,,,False,0.43248347497639283,0.24173748819641172,0.35127478753541075
12397931773,4033838906,0,2,6,2,0.008130081300813,0.0185873605947955,0.0093896713615023,83.29556185080266,Critical,31.47911303240712,residential,,,False,0.8899905571293674,0.9126534466477809,0.5594900849858357
12479777815,2248441190,0,1,1,5,0.0,0.0,0.0234741784037558,44.787535410764875,Medium,97.78763655677204,residential,,,False,0.43248347497639283,0.24173748819641172,0.8909348441926346
12496073771,13095798078,0,1,3,1,0.0,0.0074349442379182,0.0046948356807511,49.405099150141645,Medium,81.79779896381518,residential,,,False,0.43248347497639283,0.6270066100094429,0.35127478753541075
12607435267,10060517343,0,1,1,1,0.0,0.0,0.0046948356807511,33.994334277620396,Medium,67.89134209693366,secondary,,,True,0.43248347497639283,0.24173748819641172,0.35127478753541075
12662376674,7266042589,0,1,1,0,0.0,0.0,0.0,29.272898961284234,Medium,756.3463572907572,residential,,,False,0.43248347497639283,0.24173748819641172,0.11520302171860246
12732525820,13787010485,0,1,1,1,0.0,0.0,0.0046948356807511,33.994334277620396,Medium,68.13792267579791,tertiary,2.0,,True,0.43248347497639283,0.24173748819641172,0.35127478753541075
12740873658,11449187227,0,1,5,1,0.0,0.0148698884758364,0.0046948356807511,57.80925401322001,High,845.1714591106119,tertiary,2.0,,True,0.43248347497639283,0.8371104815864022,0.35127478753541075
12781999514,6131973902,0,1,3,3,0.0,0.0074349442379182,0.0140845070422535,56.57223796033995,High,88.02771787841348,secondary,2.0,,True,0.43248347497639283,0.6270066100094429,0.7096317280453258
12809451103,10079377679,0,1,5,2,0.0,0.0148698884758364,0.0093896713615023,61.97355996222852,High,43.03479528320739,living_street,,,False,0.43248347497639283,0.8371104815864022,0.5594900849858357
12822455068,1473350074,0,1,1,0,0.0,0.0,0.0,29.272898961284234,Medium,141.73083206668758,tertiary,2.0,30.0,True,0.43248347497639283,0.24173748819641172,0.11520302171860246
12836145981,582589274,0,1,1,0,0.0,0.0,0.0,29.272898961284234,Medium,66.98377587516386,residential,,30.0,False,0.43248347497639283,0.24173748819641172,0.11520302171860246
12882769513,11888193797,0,1,3,2,0.0,0.0074349442379182,0.0093896713615023,53.569405099150146,High,432.1428264561478,trunk,2.0,,True,0.43248347497639283,0.6270066100094429,0.5594900849858357
12912009762,2250391934,0,1,5,5,0.0,0.0148698884758364,0.0234741784037558,68.60245514636449,High,361.735744120857,secondary,,,False,0.43248347497639283,0.8371104815864022,0.8909348441926346
12951126183,13785180784,0,39,73,61,0.3089430894308943,0.2676579925650557,0.2863849765258216,99.28234183191691,Critical,38.98162253698086,residential,,,False,0.993862134088763,0.9915014164305949,0.9933899905571294
12951130515,12951130518,0,1,1,5,0.0,0.0,0.0234741784037558,44.787535410764875,Medium,154.4838666239946,secondary,,,True,0.43248347497639283,0.24173748819641172,0.8909348441926346
12951130523,14056154835,0,3,11,4,0.016260162601626,0.037174721189591,0.0187793427230046,90.96317280453259,Critical,26.06913453545232,residential,,,False,0.9244570349386213,0.940982058545798,0.8172804532577904
12956032840,13907778644,0,1,3,4,0.0,0.0074349442379182,0.0187793427230046,58.72521246458924,High,88.5722726458614,living_street,,,False,0.43248347497639283,0.6270066100094429,0.8172804532577904
12961466046,9700303095,0,9,21,13,0.065040650406504,0.0743494423791821,0.0610328638497652,95.62795089707272,Critical,9.36240663276736,secondary,2.0,,True,0.9551463644948064,0.9579792256846081,0.9551463644948064
12963900368,12169759726,0,1,3,0,0.0,0.0074349442379182,0.0,44.68366383380548,Medium,310.2767980589539,secondary,2.0,,False,0.43248347497639283,0.6270066100094429,0.11520302171860246
12993646207,12993645884,0,1,3,2,0.0,0.0074349442379182,0.0093896713615023,53.569405099150146,High,914.2541948404868,residential,,,False,0.43248347497639283,0.6270066100094429,0.5594900849858357
13001216629,4044263592,0,1,5,2,0.0,0.0148698884758364,0.0093896713615023,61.97355996222852,High,162.46284406622274,secondary,2.0,,True,0.43248347497639283,0.8371104815864022,0.5594900849858357
13088924516,9994790365,0,1,1,1,0.0,0.0,0.0046948356807511,33.994334277620396,Medium,316.67350568359313,secondary,2.0,40.0,True,0.43248347497639283,0.24173748819641172,0.35127478753541075
13097775122,13097775118,0,1,3,0,0.0,0.0074349442379182,0.0,44.68366383380548,Medium,63.06421946567366,residential,,,False,0.43248347497639283,0.6270066100094429,0.11520302171860246
13119702903,4950155146,0,2,6,6,0.008130081300813,0.0185873605947955,0.028169014084507,90.62322946175638,Critical,113.78832329278389,residential,,,False,0.8899905571293674,0.9126534466477809,0.9258734655335222
13130383419,13130383419,0,1,3,2,0.0,0.0074349442379182,0.0093896713615023,53.569405099150146,High,39.549227997523104,residential,,,True,0.43248347497639283,0.6270066100094429,0.5594900849858357
13130934764,13130934766,0,17,35,37,0.1300813008130081,0.1263940520446096,0.1737089201877934,97.85646836638338,Critical,53.35656236755953,residential,,,False,0.9787535410764873,0.9763928234183191,0.9825306893295562
13235177932,10020119392,0,1,1,0,0.0,0.0,0.0,29.272898961284234,Medium,117.88132776825024,residential,,,False,0.43248347497639283,0.24173748819641172,0.11520302171860246
13260780851,3034670071,0,1,1,1,0.0,0.0,0.0046948356807511,33.994334277620396,Medium,358.752588640169,residential,,,False,0.43248347497639283,0.24173748819641172,0.35127478753541075
13282426116,9143702776,0,2,2,0,0.008130081300813,0.0037174721189591,0.0,57.52596789423985,High,293.8403860847394,trunk,3.0,60.0,True,0.8899905571293674,0.49055712936732765,0.11520302171860246
13287242152,2250058098,0,1,3,2,0.0,0.0074349442379182,0.0093896713615023,53.569405099150146,High,114.77816887485972,residential,,,False,0.43248347497639283,0.6270066100094429,0.5594900849858357
13353132231,7175175824,0,1,3,2,0.0,0.0074349442379182,0.0093896713615023,53.569405099150146,High,82.99992811019331,residential,,,False,0.43248347497639283,0.6270066100094429,0.5594900849858357
13353132245,7205265854,0,1,1,3,0.0,0.0,0.0140845070422535,41.1614730878187,Medium,365.95366096017824,residential,,,False,0.43248347497639283,0.24173748819641172,0.7096317280453258
13380680074,10905648447,0,22,50,42,0.1707317073170731,0.1821561338289963,0.1971830985915492,98.45136921624173,Critical,270.79690617992105,tertiary,,,True,0.983947119924457,0.9848914069877243,0.9848914069877243
13381230394,13381230395,0,1,1,1,0.0,0.0,0.0046948356807511,33.994334277620396,Medium,73.94466610238834,residential,,,False,0.43248347497639283,0.24173748819641172,0.35127478753541075
13503202475,12531369251,0,1,1,0,0.0,0.0,0.0,29.272898961284234,Medium,91.30110558350486,secondary,2.0,,True,0.43248347497639283,0.24173748819641172,0.11520302171860246
13640631110,13640631111,0,1,1,1,0.0,0.0,0.0046948356807511,33.994334277620396,Medium,114.86512177838428,residential,,,False,0.43248347497639283,0.24173748819641172,0.35127478753541075
13644458594,1168427929,0,2,6,5,0.008130081300813,0.0185873605947955,0.0234741784037558,89.92445703493863,Critical,775.6136370738776,residential,,,False,0.8899905571293674,0.9126534466477809,0.8909348441926346
13645830401,13645830402,0,1,3,2,0.0,0.0074349442379182,0.0093896713615023,53.569405099150146,High,61.905110648051945,residential,,,False,0.43248347497639283,0.6270066100094429,0.5594900849858357
13747607771,11001477386,0,1,1,3,0.0,0.0,0.0140845070422535,41.1614730878187,Medium,805.7377223995844,tertiary,,,False,0.43248347497639283,0.24173748819641172,0.7096317280453258
13785180787,13785180798,0,30,74,56,0.2357723577235772,0.2713754646840148,0.2629107981220657,99.14069877242683,Critical,52.84695202082909,residential,,,False,0.990084985835694,0.9924457034938622,0.9919735599622285
13785287069,3758521555,0,6,18,10,0.040650406504065,0.0631970260223048,0.0469483568075117,94.92917847025495,Critical,82.18726106532905,secondary,,,True,0.943342776203966,0.9551463644948064,0.949480642115203
13787730870,7377821387,0,2,6,4,0.008130081300813,0.0185873605947955,0.0187793427230046,88.45136921624174,Critical,78.58209910049383,residential,2.0,,False,0.8899905571293674,0.9126534466477809,0.8172804532577904
13790920637,13790920640,0,2,2,4,0.008130081300813,0.0037174721189591,0.0187793427230046,71.5675165250236,High,84.39853657575041,residential,,,False,0.8899905571293674,0.49055712936732765,0.8172804532577904
13800870730,4294218124,0,1,1,0,0.0,0.0,0.0,29.272898961284234,Medium,719.1584349090984,primary,2.0,30.0,True,0.43248347497639283,0.24173748819641172,0.11520302171860246
13810626172,6531359664,0,1,3,1,0.0,0.0074349442379182,0.0046948356807511,49.405099150141645,Medium,163.42108954328134,residential,,,False,0.43248347497639283,0.6270066100094429,0.35127478753541075
13811792564,13811792565,0,1,1,2,0.0,0.0,0.0093896713615023,38.1586402266289,Medium,105.43234764088928,residential,,,False,0.43248347497639283,0.24173748819641172,0.5594900849858357
13830284640,308185159,0,1,1,0,0.0,0.0,0.0,29.272898961284234,Medium,201.5307647778491,tertiary,,,False,0.43248347497639283,0.24173748819641172,0.11520302171860246
13851353728,960168779,0,1,3,1,0.0,0.0074349442379182,0.0046948356807511,49.405099150141645,Medium,4312.991144363948,trunk,3.0,80.0,True,0.43248347497639283,0.6270066100094429,0.35127478753541075
13877530781,12956054174,0,1,5,1,0.0,0.0148698884758364,0.0046948356807511,57.80925401322001,High,470.11868441101205,tertiary,,,True,0.43248347497639283,0.8371104815864022,0.35127478753541075
13944712127,7440973784,0,1,1,1,0.0,0.0,0.0046948356807511,33.994334277620396,Medium,69.61603218737497,residential,,,False,0.43248347497639283,0.24173748819641172,0.35127478753541075
13961744385,1837634342,0,1,1,1,0.0,0.0,0.0046948356807511,33.994334277620396,Medium,30.23109607782316,tertiary,1.0,,True,0.43248347497639283,0.24173748819641172,0.35127478753541075
14022277906,7377821480,0,1,1,1,0.0,0.0,0.0046948356807511,33.994334277620396,Medium,46.88276582271924,residential,,,False,0.43248347497639283,0.24173748819641172,0.35127478753541075
14040891864,13787384225,0,1,1,2,0.0,0.0,0.0093896713615023,38.1586402266289,Medium,476.2590846167551,secondary,,,True,0.43248347497639283,0.24173748819641172,0.5594900849858357
14040912735,14040912736,0,1,1,0,0.0,0.0,0.0,29.272898961284234,Medium,13.12177879158217,residential,,,False,0.43248347497639283,0.24173748819641172,0.11520302171860246
14091369953,14091369965,0,1,5,1,0.0,0.0148698884758364,0.0046948356807511,57.80925401322001,High,128.3770602478433,residential,,,False,0.43248347497639283,0.8371104815864022,0.35127478753541075
14109683237,9932949312,0,1,3,5,0.0,0.0074349442379182,0.0234741784037558,60.19830028328612,High,320.4543121300971,trunk,3.0,80.0,True,0.43248347497639283,0.6270066100094429,0.8909348441926346
14159344895,1546937643,0,1,1,0,0.0,0.0,0.0,29.272898961284234,Medium,66.59035102384469,residential,,,False,0.43248347497639283,0.24173748819641172,0.11520302171860246
14170017202,960246975,0,1,1,4,0.0,0.0,0.0187793427230046,43.31444759206799,Medium,178.82532068997642,residential,,,False,0.43248347497639283,0.24173748819641172,0.8172804532577904
14172803269,7465950644,0,2,6,4,0.008130081300813,0.0185873605947955,0.0187793427230046,88.45136921624174,Critical,258.54807517357466,tertiary,,,False,0.8899905571293674,0.9126534466477809,0.8172804532577904
