u,v,key,road_length,highway,lanes,maxspeed,oneway,predicted_risk_score,predicted_risk_level,prediction_confidence
10989311719,10017529513,0,24.935894850316977,residential,,,False,0.05,Low,99.92
7121595606,7121595597,0,253.28180237250365,residential,,,False,99.31,Critical,98.46
363788962,363788898,0,60.086513922945386,residential,,,False,0.05,Low,99.92
1538258102,1538258039,0,53.2515932917104,residential,,,False,0.05,Low,99.93
306617098,266276754,0,121.92150770117104,residential,,,False,44.71,Medium,67.33
14172803269,7465950644,0,258.54807517357466,tertiary,,,False,93.57,Critical,87.54
7462733017,6143206904,0,152.41190263420953,secondary,2.0,,True,95.42,Critical,90.63
3868729253,3868729561,0,39.74126889071268,residential,,,False,34.35,Medium,96.94
529291164,529291277,0,147.5795465183951,residential,,,False,0.05,Low,99.92
9613161441,9613161436,0,149.96833515022678,residential,,,False,52.71,High,55.72
11431570036,7279291013,0,86.01750205329337,residential,,,False,99.77,Critical,99.54
10095028672,6755784879,0,78.04923916780712,residential,,,False,68.43,High,84.68
10093892286,2268179673,0,40.44952013180848,living_street,,,False,38.19,Medium,85.48
1601001843,10209016990,0,132.55347718774368,tertiary,,,False,39.68,Medium,81.22
10026247108,2248738158,0,27.133791449980617,residential,,,False,35.77,Medium,92.79
7457472567,7457472570,0,94.08180391405996,residential,,,False,39.81,Medium,80.59
442438288,1572978285,0,53.69825705481789,tertiary,,,False,58.39,High,74.38
1931853251,1931853248,0,143.52489629129704,residential,,,False,0.05,Low,99.92
736207341,1212302832,0,79.28654626377221,residential,,,False,41.59,Medium,75.23
10091276550,13991711774,0,29.42039994322731,residential,,,False,0.05,Low,99.92
426962404,427593220,0,92.84438252266138,residential,,,False,39.1,Medium,82.72
13633596517,10091455090,0,30.758238476097706,residential,,,False,0.05,Low,99.93
7271027039,7271027038,0,29.274633052952275,residential,,,False,68.75,High,82.35
6180426981,463681242,0,90.07105241493555,secondary,,,False,0.05,Low,99.91
1533807380,1355273670,0,32.401017278974784,tertiary,,,False,0.05,Low,99.91
3161220982,3161220978,0,104.60522045739457,residential,,,False,38.56,Medium,84.31
12148059333,3667423530,0,277.22871054711646,residential,2.0,,True,37.77,Medium,87.04
10982345438,4950714653,0,48.75190541999966,residential,,,False,41.21,Medium,78.2
2247956052,7401660120,0,3.8741940336833234,tertiary,2.0,,False,0.05,Low,99.92
10063679758,1556104768,0,32.292069621351374,residential,,,False,0.05,Low,99.92
13787730870,7377821387,0,78.58209910049383,residential,2.0,,False,65.36,Medium,41.04
4484966011,4484966012,0,63.56435826194249,residential,,,False,0.05,Low,99.92
12740873658,11449187227,0,845.1714591106119,tertiary,2.0,,True,60.66,High,81.36
4121135636,4121135638,0,37.816681963833005,residential,,,False,0.05,Low,99.93
13097775122,13097775118,0,63.06421946567366,residential,,,False,37.48,Medium,87.72
4948781869,4948781871,0,96.55167586488932,residential,,,False,0.05,Low,99.92
2220746559,2220746473,0,306.3967020639056,residential,,,False,0.06,Low,99.91
2248663691,9612008955,0,1205.418277406312,tertiary,,,False,98.25,Critical,95.83
3158788585,3158788155,0,23.753305700972284,living_street,,,False,0.05,Low,99.92
3868675929,3868675751,0,41.41949089476824,tertiary,,,False,58.05,High,73.18
7484505290,7484505467,0,18.37050687890389,residential,,50,False,0.05,Low,99.92
1522786212,1522843016,0,19.559380871214223,residential,,,False,0.05,Low,99.92
7414090464,6182627993,0,10.350369809997634,tertiary,,,False,0.05,Low,99.92
1593071548,1593071312,0,336.9919441007937,residential,,,False,36.86,Medium,89.6
1563683641,1563683764,0,35.56624539344892,residential,,,False,38.98,Medium,83.76
3874476266,11414435391,0,157.8927363768875,residential,,,False,37.63,Medium,87.15
599212655,599212654,0,59.98634709789608,residential,,,False,39.01,Medium,83.24
7272676786,10991293560,0,78.42547014065829,residential,,,False,0.05,Low,99.93
4950714653,10982345438,0,48.75190541999966,residential,,,False,0.05,Low,99.93
1523171060,1523171001,0,68.03811549252781,residential,,,False,0.05,Low,99.92
2220792358,1383042716,0,69.84567741071024,residential,,,False,37.47,Medium,87.58
7218644884,11395649433,0,114.12711290140564,residential,,,False,60.89,High,82.37
7175614341,7175614342,0,67.08284685362432,residential,,,False,0.05,Low,99.92
6056942840,7308880623,0,647.5312513924127,secondary,2.0,,False,91.75,Critical,86.43
2244731844,9605784279,0,67.58840451159017,residential,,,False,34.49,Medium,96.69
1486984186,7484505205,0,183.87415379533235,residential,,,False,49.46,Medium,51.7
7466389449,7466389448,0,51.43001658786044,residential,,,False,0.05,Low,99.93
2250289913,1336687562,0,46.45653972428802,secondary,,,True,0.05,Low,99.92
4527984245,10091708985,0,169.75498989614547,residential,,,False,54.68,High,63.08
10079132792,10079132791,0,38.08857161120712,residential,,,False,0.05,Low,99.93
7434990649,7434990719,0,46.68879684134972,residential,,,False,55.58,High,65.13
619177257,619175169,0,39.63356615594056,residential,,,False,0.05,Low,99.92
5330659866,6410933521,0,146.13518283743122,residential,,,False,36.61,Medium,90.36
4950225483,4950225482,0,39.62216858623295,residential,,,False,0.05,Low,99.92
1522655786,1522655664,0,23.15316145593265,residential,,,False,0.05,Low,99.92
494244972,945903501,0,63.583818221867965,residential,,,False,0.05,Low,99.92
5825728711,5825728714,0,42.78689757290459,living_street,,,False,37.06,Medium,89.69
2421937910,2421937823,0,42.753302403786606,residential,,,False,0.05,Low,99.92
4950292853,4950292854,0,40.37239778719277,residential,,,False,0.05,Low,99.92
4161879525,4161879526,0,23.779844871800435,residential,,,False,0.05,Low,99.92
1615766946,1615767016,0,324.03224993122626,tertiary,,,False,36.74,Medium,89.73
2450331367,2450331352,0,191.508656777922,residential,,,False,39.25,Medium,82.42
7378174440,7378174444,0,68.658688921917,residential,,,False,0.05,Low,99.92
1562108682,10038613983,0,101.21645010779127,residential,,,False,0.05,Low,99.92
7463750604,7463750613,0,106.88827405531951,residential,,,False,94.91,Critical,87.82
582567031,10094964524,0,33.42760950210307,secondary,,,False,0.05,Low,99.92
1572978279,13277385928,0,76.40214866750266,residential,,,False,0.05,Low,99.92
7148495601,10039209842,0,33.13138284135626,residential,,,False,36.77,Medium,89.73
1371814246,1371814331,0,38.34727976216792,residential,,,False,0.05,Low,99.93
4950262754,4950262755,0,48.29333635832385,residential,,,False,0.05,Low,99.93
503260811,7424812751,0,28.44506753079551,residential,,,False,0.05,Low,99.93
7372049142,7372049141,0,35.94108150216034,residential,,,False,38.93,Medium,84.31
5395545376,6528482683,0,38.4065490390083,residential,,,False,51.68,High,48.4
431536109,10094639268,0,358.1983370414652,residential,,30.0,False,35.66,Medium,93.06
2268569846,2268569760,0,221.0302199169633,residential,,,False,0.05,Low,99.92
683067831,683067934,0,143.46321104920216,residential,,,False,39.81,Medium,82.45
521144213,598947957,0,65.52900002656223,residential,,,False,36.25,Medium,91.35
11155831174,247984863,0,32.92615361227942,tertiary,2.0,,False,36.92,Medium,89.28
1562830359,1562830375,0,155.7846743055879,residential,,,False,36.71,Medium,89.9
1573479278,1573479509,0,29.79350733658582,residential,,,False,0.05,Low,99.92
12836344981,7200776029,0,23.95726200808718,residential,,,False,0.05,Low,99.92
3538106723,7432283509,0,91.58283820989112,residential,,,False,0.05,Low,99.92
11235520041,11235520042,0,23.487194603536743,residential,,,False,99.65,Critical,99.16
11431558280,11431570036,0,32.50210360823091,residential,,,False,55.67,High,66.2
2227583856,249775471,0,40.34664308878564,secondary,,,False,0.05,Low,99.92
10041876845,1531037295,0,26.659927621698667,residential,,,False,0.05,Low,99.92
4958076554,4950655283,0,126.97846509114684,residential,,,False,99.07,Critical,97.57
4044517559,4044517811,0,244.7079337763882,residential,,,False,99.71,Critical,99.5
7456061738,7456061744,0,82.9797706546538,residential,,,False,41.05,Medium,77.11
1417341033,11668129129,0,27.101728126519248,tertiary,,,False,0.05,Low,99.92
9184294951,10170918928,0,78.93848581782835,residential,,,False,57.11,High,62.8
1529423230,1529423070,0,30.91394828456396,residential,,,False,60.8,High,81.24
7290798756,7290798753,0,63.53498139444618,residential,,,False,36.64,Medium,90.06
1473871954,1473871926,0,33.12582843877059,residential,,,False,42.99,Medium,72.74
4591991813,4591991814,0,234.80473260771072,residential,,,False,34.46,Medium,96.65
2225134272,5958974793,0,308.913228510602,residential,,,False,40.83,Medium,77.68
4948249092,4948249090,0,37.16462171981768,residential,,,False,0.05,Low,99.93
10089395704,2421937512,0,58.52178284683764,residential,,,False,0.05,Low,99.92
1557136906,1556002813,0,30.7677326654022,tertiary,,,False,0.05,Low,99.92
2421938373,2421938388,0,48.96115482455338,residential,,,False,0.05,Low,99.93
4590824591,410860076,0,282.24764347780274,residential,,,False,40.12,Medium,80.63
2224503442,2224503440,0,34.88185280102665,residential,,,False,0.05,Low,99.93
1520838616,1520839018,0,86.53960631621104,residential,,,False,0.05,Low,99.91
599226663,599226657,0,181.4191847119707,residential,,,False,0.05,Low,99.92
3149567591,1328581949,0,152.43313150808012,residential,2.0,,False,38.24,Medium,85.43
4948650894,11419666780,0,19.981812399454093,residential,,,False,98.42,Critical,96.25
7463750592,7463750628,0,144.8665643885643,residential,,,False,38.81,Medium,84.0
2245002552,2245022047,0,121.83459162509207,tertiary,,,False,36.19,Medium,91.46
9696585737,12211429450,0,543.5615667958717,residential,,,False,36.71,Medium,91.4
598947971,598947970,0,75.27400035923944,trunk,2.0,60,True,0.05,Low,99.92
10060063612,10060063611,0,23.178929343702425,residential,,,False,59.49,High,68.88
442437656,442437657,0,43.895496395077885,residential,,,False,37.82,Medium,87.14
1564615243,4151992467,0,71.03712543815725,residential,,,False,36.71,Medium,90.31
2330414375,2330414371,0,20.16302293611265,residential,,,False,0.05,Low,99.92
1592129524,4948148867,0,40.42554252455129,residential,2.0,,False,0.05,Low,99.92
5330659841,1572997598,0,53.89650412985515,tertiary,,,False,36.73,Medium,89.9
5035439490,5035439483,0,108.50343015741086,residential,,,False,0.05,Low,99.92
3034669851,3034669854,0,34.89393430815827,residential,,,False,0.05,Low,99.93
2523956764,2523956770,0,110.71577461918795,residential,,,False,39.56,Medium,81.4
520197469,7164393107,0,246.97624655008715,tertiary,,,False,37.78,Medium,86.71
10094934190,12560654631,0,53.30451170251995,residential,,,False,40.08,Medium,80.41
1646559732,1646559858,0,53.76459983443692,residential,,,False,35.48,Medium,93.8
7266088381,7266091288,0,32.140814987691165,residential,,,False,0.05,Low,99.92
493493613,11178643864,0,60.970627246715885,secondary,2.0,,True,0.06,Low,99.92
10168749160,3787447443,0,54.56068414777789,residential,,,False,0.05,Low,99.93
1607547479,2268121235,0,31.882070640051,residential,,,False,0.05,Low,99.92
1070314221,309594299,0,202.7912224178646,trunk_link,,40,True,0.05,Low,99.92
609009867,609009154,0,38.54919385044976,secondary,2.0,,False,0.05,Low,99.92
11436858464,11436858463,0,64.35491650387343,residential,,,False,38.55,Medium,85.49
6180385237,11038574241,0,300.57455257579875,residential,,,False,57.5,High,71.38
6144032622,442438276,0,342.3806290794011,residential,,,False,36.66,Medium,90.16
1377861121,1377861078,0,25.848388776750294,residential,,,False,0.05,Low,99.92
3751669631,3751669632,0,102.71263734106702,residential,,,False,36.37,Medium,90.89
9184318036,2463929882,0,5.966750304654713,residential,,,False,0.05,Low,99.92
529006113,529006121,0,94.52132869390636,residential,,,False,0.05,Low,99.92
2228165561,2228165568,0,41.57478351129038,residential,,,False,34.94,Medium,95.45
11878415552,6275105557,0,147.98857034789512,primary,2.0,,True,39.12,Medium,82.71
4952632667,2460393312,0,104.38826020838788,residential,1.0,,False,41.82,Medium,74.97
2450331347,2450331383,0,142.68348458035828,residential,,,False,0.05,Low,99.92
4722177956,4716441949,0,38.83076589669638,residential,,,False,0.05,Low,99.92
7441214416,247964668,0,41.9943593085451,secondary,2.0,,True,0.05,Low,99.92
3505695783,14166358377,0,13.292486242082331,residential,,,False,39.72,Medium,81.11
2246494446,2246494447,0,32.17543029416534,primary,2.0,,False,44.1,Medium,68.03
3423321117,3423321118,0,31.36626149689728,residential,,,False,72.91,Critical,55.63
1473237917,3149269672,0,65.81001305081419,residential,,,False,0.05,Low,99.92
10064058021,6194562558,0,265.08499347027873,residential,,,False,35.12,Medium,94.71
11431559323,11431558280,0,29.86148450856446,residential,,,False,99.46,Critical,98.66
2247888118,2247888134,0,79.45129312645464,residential,,,False,0.05,Low,99.92
2090790508,2090790505,0,100.40649595642714,residential,,,False,37.22,Medium,88.8
1702639455,1702639457,0,47.80327835566318,residential,,,False,35.65,Medium,93.18
1467501547,4485016132,0,61.80635357530211,residential,,,False,0.05,Low,99.92
14091369953,14091369965,0,128.3770602478433,residential,,,False,57.93,High,72.84
11385460447,11385460446,0,38.428354718086894,residential,,,False,36.0,Medium,92.21
2247837833,2247837837,0,43.25469515791803,residential,,,False,0.05,Low,99.92
11886201284,11886201281,0,365.6911116040612,tertiary,,,True,35.52,Medium,93.46
3528034343,11434710893,0,131.04252737105193,tertiary,,,False,40.4,Medium,80.31
11419933649,11419933650,0,79.56780201057272,residential,,,False,35.6,Medium,93.38
10021135957,10021135956,0,59.09642226772071,living_street,,,False,43.57,Medium,70.2
7435095012,7435095011,0,61.89135197374511,residential,,,False,39.43,Medium,81.81
10171153662,2829453028,0,432.41425496728647,tertiary,,40.0,False,38.89,Medium,83.71
11434440441,7298384808,0,573.7231250274036,residential,,,False,99.56,Critical,99.13
10207093148,10207093147,0,32.69150638037658,residential,,,False,0.05,Low,99.91
6403451401,7398254781,0,273.21304124884074,residential,,,False,34.34,Medium,97.09
5354313601,308460950,0,191.60145776138668,residential,,,False,0.05,Low,99.92
2244731089,2244731020,0,312.68342570198024,residential,,,False,34.59,Medium,96.23
6532037186,6532037185,0,175.37653211979602,residential,,,False,0.05,Low,99.92
1526635243,1526635255,0,50.95747165699011,residential,,,False,0.05,Low,99.93
7208384011,10181936005,0,517.9974624651395,residential,,,False,99.63,Critical,99.36
619175171,619176856,0,109.21799971738425,secondary,2.0,,True,44.33,Medium,70.24
2463083157,2463083155,0,57.58329166327184,residential,,,False,0.05,Low,99.92
1600083182,1600082793,0,83.30072132432699,residential,,,False,36.57,Medium,91.08
7478209034,7478209036,0,16.81438973225335,residential,,,False,0.05,Low,99.92
7461560135,7461560134,0,35.23145020533678,residential,,,False,0.05,Low,99.93
1851132841,1851132845,0,34.13889050189365,residential,,,False,0.05,Low,99.93
12114065423,12114065413,0,34.45979031880031,residential,,,False,38.61,Medium,84.33
9192439376,1526635341,0,100.8801292143591,residential,,,False,36.32,Medium,92.25
7218644880,7218644883,0,220.71270364927503,residential,,,False,35.76,Medium,92.78
5588649590,2396948276,0,245.04902757170413,primary,2.0,,True,36.34,Medium,91.04
7478128228,7478128226,0,41.48358274063691,residential,,,False,0.05,Low,99.92
7357555440,10593568065,0,14.036363241679124,residential,,,False,62.61,High,85.23
1852438608,11402360983,0,8.531894087163451,tertiary,,,False,0.05,Low,99.92
11434328348,11434328347,0,98.633318804908,residential,,,False,44.13,Medium,72.56
2248079983,2248080002,0,183.39040084025683,residential,,,False,0.05,Low,99.92
10091493723,11389358988,0,65.03466572122286,tertiary,,,False,0.05,Low,99.92
3530570658,1078399210,0,64.85829946047521,residential,,,False,35.25,Medium,94.76
674076781,5661087699,0,63.370917754729135,secondary,2.0,,False,44.49,Medium,67.94
5329081999,10035971701,0,20.715098487712503,residential,,,False,0.05,Low,99.92
9187690316,10060201437,0,12.725045540326215,residential,,,False,0.05,Low,99.92
7435129449,7265832989,0,6.710496870930934,tertiary,,,False,0.05,Low,99.92
13785287069,3758521555,0,82.18726106532905,secondary,,,True,93.64,Critical,88.03
6521888710,6521888700,0,11.14302900031024,residential,,,False,0.05,Low,99.92
2244641330,2244641307,0,109.59402131018476,residential,,,False,0.05,Low,99.92
766836659,766836612,0,121.5491261559868,residential,,,False,55.35,High,65.36
2227153668,2227153665,0,39.01517401377984,residential,,,False,0.05,Low,99.92
9605728811,12114567040,0,137.28141405608025,residential,,,False,59.64,High,78.46
12211564059,6888027941,0,100.5177255492711,residential,,,False,38.27,Medium,85.49
6194313706,6194313697,0,171.6386510454259,residential,,,False,41.55,Medium,75.38
7436726542,10216330010,0,107.25074284972294,residential,,,False,36.58,Medium,90.52
10026487868,10026487869,0,67.19326756361211,residential,,,False,0.05,Low,99.92
5277513026,11021659551,0,43.97542737974725,residential,,,False,0.05,Low,99.92
11012060278,4824686426,0,19.77842807810841,unclassified,,,False,38.3,Medium,86.29
597084152,597084032,0,114.94644371220842,primary_link,2.0,,True,45.01,Medium,65.01
2787014195,2787014198,0,143.36265632437642,residential,,,False,0.05,Low,99.92
7207990935,7371051271,0,31.420531374770636,residential,,,False,0.05,Low,99.92
9612093071,2246812083,0,59.76388848907923,residential,,,False,35.18,Medium,94.46
7090776373,7090777397,0,215.7889173491085,residential,,,False,99.66,Critical,99.27
1615691351,1615692091,0,34.021845618624084,residential,,,False,36.84,Medium,89.61
459793709,2228090619,0,35.63455144263135,residential,,,False,0.05,Low,99.93
1791639678,4506369228,0,79.84394454324871,tertiary,,,True,0.05,Low,99.92
430043664,12075650278,0,362.5789404104417,secondary,2.0,,False,55.26,High,65.05
10091636808,1734983829,0,53.58262442496902,residential,,,False,0.05,Low,99.93
11235520055,11235520056,0,57.50091623931828,residential,,,False,95.29,Critical,88.97
10091869172,11135425045,0,26.967984176766663,residential,,,False,0.05,Low,99.92
2146206446,2146206445,0,53.61577366091485,residential,,,False,41.58,Medium,76.37
10079198531,11143274007,0,69.1772277843771,residential,,,False,43.24,Medium,70.85
10093869330,10093869331,0,39.59901678712474,residential,,,False,0.05,Low,99.92
12186005568,2387385680,0,741.3676021300988,primary,2.0,,True,38.3,Medium,86.65
2246587798,3868550662,0,268.35993255639323,residential,,,False,36.7,Medium,89.95
10110599549,10110599550,0,30.972233842929217,residential,,,False,0.05,Low,99.93
10053214464,2221301389,0,21.909126656020224,residential,,,False,0.05,Low,99.92
7405366004,7404868008,0,23.310923826623377,residential,,,False,0.05,Low,99.92
1522655828,10026381471,0,105.19447899651642,residential,,,False,0.05,Low,99.92
4950154708,4950154704,0,206.72081650532428,residential,,,False,0.05,Low,99.92
3149467921,2358271483,0,85.50398166664681,residential,,,False,0.05,Low,99.91
4692323155,4692323151,0,152.7605649136746,primary,,,True,0.05,Low,99.92
1681763293,9751329211,0,34.2352728535975,tertiary,,,False,58.43,High,74.03
1600083101,10114077006,0,35.66796488103228,residential,,,False,0.05,Low,99.93
2224594149,2224637067,0,26.65294884630979,tertiary,,,False,0.05,Low,99.92
7265565025,7265565024,0,86.84725805622823,residential,,,False,40.71,Medium,77.91
6562194967,2749514806,0,100.07777557779563,residential,,,False,35.33,Medium,94.52
1562108753,1562108773,0,25.06594138987753,residential,,,False,0.05,Low,99.92
1523171187,11021352459,0,49.580600840915785,residential,,,False,0.05,Low,99.93
2228006131,249144295,0,31.480162327677235,residential,,,False,40.33,Medium,79.17
678585712,7456293912,0,392.6350258254787,residential,,,False,34.02,Medium,98.06
1557410398,1557413339,0,146.56431948010635,residential,,,False,0.05,Low,99.92
298774979,269699862,0,125.9456099401534,residential,,,False,55.34,High,65.37
2268121158,2268121213,0,58.12885421673082,residential,,,False,39.55,Medium,81.62
10208770221,10208770223,0,112.75634053279433,tertiary,,,False,36.24,Medium,92.17
12781999514,6131973902,0,88.02771787841348,secondary,2.0,,True,37.97,Medium,86.7
2247888199,2247888201,0,102.69003722246376,residential,,,False,0.05,Low,99.92
6144400670,5330536435,0,259.6166112462804,residential,,,False,36.66,Medium,90.14
6617328981,1633904686,0,97.68069954186304,tertiary,,,False,37.05,Medium,89.35
7259994478,1208611208,0,7.958272863789317,tertiary,2.0,,False,99.55,Critical,98.96
364644500,364644685,0,88.12926956214358,residential,,,False,34.55,Medium,96.4
1436132709,1837722602,0,111.31355821953726,tertiary,,50.0,False,41.49,Medium,76.08
4948430546,10309549355,0,10.748934559210628,residential,2.0,,False,0.05,Low,99.92
4458722522,4458722721,0,157.06566616304963,residential,,,False,42.68,Medium,71.96
7479298148,7479779547,0,165.9711392629771,tertiary,,,False,53.84,High,59.64
2244849802,2244849808,0,68.20958922844652,residential,,,False,0.05,Low,99.92
4397411428,4397411430,0,49.62795478881888,residential,,20.0,False,38.69,Medium,84.37
7410686874,3149399969,0,5.041024908610694,residential,,,False,0.05,Low,99.92
11825306156,11825306157,0,66.94955046117178,residential,,,False,0.05,Low,99.92
2247888081,2247888090,0,118.89315234647648,residential,,,False,0.05,Low,99.92
1517474349,1517474189,0,37.16698397514328,residential,,,False,0.05,Low,99.93
10041460009,10026545969,0,33.820612258479514,residential,,,False,0.05,Low,99.93
4537102289,680004423,0,50.02040791389567,unclassified,,,False,0.05,Low,99.92
7485097448,1586948390,0,181.98835022481367,residential,,,False,38.43,Medium,85.0
7290668520,7290668521,0,58.34592229250946,residential,,,False,0.05,Low,99.92
1438144817,12509538036,0,92.57265243373676,living_street,,,False,0.05,Low,99.92
1720796272,841805564,0,6884.930632425227,motorway,3.0,120.0,True,99.15,Critical,98.46
2450331357,2450331338,0,49.23728706005117,residential,,,False,54.34,High,62.47
2450331372,2450331337,0,129.0912711642147,residential,,,False,54.29,High,62.26
1523171064,11865372126,0,15.054789291255569,residential,,,False,0.05,Low,99.92
7265858746,7265858743,0,45.026578913740906,residential,,,False,0.05,Low,99.92
1597724718,14084879186,0,135.19340762009597,residential,,,False,0.05,Low,99.92
7485669309,11409293804,0,19.404427819994133,residential,,,False,0.05,Low,99.92
10148760737,10148760742,0,67.27042269790127,residential,,,False,99.69,Critical,99.26
1473995360,1473995344,0,131.47144860114474,residential,,,False,0.05,Low,99.92
2244849438,2244849375,0,64.57300172542494,residential,,,False,36.06,Medium,92.75
10020593104,10020593103,0,32.3949700038591,residential,,,False,42.5,Medium,72.56
3055522087,3055522088,0,89.19745580277082,residential,,,False,0.05,Low,99.91
12193963945,1681763469,0,158.94366213767697,residential,,,False,0.05,Low,99.92
1588303423,1808871385,0,103.39983032182234,tertiary,,,True,0.05,Low,99.92
11030024306,13928795673,0,48.0625407926316,residential,,,False,54.34,High,61.79
1883683005,11878415552,0,469.663032295892,primary,2.0,,True,35.18,Medium,94.94
3038893022,3038893021,0,37.77784722309126,residential,,,False,0.05,Low,99.93
443224554,10153719251,0,17.976613058198467,residential,,,False,0.05,Low,99.92
10053692338,459782081,0,20.784665119016832,residential,,,False,0.05,Low,99.92
582567161,582567171,0,75.57752796667182,residential,,,False,0.05,Low,99.92
2048245857,253449679,0,99.68829933391244,residential,,,False,0.05,Low,99.92
303916736,303916859,0,262.1582013613282,residential,,,False,52.95,High,52.31
4316622831,4316622830,0,29.79161867157527,residential,,,False,0.05,Low,99.92
456086229,456086228,0,125.59867219778609,residential,,,False,37.72,Medium,86.9
11932127247,11932127242,0,40.01211031434632,residential,,,False,34.84,Medium,95.53
308230869,960247494,0,26.8960958223504,secondary,2.0,40.0,False,38.99,Medium,84.25
6193938373,4950818999,0,110.80275733926683,residential,,,False,0.05,Low,99.92
4872113206,447033414,0,12.391404853415592,tertiary,,,False,0.05,Low,99.92
3367402842,3367402840,0,38.28822510711081,residential,,,False,44.87,Medium,65.86
2696066735,12196580089,0,17.050199214923467,residential,,,False,71.58,High,81.6
1386328980,1386329031,0,97.91540240921218,residential,,,False,47.13,Medium,58.75
1551616171,1438409686,0,49.540057287685954,residential,,,False,34.85,Medium,95.79
9959161576,9914370188,0,308.7784245574202,secondary,2.0,40.0,True,39.46,Medium,82.0
582589179,582589186,0,35.376631454791344,tertiary,,,False,0.05,Low,99.92
7270994832,10862180936,0,121.25975495803677,residential,,,False,53.56,High,60.23
11932127242,11932127244,0,49.44256126389895,residential,,,False,95.24,Critical,89.28
10060830774,10060830773,0,48.51537435774857,residential,,,False,58.2,High,70.81
3298857094,3298857093,0,62.59869856697586,residential,,,False,37.2,Medium,88.46
11531330340,12106266735,0,22.63260408571256,residential,,,False,0.05,Low,99.92
1371947419,9189167942,0,56.84774409990075,residential,,,False,0.05,Low,99.92
9778557180,9778557181,0,47.64101978643805,residential,,,False,0.05,Low,99.92
9898893784,9187757834,0,63.87317109658293,residential,,,False,99.73,Critical,99.37
10091492662,2460540697,0,17.553360335504475,residential,,,False,0.05,Low,99.92
1570937222,7410134722,0,180.97379700744585,residential,,,False,36.09,Medium,91.76
3306702739,3306702738,0,32.501932891795434,residential,,,False,0.05,Low,99.91
3038857129,3034559752,0,33.72174566619344,tertiary,,,False,0.05,Low,99.92
11387370297,521157787,0,228.1719826610525,secondary,,,True,35.96,Medium,92.45
11383462354,12400147442,0,63.04540524526753,residential,,,False,0.05,Low,99.92
2227928165,1837395723,0,21.84779823017253,residential,,,False,0.05,Low,99.92
429001126,456181470,0,96.31999240715692,tertiary,,20.0,True,36.94,Medium,90.87
12976204591,325201763,0,220.91941232478425,unclassified,2.0,,False,0.05,Low,99.92
7462101991,9953920240,0,34.66040587852507,residential,2.0,,False,99.76,Critical,99.43
521144430,521144427,0,29.389204232061417,residential,,,False,0.05,Low,99.92
446860604,1553419962,0,81.75475440952656,tertiary,,,False,36.76,Medium,89.92
1384798022,1384798094,0,44.91682923753806,residential,,,False,35.65,Medium,93.64
2250119628,2250119621,0,144.74236638972872,residential,,,False,38.8,Medium,84.17
6195355490,10154239380,0,19.0961824244358,residential,,,False,58.19,High,71.98
6901590984,6901590980,0,218.90809786902005,secondary,,,True,35.44,Medium,94.13
9192439366,1539293894,0,20.308115722314284,residential,,,False,0.05,Low,99.92
1635307941,1635308102,0,32.90662261263476,residential,,,False,0.05,Low,99.91
2250119646,2250119645,0,35.38599254614952,residential,,,False,42.02,Medium,76.78
333512467,11896576907,0,130.42852600393746,tertiary,,,False,58.58,High,64.05
5330463398,7480281081,0,33.42477751273067,residential,,,False,0.05,Low,99.93
2470691119,6298505892,0,60.64587701329228,residential,,,False,53.69,High,58.95
7462942277,10095249493,0,37.98532976424711,secondary,2.0,,False,0.05,Low,99.92
6884281243,6884281244,0,39.678136759071606,residential,,,False,35.5,Medium,93.47
454141778,7435569343,0,144.66104534178035,residential,,,False,41.39,Medium,75.94
10035572155,10035572152,0,23.64892339738544,tertiary,,,False,0.05,Low,99.92
459656117,2227971904,0,33.19675829891025,residential,,,False,0.05,Low,99.93
3038883122,3038883121,0,36.46080878546268,residential,,,False,0.05,Low,99.93
12732525820,13787010485,0,68.13792267579791,tertiary,2.0,,True,39.13,Medium,82.79
2337700246,2246196384,0,40.26549776049114,residential,,,False,0.05,Low,99.92
521144282,521144249,0,155.017278953316,residential,,,False,0.05,Low,99.92
2668105101,2668105094,0,92.25230777635898,residential,,,False,0.05,Low,99.92
308063937,10081235960,0,1696.356320419458,secondary,,,False,38.73,Medium,86.67
10055294828,2228225912,0,21.43391665674024,residential,,,False,0.05,Low,99.92
7461757671,7461757672,0,49.68027371313031,residential,,,False,0.05,Low,99.93
3157718057,3157719167,0,38.31340283778622,residential,,,False,35.35,Medium,94.88
14039580930,10841365774,0,50.37308502685667,tertiary,,,True,0.05,Low,99.92
7463827178,7463684131,0,11.72966797745223,residential,,,False,0.05,Low,99.92
10046680189,9682398333,0,71.44630306248581,residential,,,False,0.05,Low,99.92
12154153171,12154153170,0,410.380724759493,tertiary,,,False,41.25,Medium,80.68
490481466,303975890,0,153.1472066805526,residential,,,False,0.05,Low,99.92
463722824,463722822,0,36.867520402461885,residential,,,False,0.05,Low,99.93
461789802,461789822,0,33.604828529621315,residential,,,False,0.05,Low,99.93
4614007515,7208334847,0,49.88542770750895,residential,,,False,0.05,Low,99.93
2248737921,1572829962,0,47.37266861196071,residential,,,False,43.33,Medium,70.84
331151839,331151836,0,237.1010918597121,tertiary,,,False,37.88,Medium,86.54
11436858454,7345511207,0,488.9160774125254,residential,,,False,35.81,Medium,93.45
1388143661,1851132489,0,38.9582447683064,secondary,,,False,36.99,Medium,89.5
2228426764,1474195337,0,55.64471700683179,residential,,,False,35.17,Medium,94.65
2389377295,2389377314,0,26.27203868089247,residential,,30.0,False,42.59,Medium,74.15
1467750622,1467750616,0,78.14692450386397,residential,,,False,0.05,Low,99.92
2250345106,2250345116,0,77.98852414365882,residential,,,False,59.89,High,79.34
456181354,456181351,0,46.12095358896176,residential,,,False,0.05,Low,99.93
4813269355,4813269354,0,38.85374852646452,primary,,,True,0.05,Low,99.92
10055294881,443252883,0,34.56770055771911,residential,,,False,0.05,Low,99.93
7453315454,7453315455,0,40.43744656965277,residential,,,False,36.27,Medium,93.17
4316656932,4316656931,0,31.707554720723763,residential,,,False,0.05,Low,99.92
1586521277,1586521275,0,107.73843973135948,residential,,,False,0.05,Low,99.92
7266012702,4016425345,0,302.6907443172987,unclassified,,,True,35.96,Medium,92.21
7457639696,10095249368,0,28.06521174226944,residential,,,False,35.25,Medium,94.38
11001065720,2224183024,0,12.443019687988222,residential,,,False,36.2,Medium,92.24
2460238680,2460238680,0,348.0128389933354,residential,,,False,35.33,Medium,94.01
2250391996,12114065446,0,95.004932119101,primary,2.0,100.0,True,59.38,High,77.55
2578344246,6567087755,0,1099.608445989069,tertiary,,,True,90.02,Critical,82.35
7266065744,3910164498,0,45.58630939717997,tertiary,,,False,0.05,Low,99.92
11012070941,11012070946,0,88.17718558271028,residential,,,False,35.4,Medium,93.88
1485686869,10062966618,0,957.8069920355867,tertiary,2.0,,False,64.61,High,92.7
1386329063,4813275639,0,50.63387492184602,residential,,,False,0.05,Low,99.93
4948856027,4948856030,0,29.8587507769055,residential,,,False,0.05,Low,99.92
631605712,2228386572,0,99.53285270789992,residential,,,False,0.05,Low,99.92
10168145605,10020649768,0,31.70318829314301,residential,,,False,0.05,Low,99.92
2228279529,2228279531,0,25.55339046725731,residential,,,False,38.26,Medium,85.75
11399731835,11399731830,0,161.96166886895338,residential,,,False,99.52,Critical,98.93
1808809351,1843653202,0,22.595051462726087,residential,,,False,0.05,Low,99.92
10026381596,10026386017,0,92.69897030934436,residential,,,False,0.05,Low,99.92
5354016796,10154178641,0,8.288413026193057,residential,,,False,0.05,Low,99.92
1525703843,1547432347,0,50.16391156754557,residential,,,False,0.05,Low,99.93
3874504430,11395456680,0,42.28221075142464,residential,,,False,0.05,Low,99.92
2162239059,2162239056,0,21.06813146402497,residential,,,False,0.05,Low,99.92
11402644770,11402644769,0,55.7927479129205,residential,,,False,0.05,Low,99.93
1440182057,10041340686,0,67.16285972778715,residential,,,False,38.1,Medium,85.8
4950655288,4950655286,0,95.7024487156987,residential,,,False,99.6,Critical,99.22
10948126480,7479631444,0,290.9793506261847,unclassified,1.0,30.0,False,36.94,Medium,89.23
7478132603,6144133801,0,73.69480006135184,residential,,,False,53.48,High,59.93
306622120,6505392518,0,158.19763858341005,residential,2.0,,False,0.05,Low,99.92
683067804,683067566,0,183.52371956110903,residential,,,False,39.73,Medium,81.1
7271589253,7271589265,0,241.6754284442449,residential,,,False,35.26,Medium,94.29
2703669994,251361763,0,649.3600387265623,trunk,2.0,60.0,True,37.92,Medium,87.88
6194216269,10170830042,0,1531.364176718617,primary,2.0,,True,60.19,High,79.52
309593696,6504113879,0,81.07019848558765,residential,,,False,0.05,Low,99.92
308468446,308468528,0,61.16872212504141,residential,,,False,57.01,High,66.36
2450169195,2450169187,0,12.22402167443892,tertiary,,,False,0.05,Low,99.92
5330504370,569884939,0,72.02220560679231,tertiary,2.0,30.0,False,53.7,High,58.68
2247911828,1851131178,0,136.36726790644877,tertiary,,,False,36.31,Medium,91.06
4533883485,956034560,0,167.3653261871495,residential,,,False,42.52,Medium,72.66
1524719781,1524720238,0,156.15184822163977,residential,,,False,41.79,Medium,75.13
13381230394,13381230395,0,73.94466610238834,residential,,,False,43.11,Medium,71.18
7405194403,7405194395,0,125.37707084927952,residential,,,False,37.4,Medium,88.25
2421937815,2421937817,0,44.429291588933495,residential,,,False,0.05,Low,99.92
2246494717,2246494744,0,54.49034214700587,residential,,,False,41.11,Medium,76.77
7371583891,551023488,0,87.31583390225605,residential,,,False,0.05,Low,99.91
1837285037,767436686,0,859.3587281317926,primary,2.0,,True,67.9,High,80.12
599212306,10041221630,0,36.44640226290176,unclassified,,,False,0.05,Low,99.93
9187767469,1635307886,0,65.59403602500707,residential,,,False,0.05,Low,99.92
2230808629,2230808649,0,42.67864813068062,residential,,,False,0.05,Low,99.92
442107171,442107170,0,203.637814450112,tertiary,,,False,40.08,Medium,79.71
12822455068,1473350074,0,141.73083206668758,tertiary,2.0,30.0,True,36.67,Medium,90.44
10028934127,10029047548,0,31.036679564449717,residential,,,False,0.05,Low,99.93
1383118257,1383118930,0,80.38926808895624,residential,,,False,0.05,Low,99.92
1467794466,1467794461,0,88.13569949563447,residential,,,False,0.05,Low,99.91
3396931045,3396931011,0,100.21357769649754,residential,,,False,0.05,Low,99.92
7371064950,7371064952,0,70.36101543798345,residential,,,False,0.05,Low,99.92
2645311149,2908681043,0,58.93020149594885,secondary,,30,True,0.06,Low,99.91
13851353728,960168779,0,4312.991144363948,trunk,3.0,80.0,True,34.82,Medium,95.97
6810046561,6810023225,0,142.78697223414858,residential,,,False,37.42,Medium,87.98
11434328347,12196580076,0,20.377207851092628,residential,,,False,94.33,Critical,88.82
2221301402,6197203000,0,46.77634610006613,tertiary,,,False,0.05,Low,99.92
7291406222,2619323978,0,21.58505835438213,residential,,,False,0.05,Low,99.92
7479631182,7479631187,0,88.42466655061082,residential,,,False,40.02,Medium,80.3
13112256857,13112256863,0,39.0983558173644,residential,,,False,0.05,Low,99.92
11888193797,11888193784,0,557.2520106562713,trunk,3.0,80.0,True,37.58,Medium,87.42
4443068940,10207067574,0,120.951926859419,tertiary,2.0,,False,51.36,High,50.05
12174325305,12174325307,0,45.15628103150552,residential,,,False,35.83,Medium,92.82
7361705104,3034669943,0,63.082808299124366,residential,,,False,56.66,High,68.75
1442364679,1442364729,0,43.12627171181412,residential,,,False,0.05,Low,99.92
1588410894,1557144932,0,65.2167341532298,residential,,,False,0.05,Low,99.92
503308777,6564283633,0,53.7976842080522,residential,,,False,0.05,Low,99.93
646955212,618529405,0,45.1883147002393,residential,,,False,0.05,Low,99.92
574543625,10024357925,0,15.44991314392009,residential,,,False,0.05,Low,99.92
6532341932,4952656270,0,31.943190131584405,residential,,,False,52.57,High,55.66
362574222,5354016796,0,19.38189491738285,residential,,,False,0.05,Low,99.92
11454801023,9695738152,0,64.84178617368143,residential,,,False,35.7,Medium,93.46
11900650072,7405316785,0,97.18863903485106,secondary,,,True,34.17,Medium,97.72
1817556150,3872407617,0,139.65261707427155,tertiary,2.0,40.0,False,37.3,Medium,88.23
12479777815,2248441190,0,97.78763655677204,residential,,,False,38.05,Medium,85.92
7274156778,2460238674,0,6.207410788424288,secondary,,,False,0.05,Low,99.92
1616724742,10060858432,0,99.71977552483902,residential,,,False,37.58,Medium,87.28
9602472603,9602472602,0,35.87217008433515,residential,,,False,0.05,Low,99.93
11235520042,11235520041,0,23.487194603536743,residential,,,False,37.63,Medium,88.3
9192014903,1586521168,0,33.65869654830253,residential,,,False,0.05,Low,99.93
14040912735,14040912736,0,13.12177879158217,residential,,,False,40.51,Medium,78.73
2248737941,2248737946,0,51.673142492275865,residential,,,False,0.05,Low,99.93
6901280942,11944239451,0,567.6578454241896,residential,,,False,36.32,Medium,92.48
2448242729,10207024011,0,34.44164304661341,residential,,,False,36.79,Medium,89.91
9817001114,10687622732,0,7.855374899273119,residential,,,False,0.05,Low,99.92
1566560189,1522655911,0,69.97932038920003,residential,,,False,0.05,Low,99.92
1486984227,2230703023,0,54.23700884384753,tertiary,,,False,0.05,Low,99.93
3868675909,3868675910,0,49.90212316279089,residential,,,False,0.05,Low,99.93
11882781147,11882781149,0,544.2803587457175,secondary,2.0,40.0,True,37.35,Medium,88.33
10209086815,10209086816,0,98.12732357988322,residential,,,False,38.52,Medium,85.3
443262608,6755797922,0,457.3826696460829,tertiary,,,False,36.72,Medium,90.33
7410650620,11027056816,0,52.12336763730651,residential,,,False,53.53,High,59.63
1791639647,1791639594,0,71.5383893598952,secondary,2.0,,False,36.48,Medium,90.71
387554418,387554424,0,57.16475694651817,residential,,,False,35.13,Medium,94.72
1532648947,1532648823,0,30.393808489170123,residential,,,False,58.68,High,65.14
1520838623,1520838595,0,124.35469123947298,residential,,,False,0.05,Low,99.92
10089591987,10089591986,0,32.795241056821375,residential,,,False,0.05,Low,99.91
2247911842,2247911841,0,33.27327073760488,residential,,,False,42.77,Medium,78.4
13347450233,13347450232,0,14.554019063183976,residential,,,False,0.05,Low,99.92
4443041818,10206992869,0,34.12873603052566,residential,,,False,0.05,Low,99.93
6749682822,10266750996,0,124.68706622116532,residential,,,False,44.55,Medium,67.96
10312578422,12243740336,0,14.54201526216096,tertiary,,,False,44.79,Medium,66.7
3872598939,3872598940,0,45.73655842471182,tertiary,2.0,,False,0.05,Low,99.92
6884327538,1446278459,0,58.66368976906803,residential,,,False,36.89,Medium,89.61
10091380838,7291692460,0,8.360468657312436,residential,,,False,0.05,Low,99.92
247966706,346109662,0,101.78079230015908,residential,,,False,0.05,Low,99.92
1809624043,1809192717,0,35.76773036853157,residential,,,False,0.05,Low,99.93
3423321105,3423321117,0,105.89298581978412,residential,,,False,51.98,High,54.76
7410530594,7410530597,0,205.58912094346368,residential,,,False,0.05,Low,99.92
4948430644,4948430643,0,113.22800362731306,residential,,,False,37.42,Medium,87.8
7465559326,11025365141,0,45.87144464392838,residential,,,False,0.05,Low,99.93
13503202475,12531369251,0,91.30110558350486,secondary,2.0,,True,42.45,Medium,74.65
1466400287,249070836,0,43.19914766308668,residential,,,False,0.05,Low,99.92
9780494766,9780494765,0,32.296772240977496,residential,,,False,0.05,Low,99.92
6298504750,6298504757,0,152.2276597970496,residential,,,False,0.05,Low,99.92
9612274771,9612274767,0,275.9632906635092,residential,,,False,0.06,Low,99.91
2876357602,1947653247,0,183.83851633296155,primary,2.0,60.0,True,44.43,Medium,67.04
3527850274,429231105,0,33.86164909342637,residential,,,False,0.05,Low,99.93
3874237276,3874235856,0,272.8196306034875,tertiary,,,False,34.47,Medium,96.66
3672795811,1557118072,0,70.88751232092986,residential,,,False,54.77,High,63.74
1521343648,620136264,0,95.12818865236152,residential,,,False,47.12,Medium,73.13
12508680484,12508680482,0,46.44237267394804,residential,,,False,0.05,Low,99.93
2388266803,2509419434,0,74.31154265938625,residential,,30,False,0.05,Low,99.92
2223925853,2223925856,0,54.32274115626015,residential,,,False,44.83,Medium,66.24
3865371964,12640604206,0,642.7278633124474,secondary,,,False,97.5,Critical,94.06
12213521168,521157671,0,121.22844709182542,residential,,,False,0.05,Low,99.92
9612036637,9612036640,0,20.99510921803072,residential,,,False,0.05,Low,99.92
7298937062,7298937069,0,115.73524777792824,residential,,,False,99.59,Critical,99.05
461754635,461754773,0,21.414499087110524,residential,,,False,0.05,Low,99.92
7467120581,10996608742,0,160.0975276631221,residential,,,False,0.05,Low,99.92
1037170545,1037174674,0,47.00132508213861,residential,,,False,40.01,Medium,80.77
12397885592,12397885592,0,151.1784326580177,residential,,,False,35.72,Medium,92.91
248459812,248459811,0,187.35522397938067,secondary,2.0,25.0,True,38.09,Medium,86.79
6754870840,6754870839,0,8.963740768207783,residential,,,False,0.05,Low,99.92
7121595595,7121595593,0,131.3884228664789,residential,,,False,43.07,Medium,71.02
10093896522,10093896521,0,35.08331360383685,residential,,,False,0.05,Low,99.93
2144581127,2247897386,0,17.50504391917287,residential,,,False,0.05,Low,99.92
2248546175,10020519595,0,63.97963490345756,residential,,,False,43.97,Medium,68.8
7404150093,7404150090,0,97.15305152860353,unclassified,,,False,95.13,Critical,89.54
3149180537,3149180538,0,31.93104988694964,residential,,,False,35.47,Medium,93.56
343601963,330378701,0,61.7293068330255,tertiary,,,False,0.05,Low,99.92
1837285030,10068662142,0,1232.7685348306436,primary,2.0,,True,36.64,Medium,93.68
2460375002,7172904984,0,161.8838493249486,tertiary,3.0,,True,36.27,Medium,91.54
10231033883,10231033884,0,59.57710237631176,tertiary,2.0,,True,0.05,Low,99.92
3752511414,3752511417,0,105.90603385518048,residential,,,False,38.94,Medium,83.88
1942843613,1836983152,0,6821.549341937894,motorway,4.0,80.0,True,37.63,Medium,87.55
1632150416,1632150249,0,91.26163098892502,residential,,,False,55.4,High,65.6
12346579321,12346579319,0,42.559309860010586,residential,,,False,35.61,Medium,94.35
11395941762,7467099518,0,56.31455997562143,residential,,,False,0.05,Low,99.92
7413278926,6143268790,0,110.22705042663652,residential,,,False,35.68,Medium,93.23
1556054004,10063679765,0,169.2195981014982,residential,,,False,0.05,Low,99.92
3158788651,1469644287,0,122.79615108511295,residential,,,False,45.86,Medium,64.45
1990620068,13974859349,0,16.06450526138339,residential,,,False,57.36,High,69.33
9837904706,13328136113,0,849.5100610577134,residential,,,False,36.81,Medium,90.27
1657396754,11168785875,0,105.21783102584978,residential,,,False,34.86,Medium,95.44
3157708822,3157708823,0,12.106569693352473,residential,,,False,62.03,High,77.23
2421937856,2421937844,0,34.014291640304506,residential,,,False,0.05,Low,99.93
2244849751,2244849743,0,71.87059351180007,residential,,,False,37.84,Medium,86.64
10010432685,10010432684,0,48.609341616764354,residential,,,False,0.05,Low,99.93
7121595634,7121595628,0,30.35239789502993,residential,,,False,99.77,Critical,99.42
3396985354,3396985373,0,55.74345966593435,residential,,,False,35.05,Medium,94.97
959510102,959510028,0,30.85293244904533,residential,2.0,,False,0.05,Low,99.93
11399637710,4122377344,0,265.8932468087723,residential,,,False,0.06,Low,99.9
10091991327,1371947821,0,52.06343385463884,residential,,,False,0.05,Low,99.93
7404328929,10156204460,0,25.5119522310447,residential,,,False,0.05,Low,99.92
447046762,3799031638,0,19.606550919199886,tertiary,,,True,0.06,Low,99.92
736207316,2268121159,0,79.9475245903821,residential,,,False,0.05,Low,99.92
6884298293,6884298291,0,198.65898283709885,tertiary,,,True,40.6,Medium,79.83
5329082270,5329082288,0,146.61898659776537,residential,,,False,51.95,High,54.96
1918872932,6152873929,0,259.0489681144775,residential,,,False,0.06,Low,99.91
11024828508,9695716670,0,42.17810115865093,residential,,,False,36.06,Medium,91.88
1473223931,1473223930,0,24.94105963452243,residential,,,False,36.66,Medium,90.25
1419382138,3149456103,0,126.3971634547432,residential,,,False,43.31,Medium,76.88
7146681134,7146681137,0,176.60369962509864,residential,,,False,39.17,Medium,85.09
3038883095,7291695978,0,17.689037730751988,residential,,,False,0.05,Low,99.92
7436990775,5281880153,0,31.97387711929945,residential,,,False,0.05,Low,99.92
4488038220,4488058792,0,40.27974902784344,residential,,30,False,0.05,Low,99.92
11176643974,12183448059,0,38.5623049862638,residential,,,False,49.21,Medium,52.46
2228225864,2228225861,0,13.932418632921308,residential,,,False,0.05,Low,99.92
1989490864,2248276819,0,104.11662240212702,residential,,,False,41.8,Medium,75.49
3872407466,3872407468,0,59.65817457374103,residential,,,False,0.05,Low,99.92
2246196385,2246196392,0,37.15455985504008,residential,,,False,0.05,Low,99.93
3872470447,3872470443,0,31.648394307311232,secondary,2.0,,False,0.05,Low,99.92
2451421961,2451421894,0,114.23173240117124,residential,,,False,37.85,Medium,87.91
1597724579,9682415622,0,204.86165137300367,residential,,,False,38.69,Medium,86.37
2220605712,2220945655,0,8.52848520453469,secondary,,,False,0.05,Low,99.92
12951126183,13785180784,0,38.98162253698086,residential,,,False,99.7,Critical,99.33
4948248720,4948249023,0,204.37742061614665,residential,,,False,0.05,Low,99.92
4952686983,2611179197,0,364.7107415648126,residential,,,False,35.77,Medium,92.78
2248440667,2248440707,0,90.84507581343792,residential,,,False,49.84,Medium,50.78
9857069406,9857069359,0,502.6579618938045,unclassified,,,True,38.45,Medium,84.87
7359050398,7359050395,0,35.073294152258015,residential,,,False,0.05,Low,99.93
12169759724,12169759731,0,10.175953710253555,secondary,,,True,0.06,Low,99.92
9192027582,9192027581,0,30.229398650655646,residential,,,False,0.05,Low,99.93
267216122,267216110,0,320.7479258824096,tertiary,2.0,,False,98.96,Critical,97.68
1556038368,2248662869,0,32.16240483809,residential,,,False,0.05,Low,99.92
11029867128,7478155078,0,37.30023692160986,residential,,,False,39.43,Medium,81.77
7405829366,7405831282,0,41.27982106209592,residential,,,False,0.05,Low,99.93
4973105484,4973105482,0,38.94570725860216,residential,,,False,0.05,Low,99.92
7553059088,9903727590,0,230.16544493365544,tertiary,,,False,36.02,Medium,91.99
10063075527,10063075528,0,28.7664693435768,residential,,,False,0.05,Low,99.92
3914359674,1534147563,0,220.9420994542861,residential,,,False,41.62,Medium,75.21
10108259639,10841360401,0,125.47647704247692,residential,,,False,38.9,Medium,83.41
1532827593,3525307780,0,153.24705297409895,residential,,,False,41.85,Medium,74.57
9909530617,11001074018,0,38.38513634184599,residential,,,False,0.05,Low,99.93
343601824,344371036,0,97.54479947079471,tertiary,,,False,0.05,Low,99.91
2876336032,2876335845,0,30.250343662018413,residential,,,False,0.05,Low,99.93
2611179197,12139242560,0,274.4067036194015,trunk,2.0,30,True,0.06,Low,99.91
10039286898,1542668332,0,40.51625524917065,residential,,,False,0.05,Low,99.92
9780516120,10026247067,0,100.44275918169556,residential,,,False,35.39,Medium,94.51
2268601838,2268601836,0,26.09465628343117,residential,,,False,0.05,Low,99.92
1650434762,1650435052,0,95.44222960844532,tertiary,,,True,0.05,Low,99.91
10023441714,10023441710,0,41.59588467251235,residential,,,False,0.05,Low,99.92
4952439933,4952439934,0,193.5941245185027,residential,,,False,0.05,Low,99.92
7207641453,7207641452,0,103.0487324249804,residential,,,False,37.93,Medium,86.46
313460477,306618704,0,74.97054090117153,tertiary,4.0,,False,41.57,Medium,78.04
2066388579,1014648217,0,601.9878385481106,tertiary,2.0,,False,39.44,Medium,81.72
2248265364,2248265359,0,40.93736208081184,residential,,,False,0.05,Low,99.93
529277344,529018446,0,166.530835316399,tertiary,,,False,39.33,Medium,82.18
11385524295,463681950,0,150.3282058248983,residential,,,False,36.81,Medium,89.68
1448634321,249073956,0,53.72150374698527,residential,,,False,0.05,Low,99.93
12963900368,12169759726,0,310.2767980589539,secondary,2.0,,False,42.32,Medium,73.5
583463456,1942789828,0,39.050555152644485,residential,,,False,38.76,Medium,83.76
7467198430,7467198433,0,40.70899012486773,residential,,,False,40.98,Medium,78.29
4948727693,4948727690,0,184.39700952338177,residential,,,False,39.08,Medium,83.14
529003715,9188680880,0,25.305948160471644,residential,,,False,0.05,Low,99.92
11419666780,11419666781,0,34.22270976288564,residential,,,False,99.73,Critical,99.34
7441700512,10216313744,0,23.98324344940393,living_street,,,False,0.05,Low,99.92
13247659554,13247659553,0,21.64300203457342,residential,,,False,0.05,Low,99.92
9192016751,5328712310,0,81.41326480746878,residential,,,False,0.05,Low,99.92
10088949513,10088949512,0,59.330713197313,residential,,,False,0.05,Low,99.92
736207397,10094463259,0,21.124533348744716,residential,,,False,0.05,Low,99.92
10017912936,13235869155,0,99.3328710763969,residential,,,False,53.37,High,57.55
443655369,443655368,0,61.073042362730135,residential,,,False,34.65,Medium,96.09
7278915770,7278915781,0,73.24303430768981,residential,,,False,0.05,Low,99.92
3874223262,7466897014,0,5.053231249980209,residential,,,False,0.05,Low,99.92
327328647,503309098,0,44.91832894106474,residential,,,False,0.05,Low,99.92
9780481931,6194321364,0,177.78415651730646,residential,,,False,37.76,Medium,87.09
4469903724,4469903722,0,103.15558703271466,residential,,,False,51.67,High,54.1
5330485065,5330485066,0,31.41706756371685,residential,,,False,0.05,Low,99.92
4950460596,13818070190,0,4.785779416093666,residential,,,False,39.94,Medium,80.86
7462942252,3872498748,0,33.764415685385,residential,,,False,57.54,High,69.19
10695037231,1942843699,0,6810.075535887765,motorway,4.0,80.0,True,41.82,Medium,75.52
3161220989,6532581210,0,77.74780104038605,residential,,,False,0.05,Low,99.92
10018043605,10018043611,0,108.44204000699432,residential,,,False,54.02,High,60.16
7452739635,7452512555,0,356.72053953947307,residential,,,False,42.0,Medium,74.06
11301481489,2558406845,0,131.49639572468078,secondary,2.0,40.0,True,56.97,High,62.66
2244850062,2244850069,0,30.624458484224224,residential,,,False,55.26,High,62.64
11001047656,1381904910,0,159.27331130819798,residential,,,False,47.55,Medium,58.37
3141475567,11182448718,0,1370.3693600409422,tertiary,2.0,20.0,False,63.69,High,89.02
308874115,308874277,0,38.04489924180036,tertiary,,,False,0.05,Low,99.92
1553420105,10079160470,0,47.65677166831088,residential,,,False,0.05,Low,99.92
2244849699,2244849493,0,229.962328440006,residential,,,False,37.6,Medium,87.69
1600051209,1600051369,0,106.91508834308306,residential,,,False,77.19,Critical,46.7
2227494607,2227494609,0,49.34193162442404,residential,,,False,0.05,Low,99.93
2802624223,12418251820,0,88.56049814654273,residential,,,False,0.05,Low,99.91
309593726,309593727,0,110.2238300268141,residential,,,False,0.05,Low,99.92
10038594121,446783117,0,39.34164254167459,tertiary,,,False,0.05,Low,99.92
3872554266,3872554265,0,71.56234994822165,residential,,,False,0.05,Low,99.92
1273685326,1273685338,0,87.1337933682433,tertiary,2.0,,False,39.05,Medium,82.84
11124376974,11124376975,0,44.23488349162434,residential,,,False,0.05,Low,99.92
6167885650,6167885654,0,34.5488214840267,residential,,,False,0.05,Low,99.93
1083519856,1083519858,0,55.05833408983332,residential,,,False,0.05,Low,99.93
7287353108,2250289836,0,28.449488999584773,residential,,,False,0.05,Low,99.93
11013374681,13043372724,0,625.6229646539114,residential,,,False,58.25,High,73.71
6746702140,6746702132,0,400.7600840402312,residential,,,False,35.75,Medium,93.33
6195684273,287912299,0,114.89146563960595,tertiary,,25.0,True,57.65,High,72.37
1523171158,9192413928,0,51.96001956075018,residential,,,False,0.05,Low,99.93
4208545518,4948855817,0,117.89503569915917,residential,,,False,0.05,Low,99.92
10092099823,2227928189,0,38.66539202314438,residential,,,False,0.05,Low,99.92
3034669852,3034669718,0,156.65636578306135,residential,,,False,0.05,Low,99.92
11387111797,2221142132,0,7.139353310885236,tertiary,,,False,0.05,Low,99.92
503181308,503260517,0,55.481057946233946,residential,,,False,0.05,Low,99.93
13119702903,4950155146,0,113.78832329278389,residential,,,False,63.15,Medium,45.51
2220605679,2220746670,0,27.18939405119747,residential,,,False,38.56,Medium,84.66
10064058112,12203542112,0,35.16440988137943,residential,,,False,0.05,Low,99.93
10017876325,583206322,0,144.12902375889473,residential,,,False,38.14,Medium,85.61
7287581961,2030144607,0,259.2869182457846,residential,,,False,35.89,Medium,93.2
7146806640,7146806636,0,123.90825567093891,residential,,,False,53.82,High,57.76
12157495771,7361705121,0,32.371830338494455,residential,,,False,42.83,Medium,72.55
13800870730,4294218124,0,719.1584349090984,primary,2.0,30.0,True,36.83,Medium,90.16
1339408095,4474692928,0,27.860012686722445,residential,,,False,0.05,Low,99.92
7428658238,1388142565,0,31.405112644386872,residential,,,False,0.05,Low,99.93
2421938218,2421938131,0,164.9419125224581,residential,,,False,0.05,Low,99.92
3868574340,2641946191,0,21.812969350822254,residential,,,False,0.05,Low,99.92
10207253603,3421557762,0,61.08827689479725,tertiary,,,False,83.99,Critical,71.37
3872487138,3872487139,0,69.60615212637408,residential,,,False,0.05,Low,99.92
7410650605,7410650606,0,39.11193765813679,residential,,,False,84.28,Critical,66.91
7172941739,10165704717,0,160.38162750396754,residential,,,False,0.05,Low,99.92
459656145,459656127,0,55.96220543024069,residential,,,False,0.05,Low,99.92
7211280699,10041240369,0,275.3508168659226,residential,,,False,55.66,High,66.0
1586524205,9192019740,0,27.055871459312005,residential,,,False,0.05,Low,99.92
13260780851,3034670071,0,358.752588640169,residential,,,False,37.17,Medium,88.69
7413284990,7413284989,0,69.25853529136958,residential,,,False,0.05,Low,99.92
10091543761,10091543760,0,22.87583710265616,residential,,,False,0.05,Low,99.92
4948430603,4948430599,0,108.39450128085396,residential,,,False,48.7,Medium,55.93
1377687527,10175323897,0,73.49282763762899,residential,,,False,0.05,Low,99.92
2120440976,10081431361,0,154.89784681841266,residential,,,False,36.1,Medium,92.1
426941413,12194106519,0,276.98838574453794,tertiary,,,True,0.06,Low,99.91
2334256467,2334256465,0,48.059819696777694,living_street,,,False,37.23,Medium,88.37
2246195668,2246195710,0,42.45837592069912,residential,,,False,0.05,Low,99.92
1615691332,1487272633,0,71.26221649396064,residential,,,False,50.09,Medium,49.81
6194196465,6194196461,0,82.88557154597035,residential,,,False,40.31,Medium,80.9
2876335845,2876336032,0,30.250343662018413,residential,,,False,0.05,Low,99.93
11486387657,13851353728,0,77.55890082809236,trunk,3.0,80.0,True,99.63,Critical,99.09
1561816151,1561804539,0,88.36655729375263,residential,,,False,35.9,Medium,92.5
347261902,312840201,0,18.143745530321493,residential,,,False,0.05,Low,99.92
2607426150,2607426149,0,26.6828701197133,residential,,,False,0.05,Low,99.92
428457171,428457162,0,254.250079535278,primary,2.0,,True,36.2,Medium,91.49
7291406297,3032560253,0,201.4370334953392,residential,,,False,51.62,High,53.2
286680933,1512330962,0,177.170583564842,secondary,2.0,,True,0.06,Low,99.92
10055568925,10055568926,0,30.67089659461838,residential,,,False,0.05,Low,99.92
7291381491,7291381492,0,29.069467690526206,residential,,,False,0.05,Low,99.92
2421937956,2421937986,0,52.05439072872769,residential,,,False,44.48,Medium,66.67
4950292682,4950292684,0,91.27306027645876,residential,,,False,38.07,Medium,86.05
308232925,9197307509,0,229.32941785078728,primary,2.0,,True,0.06,Low,99.91
1555975739,1555975745,0,108.2660864754931,residential,,,False,0.05,Low,99.92
595961374,6749811973,0,93.63115919652896,residential,,,False,0.05,Low,99.92
11121519138,456086445,0,21.790532384022704,residential,,,False,0.05,Low,99.92
4948140384,4443064375,0,76.74852880551722,residential,,,False,0.05,Low,99.92
13644458594,1168427929,0,775.6136370738776,residential,,,False,78.68,Critical,52.69
10293847444,6194792840,0,39.14978701707823,living_street,,,False,34.88,Medium,95.33
652353468,7384902384,0,53.93201448680232,residential,,,False,39.66,Medium,83.41
10023965520,10023965523,0,38.41159345935933,living_street,,,False,0.05,Low,99.93
10063048704,10063048703,0,12.376621753425448,living_street,,,False,68.42,Critical,41.54
5267369424,836238561,0,205.5173911689184,residential,,,False,38.92,Medium,83.3
4952632554,4952632550,0,29.64609317754816,tertiary,,,False,38.32,Medium,86.44
456181620,10026725121,0,13.418320177290202,residential,,,False,62.95,High,87.87
503308941,503308969,0,41.250470719016086,residential,,,False,0.05,Low,99.93
9778491245,9778491243,0,88.02257233517223,residential,,,False,99.73,Critical,99.4
10044424499,1511677102,0,6.70115989913543,secondary,,,False,0.05,Low,99.92
2468924534,6132237143,0,86.57250878961358,primary,,,True,37.22,Medium,90.72
5283671998,7263139908,0,73.58096946806471,residential,,,False,0.05,Low,99.92
2248441136,2248441173,0,26.94956906910592,tertiary,,,False,0.05,Low,99.92
459801176,459801125,0,208.5202703753651,tertiary,,,False,36.51,Medium,90.98
2250058065,2248506042,0,22.72136493406928,tertiary,,,False,0.05,Low,99.92
7404449188,7404449180,0,219.74875988674629,residential,,,False,75.45,Critical,53.0
2247897181,2247897290,0,118.58728198610616,residential,,,False,44.54,Medium,66.36
249075659,303935969,0,209.64147750351088,secondary,,,True,35.07,Medium,94.99
10023967356,10023967351,0,32.976247496837395,residential,,,False,36.23,Medium,91.41
10038914058,10038914059,0,30.056594345288275,residential,,,False,0.05,Low,99.92
1521036725,1521036622,0,3.236603601688,residential,,,False,0.05,Low,99.92
10079467275,10079467277,0,55.86703486550136,residential,,,False,0.05,Low,99.93
3868683831,6194699512,0,104.2339513504809,tertiary,,,False,70.98,High,72.71
4948112938,4948112940,0,46.664967060957565,unclassified,,,False,36.9,Medium,89.36
10020384108,10198696384,0,13.334512007594451,residential,,,False,0.05,Low,99.93
2220746597,2220746606,0,322.43788967074374,residential,,,False,41.76,Medium,75.09
11888193783,292563598,0,11.222446761025417,secondary,,,True,99.65,Critical,99.15
461789832,461789835,0,123.89991316316188,residential,2.0,,False,41.22,Medium,76.88
1563683869,1563683700,0,36.81304729041746,residential,,,False,0.05,Low,99.93
10057951025,10057951023,0,49.10091519727711,tertiary,,,False,36.41,Medium,90.94
9184290745,503471475,0,45.06990020284153,residential,1.0,,False,34.86,Medium,95.46
7437638265,5330536226,0,66.40970960531259,residential,,,False,0.05,Low,99.92
7208382382,7208383988,0,17.90912986125611,residential,,,False,0.05,Low,99.92
10164774551,10164774552,0,40.4928133233944,residential,,,False,92.86,Critical,88.02
3870439629,3870439627,0,31.80781193974793,tertiary,,,False,0.05,Low,99.92
683067620,683067902,0,39.32989966859841,residential,,,False,0.05,Low,99.92
1551655484,1551655541,0,76.06163388080809,residential,,,False,0.05,Low,99.92
1597724731,1597724536,0,58.31412188791332,residential,,,False,0.05,Low,99.92
2247888198,7278911745,0,582.2068658629759,tertiary,,,False,53.31,High,53.03
3836800948,3836800949,0,148.97746871261234,residential,,,False,47.59,Medium,57.52
10081230066,10081230068,0,31.40753352284301,residential,,,False,38.36,Medium,87.54
2446009258,529372216,0,30.429367462490585,residential,,,False,0.05,Low,99.92
12075650278,11849948564,0,254.80108369411232,primary,2.0,,True,36.91,Medium,90.21
11411501025,4950460617,0,740.1388108158251,residential,,,False,34.84,Medium,96.04
1448640369,1448640368,0,44.60541331465012,residential,,,False,56.37,High,67.76
9187746418,1616693839,0,24.77821802212155,residential,,,False,0.05,Low,99.92
8239947030,12040966310,0,3795.173977919972,primary,2.0,40.0,True,36.07,Medium,92.4
461754752,461754742,0,31.57747268608333,residential,,,False,38.97,Medium,83.26
3168013842,3168013840,0,22.01519156570336,residential,,,False,0.05,Low,99.92
7263133572,7263133579,0,43.86509179724729,residential,,,False,0.05,Low,99.92
3872498891,3872498899,0,88.02557631916079,residential,,,False,99.47,Critical,98.99
1857029047,736207439,0,49.43342639337384,residential,,,False,0.05,Low,99.93
419638216,10750192276,0,307.57796248842726,residential,,,False,56.8,High,69.86
14084878133,10017955621,0,41.64431772315711,residential,,,False,0.05,Low,99.92
7311630873,12151782590,0,148.0972124194788,residential,,,False,42.79,Medium,71.85
7409828326,7409828345,0,78.83874543185365,residential,,,False,39.49,Medium,81.49
1595757924,1595758036,0,217.96255230106544,residential,,,False,52.18,High,55.15
616610402,7453315454,0,762.6615113982639,tertiary,,,False,36.62,Medium,91.23
10053214679,7456799490,0,33.292610977892394,residential,,,False,0.05,Low,99.93
7287333836,7287333837,0,109.9244860326124,residential,,,False,0.05,Low,99.92
13810626172,6531359664,0,163.42108954328134,residential,,,False,45.11,Medium,64.99
1438379105,1438379182,0,112.81364254987594,residential,,,False,48.39,Medium,54.85
1600962990,1600962927,0,727.9223129879739,trunk,3.0,60,True,0.07,Low,99.89
7090777400,7090777397,1,203.3572081606174,residential,,,False,99.11,Critical,98.16
10089395688,10089395689,0,35.19189158842033,residential,,,False,0.05,Low,99.93
287899763,287897029,0,287.30529595387446,tertiary,,,False,35.95,Medium,92.18
3396931058,3396931054,0,45.74589193335671,residential,,,False,34.38,Medium,96.83
7278976459,7278976458,0,41.65193611222757,residential,,,False,0.05,Low,99.92
2206930266,3148668114,0,191.0047667500364,residential,,,False,35.93,Medium,92.26
3039042406,3039042409,0,29.099207148210724,residential,,,False,0.05,Low,99.92
3504349796,6758558444,0,191.6287991918228,residential,,,False,38.24,Medium,85.25
7409692695,9674431504,0,26.44246345294146,residential,,,False,0.05,Low,99.92
10034231484,12134224862,0,246.06576546392552,primary,2.0,,True,36.18,Medium,91.64
7402050709,7402050778,0,39.680137146656136,residential,,,False,98.23,Critical,96.88
308229996,11446070485,0,95.2232116754552,tertiary,2.0,,True,39.16,Medium,86.84
12346534940,13860462299,0,417.7194230957197,tertiary,4.0,60.0,False,61.16,High,82.65
7465559480,7465559478,0,24.455416712178543,residential,,,False,37.89,Medium,87.21
9612093099,2246812221,0,37.14426301850522,residential,,,False,0.05,Low,99.93
1568938189,1568938192,0,83.62171168088767,residential,,,False,48.61,Medium,54.31
10026627737,456181597,0,47.002911752604895,residential,,,False,0.05,Low,99.92
2250668002,2250668011,0,63.31508921823456,residential,,,False,0.05,Low,99.92
599226717,599226755,0,119.55754024176052,residential,,,False,0.05,Low,99.92
2247838143,2247838122,0,311.78200776187003,residential,,,False,55.28,High,65.14
6298505899,6298505897,0,33.02184789935566,tertiary,,,False,36.27,Medium,91.87
7384536857,359310296,0,151.9559075556714,residential,,,False,0.05,Low,99.92
7451422700,7451422701,0,51.48695027812676,residential,,,False,41.28,Medium,77.85
2516269454,1515462079,0,93.49835051340568,residential,,,False,0.05,Low,99.92
11017422325,11017422324,0,30.004214451161776,living_street,,,False,0.05,Low,99.92
2248663223,2248663190,0,68.27167063587241,residential,,,False,43.57,Medium,69.74
7288094046,7288094047,0,58.804505424656135,residential,,,False,36.77,Medium,90.44
1252231267,3683418902,0,83.92858582209324,residential,,,False,34.71,Medium,95.99
929965958,956058174,0,84.51866223180394,residential,,,False,0.05,Low,99.91
2387385680,2406079712,0,208.31374558593672,tertiary,2.0,30.0,True,80.92,Critical,70.0
459793770,459793820,0,23.861061434646263,residential,,,False,36.4,Medium,90.79
355840357,7410650516,0,67.43025688199107,tertiary,,,False,42.02,Medium,74.14
4041189580,11395593597,0,182.2217368439736,residential,,,False,99.66,Critical,99.19
1347490084,7290391057,0,256.9974018223202,residential,,,False,34.43,Medium,96.71
10079132776,10079132778,0,89.35462235552399,residential,,,False,37.55,Medium,87.71
11015643600,1371807630,0,67.57895523841682,living_street,,,False,0.05,Low,99.92
2645311455,273443470,0,224.92866486078896,residential,,,False,0.05,Low,99.92
1524591228,1524649710,0,17.053152720095316,residential,,,False,0.05,Low,99.92
308469190,1473995344,0,76.28044979494854,residential,,,False,0.05,Low,99.92
9187654522,1532648926,0,40.23805714038306,residential,,,False,0.05,Low,99.92
4950155164,11399915641,0,101.69911677177018,residential,,,False,95.14,Critical,90.99
2248546223,2248546230,0,263.5902120446468,residential,,,False,0.06,Low,99.9
1466580394,1466580391,0,116.4066437273242,residential,,,False,42.59,Medium,72.38
1512512287,683061182,0,49.028203990361845,tertiary,,,False,0.05,Low,99.92
3039021503,3039021501,0,30.826781352609604,tertiary,,,False,0.05,Low,99.92
1339731121,7486358197,0,79.40036672001987,residential,,,False,0.05,Low,99.92
11408879536,11408879537,0,65.06047387077764,residential,,,False,40.55,Medium,79.87
3149429065,7485599762,0,4.565294135456942,residential,,,False,0.05,Low,99.92
2142788511,2142788514,0,183.69835961548705,residential,,,False,0.05,Low,99.92
5330647541,10216329996,0,20.96374924490455,residential,,,False,46.78,Medium,60.74
2250057704,7466952556,0,171.81287876774084,residential,,,False,46.91,Medium,60.08
332955193,2408528591,0,107.45895561080664,trunk,2.0,,True,0.05,Low,99.91
6141844421,6141844422,0,47.68380737449257,residential,,,False,0.05,Low,99.92
10213527257,10213527258,0,351.62081655207623,residential,,,False,34.73,Medium,95.9
2206930288,3148668078,0,56.01240071292464,secondary,2.0,,False,0.06,Low,99.92
11182448718,3141475567,0,1370.3693600409415,tertiary,2.0,20.0,False,35.1,Medium,95.08
14040891864,13787384225,0,476.2590846167551,secondary,,,True,37.04,Medium,89.58
7175396251,1208603120,0,126.81088293756348,primary,2.0,,True,38.2,Medium,85.98
1548580751,1548580756,0,6.742613073562426,residential,,,False,0.05,Low,99.92
1632150395,6182545630,0,166.03892212049263,residential,,,False,44.96,Medium,77.06
12241127190,12241127189,0,39.030528120068965,residential,,,False,35.69,Medium,93.13
10044274856,10044274864,0,32.9078883205331,tertiary,,,False,38.32,Medium,85.61
7187815387,585740572,0,170.70145869928237,tertiary,2.0,,False,0.05,Low,99.92
7449639082,1442879499,0,23.95527531279244,residential,,,False,0.05,Low,99.92
2244850383,2246587863,0,25.06396528245832,tertiary,,,False,99.62,Critical,99.26
3544519408,9189188882,0,18.06089369135666,residential,,,False,88.38,Critical,72.5
1707859865,1707859994,0,37.77971449671089,primary,,,True,0.05,Low,99.92
1473776509,7461717345,0,97.6359267729974,residential,,,False,0.05,Low,99.92
2244849567,11411731176,0,118.00204429052827,tertiary,2.0,40.0,False,54.5,High,60.12
3520978671,3520978672,0,209.0152962726118,residential,,,False,48.81,Medium,56.23
7384110691,7384110702,0,44.610947056214016,residential,,,False,95.84,Critical,92.06
2451394268,2451394255,0,30.72847059392038,residential,,,False,39.64,Medium,84.82
6528782908,3872579730,0,45.33633707334152,residential,,,False,35.86,Medium,92.5
7435129466,7278713199,0,20.438920440373305,tertiary,,,False,0.05,Low,99.92
10088635252,1533848366,0,131.9102140534929,residential,,,False,36.51,Medium,90.46
1470833614,253448524,0,148.43606633424426,tertiary,2.0,,False,54.44,High,59.35
11385233257,6193989064,0,168.21176104255625,residential,,,False,35.42,Medium,94.16
7279005505,1851131437,0,293.2850804091955,residential,,,False,38.46,Medium,85.38
10216335896,5330536237,0,21.14246805286028,residential,,,False,0.05,Low,99.92
3396914603,3396914596,0,94.02760487472868,residential,,,False,0.05,Low,99.92
12836145981,582589274,0,66.98377587516386,residential,,30.0,False,35.27,Medium,94.38
10068662143,1837285037,0,1227.4329193745446,primary,2.0,,True,57.23,High,70.39
1523536993,1462127023,0,57.50898158204106,tertiary,,,False,0.05,Low,99.92
10839546686,10839546685,0,142.48383024027035,residential,,,False,0.05,Low,99.92
7440720125,6261304430,0,11.45787560732554,residential,,,False,0.05,Low,99.92
431537120,529291138,0,9.126325696237224,tertiary,,50,False,0.05,Low,99.92
2225133947,6748996049,0,257.54044661607713,residential,,,False,34.17,Medium,97.52
2405760531,12686955185,0,71.51325870675022,residential,,,False,0.05,Low,99.92
3874227764,3874227762,0,117.36336803724978,residential,,,False,56.44,High,68.72
7456065587,10172877105,0,15.262030939013885,residential,,,False,0.05,Low,99.92
3874488628,10175342328,0,237.9174106330757,tertiary,,,False,0.05,Low,99.91
2460385254,2460393224,0,57.298802565818015,residential,,,False,45.17,Medium,64.58
10041064440,10039032064,0,256.4311708472557,residential,,,False,34.86,Medium,95.45
6195110355,1597724468,0,29.698792213150348,tertiary,,,False,0.05,Low,99.92
580250771,10028825558,0,451.9336900936879,residential,,,False,35.66,Medium,93.26
699704342,1835530503,0,817.2846391626423,trunk,2.0,60.0,True,37.56,Medium,87.87
1857076810,1857076812,0,120.95742503832388,residential,,,False,0.05,Low,99.92
2246587354,2246587290,0,95.32166417374016,residential,,,False,0.05,Low,99.92
7465952535,10093869394,0,50.19364552469401,residential,,,False,0.05,Low,99.93
11357959890,2268121227,0,43.31758653896683,residential,,,False,0.05,Low,99.92
2268546089,2268546086,1,166.51408571508665,residential,,,False,38.26,Medium,86.32
446783109,446783111,0,73.1731615823968,secondary,,,False,0.05,Low,99.91
7413599891,1386329058,0,141.42371072390011,residential,,,False,45.85,Medium,64.51
11932064927,4950833457,0,51.33685391394318,residential,,,False,51.23,High,52.71
10216395658,6753376859,0,81.13998855548736,tertiary,,,False,35.54,Medium,93.81
11395723235,13249347760,0,11.562054734076336,residential,,,False,53.86,High,56.51
1562366625,1562366343,0,34.45833340603917,residential,,,False,40.85,Medium,78.13
11425473459,11425473460,0,27.106964764221622,residential,,,False,36.61,Medium,90.36
1010036519,5692639491,0,734.7473540696728,primary,2.0,,True,56.9,High,68.21
6531847408,6531847410,0,29.12446964749545,residential,,,False,0.05,Low,99.92
7463040546,7463040549,0,137.6655044742339,residential,,,False,0.05,Low,99.92
1533807383,1533807384,0,49.51504702589144,residential,,,False,0.05,Low,99.93
5281842567,5281842568,0,69.51409636995196,living_street,,,False,0.05,Low,99.92
2228165582,10053692314,0,23.665004610309573,residential,,,False,0.05,Low,99.92
13651588107,13651588106,0,46.324067914740205,residential,,,False,0.05,Low,99.93
4950331555,4950331538,0,53.15298050306509,residential,,,False,0.05,Low,99.93
7462417671,7462417670,0,45.181347560989686,residential,,,False,39.65,Medium,84.52
2221186604,2221186615,0,28.23929029786476,residential,,,False,0.05,Low,99.93
12662376674,7266042589,0,756.3463572907572,residential,,,False,37.52,Medium,87.64
4952592399,4952592550,0,33.509523590760864,residential,,,False,0.05,Low,99.93
11235520044,11235520042,0,129.47802680144005,residential,,,False,99.36,Critical,98.27
11265823308,11402776662,0,87.11290399812992,residential,,,False,41.21,Medium,76.77
251104952,325107559,0,427.2426178117555,tertiary,2.0,30.0,True,47.3,Medium,58.85
10091493724,9188743249,0,35.77004554653352,residential,,,False,0.05,Low,99.93
13130333285,3306702702,0,22.779461527509245,residential,,,False,0.05,Low,99.92
2183098861,594599952,0,670.4598528519002,residential,,,False,61.14,High,82.17
10063105910,10063105911,0,35.351548304322144,residential,,,False,36.7,Medium,90.02
3612124295,4948781719,0,21.264763209757803,residential,,,False,0.05,Low,99.92
2223841017,956323389,0,67.71333950789433,residential,,,False,52.61,High,57.05
9605401076,9605401088,0,118.82029639156724,residential,,,False,99.29,Critical,98.35
7287483093,309595963,0,54.68139071314213,tertiary,,,False,37.42,Medium,88.84
12397931773,4033838906,0,31.47911303240712,residential,,,False,94.52,Critical,88.32
11350295594,11350295595,0,70.20784726839629,residential,,,False,38.56,Medium,85.61
736207377,736207313,0,84.80595667776211,residential,,,False,37.8,Medium,86.69
6461734691,6461734690,0,43.5065909618876,residential,,,False,0.05,Low,99.92
10156644104,10156644105,0,16.49146927635741,residential,,,False,64.91,High,93.27
2246587790,2246587739,0,114.14275239012278,residential,,,False,38.6,Medium,84.84
11428198941,11428198940,0,35.61706284495735,residential,,,False,0.05,Low,99.93
5330485066,5330485065,0,31.41706756371685,residential,,,False,0.05,Low,99.92
1602148938,1602148873,0,39.20757627049561,residential,,,False,0.05,Low,99.92
11494414328,12822535157,0,164.9599568881059,secondary,2.0,,True,0.05,Low,99.92
10091476946,13996966931,0,18.50633261951676,residential,,,False,0.05,Low,99.92
2246324602,2246324634,0,44.974824699105774,residential,,,False,0.05,Low,99.92
7436997165,5328658242,0,90.68513352221892,residential,,,False,37.95,Medium,88.24
1568944694,1568944692,0,129.06392429592862,residential,,,False,47.27,Medium,58.2
447035802,249775632,0,58.64968407851226,tertiary,,,True,0.05,Low,99.92
7457472586,7457472585,0,50.650779727528935,residential,,,False,0.05,Low,99.93
6195382000,7485669309,0,70.63641838591417,residential,,,False,0.05,Low,99.92
1371947813,1371947536,0,137.8003605917989,residential,,,False,54.84,High,60.37
1524720878,1524720136,0,31.02508463773964,residential,,,False,0.05,Low,99.93
10168917367,10168917365,0,23.272066956727173,residential,,,False,0.05,Low,99.92
2463918927,2463918961,0,49.03505407093707,residential,,,False,0.05,Low,99.93
10156014549,667924891,0,358.64376462297145,tertiary,,,False,36.75,Medium,89.87
7298163666,7298163669,1,50.64264177056067,tertiary,2.0,40.0,False,99.71,Critical,99.28
4952686885,4952686888,0,116.16867877439944,residential,,,False,36.87,Medium,89.41
6685032024,582589205,0,61.69518000512391,residential,,,False,0.05,Low,99.92
11436635364,11024925044,0,23.956288576157508,residential,,,False,0.05,Low,99.92
7146681145,7466199493,0,111.21855292367252,residential,,,False,51.33,Medium,52.56
1524719787,446860588,0,99.19675197922491,tertiary,2.0,,False,37.9,Medium,87.62
6456194157,263156595,0,228.6258151272306,residential,,,False,0.05,Low,99.91
11878403679,10003388460,0,45.59132938662965,tertiary,,,True,0.05,Low,99.92
3149469566,7432551899,0,255.6148900065148,residential,2.0,40.0,False,37.08,Medium,88.87
503260823,2039941750,0,147.1145064597925,residential,,,False,57.57,High,72.21
3758521583,3648814512,0,571.63927847489,secondary,,,False,84.52,Critical,74.83
1534822888,1534822949,0,34.15740023756622,residential,,,False,0.05,Low,99.93
1366802616,11370592015,0,113.60071346499493,residential,2.0,20.0,False,41.53,Medium,78.14
3235639721,3235639718,0,66.22386039263775,residential,,,False,49.8,Medium,50.88
1285911631,1537837746,0,45.21756729651231,tertiary,,,False,0.05,Low,99.92
4380549695,11455011720,0,294.4243846499778,residential,2.0,,False,35.07,Medium,94.76
1556103110,1556907489,0,87.36826251221567,residential,,,False,0.05,Low,99.91
7401660108,2247956011,0,71.13566204270714,residential,,,False,36.9,Medium,89.42
956027459,309596282,0,43.17835173380327,residential,,,False,0.05,Low,99.92
6168072993,12496073757,0,30.9677738708708,residential,,,False,0.05,Low,99.93
463722588,463722607,0,40.23858316455679,residential,,,False,0.05,Low,99.92
3868574354,12401455470,0,88.72479116692163,residential,,,False,35.51,Medium,93.79
6194253003,1388142899,0,90.45533802834642,residential,,,False,36.74,Medium,89.84
1464768744,1529223290,0,149.45466553976672,residential,,,False,57.28,High,71.12
2653581160,2653581159,0,46.795098856632265,residential,,,False,36.26,Medium,91.42
6809938713,6809938711,0,70.41229749958912,residential,,,False,43.49,Medium,70.12
13961744385,1837634342,0,30.23109607782316,tertiary,1.0,,True,42.68,Medium,72.12
7261603333,7261603344,0,12.633217854093948,tertiary,,,False,0.05,Low,99.92
668464308,668464354,0,23.16670668234684,residential,,,False,0.05,Low,99.92
4127956339,13748635883,0,1.3010532226169664,residential,,,False,0.05,Low,99.92
5354016792,1837674931,0,84.75675690420186,residential,,,False,0.05,Low,99.91
10081303331,2248664475,0,53.33436174782456,residential,,,False,35.63,Medium,93.15
2224183061,10108529106,0,90.12246593864016,residential,,,False,0.05,Low,99.92
13645830401,13645830402,0,61.905110648051945,residential,,,False,50.71,High,50.59
293709525,7328379022,0,97.70361644250688,residential,,,False,0.05,Low,99.92
7398254781,7398254791,0,103.94061134274136,residential,,,False,99.02,Critical,98.07
1104250537,10284858598,0,345.5201185721174,primary,2.0,,True,36.69,Medium,92.14
461539180,461539181,0,93.1777979041826,residential,,,False,0.05,Low,99.92
5329386902,5329386904,0,24.429705501562257,residential,,,False,0.05,Low,99.92
10266793585,10266793584,0,87.45475576034787,residential,,,False,43.7,Medium,69.17
3313866974,1328155414,0,33.859254705893264,tertiary,,,False,35.65,Medium,93.46
7298265021,10207253603,0,269.33457816125417,residential,,,False,37.28,Medium,88.16
12951130519,12115111694,0,153.7629241619084,residential,,,False,0.05,Low,99.92
10041221621,10041221622,0,70.10786961359408,unclassified,,,False,36.16,Medium,92.11
3874229099,3874229095,0,48.90719170489242,residential,,,False,0.05,Low,99.93
7265621063,11411943405,0,105.77947712309438,residential,,,False,34.57,Medium,96.29
2225131596,2225131494,0,220.8804996500831,residential,,,False,50.84,High,50.16
11944239442,11944239437,0,84.2561298707272,residential,,,False,35.76,Medium,92.78
12115111694,12951130519,0,153.7629241619084,residential,,,False,41.51,Medium,75.95
10055294894,10055294896,0,63.31997113697415,residential,,,False,0.05,Low,99.92
463393075,463393205,0,108.10778364558006,tertiary,,,False,36.67,Medium,90.31
309596299,249075221,0,90.26433375632418,tertiary,,,True,35.86,Medium,92.82
5329111519,5329111518,0,70.6039889461185,residential,,,False,0.05,Low,99.92
1386031864,1386031775,0,39.214397657187945,residential,,,False,0.05,Low,99.92
736207530,13373931597,0,49.69131188287061,primary,2.0,,True,36.11,Medium,92.02
3874237277,3874237278,0,63.88855376053095,residential,,,False,0.05,Low,99.92
3149351927,2145322156,0,89.63240627966124,residential,,,False,38.35,Medium,85.4
7456799526,7456799527,0,85.2600621165135,residential,,,False,0.05,Low,99.91
10062966641,7435294238,0,72.67948029186248,living_street,,,False,0.05,Low,99.92
1611278995,1611279027,0,40.27181306533743,residential,,,False,0.05,Low,99.92
11993731020,1474864026,0,104.43844822501148,residential,,,False,0.05,Low,99.92
1386329030,3289430509,0,182.4276261668107,tertiary,,,False,41.36,Medium,77.88
7465614211,12686971432,0,499.9790645186592,residential,,,False,95.32,Critical,92.32
2221565600,2221565613,0,108.54453217484388,residential,,,False,56.72,High,69.68
6518562603,1614298010,0,42.62629955190209,residential,,,False,0.05,Low,99.92
6194261404,6194261402,0,84.6417188833582,residential,,,False,0.05,Low,99.91
1838767918,1838767831,0,99.98919361069018,residential,,,False,0.05,Low,99.92
14170017202,960246975,0,178.82532068997642,residential,,,False,38.91,Medium,83.33
13238377134,13238377135,0,30.47054160564255,residential,,,False,0.05,Low,99.92
9994821257,6536735131,0,192.7789668784251,residential,,,False,52.09,High,55.36
10148771374,10148771375,0,16.10467662286898,motorway_link,,,False,98.7,Critical,96.6
2250095833,2146172667,0,123.13859195814727,residential,,,False,41.11,Medium,76.77
1557118237,1557118828,0,23.072269235904947,residential,,,False,0.05,Low,99.92
6575118683,1977975568,0,374.24930728193,secondary,,,True,35.75,Medium,92.83
11372752664,7450070000,0,97.21564440698886,residential,,,False,39.43,Medium,81.81
13287242152,2250058098,0,114.77816887485972,residential,,,False,58.17,High,73.79
9923618002,9923618003,0,37.51250522730092,residential,,,False,0.05,Low,99.93
10094986340,10094986341,0,42.50097293969412,residential,,,False,0.05,Low,99.92
10172894066,10172894064,0,57.22629021474336,residential,,,False,0.05,Low,99.92
306612267,306612056,0,49.44513443093389,residential,,,False,0.05,Low,99.93
10041064446,1529422767,0,32.52332986636793,tertiary,,,False,0.05,Low,99.91
955696066,9937603726,0,377.8368118476869,primary,2.0,,True,36.4,Medium,91.13
3872503762,6152725205,0,249.1366462326788,residential,,,False,38.02,Medium,88.71
2460302051,2460302048,0,105.06994916139428,tertiary,,,False,36.08,Medium,91.79
4948651136,7227496276,0,52.92274459734582,residential,,,False,0.05,Low,99.92
2248079844,2248079774,0,233.32076438452907,residential,,,False,64.01,High,60.7
7479630422,7479631031,0,82.01697837476456,residential,,,False,0.05,Low,99.92
1542668488,1542668550,0,58.17679386343901,residential,,,False,0.05,Low,99.92
1529223275,1467501622,0,29.275234994054863,residential,,,False,0.05,Low,99.92
14056707229,7414267935,0,39.303453095779766,residential,,,False,0.05,Low,99.92
13632938930,13632938931,0,22.58947993900532,residential,,,False,0.05,Low,99.92
10074904404,7287215953,0,43.154878662803256,secondary,2.0,25.0,True,35.13,Medium,95.23
1966447374,1966447498,0,35.56616033191531,residential,,,False,0.05,Low,99.93
7208334848,7208334847,0,14.838627202675308,residential,,,False,78.18,Critical,58.21
7463751577,7463684201,0,16.981653832493063,residential,,,False,0.05,Low,99.92
6194003059,6194003058,0,109.11909432874482,residential,,,False,54.39,High,62.23
14109683237,9932949312,0,320.4543121300971,trunk,3.0,80.0,True,59.63,High,77.97
11235520061,11235520055,0,94.76324121069918,residential,,,False,99.59,Critical,99.2
7372716492,4973437403,0,23.10859995115256,residential,,,False,0.05,Low,99.92
10848423313,12187820901,0,65.5150665279624,secondary,,,True,0.06,Low,99.91
463681205,463393680,0,33.33531322431752,tertiary,,,False,0.05,Low,99.92
2247896995,10044674405,0,18.779542619459026,residential,,,False,60.36,High,79.17
3148752256,3148752254,0,83.3488181686879,tertiary,,,False,0.05,Low,99.91
2245034560,2245034545,0,52.952597161059536,residential,,,False,50.37,Medium,49.88
6528376941,5330492114,0,25.687876887768063,tertiary,,,False,0.05,Low,99.92
1522655876,1522655634,0,31.80950041244843,residential,,,False,0.05,Low,99.92
2244981029,2244981048,0,74.81658992777176,residential,,,False,0.05,Low,99.92
1388143561,1388143136,0,151.2792311678006,residential,,,False,44.93,Medium,67.2
254665655,10121050217,0,346.5836621198856,primary,2.0,,True,39.28,Medium,82.26
2645199896,2645199943,0,123.42812356179256,residential,,,False,0.05,Low,99.92
1420113201,1420113208,0,75.74549134877121,living_street,,,False,56.32,High,68.36
7357508054,7357508047,0,98.00474761429942,residential,,,False,99.7,Critical,99.32
631605736,2228386586,0,61.6404015355792,living_street,,,False,0.05,Low,99.92
1808727734,251142771,0,89.47503887230039,primary,2.0,,True,46.54,Medium,61.46
2246825929,2246825928,0,132.43977218284115,residential,,,False,0.05,Low,99.93
7290826324,2227771662,0,58.72583131142319,residential,,,False,0.05,Low,99.92
10026536322,2224335219,0,29.8876204072666,residential,,,False,0.05,Low,99.92
11169041185,9696585711,0,172.99000197318077,tertiary,,,False,36.09,Medium,92.25
1741224080,2123371057,0,51.1278720798574,tertiary,,,False,41.5,Medium,76.91
10156911965,1388143191,0,238.09568073877008,residential,,,False,54.09,High,61.32
993020500,1727298843,0,276.3980833509826,tertiary,,,False,55.02,High,64.17
2246195741,2246195715,0,72.37794681994225,residential,,,False,37.9,Medium,87.27
6182619778,7278901620,0,47.41342725081055,residential,,,False,0.05,Low,99.92
1602148901,1602149079,0,32.984839799036074,residential,,,False,0.05,Low,99.91
4973106640,4973106639,0,80.69696060217784,residential,,,False,0.05,Low,99.92
6226329981,248677965,0,1032.8916571348673,trunk,2.0,60.0,True,35.43,Medium,93.88
1003719464,1003725908,0,197.0908186497504,primary,2.0,,True,38.42,Medium,84.98
248810155,10081050092,0,87.68551874728205,residential,,,False,0.05,Low,99.91
5331115103,5331115115,0,517.5171830132397,residential,,,False,39.58,Medium,81.39
1600050825,11402484380,0,214.8840731669663,residential,,,False,40.76,Medium,78.36
7465614109,11419974289,0,113.0703445430626,residential,,,False,36.82,Medium,91.05
10079575468,10079575467,0,61.37393825755567,residential,,,False,0.05,Low,99.92
2246587932,2246587961,0,128.77949535364874,residential,,,False,45.15,Medium,65.47
11590931801,13774684799,0,14.01560481556381,secondary,2.0,,True,0.06,Low,99.92
7462942224,7462942225,0,40.506180005019374,residential,,,False,39.92,Medium,80.91
10165837360,10165837359,0,116.38298542603144,residential,,,False,37.41,Medium,87.8
1521347840,1521347802,0,91.41403841437324,residential,,,False,39.64,Medium,81.44
6745641824,6745641848,1,66.17314876673088,tertiary,,,True,35.26,Medium,94.4
11436618001,11436614604,0,24.15935988522124,residential,,,False,46.74,Medium,67.68
4950262839,4950262836,0,230.34193196560048,residential,,,False,38.51,Medium,84.78
448307449,423744834,0,89.66491356044477,residential,,,False,0.05,Low,99.92
11031504267,11372647542,0,70.37194393283049,residential,,,False,0.05,Low,99.92
3875720639,3875720637,0,41.456721591230085,residential,,,False,0.05,Low,99.92
248459877,248455485,0,113.19620720360308,primary,,40.0,True,36.55,Medium,90.83
7278821932,12649417627,0,26.86751080853671,residential,,,False,0.05,Low,99.92
4041189495,1589241349,0,89.10068033969631,residential,,,False,36.85,Medium,89.52
248810153,503975983,0,120.7790508386286,residential,,,False,54.13,High,59.86
2292076961,1533931705,0,31.51769642850189,tertiary,2.0,,False,0.05,Low,99.92
6180365750,6180365753,0,109.3272163523642,residential,,,False,62.09,High,86.01
1600051369,1600051209,0,106.91508834308306,residential,,,False,40.8,Medium,78.06
6142424112,6749564262,0,511.24035198908695,residential,,,False,34.64,Medium,96.51
1625434050,1625434149,0,82.41392506607839,residential,,,False,42.54,Medium,72.59
11125103350,1808746149,0,28.36034195889412,residential,,,False,46.65,Medium,60.81
1570470662,1339731441,0,73.62956114419066,residential,,,False,0.05,Low,99.92
617540236,617540234,0,36.96304951349247,secondary,,,False,0.05,Low,99.92
456086084,10079168119,0,53.05297694888193,residential,,,False,0.05,Low,99.92
10156524603,10156524603,1,93.44394190553577,residential,,,False,35.78,Medium,93.2
3527330485,3527330478,0,47.89883658789295,residential,,,False,0.05,Low,99.92
3527330522,3527330513,0,21.299318423932508,residential,,,False,0.05,Low,99.92
1632150524,1632150415,0,28.450585232243764,residential,,,False,0.05,Low,99.93
7384187444,7384187446,0,154.1247458069413,residential,,,False,36.83,Medium,89.49
1485714895,1485714946,0,61.9472983134353,residential,,,False,0.05,Low,99.92
2244861904,2244861911,0,293.78455681332986,residential,,,False,35.66,Medium,93.75
7433770487,1837299984,0,25.393737477009047,tertiary,,,False,40.07,Medium,81.5
306619953,306615019,0,38.572268696892905,residential,,,False,0.05,Low,99.93
3396931095,3396931089,0,35.18709576245223,residential,,,False,38.78,Medium,84.06
7142697210,7424591822,0,78.77859922594077,residential,,,False,37.64,Medium,87.38
13584352129,1522655802,0,100.64813277966982,residential,,,False,0.05,Low,99.92
7279290943,7279291030,0,96.48246349914946,residential,,,False,94.1,Critical,89.52
599212626,599212603,0,88.24972056187833,residential,,,False,0.05,Low,99.91
1646559752,13253590564,0,12.20635732942647,residential,,,False,0.05,Low,99.92
1600051369,1600050843,0,22.98083139836246,residential,,,False,96.64,Critical,91.2
1473775395,2421938008,0,36.52053215890263,secondary,,,False,0.05,Low,99.92
1551874279,1551874136,0,115.02139153794406,residential,,,False,0.05,Low,99.91
10091380873,10091380874,0,34.40986409027021,residential,,,False,0.05,Low,99.93
433824950,12740700861,0,710.2869173095183,tertiary,,,False,62.04,High,83.63
298830791,298774979,0,360.8386891987684,residential,2.0,,False,36.5,Medium,90.75
1118407824,7383827814,0,149.5119656650605,residential,,,False,45.74,Medium,71.58
5930997555,10175064193,0,85.17441717798107,residential,,,False,84.16,Critical,66.32
10063169681,10063169679,0,27.21783148076492,residential,,,False,37.41,Medium,88.24
10068104333,2228165697,0,14.99429377335792,residential,,,False,0.05,Low,99.92
459815975,248455457,0,354.9964516402959,tertiary,2.0,30.0,False,47.55,Medium,57.96
1836940178,2221511738,0,27.706212732486957,residential,,,False,0.05,Low,99.92
1388143487,10079761157,0,33.64337538807988,residential,,,False,0.05,Low,99.93
2123549429,10038914055,0,13.875642381936352,residential,,,False,0.05,Low,99.92
2146206305,11590931812,0,62.22398965306122,residential,,,False,0.05,Low,99.92
6795587670,7157934127,0,78.7593949407346,tertiary,,,True,0.05,Low,99.92
3448387533,3448412835,0,17.092065461163454,tertiary,,,False,0.05,Low,99.92
6536884399,844403663,0,59.30824906958355,tertiary,,,False,0.05,Low,99.92
2396330514,265518317,0,3124.631562181812,motorway,3.0,120.0,True,36.55,Medium,91.33
2447911249,2248662794,0,115.27880359405934,residential,,,False,0.05,Low,99.91
10081528401,2385130560,0,35.7766213794586,residential,,,False,0.05,Low,99.93
13235177932,10020119392,0,117.88132776825024,residential,,,False,36.5,Medium,90.57
13353132231,7175175824,0,82.99992811019331,residential,,,False,57.07,High,70.59
11393302537,2079425832,0,47.331797365822666,residential,,,False,0.05,Low,99.92
1488526859,1488526869,0,9.71023208200901,residential,,,False,0.05,Low,99.92
7278991816,11409128848,0,35.822989711079224,residential,,,False,0.05,Low,99.93
7401262870,7401262868,0,22.96346683017848,residential,,,False,41.34,Medium,77.12
2447240415,2246494451,0,10.438681780553724,primary,2.0,,False,59.24,High,75.89
456029935,456029936,0,74.48197712113812,residential,,,False,38.46,Medium,84.88
306587086,1088037381,0,267.7114255856764,tertiary,,,True,38.08,Medium,87.73
2246195570,2246195514,0,72.88890249135319,residential,,,False,0.05,Low,99.92
5328726965,5328658178,0,79.84619327306548,residential,,,False,44.83,Medium,65.71
248552475,2297395759,0,48.72213335930556,residential,,,False,0.05,Low,99.93
426941437,6904564288,0,148.2794302596757,secondary,,,True,47.48,Medium,57.69
7298937156,12011815295,0,66.9932471577578,residential,,,False,50.19,Medium,50.25
2228386746,3524948068,0,54.58426048039871,residential,,,False,38.73,Medium,83.97
7463374967,13301020314,0,98.86653434621792,residential,,,False,37.3,Medium,88.22
7279470783,2247888246,0,319.57474150614627,residential,,,False,76.55,High,55.87
249137583,1277414198,0,115.32273046791175,residential,,,False,40.62,Medium,78.14
10044534380,9780516209,0,46.83718235969924,residential,,,False,38.67,Medium,84.72
13944712127,7440973784,0,69.61603218737497,residential,,,False,37.09,Medium,88.75
2248459623,2248506118,0,46.24867432908372,tertiary,2.0,50.0,False,43.2,Medium,71.23
352930062,9903952376,0,716.9438528955988,tertiary,,,True,37.79,Medium,86.82
7374276332,7374276335,0,32.45763773707445,trunk,2.0,,True,0.05,Low,99.91
582576111,582576095,0,172.59264674092705,residential,,,False,41.32,Medium,76.08
2250119617,2250119610,0,25.93684033551224,residential,,,False,36.95,Medium,89.24
3384271552,3384271555,0,36.76787796996415,living_street,,,False,0.05,Low,99.93
1615705245,10060140623,0,121.63033486049288,residential,,,False,39.1,Medium,83.99
1564616161,1564615063,0,195.7399233041813,residential,,,False,37.59,Medium,87.64
2297421658,7467314908,0,98.88594148601874,residential,2.0,30,False,0.05,Low,99.92
1156269218,1156269217,0,30.788987046130345,residential,,,False,0.05,Low,99.93
10036010699,9188742944,0,48.83460353922882,residential,,,False,35.93,Medium,92.57
529003552,529003553,0,10.476029418930995,residential,,,False,0.05,Low,99.92
10211194785,7424885372,0,36.091313012120125,residential,,,False,0.05,Low,99.93
2026430108,2798049267,0,95.13185542386414,residential,,,False,0.05,Low,99.92
7436997306,7436997307,0,45.25304137666004,residential,,,False,0.05,Low,99.92
10089591936,1466350485,0,46.6705158257333,residential,,,False,0.05,Low,99.93
5274915539,426841169,0,477.4568033850199,secondary,2.0,,True,34.98,Medium,95.26
1600130614,1600131203,0,17.888299553800092,residential,,,False,64.39,High,92.56
7311630883,7311630889,0,81.51360045932238,residential,,,False,34.18,Medium,97.59
2464024979,2464024975,0,89.17243132210719,residential,,,False,0.05,Low,99.91
5535976757,997846397,0,225.628874252154,residential,2.0,20.0,False,35.09,Medium,94.8
443214334,7410134704,0,39.57184216736039,tertiary,,,False,0.05,Low,99.92
7207641473,7453283623,0,39.362659899951865,residential,,,False,38.94,Medium,83.23
249126179,4128224580,0,46.65939058843647,residential,,,False,0.05,Low,99.93
442437521,10091276533,0,22.403363597572287,residential,,,False,0.05,Low,99.92
1615752007,1615752011,0,56.31829218809255,residential,,,False,0.05,Low,99.92
429001244,10121158788,0,71.96271259730108,tertiary,2.0,,True,35.82,Medium,92.54
1388066951,1396823312,0,36.24107413687847,residential,,,False,0.05,Low,99.93
483411896,483412014,0,56.429593153061845,tertiary,,,False,41.41,Medium,76.49
7401552868,7401552867,0,108.12873704565136,residential,,,False,37.2,Medium,90.69
2125917517,6144246624,0,344.24268700903656,primary,,,True,99.14,Critical,98.28
10060571687,12128921373,0,11.128951144466008,residential,,,True,0.05,Low,99.92
2376774417,13720252591,0,294.2422360660082,residential,,,False,54.51,High,61.74
2645199945,13300918043,0,39.17473812249247,residential,,,False,0.05,Low,99.92
3303485469,3303485467,0,31.769080191244893,residential,,,False,0.05,Low,99.92
10170824069,3800587400,0,32.843216614607016,tertiary,,,False,39.13,Medium,82.74
10026283625,1566568869,0,23.82425904636463,residential,,,False,0.05,Low,99.92
599212271,599212251,0,129.84000472767036,residential,,,False,37.26,Medium,88.36
312440405,312426612,0,119.15580717372234,residential,2.0,,False,52.05,High,55.23
683067997,12436675838,0,129.53202193098022,residential,,,False,38.25,Medium,85.35
1552286448,1552286444,0,184.78145112431747,residential,,,False,38.28,Medium,85.14
391929261,4490108936,0,430.1028380333456,primary,2.0,50.0,True,67.71,High,72.71
6152718053,6152718054,0,30.22038765335712,residential,,,False,50.61,High,50.82
442437528,442438064,0,159.567932503021,residential,,,False,38.81,Medium,83.72
10072893584,10042440770,0,87.2912787397451,residential,,,False,0.05,Low,99.91
4065114587,4274899769,0,22.28039472790621,tertiary,,,False,0.05,Low,99.92
1473276793,1473276506,0,123.64566218147137,residential,,,False,57.47,High,71.76
960246958,960247130,0,202.78223510471184,residential,,,False,41.48,Medium,76.43
11149723638,11149723637,0,43.86727264005543,residential,,,False,39.55,Medium,81.54
10038856356,10038856359,0,49.74572329498068,residential,,,False,42.81,Medium,71.7
737857061,737857272,0,141.14280293703746,residential,,,False,56.65,High,69.61
456181456,429001097,0,163.48963071540214,tertiary,,,True,77.85,Critical,60.34
458151710,1843653192,0,41.69277563476015,secondary,,,False,0.05,Low,99.92
5265732940,5265732942,0,13.130938918351942,residential,,,False,0.05,Low,99.92
6137917607,1838767849,0,159.38868299544765,residential,,,False,37.29,Medium,88.25
1520846294,448116568,0,42.04049644910926,residential,,,False,0.05,Low,99.92
12114145818,12114145817,1,180.7129061260572,residential,,,False,92.88,Critical,86.5
1386329194,1386329196,0,147.0552278911988,tertiary,,,False,42.66,Medium,72.12
1646559740,7411355269,0,113.97928858409986,residential,,,False,35.51,Medium,93.9
3868574353,12401455468,0,89.75605397567696,residential,,,False,99.77,Critical,99.54
1594859731,1594859629,0,47.47189386845765,residential,,,False,0.05,Low,99.92
10209054685,7461560142,0,53.425719501662776,residential,,,False,37.35,Medium,88.3
1521036324,6164077014,0,65.22395387496424,residential,,,False,0.05,Low,99.92
503260914,503260912,0,71.27745706451658,residential,,,False,37.43,Medium,89.34
6894433658,6136172523,0,13.997008731791883,residential,,,False,0.05,Low,99.92
7480804808,7480804806,0,163.3967742578686,residential,2.0,,False,56.62,High,68.91
3279421568,560640963,0,28.75945621941337,residential,,,False,0.05,Low,99.92
529359433,529359463,0,201.6359888988605,residential,,,False,36.34,Medium,91.06
3544518980,6194122694,0,71.46258595225441,residential,,,False,36.79,Medium,90.49
448116510,446860596,0,266.8145496322858,tertiary,,,False,36.11,Medium,91.94
2247838046,2247838061,0,63.43232311319147,tertiary,2.0,,False,0.05,Low,99.92
2645310974,2645310970,0,35.97803472086381,residential,,,False,0.05,Low,99.93
11381038735,11381038733,0,28.0413813755554,residential,,,False,35.35,Medium,94.26
551004212,551004199,0,157.20376925036172,tertiary,2.0,,False,0.05,Low,99.92
10188079336,10188079338,0,16.887497325523427,residential,,,False,0.05,Low,99.92
11013700437,11013700438,0,99.3429972145305,residential,,,False,0.05,Low,99.92
9751468700,2248441184,0,112.9554985349631,primary,2.0,,True,38.89,Medium,83.39
12174325308,12174325307,0,55.748014084894976,residential,,,False,99.77,Critical,99.44
2645311239,7451389256,0,231.80648597438355,residential,,,False,53.17,High,58.76
1614268210,1614268211,0,83.26542895873206,residential,,,False,38.5,Medium,84.76
7404149994,6816569612,0,63.313916123978906,residential,,,False,0.05,Low,99.92
1838768142,1838768198,0,92.93560253075304,residential,,,False,38.83,Medium,83.48
459554726,459554907,0,30.31271725365734,residential,,,False,0.05,Low,99.93
631576920,631576941,0,151.74796252557604,residential,,,False,35.11,Medium,94.75
2248440968,10996642125,0,24.55924178969452,tertiary,,,False,0.05,Low,99.92
7404474523,13826455860,0,162.65199411989596,residential,,,False,53.8,High,60.76
1646559857,7413599894,0,13.821103778266238,residential,,,False,45.67,Medium,64.17
10149588119,6904175683,0,126.36610220826998,secondary,,,True,0.06,Low,99.92
10091498092,10091498093,0,27.11491917529097,residential,,,False,0.05,Low,99.92
503065534,305091596,0,154.9541891820731,residential,,,False,50.72,High,51.27
308231942,426941479,0,140.15538226455504,secondary,,,False,53.95,High,61.38
2248506155,2248506120,0,168.46740032917927,residential,,,False,0.05,Low,99.92
1532091549,6168695734,0,110.1559511734768,residential,,,False,0.05,Low,99.92
3868574356,12401455468,0,134.27216116485832,residential,,,False,79.69,Critical,66.33
7462946369,6901564555,0,57.40615697100277,residential,,,False,99.2,Critical,97.87
7410650297,13730658984,0,15.577066452882216,residential,,,False,0.05,Low,99.92
10079888851,10079888852,0,43.84327465620433,residential,,,False,0.05,Low,99.92
62011481,334473795,0,174.5377488198285,residential,2.0,,True,35.07,Medium,95.02
7479630851,7479630857,0,95.9371506509496,residential,,,False,0.05,Low,99.92
10095122904,5330536288,0,116.87857892208426,residential,,,False,0.05,Low,99.92
275124811,303920878,0,40.19825141228068,tertiary,2.0,,True,0.05,Low,99.92
1533830675,1533830679,0,153.24576670616003,residential,,,False,0.05,Low,99.92
459781826,459781803,0,259.7277728473277,tertiary,,,False,40.64,Medium,78.59
5587511865,5587511863,0,14.800032530734384,residential,,,False,0.05,Low,99.92
7409828318,1836982892,0,218.4128063170533,tertiary,,,False,35.65,Medium,93.4
442438069,10091505354,0,108.2852233080274,residential,,,False,0.05,Low,99.92
13830284640,308185159,0,201.5307647778491,tertiary,,,False,39.12,Medium,82.97
9836494458,9836494459,0,546.4286057128822,primary,3.0,,True,34.3,Medium,97.41
62053583,6194324387,0,71.9459930648372,residential,,,False,0.05,Low,99.92
7463684241,7463684212,0,44.00416457198784,residential,,,False,0.05,Low,99.92
2223884688,2223884697,0,26.30935563214829,residential,,,False,0.05,Low,99.92
7479630455,7479630456,0,32.34971837148784,residential,,,False,0.05,Low,99.92
3038945359,7290391039,0,167.72066217279246,residential,,,False,40.56,Medium,79.31
1273684953,1273685416,0,67.34467499114885,tertiary,2.0,,False,0.05,Low,99.92
7372791607,10091454096,0,29.699069544964985,residential,,,False,0.05,Low,99.92
4948140204,4948140183,0,24.253245423298136,residential,,,False,0.05,Low,99.92
555674932,11408879537,0,44.01247780268991,residential,,,False,34.6,Medium,96.64
7433399760,7433399761,0,132.9692589562142,residential,,,False,56.53,High,59.07
2451391125,2451391147,0,30.579799904337897,residential,,,False,0.05,Low,99.92
10089395873,3157719170,0,93.45097257652802,residential,,,False,34.8,Medium,95.99
429780762,429780764,0,116.54419242931596,tertiary,2.0,,False,39.79,Medium,81.14
10206790746,10206790752,0,24.95002432635597,residential,,,False,36.7,Medium,91.0
1584612255,3982062807,0,113.26813556576032,residential,,,False,0.05,Low,99.92
1597724629,1597724575,0,38.311129842426375,residential,,,False,39.26,Medium,82.33
1118408090,7358192561,0,163.728091473353,tertiary,,,False,50.31,Medium,49.73
1520839065,1520838754,0,36.85010034320878,residential,,,False,0.05,Low,99.93
2456827093,2456827067,0,109.71571799450892,residential,,,False,52.93,High,57.69
4950819014,11932126721,0,25.25828388233601,residential,,,False,0.05,Low,99.92
2248441201,2248441177,0,33.86615302076102,tertiary,,,False,0.05,Low,99.92
1520838905,3820268530,0,10.46621117122558,primary,,,True,0.06,Low,99.92
10044684878,3868676060,0,14.74145794563772,residential,,,False,0.05,Low,99.92
11379412271,7440720097,0,11.708345425269576,residential,,,False,0.05,Low,99.92
7413331853,6802107178,0,343.1272677469013,residential,,,True,0.06,Low,99.9
249775639,4830093914,0,50.8433948039372,residential,,,False,37.78,Medium,86.88
3868642631,1595757983,0,38.696373220910765,residential,,,False,40.89,Medium,77.51
7461717250,10081050097,0,115.5277376760559,secondary,,,False,53.98,High,60.49
1714984609,8403844099,0,11.332157043488726,residential,,,False,59.41,High,76.79
11002608083,13347226823,0,390.4433786077871,residential,,,False,36.48,Medium,90.6
2645312046,2645312046,1,227.1061417453972,residential,,,False,39.28,Medium,82.67
11235520045,11235520044,0,32.060158084155255,residential,,,False,56.06,High,67.58
11385559828,11385559821,0,45.54045663741088,residential,,,False,57.09,High,70.47
12758811775,12758811774,0,18.70742219054619,residential,,,False,0.05,Low,99.92
11395504174,11395504169,0,19.902634080799466,residential,,,False,0.05,Low,99.92
3872675416,3872675424,0,107.46504214292044,residential,,,False,43.8,Medium,68.62
683067766,683068014,0,35.81671844596996,residential,,,False,0.05,Low,99.93
7436990731,13637283884,0,42.78383232402461,residential,,,False,0.05,Low,99.92
11010114602,4952592329,0,70.98739839331998,tertiary,,,False,0.05,Low,99.92
11824482166,11824482168,0,143.0033730079556,residential,,,False,49.17,Medium,52.95
4950155167,4950155148,0,44.23398976507515,residential,,,False,99.69,Critical,99.24
7484804808,599226377,0,204.8464121490217,residential,,,False,39.02,Medium,83.24
305091421,265525615,0,55.092172761718906,residential,,,False,0.05,Low,99.93
10653965927,10653965926,0,22.973397808744977,motorway_link,,,False,94.66,Critical,90.11
7478154729,7478154725,0,155.11726481395226,tertiary_link,,,False,36.03,Medium,92.45
6131903446,6131903449,0,173.05020095369846,residential,,,False,35.84,Medium,92.76
14168537420,960247257,0,30.87448436521152,residential,2.0,,False,0.05,Low,99.93
7438052168,2246825540,0,100.91590498141288,tertiary,,,False,58.44,High,74.53
308875382,308875394,0,47.99227921828148,residential,,,False,0.05,Low,99.92
10055525497,1898344194,0,36.47850952576125,residential,2.0,,False,0.05,Low,99.93
2248440006,2248440011,0,3.168118081640071,residential,,,False,0.05,Low,99.92
13353132245,7205265854,0,365.95366096017824,residential,,,False,36.45,Medium,90.68
2455290927,2454285286,0,849.8098334857899,primary,3.0,100.0,True,38.85,Medium,84.86
7401559955,6521515830,0,80.31085759337614,residential,,,False,37.26,Medium,89.82
1564744338,1564742616,0,38.52398828658453,secondary,,,False,0.05,Low,99.92
2317410822,6462247775,0,36.98937364735509,residential,,,False,36.54,Medium,90.47
11896565552,11896576908,0,142.5530159004455,tertiary,,,True,38.13,Medium,86.92
10020407177,10020407176,0,112.7370335628066,residential,,,False,35.25,Medium,94.41
7479631149,3148655268,0,28.57541147073209,tertiary,2.0,,False,61.78,High,83.26
13640631110,13640631111,0,114.86512177838428,residential,,,False,36.07,Medium,92.09
11911948726,324663036,0,81.05385894423446,tertiary,,,False,35.6,Medium,93.36
249782489,249782490,0,48.30394040233608,tertiary,,,False,0.05,Low,99.92
2250207269,2250207255,0,32.599344613446604,residential,,,False,0.05,Low,99.91
11397487891,10984741465,0,49.89181983494588,residential,,,False,0.05,Low,99.93
1542668514,1542668419,0,122.1670964589568,residential,,,False,0.05,Low,99.92
1524719882,1524720366,0,36.71422186896349,tertiary,2.0,,True,0.05,Low,99.92
1594859737,1594859699,0,38.09193611052217,residential,,,False,0.05,Low,99.93
2246825813,10079105975,0,41.50089810988577,residential,,,False,0.05,Low,99.92
10156563822,10156563823,0,48.48556266191473,residential,,,False,0.05,Low,99.93
2250668691,10088339492,0,34.24669548353325,residential,,,False,0.05,Low,99.93
2468853950,13880249123,0,24.416427591941748,residential,,,False,0.05,Low,99.92
585216829,11013669900,0,40.9910140814303,residential,,,True,0.05,Low,99.92
11012060277,6505832556,0,7.729183085361798,residential,,,False,53.35,High,54.29
456156849,12153028221,0,103.57940600606852,tertiary,2.0,,True,58.9,High,76.19
1914928011,1914928010,0,42.41706375862985,residential,,,False,0.05,Low,99.92
10072561234,2145322151,0,191.48681637664973,residential,,,False,57.82,High,72.56
1597548082,1597548258,0,36.83893555835948,residential,,,False,0.05,Low,99.93
7404449091,7404449114,0,146.93337477793753,residential,,,False,95.92,Critical,91.77
6904550862,529003472,0,132.11661030859355,secondary,,,True,0.06,Low,99.92
427593190,427593191,0,72.10633350251206,residential,,,False,37.05,Medium,89.02
747667394,7298937444,0,99.7684027851038,residential,,,False,99.6,Critical,98.99
1607671485,3145247015,0,34.693834996459,residential,,,False,0.05,Low,99.93
11411565870,7414033009,0,75.10395180909278,residential,,,False,46.37,Medium,62.25
10028885238,10028885239,0,38.28564855390759,residential,,,False,0.05,Low,99.93
10081533734,442437947,0,64.59863647254028,residential,,,False,35.42,Medium,93.83
1145362952,1835530180,0,61.19784384674736,residential,3.0,,True,0.05,Low,99.92
4950292398,4950331731,0,238.14210708062467,residential,,,False,34.02,Medium,97.98
249086274,10861671009,0,105.00718763749842,residential,,,False,0.05,Low,99.92
2250058012,2250057981,0,78.99102218604698,residential,,,False,52.53,High,56.78
2645199677,7440718031,0,136.4570524021142,living_street,,,False,58.27,High,73.94
13130383419,13130383419,0,39.549227997523104,residential,,,True,36.7,Medium,89.94
11031759567,2244731722,0,58.39187567675452,residential,,,False,40.57,Medium,78.49
10091815498,10091815497,0,32.25773512296647,residential,,,False,35.9,Medium,92.45
3014034727,1632150396,0,87.47667348378648,tertiary,,,False,0.05,Low,99.91
4316622360,2558406916,0,252.5428681294248,residential,,,False,39.73,Medium,81.6
1837674748,6137542324,0,120.04088906456376,residential,,,False,0.05,Low,99.92
2460375004,1299725533,0,52.23276543853752,residential,,,False,0.05,Low,99.93
1522655869,1522655979,0,109.9468357096084,residential,,,False,0.05,Low,99.92
7370985229,2463919035,0,96.12128679766724,residential,,,False,35.28,Medium,94.23
1435578872,1435578885,0,132.21581139366566,tertiary,,,True,55.1,High,64.37
7477677663,11011604089,0,50.23857471230177,residential,,,False,0.05,Low,99.93
308466204,2550219096,0,115.41899620931784,residential,,,False,55.67,High,66.33
7462766534,3039021473,0,58.02332573835256,residential,,,False,58.74,High,72.09
463681269,463681271,0,100.7090483150497,residential,,,False,52.76,High,56.9
13640220637,454120517,0,21.77261490728236,residential,,,False,0.05,Low,99.92
1388142914,10079138025,0,29.78679126930828,residential,,,False,0.05,Low,99.92
10991331317,13260889460,0,27.870936861106355,residential,,,False,59.16,High,74.86
1473993735,1473995342,0,36.58538044404309,residential,,,False,0.05,Low,99.93
9864167381,9864167383,0,31.72967220110132,residential,,,False,0.05,Low,99.92
1566568835,1566568833,0,104.7057005732472,residential,,,False,0.05,Low,99.92
6809618271,248677041,0,77.94415675865719,residential,,,False,0.05,Low,99.92
10024131080,9192226785,0,26.30831225690962,residential,,,False,0.05,Low,99.92
960240614,9184322720,0,91.22066512430688,residential,,,False,0.05,Low,99.92
4952592390,4952592404,0,38.37197988456625,living_street,,,False,0.05,Low,99.93
4950155142,4950155141,0,67.23475193716415,residential,,,False,99.79,Critical,99.58
2248543639,2248543631,0,147.17766867720016,residential,,,False,37.51,Medium,87.63
11359579983,766836595,0,20.55869798641041,residential,,,False,0.05,Low,99.92
306589626,3931954080,0,135.66698606575312,secondary,2.0,,False,37.46,Medium,87.9
273444239,961502441,0,152.7999158666429,residential,,,False,0.05,Low,99.92
13677957552,13677957815,0,22.84655127872381,residential,,,False,0.05,Low,99.92
2246196334,2246196311,0,27.69088776156339,residential,,,False,0.05,Low,99.92
11434513784,11434513787,0,75.24694269100988,residential,,,False,58.87,Medium,52.61
1414410909,7175175825,0,35.07934473634059,residential,,,False,99.54,Critical,98.88
494245008,494244963,0,113.67612502666324,residential,,,False,0.05,Low,99.92
7298937730,7298937732,0,19.081432543580828,residential,,,False,0.05,Low,99.92
463722648,10023978960,0,30.889915862107745,residential,,,False,0.05,Low,99.93
9786123492,1474200428,0,6.327308056902728,residential,,30,False,0.05,Low,99.92
11245714088,5292300571,0,122.21368417107742,residential,,,False,38.08,Medium,86.49
4948430324,4948430328,0,35.44412674441739,residential,,,False,35.48,Medium,93.68
11554362419,431533438,0,1077.3444710688962,secondary,2.0,50.0,True,89.92,Critical,80.41
1575576675,1575576644,0,143.3501686143089,residential,,,False,0.05,Low,99.92
13380680074,10905648447,0,270.79690617992105,tertiary,,,True,99.46,Critical,98.87
7089243679,7089243678,0,35.72083038893,residential,,,False,76.55,Critical,61.6
9187864903,9187864908,0,34.56732310911525,residential,,,False,42.52,Medium,72.46
7377606289,2250207748,0,61.417781959245616,residential,,,False,56.16,High,67.46
1602149154,1602148696,0,104.35174643020164,residential,,,False,36.87,Medium,89.73
7478154776,7478154773,0,44.12776627787266,residential,,,False,49.94,Medium,54.95
10041876832,10041876833,0,34.39278077739067,residential,,,False,0.05,Low,99.93
7287518233,309595961,0,201.30630335878897,residential,,,False,0.05,Low,99.92
363791478,6528479940,0,25.65792361299464,residential,,,False,0.05,Low,99.92
5267402561,306623127,0,61.58475776540032,residential,,,False,0.05,Low,99.92
1539293960,10042281471,0,278.33187921242046,residential,,,False,0.06,Low,99.91
2248546527,6167792967,0,76.93885823861021,residential,,,False,0.05,Low,99.92
11411858114,7425452621,0,495.7454829983407,residential,,,False,35.7,Medium,93.06
4537989034,9785039450,0,115.41065327660137,residential,,,False,0.05,Low,99.92
9192069926,5327204648,0,14.531894526914012,residential,,,False,0.05,Low,99.92
594599815,1384797785,0,52.4689399665447,residential,,,False,58.4,High,74.51
3139560689,3139560696,0,168.6723291948991,residential,,,False,0.05,Low,99.92
6536415841,12157364887,0,692.4337004942206,tertiary,,,False,68.8,High,84.18
7484407808,7484407814,0,14.387563227571505,residential,,,False,0.05,Low,99.92
1520838662,1520839036,0,40.13063493743569,residential,,,True,0.05,Low,99.92
11027168698,7479630588,0,115.47473379067604,residential,,,False,71.3,High,76.64
11436700603,6142056158,0,320.166671260801,tertiary,,,False,99.58,Critical,98.99
13877530781,12956054174,0,470.11868441101205,tertiary,,,True,50.72,High,51.44
11402795767,11402800369,0,12.709376491528342,living_street,,,False,0.05,Low,99.92
1590434809,1590434981,0,31.318161464210565,residential,,,False,0.05,Low,99.93
13271647306,514346194,0,14.65404190619168,tertiary,,,False,0.05,Low,99.92
11006961759,7290391067,0,146.8788556570653,residential,,,False,38.21,Medium,85.35
683067995,620136168,0,29.510763045607533,residential,,,False,0.05,Low,99.92
10187795085,10187795084,0,30.27694408945633,residential,,,False,99.62,Critical,99.04
7479630857,7479630859,0,59.59099666876237,residential,,,False,58.34,High,74.45
7463040541,7378948837,0,166.60636406169613,residential,,,False,38.21,Medium,85.6
3870439580,3870439578,0,96.60191310408464,residential,,,False,40.98,Medium,85.63
1836983534,11204574011,0,42.62195683986116,residential,,,False,35.88,Medium,92.77
448306751,448306747,0,134.60013108166254,residential,,,False,38.03,Medium,86.42
3872554264,7239317660,0,68.78145332230906,residential,,,False,0.05,Low,99.92
3844927213,9184290487,0,329.78747396904373,residential,,,False,56.49,High,68.19
2723746993,6132935647,0,349.5581655425623,secondary,,60.0,True,54.64,High,62.89
1442364672,1442364342,0,203.49902785733096,residential,,,False,40.18,Medium,80.19
13790920637,13790920640,0,84.39853657575041,residential,,,False,88.04,Critical,72.27
4948855812,4948855815,0,62.85880271664949,residential,,,False,0.05,Low,99.92
1466917237,1466917234,0,119.64951599654712,residential,,,False,0.05,Low,99.92
3868729560,3868729561,0,88.37491965917556,residential,,,False,0.05,Low,99.91
3870439569,10020593061,0,31.397870580777425,residential,,,False,0.05,Low,99.93
7146517859,7378174449,0,194.58117256064543,residential,,,True,42.49,Medium,72.68
429286749,429286745,0,124.94511203443552,residential,,,False,41.22,Medium,77.93
11409341814,11409327905,0,31.489813924768285,residential,,,False,0.05,Low,99.92
10848088936,10848088918,0,7.53841088672601,residential,,,False,39.79,Medium,82.04
7358485012,7358485014,0,16.91223082106325,residential,,,False,0.05,Low,99.92
10091339524,10091339526,0,17.78349221268785,residential,,,False,0.05,Low,99.92
2124745535,13851353727,0,823.5229362213795,secondary,2.0,,False,54.77,High,63.05
2257274293,14026391884,0,56.62621820334363,tertiary,2.0,,True,0.05,Low,99.92
308448882,959510088,0,99.7473373393118,secondary,2.0,,False,37.22,Medium,88.63
1553420086,1553419950,0,118.3111587625911,residential,,,False,0.05,Low,99.92
7384329668,555674872,0,78.3399725293452,residential,,,False,60.62,High,81.5
3530402065,9192052284,0,45.23182672840109,residential,,,False,0.05,Low,99.92
10079160479,10079160474,0,29.506807451766893,living_street,,,False,0.05,Low,99.92
11936380278,648119847,0,651.7798662613875,tertiary,2.0,,True,62.18,High,85.54
10209111401,1438144821,0,3.786850508376904,residential,,20,False,0.05,Low,99.92
7484286236,3145279008,0,51.43582792531649,residential,,,False,34.82,Medium,96.26
1517891997,1517891982,0,32.59754585567306,residential,,,False,37.73,Medium,87.26
11383014055,12141951672,0,171.0030328335317,residential,,,False,35.21,Medium,94.5
3872487124,3872487129,0,139.57774436534694,residential,,,False,40.89,Medium,77.59
11416424766,11416424768,0,25.84088918560366,residential,,,False,0.05,Low,99.92
7409465908,7409465907,0,38.557433159732426,residential,,,False,43.74,Medium,70.71
9700303095,12961466054,0,7.592774331205476,secondary,2.0,,True,35.87,Medium,93.56
7465485375,7287791575,0,36.36715468074749,residential,,,False,0.05,Low,99.93
736207601,317821937,0,49.26742106638928,residential,,,False,0.05,Low,99.93
7467198445,7467198444,0,88.92594882315389,residential,,,False,35.67,Medium,93.36
10996629655,10996629656,0,42.935030087122165,residential,,,False,0.05,Low,99.92
3150076282,3150076274,0,35.809886924289856,tertiary,,,False,44.5,Medium,66.65
492652813,492652820,0,40.6639971899738,tertiary,,,False,0.05,Low,99.92
10088676639,1838768174,0,30.46957929456134,residential,,,False,61.38,High,83.75
7409828319,7409828322,0,46.35652956196608,residential,,,False,0.05,Low,99.93
7265733821,7265733814,0,257.76953651235283,residential,,,False,51.66,High,52.65
618253127,11893410411,0,439.41143803914383,secondary,2.0,,True,37.03,Medium,89.01
3168013854,3168013853,0,89.06338633886473,residential,,,False,36.23,Medium,91.51
10035778916,10035778915,0,34.8347783379429,residential,,,False,0.05,Low,99.93
11909429990,10653965926,0,414.122682944053,motorway,,120.0,True,92.83,Critical,82.66
7207641480,7207641473,0,127.90636284640874,residential,,,False,37.13,Medium,88.75
13371091995,1037133611,0,104.7816395630866,tertiary,,,False,0.05,Low,99.91
463681063,426941403,0,51.84791706713294,tertiary,,,False,35.62,Medium,93.21
10171151283,10171151282,0,69.83923107578762,residential,,,False,36.28,Medium,91.33
442438089,442438091,0,67.68127499416049,residential,,,False,0.05,Low,99.92
2248546192,599212365,0,19.46818046131166,residential,,,False,0.05,Low,99.92
9605401025,9605401026,0,129.87501656107375,residential,,,False,36.24,Medium,91.25
4948835755,960240719,0,24.371144679382105,residential,,,False,56.46,High,68.26
7287910496,13287231507,0,95.40281978288252,residential,,,False,0.05,Low,99.92
3396985385,2446925233,0,24.911238790414565,tertiary,,,False,0.05,Low,99.92
251106828,251106717,0,662.4216781085174,residential,,30.0,False,40.62,Medium,79.51
2787014188,2787014182,0,46.8001702302242,tertiary,,,False,46.72,Medium,60.06
2194027981,2194027983,1,436.4034521422231,residential,,,False,35.86,Medium,92.49
9190541000,9190541001,0,36.29605708910955,residential,,,False,0.05,Low,99.93
10079135426,10079135427,0,27.211764903204557,residential,,,False,0.05,Low,99.92
3680198248,1438272980,0,24.11276889066429,residential,,,False,0.05,Low,99.92
1468856210,10094723895,0,7.076699566039113,residential,,,False,0.05,Low,99.92
6194263852,2246589161,0,174.54100976826564,residential,,,False,0.05,Low,99.92
7433770436,1837299984,0,71.4241128334772,secondary,,,False,70.47,High,70.76
329205220,3592142958,0,52.471957540237575,residential,,,False,0.05,Low,99.92
11431905298,1517486909,0,36.11843871825192,residential,,,False,0.05,Low,99.93
7433399761,419795557,0,207.7423201052873,secondary,,,False,93.0,Critical,87.76
10206682537,1485693061,0,179.55172051552483,residential,,,False,99.71,Critical,99.38
1376905667,1376905672,0,102.41125688441346,residential,,,False,53.59,High,60.19
11031969821,9885034139,0,187.9944532057812,residential,,,False,39.77,Medium,81.02
7287505866,7287518823,0,26.86044375815037,residential,,,False,0.05,Low,99.92
1726148405,13929364696,0,542.2009943861937,secondary,3.0,30.0,True,37.17,Medium,89.34
2248442331,2248442333,0,153.796466536979,residential,,,False,39.69,Medium,81.11
12462480293,12462480294,0,111.94156801425522,residential,,,False,0.05,Low,99.92
13785180787,13785180798,0,52.84695202082909,residential,,,False,99.86,Critical,99.7
4952656463,4952656462,0,49.18075443883365,tertiary,2.0,,True,47.62,Medium,58.1
10206701518,10206701519,0,26.91499327548999,residential,,,False,0.05,Low,99.92
12951130523,14056154835,0,26.06913453545232,residential,,,False,92.98,Critical,88.52
9784696350,559375851,0,32.21333224576199,residential,,,False,99.66,Critical,99.29
13288517489,6559999222,0,17.030834035494273,residential,,,False,0.05,Low,99.92
9720149317,9720119216,0,102.88573220516616,residential,,,False,40.03,Medium,80.02
1383118265,1383118373,0,38.89965533586442,residential,,,False,0.05,Low,99.92
1512864939,1512865119,0,112.7764562599571,residential,,,False,0.05,Low,99.92
2248546528,10042269497,0,161.1140780910375,residential,,,False,0.05,Low,99.92
582589336,582589339,0,39.5042745538011,residential,,,False,0.05,Low,99.92
5133070906,5133070907,0,104.79790635197682,residential,,,False,35.44,Medium,93.69
298774979,269699408,0,181.78666209747425,residential,2.0,,False,35.58,Medium,93.43
2272931048,6152750687,0,26.60615887344691,residential,,,False,36.79,Medium,89.93
10095028697,582589138,0,58.67391298198508,residential,,,False,0.05,Low,99.92
4491755968,2248663168,0,61.41522580100707,residential,,,False,0.05,Low,99.92
1521157887,1521157647,0,42.85185024513162,residential,,,False,0.05,Low,99.92
2248663135,10039209758,0,47.91709159068826,residential,,,False,56.22,High,67.07
3527330468,3527330475,0,114.729661871375,residential,,,False,44.5,Medium,66.61
4294218124,4294224252,0,598.6447227280036,primary,3.0,30.0,True,61.95,High,84.2
1570902836,1570907490,0,216.08701296657347,residential,,,False,36.86,Medium,89.75
11235520072,11235520075,0,54.62932324830065,residential,,,False,86.78,Critical,75.89
3039042542,3039042541,0,4.783816120403192,residential,,,False,0.05,Low,99.92
7484066958,1838656442,0,74.44381560228433,residential,,,False,0.05,Low,99.92
12882769513,11888193797,0,432.1428264561478,trunk,2.0,,True,55.87,High,65.97
7290668489,7480122482,0,33.47828629967694,residential,,,False,0.05,Low,99.93
493530832,248766831,0,305.79429918370806,secondary,2.0,,True,57.54,High,71.32
12809451103,10079377679,0,43.03479528320739,living_street,,,False,55.99,High,67.31
463681659,463680976,0,40.479256624709976,residential,,,False,0.05,Low,99.92
493539045,493539046,0,22.311799043237517,residential,,,False,0.05,Low,99.92
9821895341,10110852551,0,24.4365769130237,residential,,,False,0.05,Low,99.92
503260729,503260732,0,67.0324372188163,residential,,,False,0.05,Low,99.92
7437638272,13086177511,0,256.0537478710165,tertiary,,,False,35.6,Medium,93.32
2221301181,13270231481,0,41.01127853049617,residential,,,False,0.05,Low,99.93
12314495849,12314495850,0,141.21887913359262,living_street,,,False,38.47,Medium,84.78
9612008952,2244849283,0,220.443437939513,residential,,,False,0.05,Low,99.92
1339732539,1339732314,0,175.64871016274202,residential,,,False,37.03,Medium,89.03
1438379059,3130782394,0,58.33322412444127,tertiary,,,False,0.05,Low,99.92
10024099172,10024099164,0,77.66135785358587,residential,,,False,0.05,Low,99.92
3149606047,3149606046,0,22.080312421510914,tertiary,,,False,0.05,Low,99.92
10026279300,10026279295,0,97.8989267052221,residential,,,False,35.13,Medium,94.65
6861885471,5329111658,0,160.54468494259186,residential,,,False,40.19,Medium,79.49
2558406896,2558406892,0,80.00376756346371,residential,,,False,0.05,Low,99.92
7453259802,1529422790,0,111.18822131992508,residential,,,False,39.17,Medium,82.91
3743040828,13238532975,0,21.972420188146547,residential,,,False,0.05,Low,99.92
10091949573,10091949571,0,28.44379046130968,residential,,,False,0.05,Low,99.93
5330655617,5330655615,0,31.717007957460336,residential,,,False,0.05,Low,99.92
1557401946,1557409441,0,13.23512970889682,residential,,,False,0.05,Low,99.92
4671306317,4671306298,0,306.11602525110254,residential,,,False,37.5,Medium,87.48
6285630134,6285630136,0,158.47271985788814,residential,,,False,37.08,Medium,88.9
2246324746,2246324735,0,32.77833641594572,residential,,,False,0.05,Low,99.91
7425453181,7425453182,0,95.60588691191626,residential,,,False,0.05,Low,99.92
10044274781,9780516209,0,88.07473409957166,residential,,,False,37.85,Medium,86.63
4952439930,4952439939,0,224.1144676000769,residential,,,False,35.82,Medium,92.59
7298163666,4597826524,0,1117.2321159083435,tertiary,2.0,40.0,False,40.12,Medium,80.86
4491755973,4491755974,0,34.367461442783274,residential,,,False,0.05,Low,99.93
10081476798,10081476794,0,27.726073460349188,residential,,,False,0.05,Low,99.92
10042269474,10042269472,0,24.64802771725792,residential,,,False,0.05,Low,99.92
1557150564,1557150544,0,30.65353256757048,residential,,,False,0.05,Low,99.92
10026337224,1566568723,0,29.164861347520272,residential,,,False,37.01,Medium,89.06
631546901,631546932,0,92.83839544475067,residential,,,False,37.8,Medium,86.73
272718344,2039946567,0,68.7438319995771,secondary,,,False,0.05,Low,99.91
7484941125,7484941124,0,44.68975613699969,residential,,,False,95.48,Critical,91.48
469070059,477169964,0,47.70048802631556,tertiary,2.0,,False,0.05,Low,99.92
1646559805,1646559873,0,31.32916154413713,residential,,,False,0.05,Low,99.93
10094763086,10094763087,0,43.17372576374446,residential,,,False,38.95,Medium,88.61
665794086,3874448340,0,46.81783911603114,tertiary,,,False,58.68,High,72.64
7374276412,1336687458,0,462.5363891828942,tertiary,,,False,55.18,High,64.12
2460224329,2460224330,0,38.228883594608426,residential,,,False,0.05,Low,99.93
7298163669,9805586375,0,82.9152027730558,residential,,,False,99.22,Critical,98.52
2451394260,2451394261,0,105.05208269301734,residential,,,False,36.11,Medium,91.61
1851131109,1851131094,0,160.76357407302137,residential,,,False,38.32,Medium,85.39
7374251281,4958076554,0,634.5852621594303,residential,,,False,35.57,Medium,93.93
11414499616,7461904506,0,9.22922021991439,residential,,,False,43.93,Medium,70.44
10081408683,10091505352,0,24.09825582807112,residential,,,False,44.58,Medium,67.91
10312578422,567320461,0,180.0739728498003,tertiary,,,False,38.0,Medium,86.36
343601824,6194946707,0,107.0923631534382,residential,,,False,38.88,Medium,83.33
12157527446,493539082,0,59.66180890618502,residential,,,False,0.05,Low,99.92
1702636548,3874491301,0,96.44013666395703,residential,,,False,0.05,Low,99.92
12188089369,5319569131,0,91.0052352455761,tertiary,,,False,35.24,Medium,94.83
10994190170,7461717251,0,46.109732526729694,residential,,,False,34.93,Medium,95.55
9898893783,9187757834,0,41.23084621493045,residential,,,False,93.73,Critical,85.9
3168013826,3168013836,0,32.67299849233941,residential,,,False,0.05,Low,99.91
461539075,461539071,0,55.487808730877646,residential,,,False,0.05,Low,99.93
248525409,10289145755,0,212.3759002784845,primary,2.0,,True,36.7,Medium,89.89
12607435267,10060517343,0,67.89134209693366,secondary,,,True,35.0,Medium,95.64
4952656465,4952656466,0,116.27598345103227,residential,,,False,0.05,Low,99.92
1836940227,1836940202,0,168.34217990381592,residential,,,False,36.99,Medium,89.31
1573016493,2632232481,0,51.31216876140087,residential,,,False,0.05,Low,99.93
6901407749,248774377,0,10.00547683861067,tertiary,,,False,0.05,Low,99.92
3844927207,13118755131,0,515.1262987924368,tertiary,2.0,,True,62.89,High,87.4
12496073771,13095798078,0,81.79779896381518,residential,,,False,37.37,Medium,88.07
1621752281,1621752356,0,155.64249950570942,residential,,,False,0.05,Low,99.92
10129524861,597084152,0,299.46308614480563,primary,4.0,,True,37.74,Medium,88.01
443214347,6136711880,0,27.311652731357725,tertiary,,,False,0.05,Low,99.92
2244731055,2244731040,0,189.6730351950854,residential,,,False,35.29,Medium,94.29
4511497596,4511497594,0,31.12665355263275,residential,,,False,0.05,Low,99.93
3148620696,4475027221,0,35.00602578567939,residential,,,False,0.05,Low,99.93
2244851032,2244851014,0,72.98398890952649,residential,,,False,36.3,Medium,92.08
1289949428,1289949458,0,262.68636501345924,residential,,,False,35.99,Medium,92.05
2645311850,2645311881,0,130.45959739336703,residential,,,False,0.05,Low,99.92
3396968854,3396968859,0,33.090202637588945,residential,,,False,0.05,Low,99.92
6746631372,5295568654,0,58.35272015794431,residential,,,False,37.49,Medium,87.85
378714706,10951087533,0,352.40272307476295,primary,,,False,37.04,Medium,89.21
7462014210,11045618088,0,202.29374887162444,residential,,,False,0.05,Low,99.92
7467127515,9787663613,0,303.82217320011347,residential,,,False,36.89,Medium,90.14
10095028627,3448477074,0,115.30231667030546,residential,,,False,35.89,Medium,92.38
10079213846,10079173601,0,15.039816765487595,secondary,,,False,0.05,Low,99.92
6194605793,10845802271,0,15.353277681388278,tertiary,,,False,0.05,Low,99.92
10759061471,10035730238,0,54.34390728558122,residential,,,False,0.05,Low,99.93
4041189707,4041189546,0,52.91709448457816,residential,,,False,53.13,High,58.87
11913485759,11044471520,0,244.0901771308557,secondary,2.0,,True,36.21,Medium,91.99
7371583597,11266490612,0,34.29223308190934,residential,,,True,56.07,High,66.82
2991247480,2991247475,0,115.8782369958173,residential,,,False,39.0,Medium,84.27
4952439191,4948782268,0,203.4598797032837,residential,,,False,47.39,Medium,58.68
2246195752,2246195760,0,67.1568180125037,residential,,,False,36.46,Medium,91.3
292563598,11888184756,0,17.86430103110427,secondary,,,True,99.75,Critical,99.37
7414033014,7424885298,0,68.34803451195347,residential,,,False,38.52,Medium,84.65
308448881,959253530,0,186.049909328754,residential,,,False,36.28,Medium,91.56
11173722869,11173722867,0,18.117401555967746,residential,,,False,58.59,High,74.9
10072869277,7410530589,0,20.189937106117647,residential,,,False,0.05,Low,99.92
10091596936,3543182229,0,79.26260989442231,residential,,,False,37.5,Medium,87.48
459801182,459801181,0,35.07550125872,residential,,,False,0.05,Low,99.93
3148645692,3148645664,0,102.34731301140869,residential,,,False,38.43,Medium,86.12
11383038919,11383462354,0,130.4976207575517,residential,,,False,61.16,High,80.65
5966255503,5966255501,0,69.40531147917855,residential,,,False,50.6,Medium,52.13
9695761683,11385460446,0,25.3765020572717,unclassified,,,False,35.52,Medium,93.49
3396931074,3396931071,0,30.8327223672356,residential,,,False,0.05,Low,99.93
7200087620,463681740,0,56.04209941792941,residential,,,False,0.05,Low,99.92
6521861577,6521861579,0,80.7803761254599,residential,,,False,0.05,Low,99.92
1635307802,1635308092,0,97.27857558750348,residential,,,False,34.76,Medium,95.83
3149270161,3149270159,0,60.63383514911795,residential,,,False,0.05,Low,99.92
10839288578,10839288582,0,94.61081394893398,living_street,,,False,0.05,Low,99.92
10020519594,2248546167,0,59.51110197394308,residential,,,False,38.58,Medium,87.76
1557273147,1557273136,0,117.91206820036992,residential,,,False,0.05,Low,99.92
4918188102,1377861104,0,104.53576576509371,residential,,,False,34.82,Medium,95.71
1344698628,1911102922,0,51.6161260512307,residential,,,False,35.72,Medium,92.92
11849751725,11849664512,0,46.26653582752036,primary,2.0,,True,38.5,Medium,85.32
10206957249,2247837808,0,176.65872350801453,residential,,,False,55.51,High,65.37
2461372358,574364953,0,137.7294541723673,tertiary,,,False,0.05,Low,99.92
7287467675,249075498,0,181.40227872642893,tertiary,,,False,45.88,Medium,65.17
7425453148,7425453147,0,77.77820100458243,tertiary,2.0,,True,38.74,Medium,84.43
7404888046,7404888047,0,77.85199335248237,residential,,,False,0.05,Low,99.92
6536708552,10575940332,0,150.89629218002807,residential,,,False,36.55,Medium,90.44
1417443247,3168015473,0,64.71142488208368,residential,,,False,0.05,Low,99.92
272717139,3034593622,0,130.4691319597073,residential,,,False,52.33,High,54.75
699722357,2250391934,0,930.5509344150672,primary,3.0,80.0,True,37.86,Medium,86.55
10156676110,7436997275,0,36.36897169026495,residential,,,False,0.05,Low,99.93
1371947577,1371947767,0,59.49249372680076,residential,,,False,0.05,Low,99.92
2248441636,2248441609,0,74.25719388821797,residential,,,False,0.05,Low,99.92
11397522157,11397522158,0,98.5322663081951,residential,,,False,50.84,High,51.05
12075650279,4030004532,0,471.56987593604015,primary,2.0,,True,36.18,Medium,91.59
9682390113,9682390109,0,142.12377099077958,residential,,,False,0.05,Low,99.92
1512512233,1512512244,0,84.96797893774006,residential,,,False,40.27,Medium,79.18
14062115611,14062115609,0,36.53850986469481,residential,,,False,0.05,Low,99.93
12196931957,12196931958,0,30.5613833653714,residential,,,False,81.85,Critical,51.49
9778553750,9778553751,0,99.5248274829113,residential,,,False,0.05,Low,99.92
13251647885,13251647886,0,36.06206654499204,residential,,,False,0.05,Low,99.93
7208382379,7208382380,0,68.69775824860241,residential,,,False,36.62,Medium,91.21
1466669154,7465377011,0,36.07622357045196,tertiary,,,True,54.52,High,59.39
2228386535,2228386532,0,51.22434557830763,residential,,,False,36.59,Medium,90.52
4948727680,4948727688,0,48.27406127066367,residential,,,False,39.14,Medium,82.92
1529423101,1529422866,0,36.31528695484682,residential,,,False,0.05,Low,99.93
13949099612,5330505111,0,35.55761960905773,residential,,,False,0.05,Low,99.93
254661639,429231001,0,9.747082508336328,residential,,,False,0.05,Low,99.92
272710484,3038883036,0,23.61553765871138,secondary,2.0,,False,0.05,Low,99.92
4952686912,4952686910,0,85.73186368209628,residential,,,False,37.98,Medium,86.29
2248240629,7403958808,0,21.41663960171823,residential,,,False,0.05,Low,99.92
11021995712,1791639581,0,86.90859351664163,residential,,,False,0.05,Low,99.91
4316622788,4316622741,0,110.17638698288822,residential,,,False,35.48,Medium,93.91
1368117382,1103012303,0,831.6360155739694,residential,,,False,40.52,Medium,79.62
6085553806,514428762,0,5.567449307502543,residential,,,False,0.05,Low,99.92
13805505885,13805505884,0,27.2592453111829,secondary,,,True,0.05,Low,99.92
267217102,267217059,0,663.449752967844,secondary,,,True,39.56,Medium,84.23
1523171223,2223884601,0,34.15144483543765,residential,,,False,0.05,Low,99.93
4950361295,11411389726,0,27.539569525702515,tertiary,,,False,0.05,Low,99.92
9751486639,9751486640,0,29.61882136949296,residential,,,False,0.05,Low,99.92
6152844618,10097122302,0,62.459183996447166,residential,,,False,34.85,Medium,95.61
1521158019,1521157691,0,93.2252304766403,residential,,,False,0.05,Low,99.92
7377821387,13787730870,0,78.58209910049383,residential,2.0,,False,41.21,Medium,76.84
7410103980,7410103981,0,47.28283906743174,residential,,,False,0.05,Low,99.92
12993646207,12993645884,0,914.2541948404868,residential,,,False,55.11,High,64.35
2421938045,2421938078,0,86.79866280663354,residential,,,False,0.05,Low,99.91
1607547343,1607547391,0,24.932614802789704,tertiary,,,False,0.05,Low,99.92
11827253885,3530426108,0,550.7588555506574,tertiary,2.0,,False,35.29,Medium,94.28
1473225319,7478815555,0,17.502321263909174,residential,,,False,0.05,Low,99.92
2193998043,2193998070,0,178.40764431198045,residential,,,False,38.73,Medium,83.81
1371816440,1371816417,0,84.11628988842267,residential,,,False,0.05,Low,99.91
10039201679,7232607771,0,114.87793055763598,residential,,,False,37.67,Medium,87.21
2223841003,2223840999,0,18.97886148640739,residential,,,False,0.05,Low,99.92
1600051209,1600051184,0,96.85560559203476,residential,,,False,34.81,Medium,95.7
303975877,459820551,0,38.18298262149907,residential,,,False,36.87,Medium,92.53
7478128243,6137900203,0,30.154526130841187,residential,,,False,0.05,Low,99.92
3739201969,2408528591,0,383.32995127294765,trunk,3.0,80.0,True,58.25,High,72.29
7453283627,7453283620,0,24.10618954482289,residential,,,False,0.05,Low,99.92
10185449299,4950818802,0,30.615107489140645,residential,,,False,0.05,Low,99.92
1600082690,1600082894,0,135.81872848961112,residential,,,False,41.27,Medium,76.31
308461043,362471357,0,164.0392368773857,residential,,,False,38.11,Medium,85.69
9187817115,2248439866,0,60.11413516099847,residential,,,False,62.25,High,67.19
13811792564,13811792565,0,105.43234764088928,residential,,,False,36.18,Medium,92.96
7461683781,2421937664,0,105.58303301632824,residential,,,False,0.05,Low,99.92
4041189639,4041189551,0,88.27859799756693,residential,,,False,90.54,Critical,82.51
954914656,1851131603,0,77.77129333208387,residential,,,False,0.05,Low,99.92
2460558612,324663052,0,14.21070364077819,tertiary,2.0,,False,0.05,Low,99.92
7428733994,2633816047,0,111.37103474027948,residential,,,False,35.24,Medium,94.35
7291205388,3034560386,0,10.408086241666412,residential,,,False,0.05,Low,99.92
7298937170,12154153170,0,139.2556213155084,residential,,,False,42.5,Medium,72.59
461755418,461754769,0,32.69466075595439,residential,,,False,0.05,Low,99.91
13253659984,1569057474,0,96.99237109841108,residential,,,False,0.05,Low,99.92
10696439828,1633904751,0,13.08403699320963,tertiary,,,False,0.05,Low,99.92
3544504226,3544504243,0,108.62134726050456,residential,,,False,0.05,Low,99.92
6131957097,6336079253,0,5.361900556700788,residential,,,False,0.05,Low,99.92
4833570264,493493935,0,41.75734799091903,residential,,,False,0.05,Low,99.92
1388142626,1569206963,0,47.64866432247703,residential,,,False,0.05,Low,99.92
7435569314,7435569315,0,57.46089613552153,residential,,,False,0.05,Low,99.92
10044159705,10044159707,0,34.82870910178772,residential,,,False,49.43,Medium,51.87
2645311211,1344698949,0,31.769937242884524,residential,,,False,0.05,Low,99.92
1377687513,13304505627,0,198.4584460027768,residential,,,False,38.9,Medium,83.89
11812221695,6620856859,0,120.88949010152726,tertiary,,,True,38.09,Medium,86.47
2194023363,2460219172,0,39.34959661666316,secondary,,,True,0.05,Low,99.92
10081327929,442107254,0,96.36123433214064,residential,,,False,34.93,Medium,95.33
5122352207,442437927,0,115.56438146132908,residential,,,False,0.05,Low,99.91
10994493304,10994537105,0,22.41713859988507,residential,,,False,56.97,High,66.42
11259345552,11301462500,0,550.0696620561464,residential,,,False,37.48,Medium,87.56
1328155432,12107761071,0,227.59045026243908,tertiary,,25.0,True,55.61,High,66.33
7383827873,7383827869,0,57.98087182528017,residential,,,False,0.05,Low,99.92
599226465,13633589983,0,41.5108015882356,residential,,,False,0.05,Low,99.92
4950714180,4950714179,0,69.99437814213776,residential,,,False,37.11,Medium,89.0
2247888259,2247888260,0,32.12795535052163,residential,,,False,0.05,Low,99.92
9190540930,2227928220,0,6.46491207353499,residential,,,False,0.05,Low,99.92
12778073198,1553702832,0,123.23249242039472,tertiary,,,False,0.05,Low,99.92
529359463,529359461,0,40.79330750722558,tertiary,,,False,51.59,Medium,50.76
1594231450,7485457356,0,6.08155315087591,secondary,,,False,0.05,Low,99.92
10060858514,7414183824,0,25.974021843865675,residential,,,False,0.05,Low,99.92
2248663660,2248663634,0,34.72656375566344,residential,,,False,0.05,Low,99.93
7088469651,7088469654,0,52.29272827910553,living_street,,,False,36.7,Medium,90.48
2250290109,7486031678,0,22.075947887642904,residential,,,False,0.05,Low,99.92
10188079336,10188079337,0,40.90591755782755,residential,,,False,0.05,Low,99.93
13152351488,11001480352,0,64.41609871368895,residential,,,False,0.05,Low,99.92
412944373,412944366,0,113.8953148234382,residential,,,False,37.26,Medium,88.44
1317118609,1500590866,0,149.31826971233727,residential,,,False,46.32,Medium,61.2
3038860964,3038860963,0,81.00527229878125,residential,,,False,56.59,High,69.13
7457688478,2421937645,0,32.023572365098715,residential,,,False,0.05,Low,99.92
1560168993,687332600,0,281.4807233434183,primary_link,,,True,44.03,Medium,68.01
1590866160,1590866173,0,58.1381334937619,residential,,,False,0.05,Low,99.92
2459531185,2459531186,0,56.24279087647842,residential,2.0,,False,0.05,Low,99.92
7262939753,2246659846,0,8.210009041971384,residential,,,False,0.05,Low,99.92
2287929079,3157717992,0,43.24713347106839,residential,,,False,0.05,Low,99.92
249585508,3533173819,0,46.28309752906007,primary,,,True,35.52,Medium,93.42
12951130515,12951130518,0,154.4838666239946,secondary,,,True,37.5,Medium,87.78
1585277175,10028790273,0,38.32176911514835,residential,,,False,0.05,Low,99.93
6144053881,11027490877,0,206.581955746109,residential,,,False,0.05,Low,99.92
3868683842,7405622380,0,230.33618447256964,residential,,,False,37.46,Medium,87.66
10020592861,11387060352,0,46.62227433925195,residential,,,False,0.05,Low,99.93
1702636549,11380911894,0,72.59253655664558,tertiary,2.0,,False,37.82,Medium,86.95
3529754130,10112912548,0,42.23622161076054,residential,,,False,0.05,Low,99.92
11033916351,12696050650,0,1268.0513210279344,primary,2.0,,True,35.98,Medium,92.76
2250290094,2250290093,0,47.69842917284132,residential,,,False,0.05,Low,99.92
11001060527,11001060526,0,34.73905401351805,residential,,,False,40.88,Medium,79.26
10088671129,1326252991,0,116.82164275316734,tertiary,,,False,0.05,Low,99.91
2645199856,2645199863,0,111.75568811309996,residential,,,False,0.05,Low,99.92
7279291138,9605401075,0,343.7730175854575,residential,,,False,99.73,Critical,99.51
2250057681,2250057704,0,118.44350365238242,residential,,,False,41.53,Medium,75.37
4122305358,4120105463,0,96.41335899609486,tertiary,,,False,0.05,Low,99.91
1835530529,10001010497,0,159.00832003496194,tertiary,3.0,,False,37.95,Medium,87.04
2460540731,6350719585,0,79.74498953505113,residential,,,False,0.05,Low,99.92
13787816805,7456061754,1,182.31001775635983,"['residential', 'unclassified']",,,False,0.05,Low,99.92
6142941167,6142942186,0,27.99294984793937,residential,,,False,0.05,Low,99.92
1305577009,1748486107,0,255.3764698151545,tertiary,2.0,25.0,False,34.65,Medium,96.76
4197704733,309600801,0,182.09150788440843,residential,,,False,50.1,Medium,50.03
7298937635,1817571248,0,833.0478641254219,secondary,2.0,,False,45.15,Medium,64.86
10803713420,10803713418,0,186.5676794930361,residential,,,False,50.93,High,51.31
3527330574,3527330575,0,2.995607969723137,residential,,,False,0.05,Low,99.92
6194008055,3148667924,0,263.1648621813797,residential,,,False,36.68,Medium,89.98
4590824609,4590824601,0,61.2705171345286,residential,,,False,0.05,Low,99.92
11397613409,2447924340,0,144.17839139897706,residential,,,False,36.79,Medium,89.9
4696742612,4696742610,0,170.8733463956092,tertiary,2.0,50.0,True,37.01,Medium,89.19
668464960,668464963,0,31.45939558140077,residential,,,False,0.05,Low,99.92
1594859739,10041232505,0,31.766671407585168,residential,,,False,0.05,Low,99.92
3034559759,3034559760,0,49.2224503495038,residential,,,False,0.05,Low,99.93
1141995265,10079434837,0,319.3416601752927,secondary,,,False,38.21,Medium,85.46
3125527744,3125527743,0,11.626658114901398,residential,,,False,0.05,Low,99.92
2221301229,1383042636,0,53.87412600967739,residential,,,False,0.05,Low,99.93
3034670015,3034670014,0,123.4346792132075,residential,,,False,56.93,High,70.25
11584397727,11584397731,0,259.128722917354,unclassified,2.0,,True,35.16,Medium,94.49
14078048020,1625434047,0,3.422369356616996,residential,,,False,0.05,Low,99.92
7377821479,7377821468,0,35.42990567428815,residential,,,False,38.02,Medium,88.36
7278999899,11009669030,0,31.767465241295696,residential,,,False,0.05,Low,99.92
3874463730,3874463731,0,111.8844811922178,residential,,,False,35.93,Medium,92.69
429415724,10011007458,0,136.05220040791414,tertiary,,,False,0.05,Low,99.92
1485692883,9611955609,0,267.6166524189374,tertiary,,,False,36.8,Medium,89.73
2407764624,2407764625,0,147.7697282724912,residential,,,False,0.05,Low,99.92
10091259585,1837297500,0,245.26322775681683,residential,,,False,0.05,Low,99.91
7208384018,7208384015,0,62.40088402810601,residential,,,False,40.16,Medium,79.57
1118407824,2419063907,0,734.5748580641673,tertiary,,,False,59.11,High,76.1
9192403445,1473775642,0,74.81113020897041,residential,,,False,38.78,Medium,83.86
443614282,443614281,0,26.425758868350265,residential,,,False,0.05,Low,99.92
12078798115,1094079327,0,255.979942045574,primary,2.0,,True,35.07,Medium,94.81
1532648899,1532648931,0,87.00058547762715,residential,,,False,43.2,Medium,70.41
7462766543,3039021491,0,14.668349490303113,residential,,,False,0.05,Low,99.92
11006844112,10028897999,0,110.86360133395704,residential,,,False,57.81,High,72.86
2124789523,7373953366,0,416.4268067099863,residential,,,False,38.2,Medium,85.54
2224557025,1575576909,0,61.16810510506775,residential,,,False,38.66,Medium,84.21
4316656901,2558406873,0,24.292762124509917,residential,,,False,0.05,Low,99.92
2999494951,1434179296,0,566.9966987187488,secondary,2.0,,True,62.65,High,86.61
678585732,1469644102,0,173.77331034030064,residential,,,False,43.8,Medium,79.21
7456578975,7456578972,0,33.09861698193098,residential,,,False,0.05,Low,99.92
1551518396,1551518400,0,103.6452069723546,residential,,,False,60.34,High,80.22
10208898834,7404163567,0,53.36805155575686,residential,,,False,0.05,Low,99.93
10095039119,7484941156,0,336.715261773584,residential,,,False,38.85,Medium,83.69
1635323075,1635323240,0,137.26036671661404,residential,,,False,58.66,High,75.65
1339408134,1500714744,0,11.843683009613375,residential,,,False,0.05,Low,99.92
255558053,5251893721,0,27.740827324599174,tertiary,,,True,0.05,Low,99.92
7437297653,5329138849,0,13.212323749233605,residential,,,False,0.05,Low,99.92
4119616071,11399579389,0,45.680715703256304,residential,,,False,0.05,Low,99.93
1557411344,1557400898,0,19.418099293225765,residential,,,False,0.05,Low,99.92
582591619,582591609,0,43.96816579237151,residential,,,False,0.05,Low,99.92
1467501718,1467501556,0,52.58028690504259,residential,,,False,0.05,Low,99.92
3161255817,10081528410,0,20.906722596858767,residential,,,False,0.05,Low,99.92
2246324475,2246324473,0,33.452961767016376,primary,2.0,,False,0.05,Low,99.92
2641942716,2641942716,1,334.3335396512261,residential,,,False,40.37,Medium,79.31
6168142205,3902518302,0,14.462333720128496,residential,,,False,0.05,Low,99.92
11409277469,7193518951,0,106.4074467304915,residential,,,False,0.05,Low,99.92
10206957249,10206957230,0,623.5566027338074,residential,,,False,99.63,Critical,99.12
10146991201,6182777085,0,18.792022443024205,residential,,,False,0.05,Low,99.92
1575576729,1575576667,0,110.28390479305934,residential,,,False,48.16,Medium,56.0
7305383393,12165336146,0,45.61826972227277,tertiary,,,True,96.01,Critical,91.7
247974066,247974064,0,277.627915542417,trunk,2.0,,True,38.31,Medium,85.26
599226644,599226647,0,246.75386873065767,residential,,,False,39.83,Medium,80.63
7438052176,1851132654,0,113.10859367761662,tertiary,,,False,36.17,Medium,91.68
1533670697,308184450,0,40.28319632393576,residential,,,False,0.05,Low,99.92
11486387657,3732415824,0,29.18983014850822,trunk_link,,,True,99.78,Critical,99.52
2246324552,2246324657,0,134.7396629142418,residential,,,False,0.05,Low,99.92
2447924355,11397572353,0,33.300773599235605,residential,,,False,0.05,Low,99.93
6131958368,11015231003,0,77.6405782236893,residential,,,False,0.05,Low,99.92
12198631273,9620224879,0,33.111943962162,residential,,,False,0.05,Low,99.92
1635308232,1635308238,0,54.51993614891807,residential,,,False,0.05,Low,99.93
6518287650,2595568571,0,47.871223487114975,residential,,,False,0.05,Low,99.92
11442761252,7461546663,0,33.85834095354176,residential,,,False,0.05,Low,99.93
10041276389,10041276390,0,38.61689696884592,residential,,,False,0.05,Low,99.93
3820268557,3820268556,0,120.63035238685644,secondary,2.0,,True,38.77,Medium,84.47
631605756,2268179644,0,17.206256844874996,residential,,,False,0.05,Low,99.92
7378174454,11173370128,0,92.05406010124216,residential,,,False,0.05,Low,99.92
5725763100,5330659893,0,5.83394916143969,tertiary,,,False,0.05,Low,99.92
13469794665,13469794651,0,56.096649868842576,residential,,,False,0.05,Low,99.92
6528782933,1273685499,0,40.22965885704804,secondary,2.0,,False,0.05,Low,99.92
1473871936,7432244844,0,30.551526023881408,residential,,,False,0.05,Low,99.92
442068313,2406994130,0,130.8890696112738,residential,,,False,0.05,Low,99.92
6142443308,3868635236,0,29.797400691912117,residential,,,False,0.05,Low,99.92
7396736280,6403451401,0,181.8394097360206,residential,,,False,99.62,Critical,99.14
274570292,4824673767,0,13.613767779684832,tertiary,2.0,,False,0.05,Low,99.92
1512330948,1512331056,0,37.50939753370103,living_street,,,False,0.05,Low,99.93
5330646119,5330646113,0,76.3702053885164,residential,,,False,0.05,Low,99.92
2248440129,2248439983,0,200.4153927801202,residential,,,False,0.05,Low,99.92
2245034401,2245034471,0,168.4331583919276,residential,,,False,34.71,Medium,95.88
7345511207,11436858454,0,488.9160774125254,residential,,,False,99.16,Critical,98.61
9184322725,960247311,0,120.56646150018132,residential,,,False,0.05,Low,99.92
12155317788,10058014734,0,201.8117603855843,residential,,,False,0.05,Low,99.92
7462101986,11294837803,0,9.46795217005127,residential,,,False,97.18,Critical,94.18
10038653653,10038653651,0,24.62413034795828,residential,,,False,0.05,Low,99.92
6141560787,7485669329,0,16.69046275774796,secondary,,,False,0.06,Low,99.92
12768091256,12768091262,0,12.801807140641754,residential,,,False,0.05,Low,99.92
11919250252,7290333271,0,99.00546418376288,tertiary,1.0,,True,36.01,Medium,92.2
7287505911,609006762,0,76.57450971787574,tertiary,,,False,43.32,Medium,70.22
7291452500,1148858402,0,157.10743527476902,residential,,,False,37.03,Medium,89.06
4952686972,4952686978,0,23.447115898342304,residential,,,False,0.05,Low,99.92
1557118000,1557118271,0,61.97229191016698,residential,,,False,0.05,Low,99.92
7466608374,7466608371,0,71.50431071793128,residential,,,False,0.05,Low,99.92
1186777885,7263153533,0,27.45243528611045,tertiary,2.0,,False,0.05,Low,99.92
10089423959,503261059,0,22.87512815938636,residential,,,False,0.05,Low,99.92
1370777563,11121209128,0,33.14755450039548,residential,,,False,0.05,Low,99.92
1462127063,1808746136,0,47.92343023846292,residential,,,False,0.05,Low,99.92
3149435091,11433602411,0,61.61692042036664,residential,,,False,0.05,Low,99.92
1990620107,1990620146,0,40.79994852107083,tertiary,,,False,0.05,Low,99.92
4206757779,4206758390,0,108.5422154921788,tertiary,1.0,,False,0.05,Low,99.92
1838767657,6194290388,0,39.83252820719169,residential,,,False,0.05,Low,99.92
7486358194,11416610179,0,22.84353252244231,residential,,,False,0.05,Low,99.92
738562849,738562851,0,46.692893898675145,residential,,,False,0.05,Low,99.93
9189176738,5330649851,0,11.437419675184618,residential,,,False,0.05,Low,99.92
7465614167,7121496991,0,91.12485553446716,residential,,,False,0.05,Low,99.92
2224072994,2224073000,0,46.32848836520765,residential,,,False,0.05,Low,99.93
10038653723,1542668712,0,85.4004851006526,residential,,,False,34.37,Medium,96.9
7328007827,7328007822,0,66.89314965140309,residential,,,False,65.02,High,49.81
12912009762,2250391934,0,361.735744120857,secondary,,,False,60.07,High,77.45
6194157441,1371814282,0,103.73716025690096,residential,,,False,0.05,Low,99.92
6195367797,3039641658,0,251.4177616017641,residential,,,False,35.16,Medium,94.52
7413596782,9860627678,0,144.13314146512576,tertiary,,,False,45.03,Medium,65.62
6802107177,1096956298,0,361.5617863254242,secondary,2.0,,True,38.84,Medium,87.37
10170632445,4316622387,0,70.98585641702371,residential,,,False,0.05,Low,99.92
10023283882,2223841107,0,36.62204930682323,residential,,,False,0.05,Low,99.93
13812796252,1523171169,0,64.25309617167582,residential,,,False,0.05,Low,99.92
1472178528,1472178473,0,209.0033721929,residential,,,False,0.05,Low,99.92
3161118524,3158788651,0,176.58533452976832,residential,,,False,0.05,Low,99.92
5283308423,5283308421,0,118.43316866348373,residential,,,False,48.34,Medium,55.35
1615705382,1615705194,0,155.33733971940524,residential,,,False,0.05,Low,99.92
6133175096,11411574088,0,316.2494783080475,residential,,,False,61.23,High,83.4
1569089704,766836570,0,30.81459631367417,residential,,,False,0.05,Low,99.93
4049626569,2358131512,0,45.61250225313034,residential,,,False,0.05,Low,99.93
9184326332,4122368428,0,28.942356686345697,residential,,,False,38.03,Medium,86.2
5329404772,5329404769,0,118.24519909741949,residential,,,False,0.05,Low,99.92
7095228341,7095228343,0,191.9903817604928,residential,,,False,0.05,Low,99.92
4544191533,4950784857,0,139.93485080386756,residential,,,False,43.89,Medium,69.45
1532827607,1532827730,0,63.00114003943688,residential,,,False,0.05,Low,99.92
503260639,503260583,0,123.4306529280774,residential,,,False,55.15,High,65.0
13001216629,4044263592,0,162.46284406622274,secondary,2.0,,True,59.09,High,75.45
6518252282,10055455570,0,96.01659002092718,residential,,,False,34.84,Medium,95.5
11027160158,11027160165,0,168.07837450319963,residential,,,False,0.05,Low,99.92
7486236381,7486236374,0,244.7765772858521,residential,,,False,35.53,Medium,93.92
10230279231,7414267588,0,419.5072880692445,residential,,,False,37.01,Medium,89.45
3149375941,3149375611,0,10.579732516002162,residential,,,False,0.05,Low,99.92
10983994559,10983994558,0,37.05467619515008,residential,,,False,0.05,Low,99.93
1851132369,3149311374,0,27.88374639597242,residential,,,False,0.05,Low,99.92
11027400303,11027400302,0,29.739478410493835,tertiary,,,True,52.44,Medium,50.53
1585277328,10026545971,0,23.29686649508877,residential,,,False,0.05,Low,99.92
13747607771,11001477386,0,805.7377223995844,tertiary,,,False,45.96,Medium,62.4
1559233431,9187790194,0,91.23163603050878,residential,,,False,41.1,Medium,76.74
2685122690,2685122692,0,105.66357052634676,residential,,,False,59.23,High,76.75
10036070922,9190133653,0,117.0102292388336,residential,,,False,36.06,Medium,92.19
10768415280,10055294923,0,97.06356117856808,residential,,,False,39.58,Medium,81.77
2787014195,2787014189,0,69.33693991476107,residential,,,False,36.67,Medium,90.14
9780498417,7211287116,0,64.61959618916782,residential,,,False,35.51,Medium,93.68
10091596939,10091596938,0,93.46128363964311,residential,,,False,0.05,Low,99.92
10091723745,3038915568,0,24.46189218743849,residential,,,False,0.05,Low,99.92
13282426116,9143702776,0,293.8403860847394,trunk,3.0,60.0,True,63.59,High,85.91
352930062,9903952377,0,713.3792793307782,trunk,3.0,"['40', '50']",True,0.07,Low,99.89
7311563267,7311563264,0,72.79251972362044,residential,,,False,36.76,Medium,90.03
2244731786,2244731782,0,34.462972584283214,residential,,,False,0.05,Low,99.93
7228222026,2464024966,0,36.32311369255628,residential,,,False,39.88,Medium,85.36
9188744896,9188744902,0,30.72148304036489,tertiary,,,False,0.05,Low,99.92
11842969943,4692323129,0,615.8276299746182,primary,,,True,37.53,Medium,88.56
3157708763,3157708772,0,207.6534175933185,residential,,,False,0.05,Low,99.92
7465950644,7456293796,0,610.6316982030899,tertiary,2.0,40.0,False,42.88,Medium,76.18
13247802915,13247802914,0,23.67076222528209,residential,,,False,0.05,Low,99.92
7413982761,7413982762,0,136.31931762220756,residential,,,False,37.96,Medium,86.23
503471249,308230774,0,152.50681298658066,tertiary,2.0,,False,50.59,High,50.74
10055294891,10861612634,0,81.38373033135211,residential,,,False,37.75,Medium,87.28
12141769963,4824730260,0,7.102821222761401,residential,,,False,0.05,Low,99.92
1522655869,1522655948,0,62.44419775058854,residential,,,False,0.05,Low,99.92
3148609358,818630839,0,1003.2374761199366,tertiary,,,False,37.41,Medium,88.06
4950225557,4950225527,0,35.62188275060069,residential,,,False,41.09,Medium,78.13
3337863234,3337863239,0,46.40561189104657,tertiary,,,False,0.05,Low,99.92
14159344895,1546937643,0,66.59035102384469,residential,,,False,36.8,Medium,89.88
11397632762,11397646930,0,299.93211495407775,residential,,,False,66.23,High,89.58
10017876318,10017876318,1,127.78969947113237,residential,,,False,38.54,Medium,85.57
1966447454,1966447504,0,117.59071975815212,residential,,,False,0.05,Low,99.92
1537837544,1537837550,0,163.76860796732186,residential,,,False,36.51,Medium,90.85
766836088,12189381643,0,69.97809637081787,residential,,,False,39.68,Medium,81.01
14022277906,7377821480,0,46.88276582271924,residential,,,False,35.08,Medium,94.73
308807686,309595874,0,208.2147516883581,tertiary,,,False,38.35,Medium,87.18
12961466046,9700303095,0,9.36240663276736,secondary,2.0,,True,99.67,Critical,99.32
1600082702,1600082743,0,54.66448213571518,residential,,,False,98.39,Critical,95.79
2244850193,2244850230,0,19.447428393540903,residential,,,False,0.05,Low,99.92
2248506129,2248506150,0,38.97852260355262,residential,,,False,0.05,Low,99.92
2464023110,9184290485,0,183.2354748593584,residential,,,False,40.39,Medium,78.9
2220746629,1796697769,0,43.88737777800223,secondary,,,True,36.16,Medium,91.89
3168015473,388584249,0,94.87937780234157,residential,,,False,50.65,Medium,49.2
2247837911,2247837901,0,45.34619667575782,residential,,,False,0.05,Low,99.93
2668105134,2668105131,0,42.319613490282144,residential,,,False,34.33,Medium,97.09
7121595628,7121595624,0,55.02597072334763,residential,,,False,99.74,Critical,99.47
1338352911,6152709215,0,31.194693114388905,residential,,,False,0.05,Low,99.93
1557150557,1557150551,0,29.870582382187123,residential,,,False,0.05,Low,99.92
7451455940,514302601,0,36.87668900511827,residential,,,False,0.05,Low,99.93
10081350663,10081350673,0,128.429678872083,residential,,,False,0.05,Low,99.92
7331215088,4032342086,0,154.57205027242446,residential,,,False,48.24,Medium,66.06
1537837712,1537837703,0,185.1729345162397,residential,,,False,0.05,Low,99.92
2451391144,2451391071,0,29.59523775541929,residential,,,False,0.05,Low,99.92
4973105485,4973105484,0,47.75617084214138,residential,,,False,36.21,Medium,91.46
3036852123,3036852095,0,214.698148730818,residential,,,False,0.05,Low,99.92
7372811312,7372811311,0,67.63974814429776,residential,,,False,0.05,Low,99.92
430043741,10848479271,0,230.15472249578443,secondary,,,True,35.09,Medium,95.31
4316638609,2802624220,0,61.66551394300628,tertiary,,,False,0.05,Low,99.92
266274986,10094586223,0,178.84939914973077,residential,,,False,38.12,Medium,85.76
1595757981,1595758086,0,43.18744506352848,residential,,,False,0.05,Low,99.92
1572423985,1572423995,0,69.92002937303518,residential,,,False,0.05,Low,99.92
4948430333,13105804913,0,130.42870324828945,tertiary,4.0,60.0,False,37.25,Medium,88.55
2464033450,574368994,0,189.12485759403967,tertiary,,,False,41.48,Medium,75.59
1485714957,13238383942,0,24.9950505547807,residential,,,False,37.87,Medium,87.59
9778491238,9778491242,0,35.15966884563061,residential,,,False,99.71,Critical,99.38
1569081486,766836612,0,79.02141055560706,residential,,,False,53.39,High,56.77
1388142956,12167541924,0,35.93534899581544,residential,,,False,0.05,Low,99.93
10029047569,1586879198,0,105.29668937518944,residential,,,False,34.71,Medium,96.11
10017990152,10062966630,0,35.39406744705486,tertiary,,,False,0.05,Low,99.92
10996777702,6180297958,0,92.31680917215192,residential,,,False,49.07,Medium,52.91
2248506232,2248506208,0,200.76758814466984,tertiary,,,False,37.23,Medium,88.71
11505339842,430127803,0,41.03934575737696,trunk,3.0,60,True,0.05,Low,99.93
7463488412,7463684265,0,487.633313891388,tertiary,,,False,38.3,Medium,85.34
9189021167,10091468077,0,38.564427136433125,residential,,,False,0.05,Low,99.93
2225132092,7265786665,0,25.664602797983,residential,,,False,35.09,Medium,95.94
1559233678,1559233161,0,35.248596334865766,residential,,,False,0.05,Low,99.93
12956032840,13907778644,0,88.5722726458614,living_street,,,False,40.95,Medium,78.89
6528479928,6528479929,0,35.16897304225683,residential,,,False,0.05,Low,99.93
618528488,618528487,0,111.11644345503694,residential,,,False,0.05,Low,99.92
6518562659,6518562661,0,83.78710689955533,residential,,,False,0.05,Low,99.92
3872475873,3872498882,0,116.51859502905272,residential,,,False,45.6,Medium,63.6
1575647639,1575647602,0,36.275257822060375,residential,,,False,0.05,Low,99.93
10072721852,10072721853,0,52.23879077368173,residential,,,False,38.74,Medium,84.42
12193963946,6194291537,0,100.0207787576834,residential,,,False,0.05,Low,99.92
1859880540,1859880547,0,112.98935013275334,residential,,,False,35.51,Medium,93.93
12300657068,12993646207,0,224.524802907184,primary,2.0,,True,55.41,High,65.73
1548807119,10063849796,0,45.670455425716455,residential,,,False,37.36,Medium,88.8
1383118854,1383118621,0,42.10170133500585,residential,,40.0,False,52.4,High,53.21
5358270287,2221233163,0,4.620258606652332,residential,,,False,0.05,Low,99.92
7477677629,1365464817,0,26.86498940734438,tertiary,2.0,,False,57.02,High,62.5
3034669980,3034669979,0,161.236689902554,residential,,,False,39.22,Medium,83.49
7452904592,7483009491,0,354.2980000654279,residential,,,False,91.12,Critical,85.96
266163778,306617302,0,62.16110847005272,tertiary,,,False,0.05,Low,99.92
4899601801,13965193701,0,58.110135599533216,trunk,2.0,,True,0.06,Low,99.92
490481776,3148776352,0,19.589254250411575,residential,,,False,0.05,Low,99.92
7410686812,7410686807,0,35.3913692658189,residential,,,False,0.05,Low,99.93
6528148984,6528167685,0,31.88100216355099,residential,,,False,41.96,Medium,79.2
306612052,5267822917,0,33.225342498673264,residential,,,False,0.05,Low,99.93
13088924516,9994790365,0,316.67350568359313,secondary,2.0,40.0,True,36.3,Medium,91.31
13130934764,13130934766,0,53.35656236755953,residential,,,False,99.8,Critical,99.55
10168242773,10168242772,0,20.247332229096088,residential,,,False,0.05,Low,99.92
10042440765,10075313301,0,51.37451987615589,residential,,,False,0.05,Low,99.93
1817556145,3872407424,0,103.30452851800524,residential,,,False,0.05,Low,99.92
1446267676,1534873559,0,115.28546051634682,residential,,,False,0.05,Low,99.91
1595757926,9780514501,0,140.2282473350006,residential,,,False,0.05,Low,99.92
1559013091,483412681,0,103.96331782338378,tertiary,,,False,38.43,Medium,84.91
308448870,960247083,0,81.55533144947498,tertiary,,,False,34.74,Medium,95.9
529359357,529359355,0,55.31839378757361,residential,,,False,0.05,Low,99.93
9901476095,9901476094,0,36.34446957794321,residential,,,False,34.68,Medium,96.09
4950655435,4950714188,0,213.32392608479432,tertiary,,,False,35.4,Medium,94.25
2227864948,11145447566,0,22.55902041878283,residential,,,False,0.05,Low,99.92
1551998956,1650372137,0,39.63026499908005,residential,,,False,0.05,Low,99.92
13790920645,13790920642,0,42.84558925937711,residential,,,False,0.05,Low,99.92
459781826,955988627,0,28.32793632177696,residential,,,False,0.05,Low,99.93
472595277,385619738,0,378.4272610315056,tertiary,,,True,36.54,Medium,90.89
10055273087,10108338629,0,18.94205953131387,residential,,,False,0.05,Low,99.92
11121286748,11121286749,0,47.03130009684124,residential,,,False,65.13,High,75.24
6521888756,1309736989,0,55.95240184625804,secondary,,,False,57.88,High,72.35
10063041788,10063041786,0,14.053050917905086,residential,,,False,0.05,Low,99.92
9953920276,13380680073,0,53.14650564525244,tertiary,,,True,59.77,High,76.88
1625433776,10303999378,0,358.806628679503,tertiary,,,False,55.95,High,65.97
264845751,2206930282,0,175.6737566977658,secondary,2.0,,False,34.72,Medium,95.96
2244947611,7263189859,0,275.5228411126021,residential,,,False,35.51,Medium,93.47
7175175831,7175175830,0,30.204306330584007,residential,,,False,40.47,Medium,81.11
2645311181,2645311175,0,121.0241793780321,residential,,,False,44.03,Medium,68.51
1575647563,10060196480,0,49.14951494181062,residential,,,False,0.05,Low,99.93
1387622147,4824685916,0,419.2153951383521,tertiary,,40.0,True,38.92,Medium,86.52
10148895277,1088515849,0,174.50846648289084,residential,,20.0,False,34.99,Medium,95.36
292569173,7465485353,0,96.35131826967093,residential,,,False,35.58,Medium,93.32
7331215051,7265999725,0,50.73133286638016,residential,,,False,77.46,Critical,59.04
1650435046,1386329214,0,196.36536093079465,residential,,,False,0.05,Low,99.92
10060658621,459656144,0,99.89979508094984,residential,,,False,0.05,Low,99.92
459820538,10060517217,0,139.12693659567515,residential,,,False,0.05,Low,99.92
7379691652,2460238670,0,15.02904494496292,secondary,,,False,0.05,Low,99.92
10094802602,10094802601,0,27.016978218476744,residential,,,False,36.0,Medium,92.29
461755098,2631157972,0,67.04157571409982,residential,,,False,0.05,Low,99.92
10017911715,567309870,0,128.1558897852837,residential,,,False,0.05,Low,99.92
6194833882,1488368812,0,34.17678006348162,residential,,,False,0.05,Low,99.93
6504533922,308924477,0,220.13569059436105,tertiary,,,False,37.48,Medium,88.87
1442364626,5276879771,0,23.279023074530883,residential,,,False,0.05,Low,99.92
7428520708,7413982747,0,33.857932045718165,secondary,,,False,38.38,Medium,85.93
11818189318,11818189319,0,33.2595135312627,residential,,,False,57.54,High,68.27
1492519184,248459829,0,216.9934099581629,tertiary,2.0,25.0,True,36.98,Medium,89.46
9885134948,9885134947,0,48.00746307409977,residential,,,False,0.05,Low,99.92
11932127246,11932127245,0,122.31063979651982,residential,,,False,98.02,Critical,94.58
7441193578,10229690104,0,432.7239524968334,secondary,2.0,,True,98.17,Critical,96.45
10091380875,10091380876,0,35.45265217112275,residential,,,False,0.05,Low,99.93
1037983090,7121447799,0,22.24160624093972,residential,,,False,0.05,Low,99.92
4950818807,4479375777,0,76.12102316368124,residential,,,False,90.49,Critical,74.87
10026249602,10026249601,0,20.192994150410467,residential,,,False,0.05,Low,99.92
4308356541,269710413,0,488.9046697688633,tertiary,,,True,39.04,Medium,83.57
2125916093,5206524836,0,7.606631472831294,residential,,,False,0.05,Low,99.92
10207288621,6434094655,0,27.21736418544675,residential,,,False,38.47,Medium,84.73
9184318023,574368921,0,116.8121600319272,tertiary,,,False,37.65,Medium,87.21
1681844123,335643616,0,213.70837796279253,residential,,,False,35.77,Medium,92.8
292571164,292571165,0,140.541390862304,secondary,2.0,,False,39.09,Medium,83.33
3039042395,3039042396,0,24.038933752102267,residential,,,False,0.05,Low,99.92
3872554315,3872554316,0,75.01068715315822,residential,,,False,44.83,Medium,65.55
1522843057,1522842770,0,80.86599160948613,residential,,,False,0.05,Low,99.92
2108906868,2108906871,0,41.58795939001213,residential,,,False,38.06,Medium,86.44
11669547569,10824347341,0,195.96900232220992,trunk,2.0,60.0,True,99.63,Critical,99.14
1326253034,7485602302,0,33.65302119964366,residential,,,False,0.05,Low,99.93
2641950444,2641948118,0,20.060832005856764,residential,,,False,70.65,High,69.65
10057802003,10057802002,0,51.335565442250456,residential,,,False,37.5,Medium,87.62
10156563830,10156563832,0,19.880609707549684,residential,,,False,0.05,Low,99.92
10039286896,10039286897,0,28.9664734553303,residential,,,False,0.05,Low,99.92
2248664475,10081303331,0,53.33436174782456,residential,,,False,34.21,Medium,97.43
9784696353,11404888322,0,55.914109194528734,residential,,,False,97.02,Critical,94.17
2247897211,10044674437,0,118.79988276601536,residential,,,False,0.05,Low,99.92
2246195508,2246195512,0,35.29070139443764,residential,,,False,0.05,Low,99.93
736207469,736207281,0,193.55936494895136,residential,,,False,53.65,High,59.29
6168014532,2247917496,0,30.60326031813331,residential,,,False,0.05,Low,99.92
2247897408,2247897399,0,61.15901905997757,residential,,,False,40.03,Medium,80.48
11443159481,7357555480,0,141.06647653814838,residential,,,False,0.05,Low,99.92
3942868673,3942868672,0,90.46453234468092,residential,,,False,55.75,High,66.24
10060830779,1600131656,0,37.38082748490167,residential,,,False,0.05,Low,99.93
10020079518,1584612333,0,45.12080388485643,residential,,,False,0.05,Low,99.92
1551996909,1551996938,0,82.84640973785858,residential,,,False,0.05,Low,99.92
1588411334,1588411750,0,150.11220972006015,residential,,,False,0.05,Low,99.93
10209515909,269699229,0,32.46602104370146,residential,,,False,42.09,Medium,74.36
